bonus_value_id	effect	ritual
#effect_bonus_value_ritual_junctions_tables;0;db/effect_bonus_value_ritual_junctions_tables/data__		
disable	wh2_dlc09_disable_ritual_army_capacity	wh2_dlc09_ritual_crafting_tmb_army_capacity
disable	wh2_dlc09_disable_ritual_carrion	wh2_dlc09_ritual_crafting_tmb_carrion
disable	wh2_dlc09_disable_ritual_necropolis_knights	wh2_dlc09_ritual_crafting_tmb_necropolis_knights
disable	wh2_dlc09_disable_ritual_nehekhara_horsemen	wh2_dlc09_ritual_crafting_tmb_nehekhara_horsemen
disable	wh2_dlc09_disable_ritual_nehekhara_warriors	wh2_dlc09_ritual_crafting_tmb_nehekhara_warriors
percentage_cost_mod	wh2_dlc09_effect_tmb_rite_cost_mod	wh2_dlc09_ritual_tmb_geheb
percentage_cost_mod	wh2_dlc09_effect_tmb_rite_cost_mod	wh2_dlc09_ritual_tmb_khsar
percentage_cost_mod	wh2_dlc09_effect_tmb_rite_cost_mod	wh2_dlc09_ritual_tmb_ptra
percentage_cost_mod	wh2_dlc09_effect_tmb_rite_cost_mod	wh2_dlc09_ritual_tmb_tahoth
percentage_cost_mod	wh2_dlc09_ritual_crafted_army_cost_increase	wh2_dlc09_ritual_crafting_tmb_army_capacity
percentage_cost_mod	wh2_dlc10_faction_trait_ritual_cost_alarielle	wh2_main_ritual_hef_isha
percentage_cost_mod	wh2_dlc11_effect_cst_rite_cost_mod	wh2_dlc11_ritual_cst_bountiful_treasure
percentage_cost_mod	wh2_dlc11_effect_cst_rite_cost_mod	wh2_dlc11_ritual_cst_eternal_service
percentage_cost_mod	wh2_dlc11_effect_cst_rite_cost_mod	wh2_dlc11_ritual_cst_queens_cannon
percentage_cost_mod	wh2_dlc11_effect_cst_rite_cost_mod	wh2_dlc11_ritual_cst_sea_mist
percentage_cost_mod	wh2_dlc12_faction_trait_ritual_cost_tehenhauin	wh2_main_ritual_lzd_sotek
disable	wh2_dlc16_ritual_wef_forge_dragon_armour_chain_disabled	wh2_dlc16_ritual_wef_forge_dragon_cuirass_level_1
disable	wh2_dlc16_ritual_wef_forge_dragon_armour_chain_disabled	wh2_dlc16_ritual_wef_forge_dragon_cuirass_level_2
disable	wh2_dlc16_ritual_wef_forge_dragon_armour_chain_disabled	wh2_dlc16_ritual_wef_forge_dragon_cuirass_level_3
enable	wh2_dlc16_ritual_wef_forge_dragon_armour_chain_enabled	wh2_dlc16_ritual_wef_forge_dragon_cuirass_level_1
enable	wh2_dlc16_ritual_wef_forge_dragon_armour_chain_enabled	wh2_dlc16_ritual_wef_forge_dragon_cuirass_level_2
enable	wh2_dlc16_ritual_wef_forge_dragon_armour_chain_enabled	wh2_dlc16_ritual_wef_forge_dragon_cuirass_level_3
disable	wh2_dlc16_ritual_wef_forge_dragon_enchanted_item_chain_disabled	wh2_dlc16_ritual_wef_forge_dragon_pendant_level_1
disable	wh2_dlc16_ritual_wef_forge_dragon_enchanted_item_chain_disabled	wh2_dlc16_ritual_wef_forge_dragon_pendant_level_2
disable	wh2_dlc16_ritual_wef_forge_dragon_enchanted_item_chain_disabled	wh2_dlc16_ritual_wef_forge_dragon_pendant_level_3
enable	wh2_dlc16_ritual_wef_forge_dragon_enchanted_item_chain_enabled	wh2_dlc16_ritual_wef_forge_dragon_pendant_level_1
enable	wh2_dlc16_ritual_wef_forge_dragon_enchanted_item_chain_enabled	wh2_dlc16_ritual_wef_forge_dragon_pendant_level_2
enable	wh2_dlc16_ritual_wef_forge_dragon_enchanted_item_chain_enabled	wh2_dlc16_ritual_wef_forge_dragon_pendant_level_3
disable	wh2_dlc16_ritual_wef_forge_dragon_talisman_chain_disabled	wh2_dlc16_ritual_wef_forge_dragon_mask_level_1
disable	wh2_dlc16_ritual_wef_forge_dragon_talisman_chain_disabled	wh2_dlc16_ritual_wef_forge_dragon_mask_level_2
disable	wh2_dlc16_ritual_wef_forge_dragon_talisman_chain_disabled	wh2_dlc16_ritual_wef_forge_dragon_mask_level_3
enable	wh2_dlc16_ritual_wef_forge_dragon_talisman_chain_enabled	wh2_dlc16_ritual_wef_forge_dragon_mask_level_1
enable	wh2_dlc16_ritual_wef_forge_dragon_talisman_chain_enabled	wh2_dlc16_ritual_wef_forge_dragon_mask_level_2
enable	wh2_dlc16_ritual_wef_forge_dragon_talisman_chain_enabled	wh2_dlc16_ritual_wef_forge_dragon_mask_level_3
disable	wh2_dlc16_ritual_wef_forge_dragon_weapon_chain_disabled	wh2_dlc16_ritual_wef_forge_dragon_spear_level_1
disable	wh2_dlc16_ritual_wef_forge_dragon_weapon_chain_disabled	wh2_dlc16_ritual_wef_forge_dragon_spear_level_2
disable	wh2_dlc16_ritual_wef_forge_dragon_weapon_chain_disabled	wh2_dlc16_ritual_wef_forge_dragon_spear_level_3
enable	wh2_dlc16_ritual_wef_forge_dragon_weapon_chain_enabled	wh2_dlc16_ritual_wef_forge_dragon_spear_level_1
enable	wh2_dlc16_ritual_wef_forge_dragon_weapon_chain_enabled	wh2_dlc16_ritual_wef_forge_dragon_spear_level_2
enable	wh2_dlc16_ritual_wef_forge_dragon_weapon_chain_enabled	wh2_dlc16_ritual_wef_forge_dragon_spear_level_3
disable	wh2_dlc16_ritual_wef_forge_dreaming_armour_chain_disabled	wh2_dlc16_ritual_wef_forge_dreaming_boots_level_1
disable	wh2_dlc16_ritual_wef_forge_dreaming_armour_chain_disabled	wh2_dlc16_ritual_wef_forge_dreaming_boots_level_2
disable	wh2_dlc16_ritual_wef_forge_dreaming_armour_chain_disabled	wh2_dlc16_ritual_wef_forge_dreaming_boots_level_3
enable	wh2_dlc16_ritual_wef_forge_dreaming_armour_chain_enabled	wh2_dlc16_ritual_wef_forge_dreaming_boots_level_1
enable	wh2_dlc16_ritual_wef_forge_dreaming_armour_chain_enabled	wh2_dlc16_ritual_wef_forge_dreaming_boots_level_2
enable	wh2_dlc16_ritual_wef_forge_dreaming_armour_chain_enabled	wh2_dlc16_ritual_wef_forge_dreaming_boots_level_3
disable	wh2_dlc16_ritual_wef_forge_dreaming_enchanted_item_chain_disabled	wh2_dlc16_ritual_wef_forge_dreaming_cloak_level_1
disable	wh2_dlc16_ritual_wef_forge_dreaming_enchanted_item_chain_disabled	wh2_dlc16_ritual_wef_forge_dreaming_cloak_level_2
disable	wh2_dlc16_ritual_wef_forge_dreaming_enchanted_item_chain_disabled	wh2_dlc16_ritual_wef_forge_dreaming_cloak_level_3
enable	wh2_dlc16_ritual_wef_forge_dreaming_enchanted_item_chain_enabled	wh2_dlc16_ritual_wef_forge_dreaming_cloak_level_1
enable	wh2_dlc16_ritual_wef_forge_dreaming_enchanted_item_chain_enabled	wh2_dlc16_ritual_wef_forge_dreaming_cloak_level_2
enable	wh2_dlc16_ritual_wef_forge_dreaming_enchanted_item_chain_enabled	wh2_dlc16_ritual_wef_forge_dreaming_cloak_level_3
disable	wh2_dlc16_ritual_wef_forge_dreaming_talisman_chain_disabled	wh2_dlc16_ritual_wef_forge_dreaming_ring_level_1
disable	wh2_dlc16_ritual_wef_forge_dreaming_talisman_chain_disabled	wh2_dlc16_ritual_wef_forge_dreaming_ring_level_2
disable	wh2_dlc16_ritual_wef_forge_dreaming_talisman_chain_disabled	wh2_dlc16_ritual_wef_forge_dreaming_ring_level_3
enable	wh2_dlc16_ritual_wef_forge_dreaming_talisman_chain_enabled	wh2_dlc16_ritual_wef_forge_dreaming_ring_level_1
enable	wh2_dlc16_ritual_wef_forge_dreaming_talisman_chain_enabled	wh2_dlc16_ritual_wef_forge_dreaming_ring_level_2
enable	wh2_dlc16_ritual_wef_forge_dreaming_talisman_chain_enabled	wh2_dlc16_ritual_wef_forge_dreaming_ring_level_3
disable	wh2_dlc16_ritual_wef_forge_dreaming_weapon_chain_disabled	wh2_dlc16_ritual_wef_forge_dreaming_bow_level_1
disable	wh2_dlc16_ritual_wef_forge_dreaming_weapon_chain_disabled	wh2_dlc16_ritual_wef_forge_dreaming_bow_level_2
disable	wh2_dlc16_ritual_wef_forge_dreaming_weapon_chain_disabled	wh2_dlc16_ritual_wef_forge_dreaming_bow_level_3
enable	wh2_dlc16_ritual_wef_forge_dreaming_weapon_chain_enabled	wh2_dlc16_ritual_wef_forge_dreaming_bow_level_1
enable	wh2_dlc16_ritual_wef_forge_dreaming_weapon_chain_enabled	wh2_dlc16_ritual_wef_forge_dreaming_bow_level_2
enable	wh2_dlc16_ritual_wef_forge_dreaming_weapon_chain_enabled	wh2_dlc16_ritual_wef_forge_dreaming_bow_level_3
disable	wh2_dlc16_ritual_wef_forge_eagle_armour_chain_disabled	wh2_dlc16_ritual_wef_forge_eagle_vambraces_level_1
disable	wh2_dlc16_ritual_wef_forge_eagle_armour_chain_disabled	wh2_dlc16_ritual_wef_forge_eagle_vambraces_level_2
disable	wh2_dlc16_ritual_wef_forge_eagle_armour_chain_disabled	wh2_dlc16_ritual_wef_forge_eagle_vambraces_level_3
enable	wh2_dlc16_ritual_wef_forge_eagle_armour_chain_enabled	wh2_dlc16_ritual_wef_forge_eagle_vambraces_level_1
enable	wh2_dlc16_ritual_wef_forge_eagle_armour_chain_enabled	wh2_dlc16_ritual_wef_forge_eagle_vambraces_level_2
enable	wh2_dlc16_ritual_wef_forge_eagle_armour_chain_enabled	wh2_dlc16_ritual_wef_forge_eagle_vambraces_level_3
disable	wh2_dlc16_ritual_wef_forge_eagle_enchanted_item_chain_disabled	wh2_dlc16_ritual_wef_forge_eagle_quiver_level_1
disable	wh2_dlc16_ritual_wef_forge_eagle_enchanted_item_chain_disabled	wh2_dlc16_ritual_wef_forge_eagle_quiver_level_2
disable	wh2_dlc16_ritual_wef_forge_eagle_enchanted_item_chain_disabled	wh2_dlc16_ritual_wef_forge_eagle_quiver_level_3
enable	wh2_dlc16_ritual_wef_forge_eagle_enchanted_item_chain_enabled	wh2_dlc16_ritual_wef_forge_eagle_quiver_level_1
enable	wh2_dlc16_ritual_wef_forge_eagle_enchanted_item_chain_enabled	wh2_dlc16_ritual_wef_forge_eagle_quiver_level_2
enable	wh2_dlc16_ritual_wef_forge_eagle_enchanted_item_chain_enabled	wh2_dlc16_ritual_wef_forge_eagle_quiver_level_3
disable	wh2_dlc16_ritual_wef_forge_eagle_talisman_chain_disabled	wh2_dlc16_ritual_wef_forge_eagle_mask_level_1
disable	wh2_dlc16_ritual_wef_forge_eagle_talisman_chain_disabled	wh2_dlc16_ritual_wef_forge_eagle_mask_level_2
disable	wh2_dlc16_ritual_wef_forge_eagle_talisman_chain_disabled	wh2_dlc16_ritual_wef_forge_eagle_mask_level_3
enable	wh2_dlc16_ritual_wef_forge_eagle_talisman_chain_enabled	wh2_dlc16_ritual_wef_forge_eagle_mask_level_1
enable	wh2_dlc16_ritual_wef_forge_eagle_talisman_chain_enabled	wh2_dlc16_ritual_wef_forge_eagle_mask_level_2
enable	wh2_dlc16_ritual_wef_forge_eagle_talisman_chain_enabled	wh2_dlc16_ritual_wef_forge_eagle_mask_level_3
disable	wh2_dlc16_ritual_wef_forge_eagle_weapon_chain_disabled	wh2_dlc16_ritual_wef_forge_eagle_bow_level_1
disable	wh2_dlc16_ritual_wef_forge_eagle_weapon_chain_disabled	wh2_dlc16_ritual_wef_forge_eagle_bow_level_2
disable	wh2_dlc16_ritual_wef_forge_eagle_weapon_chain_disabled	wh2_dlc16_ritual_wef_forge_eagle_bow_level_3
enable	wh2_dlc16_ritual_wef_forge_eagle_weapon_chain_enabled	wh2_dlc16_ritual_wef_forge_eagle_bow_level_1
enable	wh2_dlc16_ritual_wef_forge_eagle_weapon_chain_enabled	wh2_dlc16_ritual_wef_forge_eagle_bow_level_2
enable	wh2_dlc16_ritual_wef_forge_eagle_weapon_chain_enabled	wh2_dlc16_ritual_wef_forge_eagle_bow_level_3
disable	wh2_dlc16_ritual_wef_forge_twilight_armour_chain_disabled	wh2_dlc16_ritual_wef_forge_twilight_helm_level_1
disable	wh2_dlc16_ritual_wef_forge_twilight_armour_chain_disabled	wh2_dlc16_ritual_wef_forge_twilight_helm_level_2
disable	wh2_dlc16_ritual_wef_forge_twilight_armour_chain_disabled	wh2_dlc16_ritual_wef_forge_twilight_helm_level_3
enable	wh2_dlc16_ritual_wef_forge_twilight_armour_chain_enabled	wh2_dlc16_ritual_wef_forge_twilight_helm_level_1
enable	wh2_dlc16_ritual_wef_forge_twilight_armour_chain_enabled	wh2_dlc16_ritual_wef_forge_twilight_helm_level_2
enable	wh2_dlc16_ritual_wef_forge_twilight_armour_chain_enabled	wh2_dlc16_ritual_wef_forge_twilight_helm_level_3
disable	wh2_dlc16_ritual_wef_forge_twilight_enchanted_item_chain_disabled	wh2_dlc16_ritual_wef_forge_twilight_standard_level_1
disable	wh2_dlc16_ritual_wef_forge_twilight_enchanted_item_chain_disabled	wh2_dlc16_ritual_wef_forge_twilight_standard_level_2
disable	wh2_dlc16_ritual_wef_forge_twilight_enchanted_item_chain_disabled	wh2_dlc16_ritual_wef_forge_twilight_standard_level_3
enable	wh2_dlc16_ritual_wef_forge_twilight_enchanted_item_chain_enabled	wh2_dlc16_ritual_wef_forge_twilight_standard_level_1
enable	wh2_dlc16_ritual_wef_forge_twilight_enchanted_item_chain_enabled	wh2_dlc16_ritual_wef_forge_twilight_standard_level_2
enable	wh2_dlc16_ritual_wef_forge_twilight_enchanted_item_chain_enabled	wh2_dlc16_ritual_wef_forge_twilight_standard_level_3
disable	wh2_dlc16_ritual_wef_forge_twilight_talisman_chain_disabled	wh2_dlc16_ritual_wef_forge_twilight_horn_level_1
disable	wh2_dlc16_ritual_wef_forge_twilight_talisman_chain_disabled	wh2_dlc16_ritual_wef_forge_twilight_horn_level_2
disable	wh2_dlc16_ritual_wef_forge_twilight_talisman_chain_disabled	wh2_dlc16_ritual_wef_forge_twilight_horn_level_3
enable	wh2_dlc16_ritual_wef_forge_twilight_talisman_chain_enabled	wh2_dlc16_ritual_wef_forge_twilight_horn_level_1
enable	wh2_dlc16_ritual_wef_forge_twilight_talisman_chain_enabled	wh2_dlc16_ritual_wef_forge_twilight_horn_level_2
enable	wh2_dlc16_ritual_wef_forge_twilight_talisman_chain_enabled	wh2_dlc16_ritual_wef_forge_twilight_horn_level_3
disable	wh2_dlc16_ritual_wef_forge_twilight_weapon_chain_disabled	wh2_dlc16_ritual_wef_forge_twilight_spear_level_1
disable	wh2_dlc16_ritual_wef_forge_twilight_weapon_chain_disabled	wh2_dlc16_ritual_wef_forge_twilight_spear_level_2
disable	wh2_dlc16_ritual_wef_forge_twilight_weapon_chain_disabled	wh2_dlc16_ritual_wef_forge_twilight_spear_level_3
enable	wh2_dlc16_ritual_wef_forge_twilight_weapon_chain_enabled	wh2_dlc16_ritual_wef_forge_twilight_spear_level_1
enable	wh2_dlc16_ritual_wef_forge_twilight_weapon_chain_enabled	wh2_dlc16_ritual_wef_forge_twilight_spear_level_2
enable	wh2_dlc16_ritual_wef_forge_twilight_weapon_chain_enabled	wh2_dlc16_ritual_wef_forge_twilight_spear_level_3
percentage_cost_mod	wh2_dlc17_bst_ritual_hero_cap_bray_shaman_cost_mod	wh2_dlc17_bst_ritual_hero_capacity_bray_shaman
percentage_cost_mod	wh2_dlc17_bst_ritual_hero_cap_gorebull_cost_mod	wh2_dlc17_bst_ritual_hero_capacity_gorebull
percentage_cost_mod	wh2_dlc17_bst_ritual_hero_cap_wargor_cost_mod	wh2_dlc17_bst_ritual_hero_capacity_wargor
percentage_cost_mod	wh2_dlc17_bst_ritual_hero_capacity_bray_shaman_cost_mod	wh2_dlc17_bst_ritual_hero_capacity_bray_shaman
percentage_cost_mod	wh2_dlc17_bst_ritual_hero_capacity_gorebull_cost_mod	wh2_dlc17_bst_ritual_hero_capacity_gorebull
percentage_cost_mod	wh2_dlc17_bst_ritual_hero_capacity_wargor_cost_mod	wh2_dlc17_bst_ritual_hero_capacity_wargor
percentage_cost_mod	wh2_dlc17_bst_ritual_unit_cap_bestigor_herd_cost_mod	wh2_dlc17_bst_ritual_unit_cap_bestigor_herd
enable	wh2_dlc17_bst_ritual_unit_cap_bestigor_herd_unlock	wh2_dlc17_bst_ritual_unit_cap_bestigor_herd
percentage_cost_mod	wh2_dlc17_bst_ritual_unit_cap_centigors_all_cost_mod	wh2_dlc17_bst_ritual_unit_cap_centigors_all
enable	wh2_dlc17_bst_ritual_unit_cap_centigors_unlock	wh2_dlc17_bst_ritual_unit_cap_centigors_all
percentage_cost_mod	wh2_dlc17_bst_ritual_unit_cap_chaos_spawn_giants_cost_mod	wh2_dlc17_bst_ritual_unit_cap_chaos_spawn_giants
enable	wh2_dlc17_bst_ritual_unit_cap_chaos_spawn_unlock	wh2_dlc17_bst_ritual_unit_cap_chaos_spawn_giants
percentage_cost_mod	wh2_dlc17_bst_ritual_unit_cap_chaos_warhounds_poison_razorgor_herd_cost_mod	wh2_dlc17_bst_ritual_unit_cap_chaos_warhounds_poison_razorgor_herd
enable	wh2_dlc17_bst_ritual_unit_cap_chaos_warhounds_poison_unlock	wh2_dlc17_bst_ritual_unit_cap_chaos_warhounds_poison_razorgor_herd
percentage_cost_mod	wh2_dlc17_bst_ritual_unit_cap_cygor_cost_mod	wh2_dlc17_bst_ritual_unit_cap_cygor
enable	wh2_dlc17_bst_ritual_unit_cap_cygor_unlock	wh2_dlc17_bst_ritual_unit_cap_cygor
percentage_cost_mod	wh2_dlc17_bst_ritual_unit_cap_ghorgon_cost_mod	wh2_dlc17_bst_ritual_unit_cap_ghorgon
percentage_cost_mod	wh2_dlc17_bst_ritual_unit_cap_ghorgon_cost_mod	wh3_dlc29_bst_ritual_unit_cap_giant_spined_chaos_beast
enable	wh2_dlc17_bst_ritual_unit_cap_ghorgon_unlock	wh2_dlc17_bst_ritual_unit_cap_ghorgon
percentage_cost_mod	wh2_dlc17_bst_ritual_unit_cap_giant_chaos_spawn_cost_mod	wh2_dlc17_bst_ritual_unit_cap_chaos_spawn_giants
percentage_cost_mod	wh2_dlc17_bst_ritual_unit_cap_gor_herd_all_cost_mod	wh2_dlc17_bst_ritual_unit_cap_gor_herd_all
enable	wh2_dlc17_bst_ritual_unit_cap_gor_herd_unlock	wh2_dlc17_bst_ritual_unit_cap_gor_herd_all
percentage_cost_mod	wh2_dlc17_bst_ritual_unit_cap_gor_herds_all_cost_mod	wh2_dlc17_bst_ritual_unit_cap_gor_herd_all
percentage_cost_mod	wh2_dlc17_bst_ritual_unit_cap_harpies_feral_manticore_cost_mod	wh2_dlc17_bst_ritual_unit_cap_harpies_feral_manticore
percentage_cost_mod	wh2_dlc17_bst_ritual_unit_cap_harpies_manticore_cost_mod	wh2_dlc17_bst_ritual_unit_cap_harpies_feral_manticore
enable	wh2_dlc17_bst_ritual_unit_cap_harpies_unlock	wh2_dlc17_bst_ritual_unit_cap_harpies_feral_manticore
percentage_cost_mod	wh2_dlc17_bst_ritual_unit_cap_jabberslythe_cost_mod	wh2_dlc17_bst_ritual_unit_cap_jabberslythe
enable	wh2_dlc17_bst_ritual_unit_cap_jabberslythe_unlock	wh2_dlc17_bst_ritual_unit_cap_jabberslythe
percentage_cost_mod	wh2_dlc17_bst_ritual_unit_cap_minotaurs_all_cost_mod	wh2_dlc17_bst_ritual_unit_cap_minotaurs
percentage_cost_mod	wh2_dlc17_bst_ritual_unit_cap_minotaurs_all_cost_mod	wh2_dlc17_bst_ritual_unit_cap_minotaurs_great_weapons
percentage_cost_mod	wh2_dlc17_bst_ritual_unit_cap_minotaurs_all_cost_mod	wh2_dlc17_bst_ritual_unit_cap_minotaurs_shield
percentage_cost_mod	wh2_dlc17_bst_ritual_unit_cap_minotaurs_cost_mod	wh2_dlc17_bst_ritual_unit_cap_minotaurs
percentage_cost_mod	wh2_dlc17_bst_ritual_unit_cap_minotaurs_great_weapons_cost_mod	wh2_dlc17_bst_ritual_unit_cap_minotaurs_great_weapons
enable	wh2_dlc17_bst_ritual_unit_cap_minotaurs_great_weapons_unlock	wh2_dlc17_bst_ritual_unit_cap_minotaurs_great_weapons
percentage_cost_mod	wh2_dlc17_bst_ritual_unit_cap_minotaurs_shield_cost_mod	wh2_dlc17_bst_ritual_unit_cap_minotaurs_shield
enable	wh2_dlc17_bst_ritual_unit_cap_minotaurs_shield_unlock	wh2_dlc17_bst_ritual_unit_cap_minotaurs_shield
enable	wh2_dlc17_bst_ritual_unit_cap_minotaurs_unlock	wh2_dlc17_bst_ritual_unit_cap_minotaurs
percentage_cost_mod	wh2_dlc17_bst_ritual_unit_cap_razorgor_herd_chaos_warhounds_cost_mod	wh2_dlc17_bst_ritual_unit_cap_chaos_warhounds_poison_razorgor_herd
percentage_cost_mod	wh2_dlc17_bst_ritual_unit_cap_razorgor_tuskgor_chariot_cost_mod	wh2_dlc17_bst_ritual_unit_cap_tuskgor_chariots_razorgor_chariot
percentage_cost_mod	wh2_dlc17_bst_ritual_unit_cap_tuskgor_chariots_razorgor_chariot_cost_mod	wh2_dlc17_bst_ritual_unit_cap_tuskgor_chariots_razorgor_chariot
enable	wh2_dlc17_bst_ritual_unit_cap_tuskgor_chariots_unlock	wh2_dlc17_bst_ritual_unit_cap_tuskgor_chariots_razorgor_chariot
percentage_cost_mod	wh2_dlc17_bst_ritual_unit_cap_ungor_herd_spearmen_herd_cost_mod	wh2_dlc17_bst_ritual_unit_cap_ungor_herd_spearmen_herd
enable	wh2_dlc17_bst_ritual_unit_cap_ungor_herd_unlock	wh2_dlc17_bst_ritual_unit_cap_ungor_herd_spearmen_herd
percentage_cost_mod	wh2_dlc17_bst_ritual_unit_cap_ungor_spearmen_herd_shields_cost_mod	wh2_dlc17_bst_ritual_unit_cap_ungor_herd_spearmen_herd
percentage_cost_mod	wh2_dlc17_effect_dread_cost_non_unit_caps	wh2_dlc17_bst_ritual_hero_capacity_bray_shaman
percentage_cost_mod	wh2_dlc17_effect_dread_cost_non_unit_caps	wh2_dlc17_bst_ritual_hero_capacity_gorebull
percentage_cost_mod	wh2_dlc17_effect_dread_cost_non_unit_caps	wh2_dlc17_bst_ritual_hero_capacity_wargor
percentage_cost_mod	wh2_dlc17_effect_dread_cost_unit_caps	wh2_dlc17_bst_ritual_unit_cap_bestigor_herd
percentage_cost_mod	wh2_dlc17_effect_dread_cost_unit_caps	wh2_dlc17_bst_ritual_unit_cap_centigors_all
percentage_cost_mod	wh2_dlc17_effect_dread_cost_unit_caps	wh2_dlc17_bst_ritual_unit_cap_chaos_spawn_giants
percentage_cost_mod	wh2_dlc17_effect_dread_cost_unit_caps	wh2_dlc17_bst_ritual_unit_cap_chaos_warhounds_poison_razorgor_herd
percentage_cost_mod	wh2_dlc17_effect_dread_cost_unit_caps	wh2_dlc17_bst_ritual_unit_cap_cygor
percentage_cost_mod	wh2_dlc17_effect_dread_cost_unit_caps	wh2_dlc17_bst_ritual_unit_cap_ghorgon
percentage_cost_mod	wh2_dlc17_effect_dread_cost_unit_caps	wh2_dlc17_bst_ritual_unit_cap_gor_herd_all
percentage_cost_mod	wh2_dlc17_effect_dread_cost_unit_caps	wh2_dlc17_bst_ritual_unit_cap_harpies_feral_manticore
percentage_cost_mod	wh2_dlc17_effect_dread_cost_unit_caps	wh2_dlc17_bst_ritual_unit_cap_jabberslythe
percentage_cost_mod	wh2_dlc17_effect_dread_cost_unit_caps	wh2_dlc17_bst_ritual_unit_cap_minotaurs
percentage_cost_mod	wh2_dlc17_effect_dread_cost_unit_caps	wh2_dlc17_bst_ritual_unit_cap_minotaurs_great_weapons
percentage_cost_mod	wh2_dlc17_effect_dread_cost_unit_caps	wh2_dlc17_bst_ritual_unit_cap_minotaurs_shield
percentage_cost_mod	wh2_dlc17_effect_dread_cost_unit_caps	wh2_dlc17_bst_ritual_unit_cap_tuskgor_chariots_razorgor_chariot
percentage_cost_mod	wh2_dlc17_effect_dread_cost_unit_caps	wh2_dlc17_bst_ritual_unit_cap_ungor_herd_spearmen_herd
percentage_cost_mod	wh2_dlc17_effect_dread_cost_unit_caps	wh3_dlc24_bst_ritual_unit_cap_incarnate_elemental_beasts
percentage_cost_mod	wh2_dlc17_effect_dread_cost_unit_caps	wh3_dlc24_bst_ritual_unit_cap_tzaangors
percentage_cost_mod	wh2_dlc17_effect_dread_cost_unit_caps	wh3_dlc25_bst_ritual_unit_cap_pestigors
percentage_cost_mod	wh2_dlc17_effect_dread_cost_unit_caps	wh3_dlc26_bst_ritual_unit_cap_khorngors
percentage_cost_mod	wh2_dlc17_effect_dread_cost_unit_caps	wh3_dlc27_bst_ritual_unit_cap_slaangors
percentage_cost_mod	wh2_dlc17_effect_dread_cost_unit_caps	wh3_dlc29_bst_ritual_unit_cap_basilisk
percentage_cost_mod	wh2_dlc17_effect_dread_cost_unit_caps	wh3_dlc29_bst_ritual_unit_cap_giant_spined_chaos_beast
percentage_cost_mod	wh2_dlc17_pooled_resource_oathgold_runecrafting_mod	wh2_dlc17_dwf_ritual_wh2_dlc17_anc_rune_engineering_flakksons_rune_of_seeking
percentage_cost_mod	wh2_dlc17_pooled_resource_oathgold_runecrafting_mod	wh2_dlc17_dwf_ritual_wh2_dlc17_anc_rune_engineering_master_rune_of_disguise
percentage_cost_mod	wh2_dlc17_pooled_resource_oathgold_runecrafting_mod	wh2_dlc17_dwf_ritual_wh2_dlc17_anc_rune_engineering_master_rune_of_immolation
percentage_cost_mod	wh2_dlc17_pooled_resource_oathgold_runecrafting_mod	wh2_dlc17_dwf_ritual_wh2_dlc17_anc_rune_engineering_rune_of_burning
percentage_cost_mod	wh2_dlc17_pooled_resource_oathgold_runecrafting_mod	wh2_dlc17_dwf_ritual_wh2_dlc17_anc_rune_engineering_rune_of_penetration
percentage_cost_mod	wh2_dlc17_pooled_resource_oathgold_runecrafting_mod	wh2_dlc17_dwf_ritual_wh2_dlc17_anc_rune_personal_master_rune_alaric_the_mad
percentage_cost_mod	wh2_dlc17_pooled_resource_oathgold_runecrafting_mod	wh2_dlc17_dwf_ritual_wh2_dlc17_anc_rune_personal_master_rune_of_adamant
percentage_cost_mod	wh2_dlc17_pooled_resource_oathgold_runecrafting_mod	wh2_dlc17_dwf_ritual_wh2_dlc17_anc_rune_personal_master_rune_of_flight
percentage_cost_mod	wh2_dlc17_pooled_resource_oathgold_runecrafting_mod	wh2_dlc17_dwf_ritual_wh2_dlc17_anc_rune_personal_master_rune_of_gromril
percentage_cost_mod	wh2_dlc17_pooled_resource_oathgold_runecrafting_mod	wh2_dlc17_dwf_ritual_wh2_dlc17_anc_rune_personal_master_rune_of_passage
percentage_cost_mod	wh2_dlc17_pooled_resource_oathgold_runecrafting_mod	wh2_dlc17_dwf_ritual_wh2_dlc17_anc_rune_personal_master_rune_of_skalf_blackhammer
percentage_cost_mod	wh2_dlc17_pooled_resource_oathgold_runecrafting_mod	wh2_dlc17_dwf_ritual_wh2_dlc17_anc_rune_personal_master_rune_of_snorri_spangelhelm
percentage_cost_mod	wh2_dlc17_pooled_resource_oathgold_runecrafting_mod	wh2_dlc17_dwf_ritual_wh2_dlc17_anc_rune_personal_master_rune_of_spite
percentage_cost_mod	wh2_dlc17_pooled_resource_oathgold_runecrafting_mod	wh2_dlc17_dwf_ritual_wh2_dlc17_anc_rune_personal_rune_of_cleaving
percentage_cost_mod	wh2_dlc17_pooled_resource_oathgold_runecrafting_mod	wh2_dlc17_dwf_ritual_wh2_dlc17_anc_rune_personal_rune_of_dismay
percentage_cost_mod	wh2_dlc17_pooled_resource_oathgold_runecrafting_mod	wh2_dlc17_dwf_ritual_wh2_dlc17_anc_rune_personal_rune_of_fire
percentage_cost_mod	wh2_dlc17_pooled_resource_oathgold_runecrafting_mod	wh2_dlc17_dwf_ritual_wh2_dlc17_anc_rune_personal_rune_of_impact
percentage_cost_mod	wh2_dlc17_pooled_resource_oathgold_runecrafting_mod	wh2_dlc17_dwf_ritual_wh2_dlc17_anc_rune_personal_rune_of_iron
percentage_cost_mod	wh2_dlc17_pooled_resource_oathgold_runecrafting_mod	wh2_dlc17_dwf_ritual_wh2_dlc17_anc_rune_personal_rune_of_luck
percentage_cost_mod	wh2_dlc17_pooled_resource_oathgold_runecrafting_mod	wh2_dlc17_dwf_ritual_wh2_dlc17_anc_rune_personal_rune_of_shielding
percentage_cost_mod	wh2_dlc17_pooled_resource_oathgold_runecrafting_mod	wh2_dlc17_dwf_ritual_wh_main_anc_rune_ancestor_rune
percentage_cost_mod	wh2_dlc17_pooled_resource_oathgold_runecrafting_mod	wh2_dlc17_dwf_ritual_wh_main_anc_rune_master_rune_of_battle
percentage_cost_mod	wh2_dlc17_pooled_resource_oathgold_runecrafting_mod	wh2_dlc17_dwf_ritual_wh_main_anc_rune_master_rune_of_courage
percentage_cost_mod	wh2_dlc17_pooled_resource_oathgold_runecrafting_mod	wh2_dlc17_dwf_ritual_wh_main_anc_rune_master_rune_of_groth_one-eye
percentage_cost_mod	wh2_dlc17_pooled_resource_oathgold_runecrafting_mod	wh2_dlc17_dwf_ritual_wh_main_anc_rune_master_rune_of_grungni
percentage_cost_mod	wh2_dlc17_pooled_resource_oathgold_runecrafting_mod	wh2_dlc17_dwf_ritual_wh_main_anc_rune_master_rune_of_sanctuary
percentage_cost_mod	wh2_dlc17_pooled_resource_oathgold_runecrafting_mod	wh2_dlc17_dwf_ritual_wh_main_anc_rune_master_rune_of_slowness
percentage_cost_mod	wh2_dlc17_pooled_resource_oathgold_runecrafting_mod	wh2_dlc17_dwf_ritual_wh_main_anc_rune_master_rune_of_stoicism
percentage_cost_mod	wh2_dlc17_pooled_resource_oathgold_runecrafting_mod	wh2_dlc17_dwf_ritual_wh_main_anc_rune_master_rune_of_stromni_redbeard
percentage_cost_mod	wh2_dlc17_pooled_resource_oathgold_runecrafting_mod	wh2_dlc17_dwf_ritual_wh_main_anc_rune_master_rune_of_valaya
percentage_cost_mod	wh2_dlc17_pooled_resource_oathgold_runecrafting_mod	wh2_dlc17_dwf_ritual_wh_main_anc_rune_rune_of_fury
percentage_cost_mod	wh2_dlc17_pooled_resource_oathgold_runecrafting_mod	wh2_dlc17_dwf_ritual_wh_main_anc_rune_rune_of_might
percentage_cost_mod	wh2_dlc17_pooled_resource_oathgold_runecrafting_mod	wh2_dlc17_dwf_ritual_wh_main_anc_rune_rune_of_parrying
percentage_cost_mod	wh2_dlc17_pooled_resource_oathgold_runecrafting_mod	wh2_dlc17_dwf_ritual_wh_main_anc_rune_rune_of_striking
percentage_cost_mod	wh2_dlc17_pooled_resource_oathgold_runecrafting_mod	wh2_dlc17_dwf_ritual_wh_main_anc_rune_strollaz_rune
percentage_cost_mod	wh2_dlc17_ritual_crafted_army_cost_increase	wh2_dlc17_bst_ritual_army_cap_upgrade
cooldown_mod	wh2_dlc29_thanquol_ritual_cooldown_reduction_thirteenth_scheme	wh3_dlc29_ritual_skv_thirteen_scruten
percentage_cost_mod	wh2_main_effect_def_rite_cost_mod	wh2_dlc10_ritual_def_drakira
percentage_cost_mod	wh2_main_effect_def_rite_cost_mod	wh2_dlc11_ritual_def_anath_raema
percentage_cost_mod	wh2_main_effect_def_rite_cost_mod	wh2_dlc14_ritual_def_warmaster
percentage_cost_mod	wh2_main_effect_def_rite_cost_mod	wh2_dlc14_ritual_def_witch_king
percentage_cost_mod	wh2_main_effect_def_rite_cost_mod	wh2_main_ritual_def_atharti
percentage_cost_mod	wh2_main_effect_def_rite_cost_mod	wh2_main_ritual_def_hekarti
percentage_cost_mod	wh2_main_effect_def_rite_cost_mod	wh2_main_ritual_def_khaine
percentage_cost_mod	wh2_main_effect_def_rite_cost_mod	wh2_main_ritual_def_mathlann
percentage_cost_mod	wh2_main_effect_def_rite_cost_mod	wh2_twa03_ritual_def_beasthunt
percentage_cost_mod	wh2_main_effect_lzd_rite_cost_mod	wh2_main_ritual_lzd_awakening
percentage_cost_mod	wh2_main_effect_lzd_rite_cost_mod	wh2_main_ritual_lzd_ferocity
percentage_cost_mod	wh2_main_effect_lzd_rite_cost_mod	wh2_main_ritual_lzd_primeval_glory
percentage_cost_mod	wh2_main_effect_lzd_rite_cost_mod	wh2_main_ritual_lzd_sotek
percentage_cost_mod	wh2_main_effect_rite_slave_cost_mod	wh2_dlc10_ritual_def_drakira
percentage_cost_mod	wh2_main_effect_rite_slave_cost_mod	wh2_dlc11_ritual_def_anath_raema
percentage_cost_mod	wh2_main_effect_rite_slave_cost_mod	wh2_dlc14_ritual_def_warmaster
percentage_cost_mod	wh2_main_effect_rite_slave_cost_mod	wh2_dlc14_ritual_def_witch_king
percentage_cost_mod	wh2_main_effect_rite_slave_cost_mod	wh2_main_ritual_def_atharti
percentage_cost_mod	wh2_main_effect_rite_slave_cost_mod	wh2_main_ritual_def_hekarti
percentage_cost_mod	wh2_main_effect_rite_slave_cost_mod	wh2_main_ritual_def_khaine
percentage_cost_mod	wh2_main_effect_rite_slave_cost_mod	wh2_main_ritual_def_mathlann
percentage_cost_mod	wh2_main_effect_rite_slave_cost_mod	wh2_twa03_ritual_def_beasthunt
percentage_cost_mod	wh2_main_faction_trait_ritual_cost_skrolk	wh2_dlc14_ritual_skv_pestilence_pestilens
percentage_cost_mod	wh2_main_faction_trait_ritual_cost_skrolk	wh2_main_ritual_skv_pestilence
cooldown_mod	wh2_twa03_effect_cooldown_mod_ritual_def_hekarti	wh2_main_ritual_def_hekarti
cooldown_mod	wh2_twa03_effect_rakarth_rite_cooldown_hidden	wh2_twa03_ritual_def_beasthunt
percentage_cost_mod	wh2_twa03_effect_slave_cost_mod_ritual_def_hekarti	wh2_main_ritual_def_hekarti
percentage_cost_mod	wh2_twa03_effect_slave_cost_mod_ritual_def_khaine	wh2_main_ritual_def_khaine
percentage_cost_mod	wh2_twa03_rite_cooldown_mathlann_anath_raema	wh2_dlc11_ritual_def_anath_raema
percentage_cost_mod	wh2_twa03_rite_cooldown_mathlann_anath_raema	wh2_main_ritual_def_mathlann
enable	wh3_cp1_effect_ritual_enable_cth_tiger_court_kamau	wh3_cp1_ritual_cth_court_ritual_military
enable	wh3_cp1_effect_ritual_enable_cth_tiger_court_thousand_gods	wh3_cp1_ritual_cth_court_ritual_spiritual
enable	wh3_cp1_effect_ritual_enable_cth_tiger_court_white_tiger	wh3_cp1_ritual_cth_court_ritual_bhashiva
enable	wh3_cp1_effect_ritual_enable_cth_tiger_court_white_tiger	wh3_cp1_ritual_cth_court_ritual_sawai
influence_percentage_cost_mod	wh3_d;c27_effect_hef_influence_cost_mod_champion_of_ulthuan	wh3_dlc27_hef_tyrion_imperatives_alliance_1
influence_percentage_cost_mod	wh3_d;c27_effect_hef_influence_cost_mod_champion_of_ulthuan	wh3_dlc27_hef_tyrion_imperatives_alliance_2
influence_percentage_cost_mod	wh3_d;c27_effect_hef_influence_cost_mod_champion_of_ulthuan	wh3_dlc27_hef_tyrion_imperatives_alliance_3
influence_percentage_cost_mod	wh3_d;c27_effect_hef_influence_cost_mod_champion_of_ulthuan	wh3_dlc27_hef_tyrion_imperatives_alliance_4
influence_percentage_cost_mod	wh3_d;c27_effect_hef_influence_cost_mod_champion_of_ulthuan	wh3_dlc27_hef_tyrion_imperatives_alliance_5
influence_percentage_cost_mod	wh3_d;c27_effect_hef_influence_cost_mod_champion_of_ulthuan	wh3_dlc27_hef_tyrion_imperatives_alliance_6
influence_percentage_cost_mod	wh3_d;c27_effect_hef_influence_cost_mod_champion_of_ulthuan	wh3_dlc27_hef_tyrion_imperatives_general_1
influence_percentage_cost_mod	wh3_d;c27_effect_hef_influence_cost_mod_champion_of_ulthuan	wh3_dlc27_hef_tyrion_imperatives_general_2
influence_percentage_cost_mod	wh3_d;c27_effect_hef_influence_cost_mod_champion_of_ulthuan	wh3_dlc27_hef_tyrion_imperatives_general_3
influence_percentage_cost_mod	wh3_d;c27_effect_hef_influence_cost_mod_champion_of_ulthuan	wh3_dlc27_hef_tyrion_imperatives_general_4
influence_percentage_cost_mod	wh3_d;c27_effect_hef_influence_cost_mod_champion_of_ulthuan	wh3_dlc27_hef_tyrion_imperatives_general_5
influence_percentage_cost_mod	wh3_d;c27_effect_hef_influence_cost_mod_champion_of_ulthuan	wh3_dlc27_hef_tyrion_imperatives_general_6
influence_percentage_cost_mod	wh3_d;c27_effect_hef_influence_cost_mod_champion_of_ulthuan	wh3_dlc27_hef_tyrion_imperatives_general_7
influence_percentage_cost_mod	wh3_d;c27_effect_hef_influence_cost_mod_champion_of_ulthuan	wh3_dlc27_hef_tyrion_imperatives_general_8
influence_percentage_cost_mod	wh3_d;c27_effect_hef_influence_cost_mod_champion_of_ulthuan	wh3_dlc27_hef_tyrion_imperatives_general_9
disable_ritual_targeting	wh3_dlc20_effect_ritual_target_block_drain_magic_hidden	wh3_dlc20_ritual_tze_cotw_vilitch_drain_magic
ritual_percentage_cost_mod_targeted	wh3_dlc20_effect_vilitch_cotw_target_cost_mod_drain_magic	wh3_dlc20_ritual_tze_cotw_vilitch_drain_magic
ritual_percentage_cost_mod_targeted	wh3_dlc20_effect_vilitch_cotw_target_cost_mod_muddle_minds	wh3_dlc20_ritual_tze_cotw_vilitch_muddle_minds
percentage_cost_mod	wh3_dlc23_chd_ritual_unit_cap_bale_taurus_cost_mod	wh3_dlc23_chd_ritual_unit_cap_bale_taurus
percentage_cost_post_mod	wh3_dlc23_chd_ritual_unit_cap_bull_centaurs_armaments_cost_mod	wh3_dlc23_chd_ritual_unit_cap_bull_centaurs
percentage_cost_mod	wh3_dlc23_chd_ritual_unit_cap_bull_centaurs_cost_mod	wh3_dlc23_chd_ritual_unit_cap_bull_centaurs
percentage_cost_mod	wh3_dlc23_chd_ritual_unit_cap_chaos_dwarf_blunderbusses_cost_mod	wh3_dlc23_chd_ritual_unit_cap_chaos_dwarf_blunderbusses
percentage_cost_mod	wh3_dlc23_chd_ritual_unit_cap_chaos_dwarf_warriors_cost_mod	wh3_dlc23_chd_ritual_unit_cap_chaos_dwarf_warriors
percentage_cost_post_mod	wh3_dlc23_chd_ritual_unit_cap_cost_mod_all_post	wh3_dlc23_chd_ritual_unit_cap_bale_taurus
percentage_cost_post_mod	wh3_dlc23_chd_ritual_unit_cap_cost_mod_all_post	wh3_dlc23_chd_ritual_unit_cap_bull_centaurs
percentage_cost_post_mod	wh3_dlc23_chd_ritual_unit_cap_cost_mod_all_post	wh3_dlc23_chd_ritual_unit_cap_chaos_dwarf_blunderbusses
percentage_cost_post_mod	wh3_dlc23_chd_ritual_unit_cap_cost_mod_all_post	wh3_dlc23_chd_ritual_unit_cap_chaos_dwarf_warriors
percentage_cost_post_mod	wh3_dlc23_chd_ritual_unit_cap_cost_mod_all_post	wh3_dlc23_chd_ritual_unit_cap_great_taurus
percentage_cost_post_mod	wh3_dlc23_chd_ritual_unit_cap_cost_mod_all_post	wh3_dlc23_chd_ritual_unit_cap_hellcannon
percentage_cost_post_mod	wh3_dlc23_chd_ritual_unit_cap_cost_mod_all_post	wh3_dlc23_chd_ritual_unit_cap_infernal_guard
percentage_cost_post_mod	wh3_dlc23_chd_ritual_unit_cap_cost_mod_all_post	wh3_dlc23_chd_ritual_unit_cap_infernal_guard_fireglaives
percentage_cost_post_mod	wh3_dlc23_chd_ritual_unit_cap_cost_mod_all_post	wh3_dlc23_chd_ritual_unit_cap_infernal_ironsworn
percentage_cost_post_mod	wh3_dlc23_chd_ritual_unit_cap_cost_mod_all_post	wh3_dlc23_chd_ritual_unit_cap_kdaai_destroyer
percentage_cost_post_mod	wh3_dlc23_chd_ritual_unit_cap_cost_mod_all_post	wh3_dlc23_chd_ritual_unit_cap_kdaai_fireborn
percentage_cost_post_mod	wh3_dlc23_chd_ritual_unit_cap_cost_mod_all_post	wh3_dlc23_chd_ritual_unit_cap_lammasu
percentage_cost_post_mod	wh3_dlc23_chd_ritual_unit_cap_cost_mod_all_post	wh3_dlc23_chd_ritual_unit_cap_warmachines
percentage_cost_post_mod	wh3_dlc23_chd_ritual_unit_cap_cost_mod_all_post	wh3_dlc29_chd_ritual_unit_cap_chaos_siege_giant
percentage_cost_mod	wh3_dlc23_chd_ritual_unit_cap_cost_mod_all_toz	wh3_dlc23_chd_ritual_unit_cap_bale_taurus
percentage_cost_mod	wh3_dlc23_chd_ritual_unit_cap_cost_mod_all_toz	wh3_dlc23_chd_ritual_unit_cap_bull_centaurs
percentage_cost_mod	wh3_dlc23_chd_ritual_unit_cap_cost_mod_all_toz	wh3_dlc23_chd_ritual_unit_cap_chaos_dwarf_blunderbusses
percentage_cost_mod	wh3_dlc23_chd_ritual_unit_cap_cost_mod_all_toz	wh3_dlc23_chd_ritual_unit_cap_chaos_dwarf_warriors
percentage_cost_mod	wh3_dlc23_chd_ritual_unit_cap_cost_mod_all_toz	wh3_dlc23_chd_ritual_unit_cap_great_taurus
percentage_cost_mod	wh3_dlc23_chd_ritual_unit_cap_cost_mod_all_toz	wh3_dlc23_chd_ritual_unit_cap_hellcannon
percentage_cost_mod	wh3_dlc23_chd_ritual_unit_cap_cost_mod_all_toz	wh3_dlc23_chd_ritual_unit_cap_infernal_guard
percentage_cost_mod	wh3_dlc23_chd_ritual_unit_cap_cost_mod_all_toz	wh3_dlc23_chd_ritual_unit_cap_infernal_guard_fireglaives
percentage_cost_mod	wh3_dlc23_chd_ritual_unit_cap_cost_mod_all_toz	wh3_dlc23_chd_ritual_unit_cap_infernal_ironsworn
percentage_cost_mod	wh3_dlc23_chd_ritual_unit_cap_cost_mod_all_toz	wh3_dlc23_chd_ritual_unit_cap_kdaai_destroyer
percentage_cost_mod	wh3_dlc23_chd_ritual_unit_cap_cost_mod_all_toz	wh3_dlc23_chd_ritual_unit_cap_kdaai_fireborn
percentage_cost_mod	wh3_dlc23_chd_ritual_unit_cap_cost_mod_all_toz	wh3_dlc23_chd_ritual_unit_cap_lammasu
percentage_cost_mod	wh3_dlc23_chd_ritual_unit_cap_cost_mod_all_toz	wh3_dlc23_chd_ritual_unit_cap_warmachines
percentage_cost_mod	wh3_dlc23_chd_ritual_unit_cap_cost_mod_all_toz	wh3_dlc29_chd_ritual_unit_cap_chaos_siege_giant
percentage_cost_mod	wh3_dlc23_chd_ritual_unit_cap_cost_mod_all	wh3_dlc23_chd_ritual_unit_cap_bale_taurus
percentage_cost_mod	wh3_dlc23_chd_ritual_unit_cap_cost_mod_all	wh3_dlc23_chd_ritual_unit_cap_bull_centaurs
percentage_cost_mod	wh3_dlc23_chd_ritual_unit_cap_cost_mod_all	wh3_dlc23_chd_ritual_unit_cap_chaos_dwarf_blunderbusses
percentage_cost_mod	wh3_dlc23_chd_ritual_unit_cap_cost_mod_all	wh3_dlc23_chd_ritual_unit_cap_chaos_dwarf_warriors
percentage_cost_mod	wh3_dlc23_chd_ritual_unit_cap_cost_mod_all	wh3_dlc23_chd_ritual_unit_cap_great_taurus
percentage_cost_mod	wh3_dlc23_chd_ritual_unit_cap_cost_mod_all	wh3_dlc23_chd_ritual_unit_cap_hellcannon
percentage_cost_mod	wh3_dlc23_chd_ritual_unit_cap_cost_mod_all	wh3_dlc23_chd_ritual_unit_cap_infernal_guard
percentage_cost_mod	wh3_dlc23_chd_ritual_unit_cap_cost_mod_all	wh3_dlc23_chd_ritual_unit_cap_infernal_guard_fireglaives
percentage_cost_mod	wh3_dlc23_chd_ritual_unit_cap_cost_mod_all	wh3_dlc23_chd_ritual_unit_cap_infernal_ironsworn
percentage_cost_mod	wh3_dlc23_chd_ritual_unit_cap_cost_mod_all	wh3_dlc23_chd_ritual_unit_cap_kdaai_destroyer
percentage_cost_mod	wh3_dlc23_chd_ritual_unit_cap_cost_mod_all	wh3_dlc23_chd_ritual_unit_cap_kdaai_fireborn
percentage_cost_mod	wh3_dlc23_chd_ritual_unit_cap_cost_mod_all	wh3_dlc23_chd_ritual_unit_cap_lammasu
percentage_cost_mod	wh3_dlc23_chd_ritual_unit_cap_cost_mod_all	wh3_dlc23_chd_ritual_unit_cap_warmachines
percentage_cost_mod	wh3_dlc23_chd_ritual_unit_cap_cost_mod_all	wh3_dlc29_chd_ritual_unit_cap_chaos_siege_giant
percentage_cost_post_mod	wh3_dlc23_chd_ritual_unit_cap_flying_beasts_armaments_cost_mod	wh3_dlc23_chd_ritual_unit_cap_bale_taurus
percentage_cost_post_mod	wh3_dlc23_chd_ritual_unit_cap_flying_beasts_armaments_cost_mod	wh3_dlc23_chd_ritual_unit_cap_great_taurus
percentage_cost_post_mod	wh3_dlc23_chd_ritual_unit_cap_flying_beasts_armaments_cost_mod	wh3_dlc23_chd_ritual_unit_cap_lammasu
percentage_cost_post_mod	wh3_dlc23_chd_ritual_unit_cap_flying_beasts_armaments_cost_mod	wh3_dlc29_chd_ritual_unit_cap_chaos_siege_giant
percentage_cost_mod	wh3_dlc23_chd_ritual_unit_cap_great_taurus_cost_mod	wh3_dlc23_chd_ritual_unit_cap_great_taurus
percentage_cost_mod	wh3_dlc23_chd_ritual_unit_cap_hellcannon_cost_mod	wh3_dlc23_chd_ritual_unit_cap_hellcannon
percentage_cost_mod	wh3_dlc23_chd_ritual_unit_cap_infernal_guard_armaments_cost_mod	wh3_dlc23_chd_ritual_unit_cap_infernal_guard
percentage_cost_mod	wh3_dlc23_chd_ritual_unit_cap_infernal_guard_armaments_cost_mod	wh3_dlc23_chd_ritual_unit_cap_infernal_guard_fireglaives
percentage_cost_mod	wh3_dlc23_chd_ritual_unit_cap_infernal_guard_armaments_cost_mod	wh3_dlc23_chd_ritual_unit_cap_infernal_ironsworn
percentage_cost_mod	wh3_dlc23_chd_ritual_unit_cap_infernal_guard_cost_mod	wh3_dlc23_chd_ritual_unit_cap_infernal_guard
percentage_cost_mod	wh3_dlc23_chd_ritual_unit_cap_infernal_guard_fireglaives_cost_mod	wh3_dlc23_chd_ritual_unit_cap_infernal_guard_fireglaives
percentage_cost_mod	wh3_dlc23_chd_ritual_unit_cap_infernal_ironsworn_cost_mod	wh3_dlc23_chd_ritual_unit_cap_infernal_ironsworn
percentage_cost_post_mod	wh3_dlc23_chd_ritual_unit_cap_kdaai_armaments_cost_mod	wh3_dlc23_chd_ritual_unit_cap_kdaai_destroyer
percentage_cost_post_mod	wh3_dlc23_chd_ritual_unit_cap_kdaai_armaments_cost_mod	wh3_dlc23_chd_ritual_unit_cap_kdaai_fireborn
percentage_cost_mod	wh3_dlc23_chd_ritual_unit_cap_kdaai_destroyer_cost_mod	wh3_dlc23_chd_ritual_unit_cap_kdaai_destroyer
percentage_cost_mod	wh3_dlc23_chd_ritual_unit_cap_kdaai_fireborn_cost_mod	wh3_dlc23_chd_ritual_unit_cap_kdaai_fireborn
percentage_cost_mod	wh3_dlc23_chd_ritual_unit_cap_lammasu_cost_mod	wh3_dlc23_chd_ritual_unit_cap_lammasu
percentage_cost_mod	wh3_dlc23_chd_ritual_unit_cap_melee_infantry_armaments_cost_mod	wh3_dlc23_chd_ritual_unit_cap_chaos_dwarf_warriors
percentage_cost_mod	wh3_dlc23_chd_ritual_unit_cap_melee_infantry_armaments_cost_mod	wh3_dlc23_chd_ritual_unit_cap_infernal_guard
percentage_cost_mod	wh3_dlc23_chd_ritual_unit_cap_melee_infantry_armaments_cost_mod	wh3_dlc23_chd_ritual_unit_cap_infernal_ironsworn
percentage_cost_post_mod	wh3_dlc23_chd_ritual_unit_cap_melee_missile_infantry_armaments_cost_mod	wh3_dlc23_chd_ritual_unit_cap_chaos_dwarf_blunderbusses
percentage_cost_post_mod	wh3_dlc23_chd_ritual_unit_cap_melee_missile_infantry_armaments_cost_mod	wh3_dlc23_chd_ritual_unit_cap_chaos_dwarf_warriors
percentage_cost_post_mod	wh3_dlc23_chd_ritual_unit_cap_melee_missile_infantry_armaments_cost_mod	wh3_dlc23_chd_ritual_unit_cap_infernal_guard
percentage_cost_post_mod	wh3_dlc23_chd_ritual_unit_cap_melee_missile_infantry_armaments_cost_mod	wh3_dlc23_chd_ritual_unit_cap_infernal_guard_fireglaives
percentage_cost_post_mod	wh3_dlc23_chd_ritual_unit_cap_melee_missile_infantry_armaments_cost_mod	wh3_dlc23_chd_ritual_unit_cap_infernal_ironsworn
percentage_cost_mod	wh3_dlc23_chd_ritual_unit_cap_missile_infantry_armaments_cost_mod	wh3_dlc23_chd_ritual_unit_cap_chaos_dwarf_blunderbusses
percentage_cost_mod	wh3_dlc23_chd_ritual_unit_cap_missile_infantry_armaments_cost_mod	wh3_dlc23_chd_ritual_unit_cap_infernal_guard_fireglaives
percentage_cost_mod	wh3_dlc23_chd_ritual_unit_cap_taurus_cost_mod	wh3_dlc23_chd_ritual_unit_cap_bale_taurus
percentage_cost_mod	wh3_dlc23_chd_ritual_unit_cap_taurus_cost_mod	wh3_dlc23_chd_ritual_unit_cap_great_taurus
percentage_cost_post_mod	wh3_dlc23_chd_ritual_unit_cap_war_machines_armaments_cost_mod	wh3_dlc23_chd_ritual_unit_cap_hellcannon
percentage_cost_post_mod	wh3_dlc23_chd_ritual_unit_cap_war_machines_armaments_cost_mod	wh3_dlc23_chd_ritual_unit_cap_warmachines
percentage_cost_mod	wh3_dlc23_chd_ritual_unit_cap_warmachines_cost_mod	wh3_dlc23_chd_ritual_unit_cap_warmachines
disable	wh3_dlc23_effect_enable_ritual_chd_labour_example_upgraded	wh3_dlc23_ritual_chd_labour_example
enable	wh3_dlc23_effect_enable_ritual_chd_labour_example_upgraded	wh3_dlc23_ritual_chd_labour_example_upgraded
disable	wh3_dlc23_effect_enable_ritual_chd_labour_gift_zhar_naggrund_upgraded	wh3_dlc23_ritual_chd_labour_gift_zhar_naggrund
enable	wh3_dlc23_effect_enable_ritual_chd_labour_gift_zhar_naggrund_upgraded	wh3_dlc23_ritual_chd_labour_gift_zhar_naggrund_upgraded
disable	wh3_dlc23_effect_enable_ritual_chd_labour_sell_upgraded	wh3_dlc23_ritual_chd_labour_sell
enable	wh3_dlc23_effect_enable_ritual_chd_labour_sell_upgraded	wh3_dlc23_ritual_chd_labour_sell_upgraded
percentage_cost_mod	wh3_dlc23_effect_technology_chd_conclave_influence_spent_slot_claimed_mod	wh3_dlc23_ritual_chd_toz_slot_t1_industry_1
percentage_cost_mod	wh3_dlc23_effect_technology_chd_conclave_influence_spent_slot_claimed_mod	wh3_dlc23_ritual_chd_toz_slot_t1_industry_2
percentage_cost_mod	wh3_dlc23_effect_technology_chd_conclave_influence_spent_slot_claimed_mod	wh3_dlc23_ritual_chd_toz_slot_t1_industry_3
percentage_cost_mod	wh3_dlc23_effect_technology_chd_conclave_influence_spent_slot_claimed_mod	wh3_dlc23_ritual_chd_toz_slot_t1_industry_4
percentage_cost_mod	wh3_dlc23_effect_technology_chd_conclave_influence_spent_slot_claimed_mod	wh3_dlc23_ritual_chd_toz_slot_t1_military_1
percentage_cost_mod	wh3_dlc23_effect_technology_chd_conclave_influence_spent_slot_claimed_mod	wh3_dlc23_ritual_chd_toz_slot_t1_military_2
percentage_cost_mod	wh3_dlc23_effect_technology_chd_conclave_influence_spent_slot_claimed_mod	wh3_dlc23_ritual_chd_toz_slot_t1_military_3
percentage_cost_mod	wh3_dlc23_effect_technology_chd_conclave_influence_spent_slot_claimed_mod	wh3_dlc23_ritual_chd_toz_slot_t1_military_4
percentage_cost_mod	wh3_dlc23_effect_technology_chd_conclave_influence_spent_slot_claimed_mod	wh3_dlc23_ritual_chd_toz_slot_t1_sorcery_1
percentage_cost_mod	wh3_dlc23_effect_technology_chd_conclave_influence_spent_slot_claimed_mod	wh3_dlc23_ritual_chd_toz_slot_t1_sorcery_2
percentage_cost_mod	wh3_dlc23_effect_technology_chd_conclave_influence_spent_slot_claimed_mod	wh3_dlc23_ritual_chd_toz_slot_t1_sorcery_3
percentage_cost_mod	wh3_dlc23_effect_technology_chd_conclave_influence_spent_slot_claimed_mod	wh3_dlc23_ritual_chd_toz_slot_t1_sorcery_4
percentage_cost_mod	wh3_dlc23_effect_technology_chd_conclave_influence_spent_slot_claimed_mod	wh3_dlc23_ritual_chd_toz_slot_t2_industry_1
percentage_cost_mod	wh3_dlc23_effect_technology_chd_conclave_influence_spent_slot_claimed_mod	wh3_dlc23_ritual_chd_toz_slot_t2_industry_2
percentage_cost_mod	wh3_dlc23_effect_technology_chd_conclave_influence_spent_slot_claimed_mod	wh3_dlc23_ritual_chd_toz_slot_t2_industry_3
percentage_cost_mod	wh3_dlc23_effect_technology_chd_conclave_influence_spent_slot_claimed_mod	wh3_dlc23_ritual_chd_toz_slot_t2_military_1
percentage_cost_mod	wh3_dlc23_effect_technology_chd_conclave_influence_spent_slot_claimed_mod	wh3_dlc23_ritual_chd_toz_slot_t2_military_2
percentage_cost_mod	wh3_dlc23_effect_technology_chd_conclave_influence_spent_slot_claimed_mod	wh3_dlc23_ritual_chd_toz_slot_t2_military_3
percentage_cost_mod	wh3_dlc23_effect_technology_chd_conclave_influence_spent_slot_claimed_mod	wh3_dlc23_ritual_chd_toz_slot_t2_sorcery_1
percentage_cost_mod	wh3_dlc23_effect_technology_chd_conclave_influence_spent_slot_claimed_mod	wh3_dlc23_ritual_chd_toz_slot_t2_sorcery_2
percentage_cost_mod	wh3_dlc23_effect_technology_chd_conclave_influence_spent_slot_claimed_mod	wh3_dlc23_ritual_chd_toz_slot_t2_sorcery_3
percentage_cost_mod	wh3_dlc23_effect_technology_chd_conclave_influence_spent_slot_claimed_mod	wh3_dlc23_ritual_chd_toz_slot_t3_industry_1
percentage_cost_mod	wh3_dlc23_effect_technology_chd_conclave_influence_spent_slot_claimed_mod	wh3_dlc23_ritual_chd_toz_slot_t3_industry_2
percentage_cost_mod	wh3_dlc23_effect_technology_chd_conclave_influence_spent_slot_claimed_mod	wh3_dlc23_ritual_chd_toz_slot_t3_military_1
percentage_cost_mod	wh3_dlc23_effect_technology_chd_conclave_influence_spent_slot_claimed_mod	wh3_dlc23_ritual_chd_toz_slot_t3_military_2
percentage_cost_mod	wh3_dlc23_effect_technology_chd_conclave_influence_spent_slot_claimed_mod	wh3_dlc23_ritual_chd_toz_slot_t3_sorcery_1
percentage_cost_mod	wh3_dlc23_effect_technology_chd_conclave_influence_spent_slot_claimed_mod	wh3_dlc23_ritual_chd_toz_slot_t3_sorcery_2
percentage_cost_mod	wh3_dlc23_effect_technology_chd_conclave_influence_spent_slot_claimed_mod	wh3_dlc23_ritual_chd_toz_slot_t4_astragoth
percentage_cost_mod	wh3_dlc23_effect_technology_chd_conclave_influence_spent_slot_claimed_mod	wh3_dlc23_ritual_chd_toz_slot_t4_conclave
percentage_cost_mod	wh3_dlc23_effect_technology_chd_conclave_influence_spent_slot_claimed_mod	wh3_dlc23_ritual_chd_toz_slot_t4_drazhoath
percentage_cost_mod	wh3_dlc23_effect_technology_chd_conclave_influence_spent_slot_claimed_mod	wh3_dlc23_ritual_chd_toz_slot_t4_zhatan
percentage_cost_mod	wh3_dlc23_effect_toz_chd_conclave_influence_spent_slot_claimed_mod	wh3_dlc23_ritual_chd_toz_slot_t1_industry_1
percentage_cost_mod	wh3_dlc23_effect_toz_chd_conclave_influence_spent_slot_claimed_mod	wh3_dlc23_ritual_chd_toz_slot_t1_industry_2
percentage_cost_mod	wh3_dlc23_effect_toz_chd_conclave_influence_spent_slot_claimed_mod	wh3_dlc23_ritual_chd_toz_slot_t1_industry_3
percentage_cost_mod	wh3_dlc23_effect_toz_chd_conclave_influence_spent_slot_claimed_mod	wh3_dlc23_ritual_chd_toz_slot_t1_industry_4
percentage_cost_mod	wh3_dlc23_effect_toz_chd_conclave_influence_spent_slot_claimed_mod	wh3_dlc23_ritual_chd_toz_slot_t1_military_1
percentage_cost_mod	wh3_dlc23_effect_toz_chd_conclave_influence_spent_slot_claimed_mod	wh3_dlc23_ritual_chd_toz_slot_t1_military_2
percentage_cost_mod	wh3_dlc23_effect_toz_chd_conclave_influence_spent_slot_claimed_mod	wh3_dlc23_ritual_chd_toz_slot_t1_military_3
percentage_cost_mod	wh3_dlc23_effect_toz_chd_conclave_influence_spent_slot_claimed_mod	wh3_dlc23_ritual_chd_toz_slot_t1_military_4
percentage_cost_mod	wh3_dlc23_effect_toz_chd_conclave_influence_spent_slot_claimed_mod	wh3_dlc23_ritual_chd_toz_slot_t1_sorcery_1
percentage_cost_mod	wh3_dlc23_effect_toz_chd_conclave_influence_spent_slot_claimed_mod	wh3_dlc23_ritual_chd_toz_slot_t1_sorcery_2
percentage_cost_mod	wh3_dlc23_effect_toz_chd_conclave_influence_spent_slot_claimed_mod	wh3_dlc23_ritual_chd_toz_slot_t1_sorcery_3
percentage_cost_mod	wh3_dlc23_effect_toz_chd_conclave_influence_spent_slot_claimed_mod	wh3_dlc23_ritual_chd_toz_slot_t1_sorcery_4
percentage_cost_mod	wh3_dlc23_effect_toz_chd_conclave_influence_spent_slot_claimed_mod	wh3_dlc23_ritual_chd_toz_slot_t2_industry_1
percentage_cost_mod	wh3_dlc23_effect_toz_chd_conclave_influence_spent_slot_claimed_mod	wh3_dlc23_ritual_chd_toz_slot_t2_industry_2
percentage_cost_mod	wh3_dlc23_effect_toz_chd_conclave_influence_spent_slot_claimed_mod	wh3_dlc23_ritual_chd_toz_slot_t2_industry_3
percentage_cost_mod	wh3_dlc23_effect_toz_chd_conclave_influence_spent_slot_claimed_mod	wh3_dlc23_ritual_chd_toz_slot_t2_military_1
percentage_cost_mod	wh3_dlc23_effect_toz_chd_conclave_influence_spent_slot_claimed_mod	wh3_dlc23_ritual_chd_toz_slot_t2_military_2
percentage_cost_mod	wh3_dlc23_effect_toz_chd_conclave_influence_spent_slot_claimed_mod	wh3_dlc23_ritual_chd_toz_slot_t2_military_3
percentage_cost_mod	wh3_dlc23_effect_toz_chd_conclave_influence_spent_slot_claimed_mod	wh3_dlc23_ritual_chd_toz_slot_t2_sorcery_1
percentage_cost_mod	wh3_dlc23_effect_toz_chd_conclave_influence_spent_slot_claimed_mod	wh3_dlc23_ritual_chd_toz_slot_t2_sorcery_2
percentage_cost_mod	wh3_dlc23_effect_toz_chd_conclave_influence_spent_slot_claimed_mod	wh3_dlc23_ritual_chd_toz_slot_t2_sorcery_3
percentage_cost_mod	wh3_dlc23_effect_toz_chd_conclave_influence_spent_slot_claimed_mod	wh3_dlc23_ritual_chd_toz_slot_t3_industry_1
percentage_cost_mod	wh3_dlc23_effect_toz_chd_conclave_influence_spent_slot_claimed_mod	wh3_dlc23_ritual_chd_toz_slot_t3_industry_2
percentage_cost_mod	wh3_dlc23_effect_toz_chd_conclave_influence_spent_slot_claimed_mod	wh3_dlc23_ritual_chd_toz_slot_t3_military_1
percentage_cost_mod	wh3_dlc23_effect_toz_chd_conclave_influence_spent_slot_claimed_mod	wh3_dlc23_ritual_chd_toz_slot_t3_military_2
percentage_cost_mod	wh3_dlc23_effect_toz_chd_conclave_influence_spent_slot_claimed_mod	wh3_dlc23_ritual_chd_toz_slot_t3_sorcery_1
percentage_cost_mod	wh3_dlc23_effect_toz_chd_conclave_influence_spent_slot_claimed_mod	wh3_dlc23_ritual_chd_toz_slot_t3_sorcery_2
percentage_cost_mod	wh3_dlc23_effect_toz_chd_conclave_influence_spent_slot_claimed_mod	wh3_dlc23_ritual_chd_toz_slot_t4_astragoth
percentage_cost_mod	wh3_dlc23_effect_toz_chd_conclave_influence_spent_slot_claimed_mod	wh3_dlc23_ritual_chd_toz_slot_t4_conclave
percentage_cost_mod	wh3_dlc23_effect_toz_chd_conclave_influence_spent_slot_claimed_mod	wh3_dlc23_ritual_chd_toz_slot_t4_drazhoath
percentage_cost_mod	wh3_dlc23_effect_toz_chd_conclave_influence_spent_slot_claimed_mod	wh3_dlc23_ritual_chd_toz_slot_t4_zhatan
percentage_cost_mod	wh3_dlc23_ritual_chd_toz_slot_t1_industry_1_usurp_cost_modifier_hidden	wh3_dlc23_ritual_chd_toz_slot_t1_industry_1
percentage_cost_mod	wh3_dlc23_ritual_chd_toz_slot_t1_industry_2_usurp_cost_modifier_hidden	wh3_dlc23_ritual_chd_toz_slot_t1_industry_2
percentage_cost_mod	wh3_dlc23_ritual_chd_toz_slot_t1_industry_3_usurp_cost_modifier_hidden	wh3_dlc23_ritual_chd_toz_slot_t1_industry_3
percentage_cost_mod	wh3_dlc23_ritual_chd_toz_slot_t1_industry_4_usurp_cost_modifier_hidden	wh3_dlc23_ritual_chd_toz_slot_t1_industry_4
percentage_cost_mod	wh3_dlc23_ritual_chd_toz_slot_t1_military_1_usurp_cost_modifier_hidden	wh3_dlc23_ritual_chd_toz_slot_t1_military_1
percentage_cost_mod	wh3_dlc23_ritual_chd_toz_slot_t1_military_2_usurp_cost_modifier_hidden	wh3_dlc23_ritual_chd_toz_slot_t1_military_2
percentage_cost_mod	wh3_dlc23_ritual_chd_toz_slot_t1_military_3_usurp_cost_modifier_hidden	wh3_dlc23_ritual_chd_toz_slot_t1_military_3
percentage_cost_mod	wh3_dlc23_ritual_chd_toz_slot_t1_military_4_usurp_cost_modifier_hidden	wh3_dlc23_ritual_chd_toz_slot_t1_military_4
percentage_cost_mod	wh3_dlc23_ritual_chd_toz_slot_t1_sorcery_1_usurp_cost_modifier_hidden	wh3_dlc23_ritual_chd_toz_slot_t1_sorcery_1
percentage_cost_mod	wh3_dlc23_ritual_chd_toz_slot_t1_sorcery_2_usurp_cost_modifier_hidden	wh3_dlc23_ritual_chd_toz_slot_t1_sorcery_2
percentage_cost_mod	wh3_dlc23_ritual_chd_toz_slot_t1_sorcery_3_usurp_cost_modifier_hidden	wh3_dlc23_ritual_chd_toz_slot_t1_sorcery_3
percentage_cost_mod	wh3_dlc23_ritual_chd_toz_slot_t1_sorcery_4_usurp_cost_modifier_hidden	wh3_dlc23_ritual_chd_toz_slot_t1_sorcery_4
percentage_cost_mod	wh3_dlc23_ritual_chd_toz_slot_t2_industry_1_usurp_cost_modifier_hidden	wh3_dlc23_ritual_chd_toz_slot_t2_industry_1
percentage_cost_mod	wh3_dlc23_ritual_chd_toz_slot_t2_industry_2_usurp_cost_modifier_hidden	wh3_dlc23_ritual_chd_toz_slot_t2_industry_2
percentage_cost_mod	wh3_dlc23_ritual_chd_toz_slot_t2_industry_3_usurp_cost_modifier_hidden	wh3_dlc23_ritual_chd_toz_slot_t2_industry_3
percentage_cost_mod	wh3_dlc23_ritual_chd_toz_slot_t2_military_1_usurp_cost_modifier_hidden	wh3_dlc23_ritual_chd_toz_slot_t2_military_1
percentage_cost_mod	wh3_dlc23_ritual_chd_toz_slot_t2_military_2_usurp_cost_modifier_hidden	wh3_dlc23_ritual_chd_toz_slot_t2_military_2
percentage_cost_mod	wh3_dlc23_ritual_chd_toz_slot_t2_military_3_usurp_cost_modifier_hidden	wh3_dlc23_ritual_chd_toz_slot_t2_military_3
percentage_cost_mod	wh3_dlc23_ritual_chd_toz_slot_t2_sorcery_1_usurp_cost_modifier_hidden	wh3_dlc23_ritual_chd_toz_slot_t2_sorcery_1
percentage_cost_mod	wh3_dlc23_ritual_chd_toz_slot_t2_sorcery_2_usurp_cost_modifier_hidden	wh3_dlc23_ritual_chd_toz_slot_t2_sorcery_2
percentage_cost_mod	wh3_dlc23_ritual_chd_toz_slot_t2_sorcery_3_usurp_cost_modifier_hidden	wh3_dlc23_ritual_chd_toz_slot_t2_sorcery_3
percentage_cost_mod	wh3_dlc23_ritual_chd_toz_slot_t3_industry_1_usurp_cost_modifier_hidden	wh3_dlc23_ritual_chd_toz_slot_t3_industry_1
percentage_cost_mod	wh3_dlc23_ritual_chd_toz_slot_t3_industry_2_usurp_cost_modifier_hidden	wh3_dlc23_ritual_chd_toz_slot_t3_industry_2
percentage_cost_mod	wh3_dlc23_ritual_chd_toz_slot_t3_military_1_usurp_cost_modifier_hidden	wh3_dlc23_ritual_chd_toz_slot_t3_military_1
percentage_cost_mod	wh3_dlc23_ritual_chd_toz_slot_t3_military_2_usurp_cost_modifier_hidden	wh3_dlc23_ritual_chd_toz_slot_t3_military_2
percentage_cost_mod	wh3_dlc23_ritual_chd_toz_slot_t3_sorcery_1_usurp_cost_modifier_hidden	wh3_dlc23_ritual_chd_toz_slot_t3_sorcery_1
percentage_cost_mod	wh3_dlc23_ritual_chd_toz_slot_t3_sorcery_2_usurp_cost_modifier_hidden	wh3_dlc23_ritual_chd_toz_slot_t3_sorcery_2
percentage_cost_mod	wh3_dlc24_bst_ritual_unit_cap_incarnate_elemental_beasts_cost_mod	wh3_dlc24_bst_ritual_unit_cap_incarnate_elemental_beasts
enable	wh3_dlc24_bst_ritual_unit_cap_incarnate_elemental_beasts_unlock	wh3_dlc24_bst_ritual_unit_cap_incarnate_elemental_beasts
percentage_cost_mod	wh3_dlc24_bst_ritual_unit_cap_tzaangors_cost_mod	wh3_dlc24_bst_ritual_unit_cap_tzaangors
enable	wh3_dlc24_bst_ritual_unit_cap_tzaangors_unlock	wh3_dlc24_bst_ritual_unit_cap_tzaangors
percentage_cost_post_mod	wh3_dlc24_effect_ostankya_ritual_cost	wh3_dlc24_ritual_ksl_hex_1
percentage_cost_post_mod	wh3_dlc24_effect_ostankya_ritual_cost	wh3_dlc24_ritual_ksl_hex_1_empowered
percentage_cost_post_mod	wh3_dlc24_effect_ostankya_ritual_cost	wh3_dlc24_ritual_ksl_hex_2_ie_forest_of_gloom
percentage_cost_post_mod	wh3_dlc24_effect_ostankya_ritual_cost	wh3_dlc24_ritual_ksl_hex_2_ie_forest_of_gloom_empowered
percentage_cost_post_mod	wh3_dlc24_effect_ostankya_ritual_cost	wh3_dlc24_ritual_ksl_hex_2_ie_gaean_vale
percentage_cost_post_mod	wh3_dlc24_effect_ostankya_ritual_cost	wh3_dlc24_ritual_ksl_hex_2_ie_gaean_vale_empowered
percentage_cost_post_mod	wh3_dlc24_effect_ostankya_ritual_cost	wh3_dlc24_ritual_ksl_hex_2_ie_gryphon_wood
percentage_cost_post_mod	wh3_dlc24_effect_ostankya_ritual_cost	wh3_dlc24_ritual_ksl_hex_2_ie_gryphon_wood_empowered
percentage_cost_post_mod	wh3_dlc24_effect_ostankya_ritual_cost	wh3_dlc24_ritual_ksl_hex_2_ie_heart_of_the_jungle
percentage_cost_post_mod	wh3_dlc24_effect_ostankya_ritual_cost	wh3_dlc24_ritual_ksl_hex_2_ie_heart_of_the_jungle_empowered
percentage_cost_post_mod	wh3_dlc24_effect_ostankya_ritual_cost	wh3_dlc24_ritual_ksl_hex_2_ie_jungles_of_chian
percentage_cost_post_mod	wh3_dlc24_effect_ostankya_ritual_cost	wh3_dlc24_ritual_ksl_hex_2_ie_jungles_of_chian_empowered
percentage_cost_post_mod	wh3_dlc24_effect_ostankya_ritual_cost	wh3_dlc24_ritual_ksl_hex_2_ie_laurelorn_forest
percentage_cost_post_mod	wh3_dlc24_effect_ostankya_ritual_cost	wh3_dlc24_ritual_ksl_hex_2_ie_laurelorn_forest_empowered
percentage_cost_post_mod	wh3_dlc24_effect_ostankya_ritual_cost	wh3_dlc24_ritual_ksl_hex_2_ie_oak_of_ages
percentage_cost_post_mod	wh3_dlc24_effect_ostankya_ritual_cost	wh3_dlc24_ritual_ksl_hex_2_ie_oak_of_ages_empowered
percentage_cost_post_mod	wh3_dlc24_effect_ostankya_ritual_cost	wh3_dlc24_ritual_ksl_hex_2_ie_the_haunted_forest
percentage_cost_post_mod	wh3_dlc24_effect_ostankya_ritual_cost	wh3_dlc24_ritual_ksl_hex_2_ie_the_haunted_forest_empowered
percentage_cost_post_mod	wh3_dlc24_effect_ostankya_ritual_cost	wh3_dlc24_ritual_ksl_hex_2_ie_the_sacred_pools
percentage_cost_post_mod	wh3_dlc24_effect_ostankya_ritual_cost	wh3_dlc24_ritual_ksl_hex_2_ie_the_sacred_pools_empowered
percentage_cost_post_mod	wh3_dlc24_effect_ostankya_ritual_cost	wh3_dlc24_ritual_ksl_hex_2_ie_the_witchwood
percentage_cost_post_mod	wh3_dlc24_effect_ostankya_ritual_cost	wh3_dlc24_ritual_ksl_hex_2_ie_the_witchwood_empowered
percentage_cost_post_mod	wh3_dlc24_effect_ostankya_ritual_cost	wh3_dlc24_ritual_ksl_hex_2_roc_fort_dolganyeir
percentage_cost_post_mod	wh3_dlc24_effect_ostankya_ritual_cost	wh3_dlc24_ritual_ksl_hex_2_roc_fort_dolganyeir_empowered
percentage_cost_post_mod	wh3_dlc24_effect_ostankya_ritual_cost	wh3_dlc24_ritual_ksl_hex_2_roc_laurelorn_forest
percentage_cost_post_mod	wh3_dlc24_effect_ostankya_ritual_cost	wh3_dlc24_ritual_ksl_hex_2_roc_laurelorn_forest_empowered
percentage_cost_post_mod	wh3_dlc24_effect_ostankya_ritual_cost	wh3_dlc24_ritual_ksl_hex_2_roc_the_haunted_forest
percentage_cost_post_mod	wh3_dlc24_effect_ostankya_ritual_cost	wh3_dlc24_ritual_ksl_hex_2_roc_the_haunted_forest_empowered
percentage_cost_post_mod	wh3_dlc24_effect_ostankya_ritual_cost	wh3_dlc24_ritual_ksl_hex_3
percentage_cost_post_mod	wh3_dlc24_effect_ostankya_ritual_cost	wh3_dlc24_ritual_ksl_hex_3_empowered
percentage_cost_post_mod	wh3_dlc24_effect_ostankya_ritual_cost	wh3_dlc24_ritual_ksl_hex_4
percentage_cost_post_mod	wh3_dlc24_effect_ostankya_ritual_cost	wh3_dlc24_ritual_ksl_hex_4_empowered
percentage_cost_post_mod	wh3_dlc24_effect_ostankya_ritual_cost	wh3_dlc24_ritual_ksl_hex_5
percentage_cost_post_mod	wh3_dlc24_effect_ostankya_ritual_cost	wh3_dlc24_ritual_ksl_hex_5_empowered
percentage_cost_post_mod	wh3_dlc24_effect_ostankya_ritual_cost	wh3_dlc24_ritual_ksl_hex_6
percentage_cost_mod	wh3_dlc24_effect_tze_cotw_cost_mod_track_army_reveal_shroud	wh3_main_ritual_tze_cotw_reveal_shroud
percentage_cost_mod	wh3_dlc24_effect_tze_cotw_cost_mod_track_army_reveal_shroud	wh3_main_ritual_tze_cotw_track_army
disable_ritual_targeting	wh3_dlc24_ritual_yuan_bo_commercial_fortress_targeting_disable_hidden	wh3_dlc24_ritual_cth_mos_steel_settlement_type_switch_commercial
disable_ritual_targeting	wh3_dlc24_ritual_yuan_bo_commercial_fortress_targeting_disable_hidden	wh3_dlc24_ritual_cth_mos_stone_settlement_type_switch_fortress
enable	wh3_dlc24_tech_ksl_ostankya_witches_hut_hex_upgrade_1	wh3_dlc24_ritual_ksl_hex_1_empowered
enable	wh3_dlc24_tech_ksl_ostankya_witches_hut_hex_upgrade_2	wh3_dlc24_ritual_ksl_hex_2_ie_forest_of_gloom_empowered
enable	wh3_dlc24_tech_ksl_ostankya_witches_hut_hex_upgrade_2	wh3_dlc24_ritual_ksl_hex_2_ie_gaean_vale_empowered
enable	wh3_dlc24_tech_ksl_ostankya_witches_hut_hex_upgrade_2	wh3_dlc24_ritual_ksl_hex_2_ie_gryphon_wood_empowered
enable	wh3_dlc24_tech_ksl_ostankya_witches_hut_hex_upgrade_2	wh3_dlc24_ritual_ksl_hex_2_ie_heart_of_the_jungle_empowered
enable	wh3_dlc24_tech_ksl_ostankya_witches_hut_hex_upgrade_2	wh3_dlc24_ritual_ksl_hex_2_ie_jungles_of_chian_empowered
enable	wh3_dlc24_tech_ksl_ostankya_witches_hut_hex_upgrade_2	wh3_dlc24_ritual_ksl_hex_2_ie_laurelorn_forest_empowered
enable	wh3_dlc24_tech_ksl_ostankya_witches_hut_hex_upgrade_2	wh3_dlc24_ritual_ksl_hex_2_ie_oak_of_ages_empowered
enable	wh3_dlc24_tech_ksl_ostankya_witches_hut_hex_upgrade_2	wh3_dlc24_ritual_ksl_hex_2_ie_the_haunted_forest_empowered
enable	wh3_dlc24_tech_ksl_ostankya_witches_hut_hex_upgrade_2	wh3_dlc24_ritual_ksl_hex_2_ie_the_sacred_pools_empowered
enable	wh3_dlc24_tech_ksl_ostankya_witches_hut_hex_upgrade_2	wh3_dlc24_ritual_ksl_hex_2_ie_the_witchwood_empowered
enable	wh3_dlc24_tech_ksl_ostankya_witches_hut_hex_upgrade_2	wh3_dlc24_ritual_ksl_hex_2_roc_fort_dolganyeir_empowered
enable	wh3_dlc24_tech_ksl_ostankya_witches_hut_hex_upgrade_2	wh3_dlc24_ritual_ksl_hex_2_roc_laurelorn_forest_empowered
enable	wh3_dlc24_tech_ksl_ostankya_witches_hut_hex_upgrade_2	wh3_dlc24_ritual_ksl_hex_2_roc_the_haunted_forest_empowered
enable	wh3_dlc24_tech_ksl_ostankya_witches_hut_hex_upgrade_3	wh3_dlc24_ritual_ksl_hex_3_empowered
enable	wh3_dlc24_tech_ksl_ostankya_witches_hut_hex_upgrade_4	wh3_dlc24_ritual_ksl_hex_4_empowered
enable	wh3_dlc24_tech_ksl_ostankya_witches_hut_hex_upgrade_5	wh3_dlc24_ritual_ksl_hex_5_empowered
percentage_cost_mod	wh3_dlc25_bst_ritual_unit_cap_pestigors_cost_mod	wh3_dlc25_bst_ritual_unit_cap_pestigors
enable	wh3_dlc25_bst_ritual_unit_cap_pestigors_unlock	wh3_dlc25_bst_ritual_unit_cap_pestigors
percentage_cost_mod	wh3_dlc25_dwf_ritual_confederation_belegar_cost_mod	wh3_dlc25_dwf_ritual_legendary_lord_belegar
percentage_cost_mod	wh3_dlc25_dwf_ritual_confederation_grombrindal_cost_mod	wh3_dlc25_dwf_ritual_legendary_lord_grombrindal
percentage_cost_mod	wh3_dlc25_dwf_ritual_confederation_malakai_cost_mod	wh3_dlc25_dwf_ritual_legendary_lord_malakai
percentage_cost_mod	wh3_dlc25_dwf_ritual_confederation_thorek_cost_mod	wh3_dlc25_dwf_ritual_legendary_lord_thorek
percentage_cost_mod	wh3_dlc25_dwf_ritual_confederation_thorgrim_cost_mod	wh3_dlc25_dwf_ritual_legendary_lord_thorgrim
percentage_cost_mod	wh3_dlc25_dwf_ritual_confederation_ungrim_cost_mod	wh3_dlc25_dwf_ritual_legendary_lord_ungrim
percentage_cost_mod	wh3_dlc25_effect_black_tower_construction_cost	wh3_dlc25_emp_ritual_construct_black_tower
cooldown_mod	wh3_dlc25_effect_cooldown_mod_emperors_decrees_casus_belli_hidden	wh3_dlc25_emperors_decrees_casus_belli
cooldown_mod	wh3_dlc25_effect_cooldown_mod_emperors_decrees_requisition_hidden	wh3_dlc25_emperors_decrees_requisition
disable	wh3_dlc25_effect_emp_emperors_decrees_upgrade	wh3_dlc25_emperors_decrees_call_to_arms
disable	wh3_dlc25_effect_emp_emperors_decrees_upgrade	wh3_dlc25_emperors_decrees_conscription
disable	wh3_dlc25_effect_emp_emperors_decrees_upgrade	wh3_dlc25_emperors_decrees_imperial_commendation
disable	wh3_dlc25_effect_emp_emperors_decrees_upgrade	wh3_dlc25_emperors_decrees_inquisition
disable	wh3_dlc25_effect_emp_emperors_decrees_upgrade	wh3_dlc25_emperors_decrees_open_the_gates
disable	wh3_dlc25_effect_emp_emperors_decrees_upgrade	wh3_dlc25_emperors_decrees_send_aid
disable	wh3_dlc25_effect_emp_emperors_decrees_upgrade	wh3_dlc25_emperors_decrees_unify
enable	wh3_dlc25_effect_emp_emperors_decrees_upgrade	wh3_dlc25_emperors_decrees_call_to_arms_upgraded
enable	wh3_dlc25_effect_emp_emperors_decrees_upgrade	wh3_dlc25_emperors_decrees_conscription_upgraded
enable	wh3_dlc25_effect_emp_emperors_decrees_upgrade	wh3_dlc25_emperors_decrees_imperial_commendation_upgraded
enable	wh3_dlc25_effect_emp_emperors_decrees_upgrade	wh3_dlc25_emperors_decrees_inquisition_upgraded
enable	wh3_dlc25_effect_emp_emperors_decrees_upgrade	wh3_dlc25_emperors_decrees_open_the_gates_upgraded
enable	wh3_dlc25_effect_emp_emperors_decrees_upgrade	wh3_dlc25_emperors_decrees_send_aid_upgraded
enable	wh3_dlc25_effect_emp_emperors_decrees_upgrade	wh3_dlc25_emperors_decrees_unify_upgraded
disable	wh3_dlc25_effect_nur_payload_castellan_chieftain_rituals_locked	wh3_dlc25_ritual_nur_castellan_blunderbusses
disable	wh3_dlc25_effect_nur_payload_castellan_chieftain_rituals_locked	wh3_dlc25_ritual_nur_castellan_dreadquake
disable	wh3_dlc25_effect_nur_payload_castellan_chieftain_rituals_locked	wh3_dlc25_ritual_nur_castellan_fireglaives
disable	wh3_dlc25_effect_nur_payload_castellan_chieftain_rituals_locked	wh3_dlc25_ritual_nur_special_castellan_tier_2
disable	wh3_dlc25_effect_nur_payload_castellan_chieftain_rituals_locked	wh3_dlc25_ritual_nur_special_castellan_tier_3
ritual_percentage_cost_mod_targeted	wh3_dlc25_effect_plague_cultists_infection_cost_reduction_force	wh3_main_ritual_nur_plague_agent_army
ritual_percentage_cost_mod_targeted	wh3_dlc25_effect_plague_cultists_infection_cost_reduction_region	wh3_main_ritual_nur_plague_agent_settlement
percentage_cost_post_mod	wh3_dlc25_effect_ritual_cost_amethyst_artillery	wh3_dlc25_ritual_emp_don_bjuna_bombard
percentage_cost_post_mod	wh3_dlc25_effect_ritual_cost_amethyst_artillery	wh3_dlc25_ritual_emp_don_purple_eclipse
percentage_cost_post_mod	wh3_dlc25_effect_ritual_cost_amethyst_artillery	wh3_dlc25_ritual_emp_don_spirit_barrage
percentage_cost_post_mod	wh3_dlc25_effect_ritual_don_elspeth_teleport_cost	wh3_dlc25_emp_ritual_elspeth_teleport
enable	wh3_dlc25_ritual_nur_bray_shaman_tier_2_ritual_unit_unlock	wh3_dlc25_ritual_nur_bray_shaman_ghorgon
enable	wh3_dlc25_ritual_nur_bray_shaman_tier_2_ritual_unlock	wh3_dlc25_ritual_nur_special_bray_shaman_tier_2
enable	wh3_dlc25_ritual_nur_bray_shaman_tier_3_ritual_ability_unlock	wh3_dlc25_ritual_nur_special_bray_shaman_tier_3
enable	wh3_dlc25_ritual_nur_bray_shaman_tier_3_ritual_unit_unlock	wh3_dlc25_ritual_nur_bray_shaman_cygor
enable	wh3_dlc25_ritual_nur_castellan_tier_2_ritual_unit_unlock	wh3_dlc25_ritual_nur_castellan_fireglaives
enable	wh3_dlc25_ritual_nur_castellan_tier_2_ritual_unlock	wh3_dlc25_ritual_nur_special_castellan_tier_2
enable	wh3_dlc25_ritual_nur_castellan_tier_3_ritual_ability_unlock	wh3_dlc25_ritual_nur_special_castellan_tier_3
enable	wh3_dlc25_ritual_nur_castellan_tier_3_ritual_unit_unlock	wh3_dlc25_ritual_nur_castellan_dreadquake
enable	wh3_dlc25_ritual_nur_exalted_hero_tier_2_ritual_unit_unlock	wh3_dlc25_ritual_nur_exalted_hero_hellcannon
enable	wh3_dlc25_ritual_nur_exalted_hero_tier_2_ritual_unlock	wh3_dlc25_ritual_nur_special_exalted_hero_tier_2
enable	wh3_dlc25_ritual_nur_exalted_hero_tier_3_ritual_ability_unlock	wh3_dlc25_ritual_nur_special_exalted_hero_tier_3
enable	wh3_dlc25_ritual_nur_exalted_hero_tier_3_ritual_unit_unlock	wh3_dlc25_ritual_nur_exalted_hero_dragon_ogre
enable	wh3_dlc25_ritual_nur_fimir_balefiend_tier_2_ritual_unit_unlock	wh3_dlc25_ritual_nur_fimir_balefiend_fimir_warriors_1
enable	wh3_dlc25_ritual_nur_fimir_balefiend_tier_2_ritual_unlock	wh3_dlc25_ritual_nur_special_fimir_balefiend_tier_2
enable	wh3_dlc25_ritual_nur_fimir_balefiend_tier_3_ritual_ability_unlock	wh3_dlc25_ritual_nur_special_fimir_balefiend_tier_3
enable	wh3_dlc25_ritual_nur_fimir_balefiend_tier_3_ritual_unit_unlock	wh3_dlc25_ritual_nur_fimir_balefiend_frost_wyrm
enable	wh3_dlc25_ritual_nur_kazyk_tier_2_ritual_unit_unlock	wh3_dlc25_ritual_nur_kazyk_rot_knights
enable	wh3_dlc25_ritual_nur_kazyk_tier_2_ritual_unlock	wh3_dlc25_ritual_nur_special_kazyk_tier_2
enable	wh3_dlc25_ritual_nur_kazyk_tier_3_ritual_ability_unlock	wh3_dlc25_ritual_nur_special_kazyk_tier_3
enable	wh3_dlc25_ritual_nur_kazyk_tier_3_ritual_unit_unlock	wh3_dlc25_ritual_nur_kazyk_toad_dragon
enable	wh3_dlc25_ritual_nur_werekin_tier_2_ritual_unit_unlock	wh3_dlc25_ritual_nur_werekin_skin_wolves
enable	wh3_dlc25_ritual_nur_werekin_tier_2_ritual_unlock	wh3_dlc25_ritual_nur_special_werekin_tier_2
enable	wh3_dlc25_ritual_nur_werekin_tier_3_ritual_ability_unlock	wh3_dlc25_ritual_nur_special_werekin_tier_3
enable	wh3_dlc25_ritual_nur_werekin_tier_3_ritual_unit_unlock	wh3_dlc25_ritual_nur_werekin_war_mammoth
percentage_cost_mod	wh3_dlc26_bst_ritual_unit_cap_khorngors_cost_mod	wh3_dlc26_bst_ritual_unit_cap_khorngors
enable	wh3_dlc26_bst_ritual_unit_cap_khorngors_unlock	wh3_dlc26_bst_ritual_unit_cap_khorngors
disable	wh3_dlc26_effect_cloak_of_skulls_disable_4	wh3_dlc26_kho_cloak_of_skulls_4_1
disable	wh3_dlc26_effect_cloak_of_skulls_disable_4	wh3_dlc26_kho_cloak_of_skulls_4_2
disable	wh3_dlc26_effect_cloak_of_skulls_disable_4	wh3_dlc26_kho_cloak_of_skulls_4_3
enable	wh3_dlc26_effect_cloak_of_skulls_enable_10	wh3_dlc26_kho_cloak_of_skulls_10_1
enable	wh3_dlc26_effect_cloak_of_skulls_enable_10	wh3_dlc26_kho_cloak_of_skulls_10_2
enable	wh3_dlc26_effect_cloak_of_skulls_enable_10	wh3_dlc26_kho_cloak_of_skulls_10_3
enable	wh3_dlc26_effect_cloak_of_skulls_enable_2	wh3_dlc26_kho_cloak_of_skulls_2_1
enable	wh3_dlc26_effect_cloak_of_skulls_enable_2	wh3_dlc26_kho_cloak_of_skulls_2_2
enable	wh3_dlc26_effect_cloak_of_skulls_enable_2	wh3_dlc26_kho_cloak_of_skulls_2_3
enable	wh3_dlc26_effect_cloak_of_skulls_enable_3	wh3_dlc26_kho_cloak_of_skulls_3_1
enable	wh3_dlc26_effect_cloak_of_skulls_enable_3	wh3_dlc26_kho_cloak_of_skulls_3_2
enable	wh3_dlc26_effect_cloak_of_skulls_enable_3	wh3_dlc26_kho_cloak_of_skulls_3_3
enable	wh3_dlc26_effect_cloak_of_skulls_enable_4	wh3_dlc26_kho_cloak_of_skulls_4_1
enable	wh3_dlc26_effect_cloak_of_skulls_enable_4	wh3_dlc26_kho_cloak_of_skulls_4_2
enable	wh3_dlc26_effect_cloak_of_skulls_enable_4	wh3_dlc26_kho_cloak_of_skulls_4_3
enable	wh3_dlc26_effect_cloak_of_skulls_enable_5	wh3_dlc26_kho_cloak_of_skulls_5_1
enable	wh3_dlc26_effect_cloak_of_skulls_enable_5	wh3_dlc26_kho_cloak_of_skulls_5_2
enable	wh3_dlc26_effect_cloak_of_skulls_enable_5	wh3_dlc26_kho_cloak_of_skulls_5_3
enable	wh3_dlc26_effect_cloak_of_skulls_enable_6	wh3_dlc26_kho_cloak_of_skulls_6_1
enable	wh3_dlc26_effect_cloak_of_skulls_enable_6	wh3_dlc26_kho_cloak_of_skulls_6_2
enable	wh3_dlc26_effect_cloak_of_skulls_enable_6	wh3_dlc26_kho_cloak_of_skulls_6_3
enable	wh3_dlc26_effect_cloak_of_skulls_enable_7	wh3_dlc26_kho_cloak_of_skulls_7_1
enable	wh3_dlc26_effect_cloak_of_skulls_enable_7	wh3_dlc26_kho_cloak_of_skulls_7_2
enable	wh3_dlc26_effect_cloak_of_skulls_enable_7	wh3_dlc26_kho_cloak_of_skulls_7_3
enable	wh3_dlc26_effect_cloak_of_skulls_enable_8	wh3_dlc26_kho_cloak_of_skulls_8_1
enable	wh3_dlc26_effect_cloak_of_skulls_enable_8	wh3_dlc26_kho_cloak_of_skulls_8_2
enable	wh3_dlc26_effect_cloak_of_skulls_enable_8	wh3_dlc26_kho_cloak_of_skulls_8_3
enable	wh3_dlc26_effect_cloak_of_skulls_enable_9	wh3_dlc26_kho_cloak_of_skulls_9_1
enable	wh3_dlc26_effect_cloak_of_skulls_enable_9	wh3_dlc26_kho_cloak_of_skulls_9_2
enable	wh3_dlc26_effect_cloak_of_skulls_enable_9	wh3_dlc26_kho_cloak_of_skulls_9_3
cooldown_mod	wh3_dlc26_effect_cooldown_mod_ritual_skull_throne	wh3_dlc26_ritual_kho_the_skull_throne_1_1
cooldown_mod	wh3_dlc26_effect_cooldown_mod_ritual_skull_throne	wh3_dlc26_ritual_kho_the_skull_throne_1_2
cooldown_mod	wh3_dlc26_effect_cooldown_mod_ritual_skull_throne	wh3_dlc26_ritual_kho_the_skull_throne_1_3
cooldown_mod	wh3_dlc26_effect_cooldown_mod_ritual_skull_throne	wh3_dlc26_ritual_kho_the_skull_throne_1_4
cooldown_mod	wh3_dlc26_effect_cooldown_mod_ritual_skull_throne	wh3_dlc26_ritual_kho_the_skull_throne_2_1
cooldown_mod	wh3_dlc26_effect_cooldown_mod_ritual_skull_throne	wh3_dlc26_ritual_kho_the_skull_throne_2_2
cooldown_mod	wh3_dlc26_effect_cooldown_mod_ritual_skull_throne	wh3_dlc26_ritual_kho_the_skull_throne_2_3
cooldown_mod	wh3_dlc26_effect_cooldown_mod_ritual_skull_throne	wh3_dlc26_ritual_kho_the_skull_throne_3_1
cooldown_mod	wh3_dlc26_effect_cooldown_mod_ritual_skull_throne	wh3_dlc26_ritual_kho_the_skull_throne_3_2
cooldown_mod	wh3_dlc26_effect_cooldown_mod_ritual_skull_throne	wh3_dlc26_ritual_kho_the_skull_throne_4_1
enable	wh3_dlc26_effect_kho_skull_throne_t2	wh3_dlc26_ritual_kho_the_skull_throne_2_1
enable	wh3_dlc26_effect_kho_skull_throne_t2	wh3_dlc26_ritual_kho_the_skull_throne_2_2
enable	wh3_dlc26_effect_kho_skull_throne_t2	wh3_dlc26_ritual_kho_the_skull_throne_2_3
enable	wh3_dlc26_effect_kho_skull_throne_t3	wh3_dlc26_ritual_kho_the_skull_throne_3_1
enable	wh3_dlc26_effect_kho_skull_throne_t3	wh3_dlc26_ritual_kho_the_skull_throne_3_2
enable	wh3_dlc26_effect_kho_skull_throne_t4	wh3_dlc26_ritual_kho_the_skull_throne_4_1
cooldown_mod	wh3_dlc26_effect_skulltaker_teleport_cooldown	wh3_dlc26_skulltaker_teleport
percentage_cost_mod	wh3_dlc26_effect_skulltaker_teleport_cost	wh3_dlc26_skulltaker_teleport
enable	wh3_dlc26_effect_skulltaker_teleport_enable	wh3_dlc26_skulltaker_teleport
disable	wh3_dlc26_effect_tol_disable_tyrants_demands	wh3_dlc26_ogr_tyrants_demands_bribe
disable	wh3_dlc26_effect_tol_disable_tyrants_demands	wh3_dlc26_ogr_tyrants_demands_buyout
percentage_cost_mod	wh3_dlc27_bst_ritual_unit_cap_chimera_preyton_cost_mod	wh3_dlc27_bst_ritual_unit_cap_chimera_preyton
enable	wh3_dlc27_bst_ritual_unit_cap_preyton_chimera_unlock	wh3_dlc27_bst_ritual_unit_cap_chimera_preyton
percentage_cost_mod	wh3_dlc27_bst_ritual_unit_cap_slaangors_cost_mod	wh3_dlc27_bst_ritual_unit_cap_slaangors
enable	wh3_dlc27_bst_ritual_unit_cap_slaangors_unlock	wh3_dlc27_bst_ritual_unit_cap_slaangors
cooldown_mod	wh3_dlc27_effect_cooldown_mod_dechala_caress_of_slaanesh	wh3_dlc27_sla_dechala_caress_1
cooldown_mod	wh3_dlc27_effect_cooldown_mod_dechala_caress_of_slaanesh	wh3_dlc27_sla_dechala_caress_2
cooldown_mod	wh3_dlc27_effect_cooldown_mod_dechala_caress_of_slaanesh	wh3_dlc27_sla_dechala_caress_3
cooldown_mod	wh3_dlc27_effect_cooldown_mod_ritual_wulfrik_seafang_teleport	wh3_dlc27_ritual_wulfrik_teleport
enable	wh3_dlc27_effect_enable_ritual_nor_trogg_trolls_level_1	wh3_dlc27_ritual_nor_throgg_units_level_1
enable	wh3_dlc27_effect_enable_ritual_nor_trogg_trolls_level_2	wh3_dlc27_ritual_nor_throgg_units_level_2
enable	wh3_dlc27_effect_enable_ritual_nor_trogg_trolls_level_3	wh3_dlc27_ritual_nor_throgg_units_level_3
enable	wh3_dlc27_effect_enable_ritual_nor_trogg_trolls_level_4	wh3_dlc27_ritual_nor_throgg_units_level_4
enable	wh3_dlc27_effect_enable_ritual_nor_trogg_trolls_level_5	wh3_dlc27_ritual_nor_throgg_units_level_5
enable	wh3_dlc27_effect_enable_ritual_nor_trogg_trolls_level_6	wh3_dlc27_ritual_nor_throgg_units_level_6
influence_percentage_cost_mod	wh3_dlc27_effect_hef_influence_cost_mod_patrons_of_the_realms	wh3_dlc27_hef_court_increase_standing
influence_percentage_cost_mod	wh3_dlc27_effect_hef_influence_cost_mod_patrons_of_the_realms	wh3_dlc27_hef_court_take_patronage
cooldown_mod	wh3_dlc27_effect_hef_ritual_cooldown_reduction_invocation_asuryan	wh2_main_ritual_hef_asuryan
cooldown_mod	wh3_dlc27_effect_hef_ritual_cooldown_reduction_invocation_hoeth	wh2_main_ritual_hef_hoeth
cooldown_mod	wh3_dlc27_effect_hef_ritual_cooldown_reduction_invocation_hoeth	wh3_dlc27_ritual_hef_hoeth_greater
cooldown_mod	wh3_dlc27_effect_hef_ritual_cooldown_reduction_invocation_isha	wh2_dlc15_ritual_hef_isha_greater
cooldown_mod	wh3_dlc27_effect_hef_ritual_cooldown_reduction_invocation_isha	wh2_main_ritual_hef_isha
cooldown_mod	wh3_dlc27_effect_hef_ritual_cooldown_reduction_invocation_vaul	wh2_dlc15_ritual_hef_vaul_greater
cooldown_mod	wh3_dlc27_effect_hef_ritual_cooldown_reduction_invocation_vaul	wh2_main_ritual_hef_vaul
cooldown_mod	wh3_dlc27_effect_nor_sayl_ritual_cd_1_2_mod	wh3_dlc27_sayl_manipulations_faction_recruitment
cooldown_mod	wh3_dlc27_effect_nor_sayl_ritual_cd_1_2_mod	wh3_dlc27_sayl_manipulations_faction_vision
cooldown_mod	wh3_dlc27_effect_nor_sayl_ritual_cd_1_2_mod	wh3_dlc27_sayl_manipulations_force_bundle
cooldown_mod	wh3_dlc27_effect_nor_sayl_ritual_cd_1_2_mod	wh3_dlc27_sayl_manipulations_force_movement
cooldown_mod	wh3_dlc27_effect_nor_sayl_ritual_cd_1_2_mod	wh3_dlc27_sayl_manipulations_region_foreign
cooldown_mod	wh3_dlc27_effect_nor_sayl_ritual_cd_1_2_mod	wh3_dlc27_sayl_manipulations_region_spoils
cooldown_mod	wh3_dlc27_effect_nor_sayl_ritual_cd_1_2_mod	wh3_dlc27_sayl_manipulations_self_magic
cooldown_mod	wh3_dlc27_effect_nor_sayl_ritual_cd_1_2_mod	wh3_dlc27_sayl_manipulations_self_recruit
cooldown_mod	wh3_dlc27_effect_nor_sayl_ritual_cd_1_mod	wh3_dlc27_sayl_manipulations_faction_vision
cooldown_mod	wh3_dlc27_effect_nor_sayl_ritual_cd_1_mod	wh3_dlc27_sayl_manipulations_force_bundle
cooldown_mod	wh3_dlc27_effect_nor_sayl_ritual_cd_1_mod	wh3_dlc27_sayl_manipulations_region_spoils
cooldown_mod	wh3_dlc27_effect_nor_sayl_ritual_cd_1_mod	wh3_dlc27_sayl_manipulations_self_magic
cooldown_mod	wh3_dlc27_effect_nor_sayl_ritual_cd_2_mod	wh3_dlc27_sayl_manipulations_faction_recruitment
cooldown_mod	wh3_dlc27_effect_nor_sayl_ritual_cd_2_mod	wh3_dlc27_sayl_manipulations_force_movement
cooldown_mod	wh3_dlc27_effect_nor_sayl_ritual_cd_2_mod	wh3_dlc27_sayl_manipulations_region_foreign
cooldown_mod	wh3_dlc27_effect_nor_sayl_ritual_cd_2_mod	wh3_dlc27_sayl_manipulations_self_recruit
cooldown_mod	wh3_dlc27_effect_nor_sayl_ritual_cd_3_4_mod	wh3_dlc27_sayl_manipulations_faction_treaties
cooldown_mod	wh3_dlc27_effect_nor_sayl_ritual_cd_3_4_mod	wh3_dlc27_sayl_manipulations_faction_war
cooldown_mod	wh3_dlc27_effect_nor_sayl_ritual_cd_3_4_mod	wh3_dlc27_sayl_manipulations_force_damage
cooldown_mod	wh3_dlc27_effect_nor_sayl_ritual_cd_3_4_mod	wh3_dlc27_sayl_manipulations_force_rebel
cooldown_mod	wh3_dlc27_effect_nor_sayl_ritual_cd_3_4_mod	wh3_dlc27_sayl_manipulations_region_destroy
cooldown_mod	wh3_dlc27_effect_nor_sayl_ritual_cd_3_4_mod	wh3_dlc27_sayl_manipulations_region_garrison
cooldown_mod	wh3_dlc27_effect_nor_sayl_ritual_cd_3_4_mod	wh3_dlc27_sayl_manipulations_self_daemon
cooldown_mod	wh3_dlc27_effect_nor_sayl_ritual_cd_3_4_mod	wh3_dlc27_sayl_manipulations_self_force
cooldown_mod	wh3_dlc27_effect_nor_sayl_ritual_cd_3_mod	wh3_dlc27_sayl_manipulations_faction_treaties
cooldown_mod	wh3_dlc27_effect_nor_sayl_ritual_cd_3_mod	wh3_dlc27_sayl_manipulations_force_damage
cooldown_mod	wh3_dlc27_effect_nor_sayl_ritual_cd_3_mod	wh3_dlc27_sayl_manipulations_region_garrison
cooldown_mod	wh3_dlc27_effect_nor_sayl_ritual_cd_3_mod	wh3_dlc27_sayl_manipulations_self_daemon
cooldown_mod	wh3_dlc27_effect_nor_sayl_ritual_cd_4_mod	wh3_dlc27_sayl_manipulations_faction_war
cooldown_mod	wh3_dlc27_effect_nor_sayl_ritual_cd_4_mod	wh3_dlc27_sayl_manipulations_force_rebel
cooldown_mod	wh3_dlc27_effect_nor_sayl_ritual_cd_4_mod	wh3_dlc27_sayl_manipulations_region_destroy
cooldown_mod	wh3_dlc27_effect_nor_sayl_ritual_cd_4_mod	wh3_dlc27_sayl_manipulations_self_force
cooldown_mod	wh3_dlc27_effect_nor_sayl_ritual_cd_all_mod	wh3_dlc27_sayl_manipulations_faction_recruitment
cooldown_mod	wh3_dlc27_effect_nor_sayl_ritual_cd_all_mod	wh3_dlc27_sayl_manipulations_faction_treaties
cooldown_mod	wh3_dlc27_effect_nor_sayl_ritual_cd_all_mod	wh3_dlc27_sayl_manipulations_faction_vision
cooldown_mod	wh3_dlc27_effect_nor_sayl_ritual_cd_all_mod	wh3_dlc27_sayl_manipulations_faction_war
cooldown_mod	wh3_dlc27_effect_nor_sayl_ritual_cd_all_mod	wh3_dlc27_sayl_manipulations_force_bundle
cooldown_mod	wh3_dlc27_effect_nor_sayl_ritual_cd_all_mod	wh3_dlc27_sayl_manipulations_force_damage
cooldown_mod	wh3_dlc27_effect_nor_sayl_ritual_cd_all_mod	wh3_dlc27_sayl_manipulations_force_movement
cooldown_mod	wh3_dlc27_effect_nor_sayl_ritual_cd_all_mod	wh3_dlc27_sayl_manipulations_force_rebel
cooldown_mod	wh3_dlc27_effect_nor_sayl_ritual_cd_all_mod	wh3_dlc27_sayl_manipulations_region_destroy
cooldown_mod	wh3_dlc27_effect_nor_sayl_ritual_cd_all_mod	wh3_dlc27_sayl_manipulations_region_foreign
cooldown_mod	wh3_dlc27_effect_nor_sayl_ritual_cd_all_mod	wh3_dlc27_sayl_manipulations_region_garrison
cooldown_mod	wh3_dlc27_effect_nor_sayl_ritual_cd_all_mod	wh3_dlc27_sayl_manipulations_region_spoils
cooldown_mod	wh3_dlc27_effect_nor_sayl_ritual_cd_all_mod	wh3_dlc27_sayl_manipulations_self_daemon
cooldown_mod	wh3_dlc27_effect_nor_sayl_ritual_cd_all_mod	wh3_dlc27_sayl_manipulations_self_force
cooldown_mod	wh3_dlc27_effect_nor_sayl_ritual_cd_all_mod	wh3_dlc27_sayl_manipulations_self_magic
cooldown_mod	wh3_dlc27_effect_nor_sayl_ritual_cd_all_mod	wh3_dlc27_sayl_manipulations_self_recruit
percentage_cost_mod	wh3_dlc27_effect_nor_sayl_ritual_cost_mod	wh3_dlc27_sayl_manipulations_faction_recruitment
percentage_cost_mod	wh3_dlc27_effect_nor_sayl_ritual_cost_mod	wh3_dlc27_sayl_manipulations_faction_treaties
percentage_cost_mod	wh3_dlc27_effect_nor_sayl_ritual_cost_mod	wh3_dlc27_sayl_manipulations_faction_vision
percentage_cost_mod	wh3_dlc27_effect_nor_sayl_ritual_cost_mod	wh3_dlc27_sayl_manipulations_faction_war
percentage_cost_mod	wh3_dlc27_effect_nor_sayl_ritual_cost_mod	wh3_dlc27_sayl_manipulations_force_bundle
percentage_cost_mod	wh3_dlc27_effect_nor_sayl_ritual_cost_mod	wh3_dlc27_sayl_manipulations_force_damage
percentage_cost_mod	wh3_dlc27_effect_nor_sayl_ritual_cost_mod	wh3_dlc27_sayl_manipulations_force_movement
percentage_cost_mod	wh3_dlc27_effect_nor_sayl_ritual_cost_mod	wh3_dlc27_sayl_manipulations_force_rebel
percentage_cost_mod	wh3_dlc27_effect_nor_sayl_ritual_cost_mod	wh3_dlc27_sayl_manipulations_region_destroy
percentage_cost_mod	wh3_dlc27_effect_nor_sayl_ritual_cost_mod	wh3_dlc27_sayl_manipulations_region_foreign
percentage_cost_mod	wh3_dlc27_effect_nor_sayl_ritual_cost_mod	wh3_dlc27_sayl_manipulations_region_garrison
percentage_cost_mod	wh3_dlc27_effect_nor_sayl_ritual_cost_mod	wh3_dlc27_sayl_manipulations_region_spoils
percentage_cost_mod	wh3_dlc27_effect_nor_sayl_ritual_cost_mod	wh3_dlc27_sayl_manipulations_self_daemon
percentage_cost_mod	wh3_dlc27_effect_nor_sayl_ritual_cost_mod	wh3_dlc27_sayl_manipulations_self_force
percentage_cost_mod	wh3_dlc27_effect_nor_sayl_ritual_cost_mod	wh3_dlc27_sayl_manipulations_self_magic
percentage_cost_mod	wh3_dlc27_effect_nor_sayl_ritual_cost_mod	wh3_dlc27_sayl_manipulations_self_recruit
enable	wh3_dlc27_effect_nor_sayl_ritual_unlock_2	wh3_dlc27_sayl_manipulations_faction_recruitment
enable	wh3_dlc27_effect_nor_sayl_ritual_unlock_2	wh3_dlc27_sayl_manipulations_force_movement
enable	wh3_dlc27_effect_nor_sayl_ritual_unlock_2	wh3_dlc27_sayl_manipulations_region_foreign
enable	wh3_dlc27_effect_nor_sayl_ritual_unlock_2	wh3_dlc27_sayl_manipulations_self_recruit
enable	wh3_dlc27_effect_nor_sayl_ritual_unlock_3	wh3_dlc27_sayl_manipulations_faction_treaties
enable	wh3_dlc27_effect_nor_sayl_ritual_unlock_3	wh3_dlc27_sayl_manipulations_force_damage
enable	wh3_dlc27_effect_nor_sayl_ritual_unlock_3	wh3_dlc27_sayl_manipulations_region_garrison
enable	wh3_dlc27_effect_nor_sayl_ritual_unlock_3	wh3_dlc27_sayl_manipulations_self_daemon
enable	wh3_dlc27_effect_nor_sayl_ritual_unlock_4	wh3_dlc27_sayl_manipulations_faction_war
enable	wh3_dlc27_effect_nor_sayl_ritual_unlock_4	wh3_dlc27_sayl_manipulations_force_rebel
enable	wh3_dlc27_effect_nor_sayl_ritual_unlock_4	wh3_dlc27_sayl_manipulations_region_destroy
enable	wh3_dlc27_effect_nor_sayl_ritual_unlock_4	wh3_dlc27_sayl_manipulations_self_force
effect_bundle_duration_mod	wh3_dlc27_effect_payload_duration_mod_dechala_caress_of_slaanesh	wh3_dlc27_sla_dechala_caress_1
effect_bundle_duration_mod	wh3_dlc27_effect_payload_duration_mod_dechala_caress_of_slaanesh	wh3_dlc27_sla_dechala_caress_2
effect_bundle_duration_mod	wh3_dlc27_effect_payload_duration_mod_dechala_caress_of_slaanesh	wh3_dlc27_sla_dechala_caress_3
percentage_cost_mod	wh3_dlc27_effect_percentage_cost_mod_dechala_caress_of_slaanesh	wh3_dlc27_sla_dechala_caress_1
percentage_cost_mod	wh3_dlc27_effect_percentage_cost_mod_dechala_caress_of_slaanesh	wh3_dlc27_sla_dechala_caress_2
percentage_cost_mod	wh3_dlc27_effect_percentage_cost_mod_dechala_caress_of_slaanesh	wh3_dlc27_sla_dechala_caress_3
percentage_cost_mod	wh3_dlc27_effect_ritual_cost_tribute_court	wh3_dlc27_hef_court_action_tribute
enable	wh3_dlc27_effect_ritual_enable_tyrion_1	wh3_dlc27_hef_tyrion_imperatives_general_8
enable	wh3_dlc27_effect_ritual_enable_tyrion_2	wh3_dlc27_hef_tyrion_imperatives_general_9
disable_ritual_targeting	wh3_dlc27_effect_ritual_lock_targeting_tyrion_militia	wh3_dlc27_hef_tyrion_imperatives_general_5
disable_ritual_targeting	wh3_dlc27_effect_ritual_lock_targeting_tyrion_militia	wh3_dlc27_hef_tyrion_imperatives_general_7
percentage_cost_mod	wh3_dlc27_effect_sla_create_cult_ritual_cost_mod_dechala	wh3_dlc27_ritual_sla_create_cults_dechala
percentage_cost_mod	wh3_dlc27_effect_sla_dechala_create_cult_ritual_cost_mod	wh3_dlc27_ritual_sla_create_cults_dechala
disable	wh3_dlc27_eternal_dance_tempo_4_dance_disable_ritual_masque_of_attraction	wh3_dlc27_sla_ritual_masque_of_attraction
disable	wh3_dlc27_eternal_dance_tempo_4_dance_disable_ritual_masque_of_destruction	wh3_dlc27_sla_ritual_masque_of_destruction
disable	wh3_dlc27_eternal_dance_tempo_4_dance_disable_ritual_masque_of_displacement	wh3_dlc27_sla_ritual_masque_of_displacement
disable	wh3_dlc27_eternal_dance_tempo_4_dance_disable_ritual_masque_of_reforging	wh3_dlc27_sla_ritual_masque_of_reforging
enable	wh3_dlc27_eternal_dance_tempo_4_dance_enable_ritual_masque_of_attraction	wh3_dlc27_sla_ritual_masque_of_attraction
enable	wh3_dlc27_eternal_dance_tempo_4_dance_enable_ritual_masque_of_destruction	wh3_dlc27_sla_ritual_masque_of_destruction
enable	wh3_dlc27_eternal_dance_tempo_4_dance_enable_ritual_masque_of_displacement	wh3_dlc27_sla_ritual_masque_of_displacement
enable	wh3_dlc27_eternal_dance_tempo_4_dance_enable_ritual_masque_of_reforging	wh3_dlc27_sla_ritual_masque_of_reforging
percentage_cost_mod	wh3_dlc29_bst_ritual_unit_cap_basilisk_cost_mod	wh3_dlc29_bst_ritual_unit_cap_basilisk
enable	wh3_dlc29_bst_ritual_unit_cap_basilisk_unlock	wh3_dlc29_bst_ritual_unit_cap_basilisk
percentage_cost_mod	wh3_dlc29_bst_ritual_unit_cap_giant_spined_chaos_beast_cost_mod	wh3_dlc29_bst_ritual_unit_cap_giant_spined_chaos_beast
enable	wh3_dlc29_bst_ritual_unit_cap_spined_beast_unlock	wh3_dlc29_bst_ritual_unit_cap_giant_spined_chaos_beast
percentage_cost_mod	wh3_dlc29_chd_ritual_unit_cap_chaos_siege_giant_cost_mod	wh3_dlc29_chd_ritual_unit_cap_chaos_siege_giant
percentage_cost_mod	wh3_dlc29_effect_arbaal_travel_ritual_cost_mod	wh3_dlc26_ritual_kho_arbaal_teleport
percentage_cost_mod	wh3_dlc29_effect_cost_mortarchs_subjugation	wh3_dlc29_nag_mortarchs_arkhan
percentage_cost_mod	wh3_dlc29_effect_cost_mortarchs_subjugation	wh3_dlc29_nag_mortarchs_dieter
percentage_cost_mod	wh3_dlc29_effect_cost_mortarchs_subjugation	wh3_dlc29_nag_mortarchs_krell
percentage_cost_mod	wh3_dlc29_effect_cost_mortarchs_subjugation	wh3_dlc29_nag_mortarchs_luthor
percentage_cost_mod	wh3_dlc29_effect_cost_mortarchs_subjugation	wh3_dlc29_nag_mortarchs_mannfred
percentage_cost_mod	wh3_dlc29_effect_cost_mortarchs_subjugation	wh3_dlc29_nag_mortarchs_nameless
percentage_cost_mod	wh3_dlc29_effect_cost_mortarchs_subjugation	wh3_dlc29_nag_mortarchs_neferata
percentage_cost_mod	wh3_dlc29_effect_cost_mortarchs_subjugation	wh3_dlc29_nag_mortarchs_vlad
percentage_cost_mod	wh3_dlc29_effect_cost_mortarchs_subjugation	wh3_dlc29_nag_mortarchs_walach
enable	wh3_dlc29_effect_emp_enable_army_buff_1	wh3_dlc29_middenland_army_buff_1
enable	wh3_dlc29_effect_emp_enable_army_buff_2	wh3_dlc29_middenland_army_buff_2
enable	wh3_dlc29_effect_emp_enable_call_of_the_teutogen_level_2	wh3_dlc29_middenland_call_of_the_teutogen_2
enable	wh3_dlc29_effect_emp_enable_call_of_the_teutogen	wh3_dlc29_middenland_call_of_the_teutogen_1
enable	wh3_dlc29_effect_emp_enable_lessons_of_the_hunt_level_2	wh3_dlc29_middenland_lessons_of_the_hunt_2
enable	wh3_dlc29_effect_emp_enable_lessons_of_the_hunt	wh3_dlc29_middenland_lessons_of_the_hunt_1
enable	wh3_dlc29_effect_emp_enable_stride_of_the_white_wolf_level_2	wh3_dlc29_middenland_stride_of_the_white_wolf_2
enable	wh3_dlc29_effect_emp_enable_stride_of_the_white_wolf	wh3_dlc29_middenland_stride_of_the_white_wolf_1
disable	wh3_dlc29_effect_glottkin_disable_rotborne_ritual_garden_cycle	wh3_dlc29_ritual_glottkin_garden_cycle_no_upgrade
disable	wh3_dlc29_effect_glottkin_disable_rotborne_ritual_garden_cycle	wh3_dlc29_ritual_glottkin_garden_cycle_upgrade_1
disable	wh3_dlc29_effect_glottkin_disable_rotborne_ritual_garden_cycle	wh3_dlc29_ritual_glottkin_garden_cycle_upgrade_2
disable	wh3_dlc29_effect_glottkin_disable_rotborne_ritual_garden_cycle	wh3_dlc29_ritual_glottkin_garden_cycle_upgrade_3
disable	wh3_dlc29_effect_glottkin_disable_rotborne_ritual_gifted_unit	wh3_dlc29_ritual_glottkin_gifted_unit_no_upgrade
disable	wh3_dlc29_effect_glottkin_disable_rotborne_ritual_gifted_unit	wh3_dlc29_ritual_glottkin_gifted_unit_upgrade_1
disable	wh3_dlc29_effect_glottkin_disable_rotborne_ritual_gifted_unit	wh3_dlc29_ritual_glottkin_gifted_unit_upgrade_2
disable	wh3_dlc29_effect_glottkin_disable_rotborne_ritual_gifted_unit	wh3_dlc29_ritual_glottkin_gifted_unit_upgrade_3
disable	wh3_dlc29_effect_glottkin_disable_rotborne_ritual_rains	wh3_dlc29_ritual_glottkin_rains_no_upgrade
disable	wh3_dlc29_effect_glottkin_disable_rotborne_ritual_rains	wh3_dlc29_ritual_glottkin_rains_upgrade_1
disable	wh3_dlc29_effect_glottkin_disable_rotborne_ritual_rains	wh3_dlc29_ritual_glottkin_rains_upgrade_2
disable	wh3_dlc29_effect_glottkin_disable_rotborne_ritual_rains	wh3_dlc29_ritual_glottkin_rains_upgrade_3
disable	wh3_dlc29_effect_glottkin_disable_rotborne_ritual_transported_army	wh3_dlc29_ritual_glottkin_transported_army_no_upgrade
disable	wh3_dlc29_effect_glottkin_disable_rotborne_ritual_transported_army	wh3_dlc29_ritual_glottkin_transported_army_upgrade_1
disable	wh3_dlc29_effect_glottkin_disable_rotborne_ritual_transported_army	wh3_dlc29_ritual_glottkin_transported_army_upgrade_2
disable	wh3_dlc29_effect_glottkin_disable_rotborne_ritual_transported_army	wh3_dlc29_ritual_glottkin_transported_army_upgrade_3
disable	wh3_dlc29_effect_glottkin_disable_rotborne_ritual_xp	wh3_dlc29_ritual_glottkin_xp_no_upgrade
disable	wh3_dlc29_effect_glottkin_disable_rotborne_ritual_xp	wh3_dlc29_ritual_glottkin_xp_upgrade_1
disable	wh3_dlc29_effect_glottkin_disable_rotborne_ritual_xp	wh3_dlc29_ritual_glottkin_xp_upgrade_2
disable	wh3_dlc29_effect_glottkin_disable_rotborne_ritual_xp	wh3_dlc29_ritual_glottkin_xp_upgrade_3
enable	wh3_dlc29_effect_glottkin_enable_rotborne_ritual_souls_threshold_3	wh3_dlc29_ritual_glottkin_rains_no_upgrade
enable	wh3_dlc29_effect_glottkin_enable_rotborne_ritual_souls_threshold_4	wh3_dlc29_ritual_glottkin_rains_no_upgrade
enable	wh3_dlc29_effect_glottkin_enable_rotborne_ritual_souls_threshold_5	wh3_dlc29_ritual_glottkin_garden_cycle_no_upgrade
enable	wh3_dlc29_effect_glottkin_enable_rotborne_ritual_souls_threshold_5	wh3_dlc29_ritual_glottkin_rains_no_upgrade
enable	wh3_dlc29_effect_glottkin_enable_rotborne_ritual_souls_threshold_6	wh3_dlc29_ritual_glottkin_garden_cycle_no_upgrade
enable	wh3_dlc29_effect_glottkin_enable_rotborne_ritual_souls_threshold_6	wh3_dlc29_ritual_glottkin_rains_no_upgrade
enable	wh3_dlc29_effect_glottkin_enable_rotborne_ritual_souls_threshold_7	wh3_dlc29_ritual_glottkin_garden_cycle_no_upgrade
enable	wh3_dlc29_effect_glottkin_enable_rotborne_ritual_souls_threshold_7	wh3_dlc29_ritual_glottkin_rains_no_upgrade
enable	wh3_dlc29_effect_glottkin_enable_rotborne_ritual_souls_threshold_7	wh3_dlc29_ritual_glottkin_transported_army_no_upgrade
percentage_cost_mod	wh3_dlc29_effect_hef_athel_tamarha_upgrades_cost	wh2_dlc15_athel_tamarha_influence_2
percentage_cost_mod	wh3_dlc29_effect_hef_athel_tamarha_upgrades_cost	wh2_dlc15_athel_tamarha_influence_3
percentage_cost_mod	wh3_dlc29_effect_hef_athel_tamarha_upgrades_cost	wh2_dlc15_athel_tamarha_interrogation_2
percentage_cost_mod	wh3_dlc29_effect_hef_athel_tamarha_upgrades_cost	wh2_dlc15_athel_tamarha_interrogation_3
percentage_cost_mod	wh3_dlc29_effect_hef_athel_tamarha_upgrades_cost	wh2_dlc15_athel_tamarha_melee_mistwalkers_2
percentage_cost_mod	wh3_dlc29_effect_hef_athel_tamarha_upgrades_cost	wh2_dlc15_athel_tamarha_melee_mistwalkers_3
percentage_cost_mod	wh3_dlc29_effect_hef_athel_tamarha_upgrades_cost	wh2_dlc15_athel_tamarha_mist_2
percentage_cost_mod	wh3_dlc29_effect_hef_athel_tamarha_upgrades_cost	wh2_dlc15_athel_tamarha_mist_3
percentage_cost_mod	wh3_dlc29_effect_hef_athel_tamarha_upgrades_cost	wh2_dlc15_athel_tamarha_mistwalkers_recruitment_2
percentage_cost_mod	wh3_dlc29_effect_hef_athel_tamarha_upgrades_cost	wh2_dlc15_athel_tamarha_mistwalkers_recruitment_3
percentage_cost_mod	wh3_dlc29_effect_hef_athel_tamarha_upgrades_cost	wh2_dlc15_athel_tamarha_mistwalkers_upgrades_2
percentage_cost_mod	wh3_dlc29_effect_hef_athel_tamarha_upgrades_cost	wh2_dlc15_athel_tamarha_mistwalkers_upgrades_3
percentage_cost_mod	wh3_dlc29_effect_hef_athel_tamarha_upgrades_cost	wh2_dlc15_athel_tamarha_prison_2
percentage_cost_mod	wh3_dlc29_effect_hef_athel_tamarha_upgrades_cost	wh2_dlc15_athel_tamarha_ranged_mistwalkers_2
percentage_cost_mod	wh3_dlc29_effect_hef_athel_tamarha_upgrades_cost	wh2_dlc15_athel_tamarha_ranged_mistwalkers_3
percentage_cost_mod	wh3_dlc29_effect_nag_necromancy_cost_mod_all	wh3_dlc29_ritual_nag_unit_capacity_animated_hulks
percentage_cost_mod	wh3_dlc29_effect_nag_necromancy_cost_mod_all	wh3_dlc29_ritual_nag_unit_capacity_black_knights
percentage_cost_mod	wh3_dlc29_effect_nag_necromancy_cost_mod_all	wh3_dlc29_ritual_nag_unit_capacity_blood_knights
percentage_cost_mod	wh3_dlc29_effect_nag_necromancy_cost_mod_all	wh3_dlc29_ritual_nag_unit_capacity_bone_giant
percentage_cost_mod	wh3_dlc29_effect_nag_necromancy_cost_mod_all	wh3_dlc29_ritual_nag_unit_capacity_corpse_carts
percentage_cost_mod	wh3_dlc29_effect_nag_necromancy_cost_mod_all	wh3_dlc29_ritual_nag_unit_capacity_crypt_ghoul
percentage_cost_mod	wh3_dlc29_effect_nag_necromancy_cost_mod_all	wh3_dlc29_ritual_nag_unit_capacity_deck_droppers
percentage_cost_mod	wh3_dlc29_effect_nag_necromancy_cost_mod_all	wh3_dlc29_ritual_nag_unit_capacity_deck_gunner
percentage_cost_mod	wh3_dlc29_effect_nag_necromancy_cost_mod_all	wh3_dlc29_ritual_nag_unit_capacity_depth_guard
percentage_cost_mod	wh3_dlc29_effect_nag_necromancy_cost_mod_all	wh3_dlc29_ritual_nag_unit_capacity_dire_wolves
percentage_cost_mod	wh3_dlc29_effect_nag_necromancy_cost_mod_all	wh3_dlc29_ritual_nag_unit_capacity_drakenhof_templars
percentage_cost_mod	wh3_dlc29_effect_nag_necromancy_cost_mod_all	wh3_dlc29_ritual_nag_unit_capacity_ethereal_infantry
percentage_cost_mod	wh3_dlc29_effect_nag_necromancy_cost_mod_all	wh3_dlc29_ritual_nag_unit_capacity_grave_guard
percentage_cost_mod	wh3_dlc29_effect_nag_necromancy_cost_mod_all	wh3_dlc29_ritual_nag_unit_capacity_gunnery_mobs
percentage_cost_mod	wh3_dlc29_effect_nag_necromancy_cost_mod_all	wh3_dlc29_ritual_nag_unit_capacity_gunpowder_artillery
percentage_cost_mod	wh3_dlc29_effect_nag_necromancy_cost_mod_all	wh3_dlc29_ritual_nag_unit_capacity_hexwraiths
percentage_cost_mod	wh3_dlc29_effect_nag_necromancy_cost_mod_all	wh3_dlc29_ritual_nag_unit_capacity_hierotitan
percentage_cost_mod	wh3_dlc29_effect_nag_necromancy_cost_mod_all	wh3_dlc29_ritual_nag_unit_capacity_khemrian_warsphinx
percentage_cost_mod	wh3_dlc29_effect_nag_necromancy_cost_mod_all	wh3_dlc29_ritual_nag_unit_capacity_khemric_titan
percentage_cost_mod	wh3_dlc29_effect_nag_necromancy_cost_mod_all	wh3_dlc29_ritual_nag_unit_capacity_lahmian_handmaiden
percentage_cost_mod	wh3_dlc29_effect_nag_necromancy_cost_mod_all	wh3_dlc29_ritual_nag_unit_capacity_magic_artillery
percentage_cost_mod	wh3_dlc29_effect_nag_necromancy_cost_mod_all	wh3_dlc29_ritual_nag_unit_capacity_magic_chariots
percentage_cost_mod	wh3_dlc29_effect_nag_necromancy_cost_mod_all	wh3_dlc29_ritual_nag_unit_capacity_morghasts
percentage_cost_mod	wh3_dlc29_effect_nag_necromancy_cost_mod_all	wh3_dlc29_ritual_nag_unit_capacity_necrofex_colossus
percentage_cost_mod	wh3_dlc29_effect_nag_necromancy_cost_mod_all	wh3_dlc29_ritual_nag_unit_capacity_necropolis_knights
percentage_cost_mod	wh3_dlc29_effect_nag_necromancy_cost_mod_all	wh3_dlc29_ritual_nag_unit_capacity_necrosphinx
percentage_cost_mod	wh3_dlc29_effect_nag_necromancy_cost_mod_all	wh3_dlc29_ritual_nag_unit_capacity_nehekharan_warrior
percentage_cost_mod	wh3_dlc29_effect_nag_necromancy_cost_mod_all	wh3_dlc29_ritual_nag_unit_capacity_polearm_inf
percentage_cost_mod	wh3_dlc29_effect_nag_necromancy_cost_mod_all	wh3_dlc29_ritual_nag_unit_capacity_rotting_leviathan
percentage_cost_mod	wh3_dlc29_effect_nag_necromancy_cost_mod_all	wh3_dlc29_ritual_nag_unit_capacity_rotting_prometheans
percentage_cost_mod	wh3_dlc29_effect_nag_necromancy_cost_mod_all	wh3_dlc29_ritual_nag_unit_capacity_sepulchral_stalkers
percentage_cost_mod	wh3_dlc29_effect_nag_necromancy_cost_mod_all	wh3_dlc29_ritual_nag_unit_capacity_skeleton_chariots
percentage_cost_mod	wh3_dlc29_effect_nag_necromancy_cost_mod_all	wh3_dlc29_ritual_nag_unit_capacity_skeleton_horsemen
percentage_cost_mod	wh3_dlc29_effect_nag_necromancy_cost_mod_all	wh3_dlc29_ritual_nag_unit_capacity_spirit_host
percentage_cost_mod	wh3_dlc29_effect_nag_necromancy_cost_mod_all	wh3_dlc29_ritual_nag_unit_capacity_terrorgheist
percentage_cost_mod	wh3_dlc29_effect_nag_necromancy_cost_mod_all	wh3_dlc29_ritual_nag_unit_capacity_tomb_guard
percentage_cost_mod	wh3_dlc29_effect_nag_necromancy_cost_mod_all	wh3_dlc29_ritual_nag_unit_capacity_tomb_scorpian
percentage_cost_mod	wh3_dlc29_effect_nag_necromancy_cost_mod_all	wh3_dlc29_ritual_nag_unit_capacity_undead_monstrosities
percentage_cost_mod	wh3_dlc29_effect_nag_necromancy_cost_mod_all	wh3_dlc29_ritual_nag_unit_capacity_ushabti
percentage_cost_mod	wh3_dlc29_effect_nag_necromancy_cost_mod_all	wh3_dlc29_ritual_nag_unit_capacity_vargheists
percentage_cost_mod	wh3_dlc29_effect_nag_necromancy_cost_mod_all	wh3_dlc29_ritual_nag_unit_capacity_varghulf
percentage_cost_mod	wh3_dlc29_effect_nag_necromancy_cost_mod_all	wh3_dlc29_ritual_nag_unit_capacity_zombie_dragon
percentage_cost_mod	wh3_dlc29_effect_nag_necromancy_cost_mod_beasts	wh3_dlc29_ritual_nag_unit_capacity_animated_hulks
percentage_cost_mod	wh3_dlc29_effect_nag_necromancy_cost_mod_beasts	wh3_dlc29_ritual_nag_unit_capacity_dire_wolves
percentage_cost_mod	wh3_dlc29_effect_nag_necromancy_cost_mod_beasts	wh3_dlc29_ritual_nag_unit_capacity_morghasts
percentage_cost_mod	wh3_dlc29_effect_nag_necromancy_cost_mod_beasts	wh3_dlc29_ritual_nag_unit_capacity_rotting_prometheans
percentage_cost_mod	wh3_dlc29_effect_nag_necromancy_cost_mod_beasts	wh3_dlc29_ritual_nag_unit_capacity_sepulchral_stalkers
percentage_cost_mod	wh3_dlc29_effect_nag_necromancy_cost_mod_beasts	wh3_dlc29_ritual_nag_unit_capacity_undead_monstrosities
percentage_cost_mod	wh3_dlc29_effect_nag_necromancy_cost_mod_beasts	wh3_dlc29_ritual_nag_unit_capacity_ushabti
percentage_cost_mod	wh3_dlc29_effect_nag_necromancy_cost_mod_beasts	wh3_dlc29_ritual_nag_unit_capacity_vargheists
percentage_cost_mod	wh3_dlc29_effect_nag_necromancy_cost_mod_bone_giant	wh3_dlc29_ritual_nag_unit_capacity_bone_giant
percentage_cost_mod	wh3_dlc29_effect_nag_necromancy_cost_mod_cavalry	wh3_dlc29_ritual_nag_unit_capacity_black_knights
percentage_cost_mod	wh3_dlc29_effect_nag_necromancy_cost_mod_cavalry	wh3_dlc29_ritual_nag_unit_capacity_blood_knights
percentage_cost_mod	wh3_dlc29_effect_nag_necromancy_cost_mod_cavalry	wh3_dlc29_ritual_nag_unit_capacity_drakenhof_templars
percentage_cost_mod	wh3_dlc29_effect_nag_necromancy_cost_mod_cavalry	wh3_dlc29_ritual_nag_unit_capacity_hexwraiths
percentage_cost_mod	wh3_dlc29_effect_nag_necromancy_cost_mod_cavalry	wh3_dlc29_ritual_nag_unit_capacity_necropolis_knights
percentage_cost_mod	wh3_dlc29_effect_nag_necromancy_cost_mod_cavalry	wh3_dlc29_ritual_nag_unit_capacity_skeleton_chariots
percentage_cost_mod	wh3_dlc29_effect_nag_necromancy_cost_mod_cavalry	wh3_dlc29_ritual_nag_unit_capacity_skeleton_horsemen
percentage_cost_mod	wh3_dlc29_effect_nag_necromancy_cost_mod_constructs	wh3_dlc29_ritual_nag_unit_capacity_bone_giant
percentage_cost_mod	wh3_dlc29_effect_nag_necromancy_cost_mod_constructs	wh3_dlc29_ritual_nag_unit_capacity_hierotitan
percentage_cost_mod	wh3_dlc29_effect_nag_necromancy_cost_mod_constructs	wh3_dlc29_ritual_nag_unit_capacity_khemrian_warsphinx
percentage_cost_mod	wh3_dlc29_effect_nag_necromancy_cost_mod_constructs	wh3_dlc29_ritual_nag_unit_capacity_khemric_titan
percentage_cost_mod	wh3_dlc29_effect_nag_necromancy_cost_mod_constructs	wh3_dlc29_ritual_nag_unit_capacity_necropolis_knights
percentage_cost_mod	wh3_dlc29_effect_nag_necromancy_cost_mod_constructs	wh3_dlc29_ritual_nag_unit_capacity_necrosphinx
percentage_cost_mod	wh3_dlc29_effect_nag_necromancy_cost_mod_constructs	wh3_dlc29_ritual_nag_unit_capacity_sepulchral_stalkers
percentage_cost_mod	wh3_dlc29_effect_nag_necromancy_cost_mod_constructs	wh3_dlc29_ritual_nag_unit_capacity_tomb_guard
percentage_cost_mod	wh3_dlc29_effect_nag_necromancy_cost_mod_constructs	wh3_dlc29_ritual_nag_unit_capacity_ushabti
percentage_cost_mod	wh3_dlc29_effect_nag_necromancy_cost_mod_dire_wolves	wh3_dlc29_ritual_nag_unit_capacity_dire_wolves
percentage_cost_mod	wh3_dlc29_effect_nag_necromancy_cost_mod_drakenhof_blood_knights	wh3_dlc29_ritual_nag_unit_capacity_blood_knights
percentage_cost_mod	wh3_dlc29_effect_nag_necromancy_cost_mod_drakenhof_blood_knights	wh3_dlc29_ritual_nag_unit_capacity_drakenhof_templars
percentage_cost_mod	wh3_dlc29_effect_nag_necromancy_cost_mod_ethereal_infantry	wh3_dlc29_ritual_nag_unit_capacity_ethereal_infantry
percentage_cost_mod	wh3_dlc29_effect_nag_necromancy_cost_mod_grave_guards	wh3_dlc29_ritual_nag_unit_capacity_grave_guard
percentage_cost_mod	wh3_dlc29_effect_nag_necromancy_cost_mod_guns	wh3_dlc29_ritual_nag_unit_capacity_deck_droppers
percentage_cost_mod	wh3_dlc29_effect_nag_necromancy_cost_mod_guns	wh3_dlc29_ritual_nag_unit_capacity_deck_gunner
percentage_cost_mod	wh3_dlc29_effect_nag_necromancy_cost_mod_guns	wh3_dlc29_ritual_nag_unit_capacity_gunnery_mobs
percentage_cost_mod	wh3_dlc29_effect_nag_necromancy_cost_mod_hierotitan	wh3_dlc29_ritual_nag_unit_capacity_hierotitan
percentage_cost_mod	wh3_dlc29_effect_nag_necromancy_cost_mod_infantry	wh3_dlc29_ritual_nag_unit_capacity_crypt_ghoul
percentage_cost_mod	wh3_dlc29_effect_nag_necromancy_cost_mod_infantry	wh3_dlc29_ritual_nag_unit_capacity_depth_guard
percentage_cost_mod	wh3_dlc29_effect_nag_necromancy_cost_mod_infantry	wh3_dlc29_ritual_nag_unit_capacity_ethereal_infantry
percentage_cost_mod	wh3_dlc29_effect_nag_necromancy_cost_mod_infantry	wh3_dlc29_ritual_nag_unit_capacity_grave_guard
percentage_cost_mod	wh3_dlc29_effect_nag_necromancy_cost_mod_infantry	wh3_dlc29_ritual_nag_unit_capacity_lahmian_handmaiden
percentage_cost_mod	wh3_dlc29_effect_nag_necromancy_cost_mod_infantry	wh3_dlc29_ritual_nag_unit_capacity_nehekharan_warrior
percentage_cost_mod	wh3_dlc29_effect_nag_necromancy_cost_mod_infantry	wh3_dlc29_ritual_nag_unit_capacity_polearm_inf
percentage_cost_mod	wh3_dlc29_effect_nag_necromancy_cost_mod_infantry	wh3_dlc29_ritual_nag_unit_capacity_spirit_host
percentage_cost_mod	wh3_dlc29_effect_nag_necromancy_cost_mod_infantry	wh3_dlc29_ritual_nag_unit_capacity_tomb_guard
percentage_cost_mod	wh3_dlc29_effect_nag_necromancy_cost_mod_lahmian_depth_guards	wh3_dlc29_ritual_nag_unit_capacity_depth_guard
percentage_cost_mod	wh3_dlc29_effect_nag_necromancy_cost_mod_lahmian_depth_guards	wh3_dlc29_ritual_nag_unit_capacity_lahmian_handmaiden
percentage_cost_mod	wh3_dlc29_effect_nag_necromancy_cost_mod_lahmian_handmaidens	wh3_dlc29_ritual_nag_unit_capacity_lahmian_handmaiden
percentage_cost_mod	wh3_dlc29_effect_nag_necromancy_cost_mod_monsters	wh3_dlc29_ritual_nag_unit_capacity_bone_giant
percentage_cost_mod	wh3_dlc29_effect_nag_necromancy_cost_mod_monsters	wh3_dlc29_ritual_nag_unit_capacity_hierotitan
percentage_cost_mod	wh3_dlc29_effect_nag_necromancy_cost_mod_monsters	wh3_dlc29_ritual_nag_unit_capacity_khemrian_warsphinx
percentage_cost_mod	wh3_dlc29_effect_nag_necromancy_cost_mod_monsters	wh3_dlc29_ritual_nag_unit_capacity_khemric_titan
percentage_cost_mod	wh3_dlc29_effect_nag_necromancy_cost_mod_monsters	wh3_dlc29_ritual_nag_unit_capacity_necrofex_colossus
percentage_cost_mod	wh3_dlc29_effect_nag_necromancy_cost_mod_monsters	wh3_dlc29_ritual_nag_unit_capacity_necrosphinx
percentage_cost_mod	wh3_dlc29_effect_nag_necromancy_cost_mod_monsters	wh3_dlc29_ritual_nag_unit_capacity_rotting_leviathan
percentage_cost_mod	wh3_dlc29_effect_nag_necromancy_cost_mod_monsters	wh3_dlc29_ritual_nag_unit_capacity_terrorgheist
percentage_cost_mod	wh3_dlc29_effect_nag_necromancy_cost_mod_monsters	wh3_dlc29_ritual_nag_unit_capacity_tomb_scorpian
percentage_cost_mod	wh3_dlc29_effect_nag_necromancy_cost_mod_monsters	wh3_dlc29_ritual_nag_unit_capacity_varghulf
percentage_cost_mod	wh3_dlc29_effect_nag_necromancy_cost_mod_monsters	wh3_dlc29_ritual_nag_unit_capacity_zombie_dragon
percentage_cost_mod	wh3_dlc29_effect_nag_necromancy_cost_mod_morghasts	wh3_dlc29_ritual_nag_unit_capacity_morghasts
percentage_cost_mod	wh3_dlc29_effect_nag_necromancy_cost_mod_terrorgheist	wh3_dlc29_ritual_nag_unit_capacity_terrorgheist
percentage_cost_mod	wh3_dlc29_effect_nag_necromancy_cost_mod_tomb_guard_nehekharan	wh3_dlc29_ritual_nag_unit_capacity_nehekharan_warrior
percentage_cost_mod	wh3_dlc29_effect_nag_necromancy_cost_mod_tomb_guard_nehekharan	wh3_dlc29_ritual_nag_unit_capacity_tomb_guard
percentage_cost_mod	wh3_dlc29_effect_nag_necromancy_cost_mod_tomb_guard	wh3_dlc29_ritual_nag_unit_capacity_tomb_guard
percentage_cost_mod	wh3_dlc29_effect_nag_necromancy_cost_mod_vampire_counts	wh3_dlc29_ritual_nag_unit_capacity_black_knights
percentage_cost_mod	wh3_dlc29_effect_nag_necromancy_cost_mod_vampire_counts	wh3_dlc29_ritual_nag_unit_capacity_blood_knights
percentage_cost_mod	wh3_dlc29_effect_nag_necromancy_cost_mod_vampire_counts	wh3_dlc29_ritual_nag_unit_capacity_drakenhof_templars
percentage_cost_mod	wh3_dlc29_effect_nag_necromancy_cost_mod_vampire_counts	wh3_dlc29_ritual_nag_unit_capacity_grave_guard
percentage_cost_mod	wh3_dlc29_effect_nag_necromancy_cost_mod_war_machines	wh3_dlc29_ritual_nag_unit_capacity_corpse_carts
percentage_cost_mod	wh3_dlc29_effect_nag_necromancy_cost_mod_war_machines	wh3_dlc29_ritual_nag_unit_capacity_gunpowder_artillery
percentage_cost_mod	wh3_dlc29_effect_nag_necromancy_cost_mod_war_machines	wh3_dlc29_ritual_nag_unit_capacity_magic_artillery
percentage_cost_mod	wh3_dlc29_effect_nag_necromancy_cost_mod_war_machines	wh3_dlc29_ritual_nag_unit_capacity_magic_chariots
percentage_cost_post_mod	wh3_dlc29_effect_nag_necromancy_cost_mod	wh3_dlc29_ritual_nag_unit_capacity_animated_hulks
percentage_cost_post_mod	wh3_dlc29_effect_nag_necromancy_cost_mod	wh3_dlc29_ritual_nag_unit_capacity_black_knights
percentage_cost_post_mod	wh3_dlc29_effect_nag_necromancy_cost_mod	wh3_dlc29_ritual_nag_unit_capacity_blood_knights
percentage_cost_post_mod	wh3_dlc29_effect_nag_necromancy_cost_mod	wh3_dlc29_ritual_nag_unit_capacity_bone_giant
percentage_cost_post_mod	wh3_dlc29_effect_nag_necromancy_cost_mod	wh3_dlc29_ritual_nag_unit_capacity_corpse_carts
percentage_cost_post_mod	wh3_dlc29_effect_nag_necromancy_cost_mod	wh3_dlc29_ritual_nag_unit_capacity_crypt_ghoul
percentage_cost_post_mod	wh3_dlc29_effect_nag_necromancy_cost_mod	wh3_dlc29_ritual_nag_unit_capacity_deck_droppers
percentage_cost_post_mod	wh3_dlc29_effect_nag_necromancy_cost_mod	wh3_dlc29_ritual_nag_unit_capacity_deck_gunner
percentage_cost_post_mod	wh3_dlc29_effect_nag_necromancy_cost_mod	wh3_dlc29_ritual_nag_unit_capacity_depth_guard
percentage_cost_post_mod	wh3_dlc29_effect_nag_necromancy_cost_mod	wh3_dlc29_ritual_nag_unit_capacity_dire_wolves
percentage_cost_post_mod	wh3_dlc29_effect_nag_necromancy_cost_mod	wh3_dlc29_ritual_nag_unit_capacity_drakenhof_templars
percentage_cost_post_mod	wh3_dlc29_effect_nag_necromancy_cost_mod	wh3_dlc29_ritual_nag_unit_capacity_ethereal_infantry
percentage_cost_post_mod	wh3_dlc29_effect_nag_necromancy_cost_mod	wh3_dlc29_ritual_nag_unit_capacity_grave_guard
percentage_cost_post_mod	wh3_dlc29_effect_nag_necromancy_cost_mod	wh3_dlc29_ritual_nag_unit_capacity_gunnery_mobs
percentage_cost_post_mod	wh3_dlc29_effect_nag_necromancy_cost_mod	wh3_dlc29_ritual_nag_unit_capacity_gunpowder_artillery
percentage_cost_post_mod	wh3_dlc29_effect_nag_necromancy_cost_mod	wh3_dlc29_ritual_nag_unit_capacity_hexwraiths
percentage_cost_post_mod	wh3_dlc29_effect_nag_necromancy_cost_mod	wh3_dlc29_ritual_nag_unit_capacity_hierotitan
percentage_cost_post_mod	wh3_dlc29_effect_nag_necromancy_cost_mod	wh3_dlc29_ritual_nag_unit_capacity_khemrian_warsphinx
percentage_cost_post_mod	wh3_dlc29_effect_nag_necromancy_cost_mod	wh3_dlc29_ritual_nag_unit_capacity_khemric_titan
percentage_cost_post_mod	wh3_dlc29_effect_nag_necromancy_cost_mod	wh3_dlc29_ritual_nag_unit_capacity_lahmian_handmaiden
percentage_cost_post_mod	wh3_dlc29_effect_nag_necromancy_cost_mod	wh3_dlc29_ritual_nag_unit_capacity_magic_artillery
percentage_cost_post_mod	wh3_dlc29_effect_nag_necromancy_cost_mod	wh3_dlc29_ritual_nag_unit_capacity_magic_chariots
percentage_cost_post_mod	wh3_dlc29_effect_nag_necromancy_cost_mod	wh3_dlc29_ritual_nag_unit_capacity_morghasts
percentage_cost_post_mod	wh3_dlc29_effect_nag_necromancy_cost_mod	wh3_dlc29_ritual_nag_unit_capacity_necrofex_colossus
percentage_cost_post_mod	wh3_dlc29_effect_nag_necromancy_cost_mod	wh3_dlc29_ritual_nag_unit_capacity_necropolis_knights
percentage_cost_post_mod	wh3_dlc29_effect_nag_necromancy_cost_mod	wh3_dlc29_ritual_nag_unit_capacity_necrosphinx
percentage_cost_post_mod	wh3_dlc29_effect_nag_necromancy_cost_mod	wh3_dlc29_ritual_nag_unit_capacity_nehekharan_warrior
percentage_cost_post_mod	wh3_dlc29_effect_nag_necromancy_cost_mod	wh3_dlc29_ritual_nag_unit_capacity_polearm_inf
percentage_cost_post_mod	wh3_dlc29_effect_nag_necromancy_cost_mod	wh3_dlc29_ritual_nag_unit_capacity_rotting_leviathan
percentage_cost_post_mod	wh3_dlc29_effect_nag_necromancy_cost_mod	wh3_dlc29_ritual_nag_unit_capacity_rotting_prometheans
percentage_cost_post_mod	wh3_dlc29_effect_nag_necromancy_cost_mod	wh3_dlc29_ritual_nag_unit_capacity_sepulchral_stalkers
percentage_cost_post_mod	wh3_dlc29_effect_nag_necromancy_cost_mod	wh3_dlc29_ritual_nag_unit_capacity_skeleton_chariots
percentage_cost_post_mod	wh3_dlc29_effect_nag_necromancy_cost_mod	wh3_dlc29_ritual_nag_unit_capacity_skeleton_horsemen
percentage_cost_post_mod	wh3_dlc29_effect_nag_necromancy_cost_mod	wh3_dlc29_ritual_nag_unit_capacity_spirit_host
percentage_cost_post_mod	wh3_dlc29_effect_nag_necromancy_cost_mod	wh3_dlc29_ritual_nag_unit_capacity_terrorgheist
percentage_cost_post_mod	wh3_dlc29_effect_nag_necromancy_cost_mod	wh3_dlc29_ritual_nag_unit_capacity_tomb_guard
percentage_cost_post_mod	wh3_dlc29_effect_nag_necromancy_cost_mod	wh3_dlc29_ritual_nag_unit_capacity_tomb_scorpian
percentage_cost_post_mod	wh3_dlc29_effect_nag_necromancy_cost_mod	wh3_dlc29_ritual_nag_unit_capacity_undead_monstrosities
percentage_cost_post_mod	wh3_dlc29_effect_nag_necromancy_cost_mod	wh3_dlc29_ritual_nag_unit_capacity_ushabti
percentage_cost_post_mod	wh3_dlc29_effect_nag_necromancy_cost_mod	wh3_dlc29_ritual_nag_unit_capacity_vargheists
percentage_cost_post_mod	wh3_dlc29_effect_nag_necromancy_cost_mod	wh3_dlc29_ritual_nag_unit_capacity_varghulf
percentage_cost_post_mod	wh3_dlc29_effect_nag_necromancy_cost_mod	wh3_dlc29_ritual_nag_unit_capacity_zombie_dragon
percentage_cost_mod	wh3_dlc29_effect_nag_ritual_discount_ai_only	wh3_dlc29_ritual_nag_devastate_province
percentage_cost_mod	wh3_dlc29_effect_nag_ritual_discount_ai_only	wh3_dlc29_ritual_nag_unit_capacity_gunnery_mobs
percentage_cost_mod	wh3_dlc29_effect_nag_ritual_discount_ai_only	wh3_dlc29_ritual_nag_unit_capacity_polearm_inf
percentage_cost_mod	wh3_dlc29_effect_nag_ritual_discount_ai_only	wh3_dlc29_ritual_nag_unit_capacity_skeleton_horsemen
percentage_cost_mod	wh3_dlc29_effect_recruitement_cost_reduction_all_chieftain_units	wh3_dlc25_ritual_nur_bray_shaman_centigors
percentage_cost_mod	wh3_dlc29_effect_recruitement_cost_reduction_all_chieftain_units	wh3_dlc25_ritual_nur_bray_shaman_cygor
percentage_cost_mod	wh3_dlc29_effect_recruitement_cost_reduction_all_chieftain_units	wh3_dlc25_ritual_nur_bray_shaman_ghorgon
percentage_cost_mod	wh3_dlc29_effect_recruitement_cost_reduction_all_chieftain_units	wh3_dlc25_ritual_nur_castellan_blunderbusses
percentage_cost_mod	wh3_dlc29_effect_recruitement_cost_reduction_all_chieftain_units	wh3_dlc25_ritual_nur_castellan_dreadquake
percentage_cost_mod	wh3_dlc29_effect_recruitement_cost_reduction_all_chieftain_units	wh3_dlc25_ritual_nur_castellan_fireglaives
percentage_cost_mod	wh3_dlc29_effect_recruitement_cost_reduction_all_chieftain_units	wh3_dlc25_ritual_nur_exalted_hero_aspiring_champions
percentage_cost_mod	wh3_dlc29_effect_recruitement_cost_reduction_all_chieftain_units	wh3_dlc25_ritual_nur_exalted_hero_dragon_ogre
percentage_cost_mod	wh3_dlc29_effect_recruitement_cost_reduction_all_chieftain_units	wh3_dlc25_ritual_nur_exalted_hero_hellcannon
percentage_cost_mod	wh3_dlc29_effect_recruitement_cost_reduction_all_chieftain_units	wh3_dlc25_ritual_nur_fimir_balefiend_fimir_warriors_0
percentage_cost_mod	wh3_dlc29_effect_recruitement_cost_reduction_all_chieftain_units	wh3_dlc25_ritual_nur_fimir_balefiend_fimir_warriors_1
percentage_cost_mod	wh3_dlc29_effect_recruitement_cost_reduction_all_chieftain_units	wh3_dlc25_ritual_nur_fimir_balefiend_frost_wyrm
percentage_cost_mod	wh3_dlc29_effect_recruitement_cost_reduction_all_chieftain_units	wh3_dlc25_ritual_nur_kazyk_chaos_chariot_mnur
percentage_cost_mod	wh3_dlc29_effect_recruitement_cost_reduction_all_chieftain_units	wh3_dlc25_ritual_nur_kazyk_rot_knights
percentage_cost_mod	wh3_dlc29_effect_recruitement_cost_reduction_all_chieftain_units	wh3_dlc25_ritual_nur_kazyk_toad_dragon
percentage_cost_mod	wh3_dlc29_effect_recruitement_cost_reduction_all_chieftain_units	wh3_dlc25_ritual_nur_werekin_feral_mammoth
percentage_cost_mod	wh3_dlc29_effect_recruitement_cost_reduction_all_chieftain_units	wh3_dlc25_ritual_nur_werekin_skin_wolves
percentage_cost_mod	wh3_dlc29_effect_recruitement_cost_reduction_all_chieftain_units	wh3_dlc25_ritual_nur_werekin_war_mammoth
ritual_percentage_cost_mod_targeted	wh3_dlc29_effect_ritual_cost_ritual_of_undeath_targetted	wh3_dlc29_ritual_nag_devastate_province
percentage_cost_mod	wh3_dlc29_effect_ritual_cost_ritual_of_undeath	wh3_dlc29_ritual_nag_devastate_province
cooldown_mod	wh3_dlc29_effect_schemes_ritual_cooldown_reduction	wh2_dlc14_ritual_eshin_sudden_kill
cooldown_mod	wh3_dlc29_effect_schemes_ritual_cooldown_reduction	wh2_dlc14_rituals_skv_revitalizing
effect_bundle_duration_mod	wh3_dlc29_effect_sudden_kill_scheme_payload_duration_mod	wh2_dlc14_ritual_eshin_sudden_kill
disable	wh3_dlc29_effect_tech_rite_disable_domination_scheme_verminlord	wh3_main_ritual_skv_ascendancy_verminlord
disable	wh3_dlc29_effect_tech_rite_disable_domination_scheme	wh2_main_ritual_skv_ascendancy
enable	wh3_dlc29_effect_vmp_bloodlines_ritual_unlock_ghorst	wh3_dlc29_vmp_ritual_confederate_lord_ghorst
enable	wh3_dlc29_effect_vmp_bloodlines_ritual_unlock_kemmler	wh3_dlc29_vmp_ritual_confederate_lord_kemmler
enable	wh3_dlc29_effect_vmp_bloodlines_ritual_unlock_mannfred	wh3_dlc29_vmp_ritual_confederate_lord_mannfred
enable	wh3_dlc29_effect_vmp_bloodlines_ritual_unlock_neferata	wh3_dlc29_vmp_ritual_confederate_lord_neferata
enable	wh3_dlc29_effect_vmp_bloodlines_ritual_unlock_vlad_isabella	wh3_dlc29_vmp_ritual_confederate_lord_vlad_isabella
percentage_cost_mod	wh3_dlc29_effect_white_tower_scrolls_of_power_reduce_cost	wh3_dlc27_secrets_of_the_white_tower_being_cata_spell_1
percentage_cost_mod	wh3_dlc29_effect_white_tower_scrolls_of_power_reduce_cost	wh3_dlc27_secrets_of_the_white_tower_being_cata_spell_2
percentage_cost_mod	wh3_dlc29_effect_white_tower_scrolls_of_power_reduce_cost	wh3_dlc27_secrets_of_the_white_tower_being_rank_1
percentage_cost_mod	wh3_dlc29_effect_white_tower_scrolls_of_power_reduce_cost	wh3_dlc27_secrets_of_the_white_tower_being_rank_2
percentage_cost_mod	wh3_dlc29_effect_white_tower_scrolls_of_power_reduce_cost	wh3_dlc27_secrets_of_the_white_tower_being_rank_3
percentage_cost_mod	wh3_dlc29_effect_white_tower_scrolls_of_power_reduce_cost	wh3_dlc27_secrets_of_the_white_tower_being_ritual_1
percentage_cost_mod	wh3_dlc29_effect_white_tower_scrolls_of_power_reduce_cost	wh3_dlc27_secrets_of_the_white_tower_being_ritual_2
percentage_cost_mod	wh3_dlc29_effect_white_tower_scrolls_of_power_reduce_cost	wh3_dlc27_secrets_of_the_white_tower_being_summon_beasts
percentage_cost_mod	wh3_dlc29_effect_white_tower_scrolls_of_power_reduce_cost	wh3_dlc27_secrets_of_the_white_tower_being_summon_life
percentage_cost_mod	wh3_dlc29_effect_white_tower_scrolls_of_power_reduce_cost	wh3_dlc27_secrets_of_the_white_tower_being_wom_cost_1
percentage_cost_mod	wh3_dlc29_effect_white_tower_scrolls_of_power_reduce_cost	wh3_dlc27_secrets_of_the_white_tower_being_wom_cost_2
percentage_cost_mod	wh3_dlc29_effect_white_tower_scrolls_of_power_reduce_cost	wh3_dlc27_secrets_of_the_white_tower_being_wom_cost_3
percentage_cost_mod	wh3_dlc29_effect_white_tower_scrolls_of_power_reduce_cost	wh3_dlc27_secrets_of_the_white_tower_brilliance_cata_spell_1
percentage_cost_mod	wh3_dlc29_effect_white_tower_scrolls_of_power_reduce_cost	wh3_dlc27_secrets_of_the_white_tower_brilliance_cata_spell_2
percentage_cost_mod	wh3_dlc29_effect_white_tower_scrolls_of_power_reduce_cost	wh3_dlc27_secrets_of_the_white_tower_brilliance_rank_1
percentage_cost_mod	wh3_dlc29_effect_white_tower_scrolls_of_power_reduce_cost	wh3_dlc27_secrets_of_the_white_tower_brilliance_rank_2
percentage_cost_mod	wh3_dlc29_effect_white_tower_scrolls_of_power_reduce_cost	wh3_dlc27_secrets_of_the_white_tower_brilliance_rank_3
percentage_cost_mod	wh3_dlc29_effect_white_tower_scrolls_of_power_reduce_cost	wh3_dlc27_secrets_of_the_white_tower_brilliance_ritual_1
percentage_cost_mod	wh3_dlc29_effect_white_tower_scrolls_of_power_reduce_cost	wh3_dlc27_secrets_of_the_white_tower_brilliance_ritual_2
percentage_cost_mod	wh3_dlc29_effect_white_tower_scrolls_of_power_reduce_cost	wh3_dlc27_secrets_of_the_white_tower_brilliance_summon_heavens
percentage_cost_mod	wh3_dlc29_effect_white_tower_scrolls_of_power_reduce_cost	wh3_dlc27_secrets_of_the_white_tower_brilliance_summon_light
percentage_cost_mod	wh3_dlc29_effect_white_tower_scrolls_of_power_reduce_cost	wh3_dlc27_secrets_of_the_white_tower_brilliance_wom_cost_1
percentage_cost_mod	wh3_dlc29_effect_white_tower_scrolls_of_power_reduce_cost	wh3_dlc27_secrets_of_the_white_tower_brilliance_wom_cost_2
percentage_cost_mod	wh3_dlc29_effect_white_tower_scrolls_of_power_reduce_cost	wh3_dlc27_secrets_of_the_white_tower_brilliance_wom_cost_3
percentage_cost_mod	wh3_dlc29_effect_white_tower_scrolls_of_power_reduce_cost	wh3_dlc27_secrets_of_the_white_tower_darkness_cata_spell_1
percentage_cost_mod	wh3_dlc29_effect_white_tower_scrolls_of_power_reduce_cost	wh3_dlc27_secrets_of_the_white_tower_darkness_cata_spell_2
percentage_cost_mod	wh3_dlc29_effect_white_tower_scrolls_of_power_reduce_cost	wh3_dlc27_secrets_of_the_white_tower_darkness_rank_1
percentage_cost_mod	wh3_dlc29_effect_white_tower_scrolls_of_power_reduce_cost	wh3_dlc27_secrets_of_the_white_tower_darkness_rank_2
percentage_cost_mod	wh3_dlc29_effect_white_tower_scrolls_of_power_reduce_cost	wh3_dlc27_secrets_of_the_white_tower_darkness_rank_3
percentage_cost_mod	wh3_dlc29_effect_white_tower_scrolls_of_power_reduce_cost	wh3_dlc27_secrets_of_the_white_tower_darkness_ritual_1
percentage_cost_mod	wh3_dlc29_effect_white_tower_scrolls_of_power_reduce_cost	wh3_dlc27_secrets_of_the_white_tower_darkness_ritual_2
percentage_cost_mod	wh3_dlc29_effect_white_tower_scrolls_of_power_reduce_cost	wh3_dlc27_secrets_of_the_white_tower_darkness_summon_death
percentage_cost_mod	wh3_dlc29_effect_white_tower_scrolls_of_power_reduce_cost	wh3_dlc27_secrets_of_the_white_tower_darkness_summon_shadows
percentage_cost_mod	wh3_dlc29_effect_white_tower_scrolls_of_power_reduce_cost	wh3_dlc27_secrets_of_the_white_tower_darkness_wom_cost_1
percentage_cost_mod	wh3_dlc29_effect_white_tower_scrolls_of_power_reduce_cost	wh3_dlc27_secrets_of_the_white_tower_darkness_wom_cost_2
percentage_cost_mod	wh3_dlc29_effect_white_tower_scrolls_of_power_reduce_cost	wh3_dlc27_secrets_of_the_white_tower_darkness_wom_cost_3
percentage_cost_mod	wh3_dlc29_effect_white_tower_scrolls_of_power_reduce_cost	wh3_dlc27_secrets_of_the_white_tower_high_loremaster_cata_spells_1
percentage_cost_mod	wh3_dlc29_effect_white_tower_scrolls_of_power_reduce_cost	wh3_dlc27_secrets_of_the_white_tower_high_loremaster_cata_spells_2
percentage_cost_mod	wh3_dlc29_effect_white_tower_scrolls_of_power_reduce_cost	wh3_dlc27_secrets_of_the_white_tower_high_loremaster_cata_spells_3
percentage_cost_mod	wh3_dlc29_effect_white_tower_scrolls_of_power_reduce_cost	wh3_dlc27_secrets_of_the_white_tower_high_loremaster_cata_spells_4
percentage_cost_mod	wh3_dlc29_effect_white_tower_scrolls_of_power_reduce_cost	wh3_dlc27_secrets_of_the_white_tower_high_loremaster_mastery_of_elemental_winds
percentage_cost_mod	wh3_dlc29_effect_white_tower_scrolls_of_power_reduce_cost	wh3_dlc27_secrets_of_the_white_tower_high_loremaster_rank_1
percentage_cost_mod	wh3_dlc29_effect_white_tower_scrolls_of_power_reduce_cost	wh3_dlc27_secrets_of_the_white_tower_high_loremaster_rank_2
percentage_cost_mod	wh3_dlc29_effect_white_tower_scrolls_of_power_reduce_cost	wh3_dlc27_secrets_of_the_white_tower_high_loremaster_rank_3
percentage_cost_mod	wh3_dlc29_effect_white_tower_scrolls_of_power_reduce_cost	wh3_dlc27_secrets_of_the_white_tower_high_loremaster_summon_high
percentage_cost_mod	wh3_dlc29_effect_white_tower_scrolls_of_power_reduce_cost	wh3_dlc27_secrets_of_the_white_tower_high_loremaster_wom_cost_1
percentage_cost_mod	wh3_dlc29_effect_white_tower_scrolls_of_power_reduce_cost	wh3_dlc27_secrets_of_the_white_tower_high_loremaster_wom_cost_2
percentage_cost_mod	wh3_dlc29_effect_white_tower_scrolls_of_power_reduce_cost	wh3_dlc27_secrets_of_the_white_tower_high_loremaster_wom_cost_3
percentage_cost_mod	wh3_dlc29_effect_white_tower_scrolls_of_power_reduce_cost	wh3_dlc27_secrets_of_the_white_tower_oblivion_cata_spell_1
percentage_cost_mod	wh3_dlc29_effect_white_tower_scrolls_of_power_reduce_cost	wh3_dlc27_secrets_of_the_white_tower_oblivion_cata_spell_2
percentage_cost_mod	wh3_dlc29_effect_white_tower_scrolls_of_power_reduce_cost	wh3_dlc27_secrets_of_the_white_tower_oblivion_rank_1
percentage_cost_mod	wh3_dlc29_effect_white_tower_scrolls_of_power_reduce_cost	wh3_dlc27_secrets_of_the_white_tower_oblivion_rank_2
percentage_cost_mod	wh3_dlc29_effect_white_tower_scrolls_of_power_reduce_cost	wh3_dlc27_secrets_of_the_white_tower_oblivion_rank_3
percentage_cost_mod	wh3_dlc29_effect_white_tower_scrolls_of_power_reduce_cost	wh3_dlc27_secrets_of_the_white_tower_oblivion_ritual_1
percentage_cost_mod	wh3_dlc29_effect_white_tower_scrolls_of_power_reduce_cost	wh3_dlc27_secrets_of_the_white_tower_oblivion_ritual_2
percentage_cost_mod	wh3_dlc29_effect_white_tower_scrolls_of_power_reduce_cost	wh3_dlc27_secrets_of_the_white_tower_oblivion_summon_fire
percentage_cost_mod	wh3_dlc29_effect_white_tower_scrolls_of_power_reduce_cost	wh3_dlc27_secrets_of_the_white_tower_oblivion_summon_metal
percentage_cost_mod	wh3_dlc29_effect_white_tower_scrolls_of_power_reduce_cost	wh3_dlc27_secrets_of_the_white_tower_oblivion_wom_cost_1
percentage_cost_mod	wh3_dlc29_effect_white_tower_scrolls_of_power_reduce_cost	wh3_dlc27_secrets_of_the_white_tower_oblivion_wom_cost_2
percentage_cost_mod	wh3_dlc29_effect_white_tower_scrolls_of_power_reduce_cost	wh3_dlc27_secrets_of_the_white_tower_oblivion_wom_cost_3
cooldown_mod	wh3_dlc29_effect_woc_ritual_cooldown_reduction_rain_ritual_upgrade_2	wh3_dlc29_ritual_glottkin_rains_upgrade_2
cooldown_mod	wh3_dlc29_effect_woc_ritual_cooldown_reduction_rain_ritual_upgrade_3	wh3_dlc29_ritual_glottkin_rains_upgrade_3
performer_target_cooldown_mod	wh3_dlc29_emp_middenland_cooldown_army_rituals	wh3_dlc29_middenland_army_buff_1
performer_target_cooldown_mod	wh3_dlc29_emp_middenland_cooldown_army_rituals	wh3_dlc29_middenland_army_buff_2
performer_target_cooldown_mod	wh3_dlc29_emp_middenland_cooldown_army_rituals	wh3_dlc29_middenland_call_of_the_teutogen_1
performer_target_cooldown_mod	wh3_dlc29_emp_middenland_cooldown_army_rituals	wh3_dlc29_middenland_call_of_the_teutogen_2
performer_target_cooldown_mod	wh3_dlc29_emp_middenland_cooldown_army_rituals	wh3_dlc29_middenland_lessons_of_the_hunt_1
performer_target_cooldown_mod	wh3_dlc29_emp_middenland_cooldown_army_rituals	wh3_dlc29_middenland_lessons_of_the_hunt_2
performer_target_cooldown_mod	wh3_dlc29_emp_middenland_cooldown_army_rituals	wh3_dlc29_middenland_stride_of_the_white_wolf_1
performer_target_cooldown_mod	wh3_dlc29_emp_middenland_cooldown_army_rituals	wh3_dlc29_middenland_stride_of_the_white_wolf_2
percentage_cost_mod	wh3_dlc29_emp_middenland_cost_army_rituals	wh3_dlc29_middenland_army_buff_1
percentage_cost_mod	wh3_dlc29_emp_middenland_cost_army_rituals	wh3_dlc29_middenland_army_buff_2
percentage_cost_mod	wh3_dlc29_emp_middenland_cost_army_rituals	wh3_dlc29_middenland_call_of_the_teutogen_1
percentage_cost_mod	wh3_dlc29_emp_middenland_cost_army_rituals	wh3_dlc29_middenland_call_of_the_teutogen_2
percentage_cost_mod	wh3_dlc29_emp_middenland_cost_army_rituals	wh3_dlc29_middenland_lessons_of_the_hunt_1
percentage_cost_mod	wh3_dlc29_emp_middenland_cost_army_rituals	wh3_dlc29_middenland_lessons_of_the_hunt_2
percentage_cost_mod	wh3_dlc29_emp_middenland_cost_army_rituals	wh3_dlc29_middenland_stride_of_the_white_wolf_1
percentage_cost_mod	wh3_dlc29_emp_middenland_cost_army_rituals	wh3_dlc29_middenland_stride_of_the_white_wolf_2
enable	wh3_dlc29_nag_mortarch_ritual_unlock_arkhan	wh3_dlc29_nag_mortarchs_arkhan
enable	wh3_dlc29_nag_mortarch_ritual_unlock_dieter	wh3_dlc29_nag_mortarchs_dieter
enable	wh3_dlc29_nag_mortarch_ritual_unlock_krell	wh3_dlc29_nag_mortarchs_krell
enable	wh3_dlc29_nag_mortarch_ritual_unlock_luthor	wh3_dlc29_nag_mortarchs_luthor
enable	wh3_dlc29_nag_mortarch_ritual_unlock_mannfred	wh3_dlc29_nag_mortarchs_mannfred
enable	wh3_dlc29_nag_mortarch_ritual_unlock_nameless	wh3_dlc29_nag_mortarchs_nameless
enable	wh3_dlc29_nag_mortarch_ritual_unlock_neferata	wh3_dlc29_nag_mortarchs_neferata
enable	wh3_dlc29_nag_mortarch_ritual_unlock_vlad	wh3_dlc29_nag_mortarchs_vlad
enable	wh3_dlc29_nag_mortarch_ritual_unlock_walach	wh3_dlc29_nag_mortarchs_walach
percentage_cost_mod	wh3_dlc29_pooled_resource_oathgold_all_crafting_mod	wh2_dlc10_dwf_ritual_armour_alriks_plate
percentage_cost_mod	wh3_dlc29_pooled_resource_oathgold_all_crafting_mod	wh2_dlc10_dwf_ritual_armour_dragon_slayers_scale
percentage_cost_mod	wh3_dlc29_pooled_resource_oathgold_all_crafting_mod	wh2_dlc10_dwf_ritual_armour_gate_keepers_helm
percentage_cost_mod	wh3_dlc29_pooled_resource_oathgold_all_crafting_mod	wh2_dlc10_dwf_ritual_armour_ironbeards_armour
percentage_cost_mod	wh3_dlc29_pooled_resource_oathgold_all_crafting_mod	wh2_dlc10_dwf_ritual_armour_ironwardens_shield
percentage_cost_mod	wh3_dlc29_pooled_resource_oathgold_all_crafting_mod	wh2_dlc10_dwf_ritual_armour_miners_helm
percentage_cost_mod	wh3_dlc29_pooled_resource_oathgold_all_crafting_mod	wh2_dlc10_dwf_ritual_armour_old_guards_armour
percentage_cost_mod	wh3_dlc29_pooled_resource_oathgold_all_crafting_mod	wh2_dlc10_dwf_ritual_armour_prospectors_mail
percentage_cost_mod	wh3_dlc29_pooled_resource_oathgold_all_crafting_mod	wh2_dlc10_dwf_ritual_armour_rangers_cloak
percentage_cost_mod	wh3_dlc29_pooled_resource_oathgold_all_crafting_mod	wh2_dlc10_dwf_ritual_armour_slayers_gauntlets
percentage_cost_mod	wh3_dlc29_pooled_resource_oathgold_all_crafting_mod	wh2_dlc10_dwf_ritual_armour_starmetal_plate
percentage_cost_mod	wh3_dlc29_pooled_resource_oathgold_all_crafting_mod	wh2_dlc10_dwf_ritual_armour_troll_slayers_hide
percentage_cost_mod	wh3_dlc29_pooled_resource_oathgold_all_crafting_mod	wh2_dlc10_dwf_ritual_armour_veterans_armour
percentage_cost_mod	wh3_dlc29_pooled_resource_oathgold_all_crafting_mod	wh2_dlc10_dwf_ritual_enchanted_item_dragon_slayers_boots
percentage_cost_mod	wh3_dlc29_pooled_resource_oathgold_all_crafting_mod	wh2_dlc10_dwf_ritual_enchanted_item_gate_keepers_belt
percentage_cost_mod	wh3_dlc29_pooled_resource_oathgold_all_crafting_mod	wh2_dlc10_dwf_ritual_enchanted_item_horn_of_the_ancestors
percentage_cost_mod	wh3_dlc29_pooled_resource_oathgold_all_crafting_mod	wh2_dlc10_dwf_ritual_enchanted_item_ironbeards_bracers
percentage_cost_mod	wh3_dlc29_pooled_resource_oathgold_all_crafting_mod	wh2_dlc10_dwf_ritual_enchanted_item_ironwardens_tankard
percentage_cost_mod	wh3_dlc29_pooled_resource_oathgold_all_crafting_mod	wh2_dlc10_dwf_ritual_enchanted_item_miners_drinking_horn
percentage_cost_mod	wh3_dlc29_pooled_resource_oathgold_all_crafting_mod	wh2_dlc10_dwf_ritual_enchanted_item_old_guards_keg
percentage_cost_mod	wh3_dlc29_pooled_resource_oathgold_all_crafting_mod	wh2_dlc10_dwf_ritual_enchanted_item_prospectors_spyglass
percentage_cost_mod	wh3_dlc29_pooled_resource_oathgold_all_crafting_mod	wh2_dlc10_dwf_ritual_enchanted_item_rangers_broach
percentage_cost_mod	wh3_dlc29_pooled_resource_oathgold_all_crafting_mod	wh2_dlc10_dwf_ritual_enchanted_item_sceptre_of_stone
percentage_cost_mod	wh3_dlc29_pooled_resource_oathgold_all_crafting_mod	wh2_dlc10_dwf_ritual_enchanted_item_slayers_belt
percentage_cost_mod	wh3_dlc29_pooled_resource_oathgold_all_crafting_mod	wh2_dlc10_dwf_ritual_enchanted_item_troll_slayers_gauntlets
percentage_cost_mod	wh3_dlc29_pooled_resource_oathgold_all_crafting_mod	wh2_dlc10_dwf_ritual_enchanted_item_veterans_bracers
percentage_cost_mod	wh3_dlc29_pooled_resource_oathgold_all_crafting_mod	wh2_dlc10_dwf_ritual_talisman_dragon_slayers_fang
percentage_cost_mod	wh3_dlc29_pooled_resource_oathgold_all_crafting_mod	wh2_dlc10_dwf_ritual_talisman_gate_keepers_rat_catcher
percentage_cost_mod	wh3_dlc29_pooled_resource_oathgold_all_crafting_mod	wh2_dlc10_dwf_ritual_talisman_ironbeards_ring
percentage_cost_mod	wh3_dlc29_pooled_resource_oathgold_all_crafting_mod	wh2_dlc10_dwf_ritual_talisman_ironwardens_wardstone
percentage_cost_mod	wh3_dlc29_pooled_resource_oathgold_all_crafting_mod	wh2_dlc10_dwf_ritual_talisman_miners_lattern
percentage_cost_mod	wh3_dlc29_pooled_resource_oathgold_all_crafting_mod	wh2_dlc10_dwf_ritual_talisman_old_guards_tankard
percentage_cost_mod	wh3_dlc29_pooled_resource_oathgold_all_crafting_mod	wh2_dlc10_dwf_ritual_talisman_prospectors_charge
percentage_cost_mod	wh3_dlc29_pooled_resource_oathgold_all_crafting_mod	wh2_dlc10_dwf_ritual_talisman_rangers_pouch
percentage_cost_mod	wh3_dlc29_pooled_resource_oathgold_all_crafting_mod	wh2_dlc10_dwf_ritual_talisman_ring_of_grimnir
percentage_cost_mod	wh3_dlc29_pooled_resource_oathgold_all_crafting_mod	wh2_dlc10_dwf_ritual_talisman_slayers_ring
percentage_cost_mod	wh3_dlc29_pooled_resource_oathgold_all_crafting_mod	wh2_dlc10_dwf_ritual_talisman_the_ankor_chain
percentage_cost_mod	wh3_dlc29_pooled_resource_oathgold_all_crafting_mod	wh2_dlc10_dwf_ritual_talisman_troll_slayers_amulet
percentage_cost_mod	wh3_dlc29_pooled_resource_oathgold_all_crafting_mod	wh2_dlc10_dwf_ritual_talisman_veterans_flask
percentage_cost_mod	wh3_dlc29_pooled_resource_oathgold_all_crafting_mod	wh2_dlc10_dwf_ritual_weapon_dragon_slayers_axe
percentage_cost_mod	wh3_dlc29_pooled_resource_oathgold_all_crafting_mod	wh2_dlc10_dwf_ritual_weapon_elfbane
percentage_cost_mod	wh3_dlc29_pooled_resource_oathgold_all_crafting_mod	wh2_dlc10_dwf_ritual_weapon_gate_keepers_hammer
percentage_cost_mod	wh3_dlc29_pooled_resource_oathgold_all_crafting_mod	wh2_dlc10_dwf_ritual_weapon_ironbeards_axe
percentage_cost_mod	wh3_dlc29_pooled_resource_oathgold_all_crafting_mod	wh2_dlc10_dwf_ritual_weapon_ironwardens_hammer
percentage_cost_mod	wh3_dlc29_pooled_resource_oathgold_all_crafting_mod	wh2_dlc10_dwf_ritual_weapon_miners_pickaxe
percentage_cost_mod	wh3_dlc29_pooled_resource_oathgold_all_crafting_mod	wh2_dlc10_dwf_ritual_weapon_old_guards_hammer
percentage_cost_mod	wh3_dlc29_pooled_resource_oathgold_all_crafting_mod	wh2_dlc10_dwf_ritual_weapon_prospectors_pickaxe
percentage_cost_mod	wh3_dlc29_pooled_resource_oathgold_all_crafting_mod	wh2_dlc10_dwf_ritual_weapon_rangers_hammer
percentage_cost_mod	wh3_dlc29_pooled_resource_oathgold_all_crafting_mod	wh2_dlc10_dwf_ritual_weapon_slayers_axe
percentage_cost_mod	wh3_dlc29_pooled_resource_oathgold_all_crafting_mod	wh2_dlc10_dwf_ritual_weapon_starbreaker
percentage_cost_mod	wh3_dlc29_pooled_resource_oathgold_all_crafting_mod	wh2_dlc10_dwf_ritual_weapon_trollslayer_axe
percentage_cost_mod	wh3_dlc29_pooled_resource_oathgold_all_crafting_mod	wh2_dlc10_dwf_ritual_weapon_veterans_hammer
percentage_cost_mod	wh3_dlc29_pooled_resource_oathgold_all_crafting_mod	wh2_dlc17_dwf_ritual_wh2_dlc17_anc_rune_engineering_flakksons_rune_of_seeking
percentage_cost_mod	wh3_dlc29_pooled_resource_oathgold_all_crafting_mod	wh2_dlc17_dwf_ritual_wh2_dlc17_anc_rune_engineering_master_rune_of_disguise
percentage_cost_mod	wh3_dlc29_pooled_resource_oathgold_all_crafting_mod	wh2_dlc17_dwf_ritual_wh2_dlc17_anc_rune_engineering_master_rune_of_immolation
percentage_cost_mod	wh3_dlc29_pooled_resource_oathgold_all_crafting_mod	wh2_dlc17_dwf_ritual_wh2_dlc17_anc_rune_engineering_rune_of_burning
percentage_cost_mod	wh3_dlc29_pooled_resource_oathgold_all_crafting_mod	wh2_dlc17_dwf_ritual_wh2_dlc17_anc_rune_engineering_rune_of_penetration
percentage_cost_mod	wh3_dlc29_pooled_resource_oathgold_all_crafting_mod	wh2_dlc17_dwf_ritual_wh2_dlc17_anc_rune_personal_master_rune_alaric_the_mad
percentage_cost_mod	wh3_dlc29_pooled_resource_oathgold_all_crafting_mod	wh2_dlc17_dwf_ritual_wh2_dlc17_anc_rune_personal_master_rune_of_adamant
percentage_cost_mod	wh3_dlc29_pooled_resource_oathgold_all_crafting_mod	wh2_dlc17_dwf_ritual_wh2_dlc17_anc_rune_personal_master_rune_of_flight
percentage_cost_mod	wh3_dlc29_pooled_resource_oathgold_all_crafting_mod	wh2_dlc17_dwf_ritual_wh2_dlc17_anc_rune_personal_master_rune_of_gromril
percentage_cost_mod	wh3_dlc29_pooled_resource_oathgold_all_crafting_mod	wh2_dlc17_dwf_ritual_wh2_dlc17_anc_rune_personal_master_rune_of_passage
percentage_cost_mod	wh3_dlc29_pooled_resource_oathgold_all_crafting_mod	wh2_dlc17_dwf_ritual_wh2_dlc17_anc_rune_personal_master_rune_of_skalf_blackhammer
percentage_cost_mod	wh3_dlc29_pooled_resource_oathgold_all_crafting_mod	wh2_dlc17_dwf_ritual_wh2_dlc17_anc_rune_personal_master_rune_of_snorri_spangelhelm
percentage_cost_mod	wh3_dlc29_pooled_resource_oathgold_all_crafting_mod	wh2_dlc17_dwf_ritual_wh2_dlc17_anc_rune_personal_master_rune_of_spite
percentage_cost_mod	wh3_dlc29_pooled_resource_oathgold_all_crafting_mod	wh2_dlc17_dwf_ritual_wh2_dlc17_anc_rune_personal_rune_of_cleaving
percentage_cost_mod	wh3_dlc29_pooled_resource_oathgold_all_crafting_mod	wh2_dlc17_dwf_ritual_wh2_dlc17_anc_rune_personal_rune_of_dismay
percentage_cost_mod	wh3_dlc29_pooled_resource_oathgold_all_crafting_mod	wh2_dlc17_dwf_ritual_wh2_dlc17_anc_rune_personal_rune_of_fire
percentage_cost_mod	wh3_dlc29_pooled_resource_oathgold_all_crafting_mod	wh2_dlc17_dwf_ritual_wh2_dlc17_anc_rune_personal_rune_of_impact
percentage_cost_mod	wh3_dlc29_pooled_resource_oathgold_all_crafting_mod	wh2_dlc17_dwf_ritual_wh2_dlc17_anc_rune_personal_rune_of_iron
percentage_cost_mod	wh3_dlc29_pooled_resource_oathgold_all_crafting_mod	wh2_dlc17_dwf_ritual_wh2_dlc17_anc_rune_personal_rune_of_luck
percentage_cost_mod	wh3_dlc29_pooled_resource_oathgold_all_crafting_mod	wh2_dlc17_dwf_ritual_wh2_dlc17_anc_rune_personal_rune_of_shielding
percentage_cost_mod	wh3_dlc29_pooled_resource_oathgold_all_crafting_mod	wh2_dlc17_dwf_ritual_wh_main_anc_rune_ancestor_rune
percentage_cost_mod	wh3_dlc29_pooled_resource_oathgold_all_crafting_mod	wh2_dlc17_dwf_ritual_wh_main_anc_rune_master_rune_of_battle
percentage_cost_mod	wh3_dlc29_pooled_resource_oathgold_all_crafting_mod	wh2_dlc17_dwf_ritual_wh_main_anc_rune_master_rune_of_courage
percentage_cost_mod	wh3_dlc29_pooled_resource_oathgold_all_crafting_mod	wh2_dlc17_dwf_ritual_wh_main_anc_rune_master_rune_of_groth_one-eye
percentage_cost_mod	wh3_dlc29_pooled_resource_oathgold_all_crafting_mod	wh2_dlc17_dwf_ritual_wh_main_anc_rune_master_rune_of_grungni
percentage_cost_mod	wh3_dlc29_pooled_resource_oathgold_all_crafting_mod	wh2_dlc17_dwf_ritual_wh_main_anc_rune_master_rune_of_sanctuary
percentage_cost_mod	wh3_dlc29_pooled_resource_oathgold_all_crafting_mod	wh2_dlc17_dwf_ritual_wh_main_anc_rune_master_rune_of_slowness
percentage_cost_mod	wh3_dlc29_pooled_resource_oathgold_all_crafting_mod	wh2_dlc17_dwf_ritual_wh_main_anc_rune_master_rune_of_stoicism
percentage_cost_mod	wh3_dlc29_pooled_resource_oathgold_all_crafting_mod	wh2_dlc17_dwf_ritual_wh_main_anc_rune_master_rune_of_stromni_redbeard
percentage_cost_mod	wh3_dlc29_pooled_resource_oathgold_all_crafting_mod	wh2_dlc17_dwf_ritual_wh_main_anc_rune_master_rune_of_valaya
percentage_cost_mod	wh3_dlc29_pooled_resource_oathgold_all_crafting_mod	wh2_dlc17_dwf_ritual_wh_main_anc_rune_rune_of_fury
percentage_cost_mod	wh3_dlc29_pooled_resource_oathgold_all_crafting_mod	wh2_dlc17_dwf_ritual_wh_main_anc_rune_rune_of_might
percentage_cost_mod	wh3_dlc29_pooled_resource_oathgold_all_crafting_mod	wh2_dlc17_dwf_ritual_wh_main_anc_rune_rune_of_parrying
percentage_cost_mod	wh3_dlc29_pooled_resource_oathgold_all_crafting_mod	wh2_dlc17_dwf_ritual_wh_main_anc_rune_rune_of_striking
percentage_cost_mod	wh3_dlc29_pooled_resource_oathgold_all_crafting_mod	wh2_dlc17_dwf_ritual_wh_main_anc_rune_strollaz_rune
cooldown_mod	wh3_dlc29_reduce_cooldown_pestilent_scheme	wh2_main_ritual_skv_pestilence
cooldown_mod	wh3_dlc29_reduce_cooldown_scheme_doooom	wh2_main_ritual_skv_doooom
percentage_cost_mod	wh3_dlc29_ritual_vmp_ritual_bloodline_awaken_lahmian_cost_modifier	wh2_dlc11_ritual_bloodlines_lahmian
percentage_cost_mod	wh3_dlc29_ritual_vmp_ritual_bloodline_awaken_von_carstein_cost_modifier	wh2_dlc11_ritual_bloodlines_von_carstein
percentage_cost_mod	wh3_main_def_slave_ritual_cost	wh3_main_ritual_def_lokhir_slave_1
percentage_cost_mod	wh3_main_def_slave_ritual_cost	wh3_main_ritual_def_lokhir_slave_2
percentage_cost_mod	wh3_main_def_slave_ritual_cost	wh3_main_ritual_def_lokhir_slave_3
percentage_cost_mod	wh3_main_def_slave_ritual_cost	wh3_main_ritual_def_slave_a
percentage_cost_mod	wh3_main_def_slave_ritual_cost	wh3_main_ritual_def_slave_b
percentage_cost_mod	wh3_main_def_slave_ritual_cost	wh3_main_ritual_def_slave_c
percentage_cost_mod	wh3_main_def_slave_ritual_cost	wh3_main_ritual_tmb_jars_a
cooldown_mod	wh3_main_effect_cooldown_mod_ritual_belakor_gg_1	wh3_main_ritual_belakor_gg_1
cooldown_mod	wh3_main_effect_cooldown_mod_ritual_belakor_gg_1	wh3_main_ritual_belakor_gg_1_upgraded
cooldown_mod	wh3_main_effect_cooldown_mod_ritual_belakor_gg_2	wh3_main_ritual_belakor_gg_2
cooldown_mod	wh3_main_effect_cooldown_mod_ritual_belakor_gg_2	wh3_main_ritual_belakor_gg_2_upgraded
cooldown_mod	wh3_main_effect_cooldown_mod_ritual_belakor_gg_3	wh3_main_ritual_belakor_gg_3
cooldown_mod	wh3_main_effect_cooldown_mod_ritual_belakor_gg_3	wh3_main_ritual_belakor_gg_3_upgraded
cooldown_mod	wh3_main_effect_cooldown_mod_ritual_belakor_gg_4	wh3_main_ritual_belakor_gg_4
cooldown_mod	wh3_main_effect_cooldown_mod_ritual_belakor_gg_4	wh3_main_ritual_belakor_gg_4_upgraded
disable	wh3_main_effect_disable_ritual_dae_ascend	wh3_main_ritual_dae_ascend_khorne
disable	wh3_main_effect_disable_ritual_dae_ascend	wh3_main_ritual_dae_ascend_nurgle
disable	wh3_main_effect_disable_ritual_dae_ascend	wh3_main_ritual_dae_ascend_slaanesh
disable	wh3_main_effect_disable_ritual_dae_ascend	wh3_main_ritual_dae_ascend_tzeentch
disable	wh3_main_effect_disable_ritual_dae_ascend	wh3_main_ritual_dae_ascend_undivided
disable	wh3_main_effect_enable_ritual_ksl_winter_dazh_upgraded	wh3_main_ritual_ksl_winter_dazh
enable	wh3_main_effect_enable_ritual_ksl_winter_dazh_upgraded	wh3_main_ritual_ksl_winter_dazh_upgraded
disable	wh3_main_effect_enable_ritual_ksl_winter_salyak_upgraded	wh3_main_ritual_ksl_winter_salyak
enable	wh3_main_effect_enable_ritual_ksl_winter_salyak_upgraded	wh3_main_ritual_ksl_winter_salyak_upgraded
disable	wh3_main_effect_enable_ritual_ksl_winter_tor_upgraded	wh3_main_ritual_ksl_winter_tor
enable	wh3_main_effect_enable_ritual_ksl_winter_tor_upgraded	wh3_main_ritual_ksl_winter_tor_upgraded
disable	wh3_main_effect_enable_ritual_ksl_winter_ursun_upgraded	wh3_main_ritual_ksl_winter_ursun
enable	wh3_main_effect_enable_ritual_ksl_winter_ursun_upgraded	wh3_main_ritual_ksl_winter_ursun_upgraded
ritual_percentage_cost_mod_targeted	wh3_main_effect_force_direct_infection_cost_hidden	wh3_main_ritual_nur_plague_agent_army
ritual_percentage_cost_mod_targeted	wh3_main_effect_force_direct_infection_cost_hidden	wh3_main_ritual_nur_plague_agent_settlement
ritual_percentage_cost_mod_targeted	wh3_main_effect_force_direct_infection_cost_hidden	wh3_main_ritual_nur_plague_target_army
ritual_percentage_cost_mod_targeted	wh3_main_effect_force_direct_infection_cost_hidden	wh3_main_ritual_nur_plague_target_settlement
ritual_percentage_cost_mod_targeted	wh3_main_effect_force_direct_infection_cost	wh3_main_ritual_nur_plague_agent_army
ritual_percentage_cost_mod_targeted	wh3_main_effect_force_direct_infection_cost	wh3_main_ritual_nur_plague_agent_settlement
ritual_percentage_cost_mod_targeted	wh3_main_effect_force_direct_infection_cost	wh3_main_ritual_nur_plague_target_army
ritual_percentage_cost_mod_targeted	wh3_main_effect_force_direct_infection_cost	wh3_main_ritual_nur_plague_target_settlement
disable_ritual_targeting	wh3_main_effect_forced_vassalage_disabled	wh3_dlc20_ritual_sla_forced_vassalisation_non_devotee
disable_ritual_targeting	wh3_main_effect_forced_vassalage_disabled	wh3_main_ritual_sla_forced_vassalisation
enable_ritual_targeting	wh3_main_effect_forced_vassalage_enabled	wh3_dlc20_ritual_sla_forced_vassalisation_non_devotee
enable_ritual_targeting	wh3_main_effect_forced_vassalage_enabled	wh3_main_ritual_sla_forced_vassalisation
percentage_cost_mod	wh3_main_effect_free_bloodline_ritual	wh2_dlc11_ritual_bloodlines_blood_dragon
percentage_cost_mod	wh3_main_effect_free_bloodline_ritual	wh2_dlc11_ritual_bloodlines_lahmian
percentage_cost_mod	wh3_main_effect_free_bloodline_ritual	wh2_dlc11_ritual_bloodlines_necrarch
percentage_cost_mod	wh3_main_effect_free_bloodline_ritual	wh2_dlc11_ritual_bloodlines_strigoi
percentage_cost_mod	wh3_main_effect_free_bloodline_ritual	wh2_dlc11_ritual_bloodlines_von_carstein
percentage_cost_mod	wh3_main_effect_kho_skull_throne_cost_mod	wh3_dlc26_ritual_kho_the_skull_throne_1_1
percentage_cost_mod	wh3_main_effect_kho_skull_throne_cost_mod	wh3_dlc26_ritual_kho_the_skull_throne_1_2
percentage_cost_mod	wh3_main_effect_kho_skull_throne_cost_mod	wh3_dlc26_ritual_kho_the_skull_throne_1_3
percentage_cost_mod	wh3_main_effect_kho_skull_throne_cost_mod	wh3_dlc26_ritual_kho_the_skull_throne_1_4
percentage_cost_mod	wh3_main_effect_kho_skull_throne_cost_mod	wh3_dlc26_ritual_kho_the_skull_throne_2_1
percentage_cost_mod	wh3_main_effect_kho_skull_throne_cost_mod	wh3_dlc26_ritual_kho_the_skull_throne_2_2
percentage_cost_mod	wh3_main_effect_kho_skull_throne_cost_mod	wh3_dlc26_ritual_kho_the_skull_throne_2_3
percentage_cost_mod	wh3_main_effect_kho_skull_throne_cost_mod	wh3_dlc26_ritual_kho_the_skull_throne_3_1
percentage_cost_mod	wh3_main_effect_kho_skull_throne_cost_mod	wh3_dlc26_ritual_kho_the_skull_throne_3_2
percentage_cost_mod	wh3_main_effect_kho_skull_throne_cost_mod	wh3_dlc26_ritual_kho_the_skull_throne_4_1
percentage_cost_mod	wh3_main_effect_ksl_boon_cost_hidden	wh3_main_ksl_support_ice_court_battle_1_2
percentage_cost_mod	wh3_main_effect_ksl_boon_cost_hidden	wh3_main_ksl_support_ice_court_battle_2_2
percentage_cost_mod	wh3_main_effect_ksl_boon_cost_hidden	wh3_main_ksl_support_ice_court_character_1_2
percentage_cost_mod	wh3_main_effect_ksl_boon_cost_hidden	wh3_main_ksl_support_ice_court_character_2_2
percentage_cost_mod	wh3_main_effect_ksl_boon_cost_hidden	wh3_main_ksl_support_ice_court_global_1_2
percentage_cost_mod	wh3_main_effect_ksl_boon_cost_hidden	wh3_main_ksl_support_ice_court_global_2_2
percentage_cost_mod	wh3_main_effect_ksl_boon_cost_hidden	wh3_main_ksl_support_ice_court_magic_1_2
percentage_cost_mod	wh3_main_effect_ksl_boon_cost_hidden	wh3_main_ksl_support_ice_court_magic_2_2
percentage_cost_mod	wh3_main_effect_ksl_boon_cost_hidden	wh3_main_ksl_support_ice_court_settlement_1_2
percentage_cost_mod	wh3_main_effect_ksl_boon_cost_hidden	wh3_main_ksl_support_ice_court_settlement_2_2
percentage_cost_mod	wh3_main_effect_ksl_boon_cost_hidden	wh3_main_ksl_support_orthodoxy_battle_1_2
percentage_cost_mod	wh3_main_effect_ksl_boon_cost_hidden	wh3_main_ksl_support_orthodoxy_battle_2_2
percentage_cost_mod	wh3_main_effect_ksl_boon_cost_hidden	wh3_main_ksl_support_orthodoxy_character_1_2
percentage_cost_mod	wh3_main_effect_ksl_boon_cost_hidden	wh3_main_ksl_support_orthodoxy_character_2_2
percentage_cost_mod	wh3_main_effect_ksl_boon_cost_hidden	wh3_main_ksl_support_orthodoxy_global_1_2
percentage_cost_mod	wh3_main_effect_ksl_boon_cost_hidden	wh3_main_ksl_support_orthodoxy_global_2_2
percentage_cost_mod	wh3_main_effect_ksl_boon_cost_hidden	wh3_main_ksl_support_orthodoxy_magic_1_2
percentage_cost_mod	wh3_main_effect_ksl_boon_cost_hidden	wh3_main_ksl_support_orthodoxy_magic_2_2
percentage_cost_mod	wh3_main_effect_ksl_boon_cost_hidden	wh3_main_ksl_support_orthodoxy_settlement_1_2
percentage_cost_mod	wh3_main_effect_ksl_boon_cost_hidden	wh3_main_ksl_support_orthodoxy_settlement_2_2
percentage_cost_mod	wh3_main_effect_ksl_boon_cost	wh3_main_ksl_support_ice_court_battle_1_1
percentage_cost_mod	wh3_main_effect_ksl_boon_cost	wh3_main_ksl_support_ice_court_battle_2_1
percentage_cost_mod	wh3_main_effect_ksl_boon_cost	wh3_main_ksl_support_ice_court_character_1_1
percentage_cost_mod	wh3_main_effect_ksl_boon_cost	wh3_main_ksl_support_ice_court_character_2_1
percentage_cost_mod	wh3_main_effect_ksl_boon_cost	wh3_main_ksl_support_ice_court_global_1_1
percentage_cost_mod	wh3_main_effect_ksl_boon_cost	wh3_main_ksl_support_ice_court_global_2_1
percentage_cost_mod	wh3_main_effect_ksl_boon_cost	wh3_main_ksl_support_ice_court_magic_1_1
percentage_cost_mod	wh3_main_effect_ksl_boon_cost	wh3_main_ksl_support_ice_court_magic_2_1
percentage_cost_mod	wh3_main_effect_ksl_boon_cost	wh3_main_ksl_support_ice_court_settlement_1_1
percentage_cost_mod	wh3_main_effect_ksl_boon_cost	wh3_main_ksl_support_ice_court_settlement_2_1
percentage_cost_mod	wh3_main_effect_ksl_boon_cost	wh3_main_ksl_support_orthodoxy_battle_1_1
percentage_cost_mod	wh3_main_effect_ksl_boon_cost	wh3_main_ksl_support_orthodoxy_battle_2_1
percentage_cost_mod	wh3_main_effect_ksl_boon_cost	wh3_main_ksl_support_orthodoxy_character_1_1
percentage_cost_mod	wh3_main_effect_ksl_boon_cost	wh3_main_ksl_support_orthodoxy_character_2_1
percentage_cost_mod	wh3_main_effect_ksl_boon_cost	wh3_main_ksl_support_orthodoxy_global_1_1
percentage_cost_mod	wh3_main_effect_ksl_boon_cost	wh3_main_ksl_support_orthodoxy_global_2_1
percentage_cost_mod	wh3_main_effect_ksl_boon_cost	wh3_main_ksl_support_orthodoxy_magic_1_1
percentage_cost_mod	wh3_main_effect_ksl_boon_cost	wh3_main_ksl_support_orthodoxy_magic_2_1
percentage_cost_mod	wh3_main_effect_ksl_boon_cost	wh3_main_ksl_support_orthodoxy_settlement_1_1
percentage_cost_mod	wh3_main_effect_ksl_boon_cost	wh3_main_ksl_support_orthodoxy_settlement_2_1
percentage_cost_post_mod	wh3_main_effect_ksl_motherland_cost_mod_hidden	wh3_main_ritual_ksl_winter_dazh
percentage_cost_post_mod	wh3_main_effect_ksl_motherland_cost_mod_hidden	wh3_main_ritual_ksl_winter_dazh_upgraded
percentage_cost_post_mod	wh3_main_effect_ksl_motherland_cost_mod_hidden	wh3_main_ritual_ksl_winter_salyak
percentage_cost_post_mod	wh3_main_effect_ksl_motherland_cost_mod_hidden	wh3_main_ritual_ksl_winter_salyak_upgraded
percentage_cost_post_mod	wh3_main_effect_ksl_motherland_cost_mod_hidden	wh3_main_ritual_ksl_winter_tor
percentage_cost_post_mod	wh3_main_effect_ksl_motherland_cost_mod_hidden	wh3_main_ritual_ksl_winter_tor_upgraded
percentage_cost_post_mod	wh3_main_effect_ksl_motherland_cost_mod_hidden	wh3_main_ritual_ksl_winter_ursun
percentage_cost_post_mod	wh3_main_effect_ksl_motherland_cost_mod_hidden	wh3_main_ritual_ksl_winter_ursun_upgraded
percentage_cost_mod	wh3_main_effect_necromancer_confederation_cost_reduction	wh3_dlc29_vmp_ritual_confederate_lord_ghorst
percentage_cost_mod	wh3_main_effect_necromancer_confederation_cost_reduction	wh3_dlc29_vmp_ritual_confederate_lord_kemmler
percentage_cost_mod	wh3_main_effect_sla_create_cult_ritual_cost_mod	wh3_dlc27_ritual_sla_create_cults_dechala
percentage_cost_mod	wh3_main_effect_sla_create_cult_ritual_cost_mod	wh3_main_ritual_sla_create_cults
percentage_cost_mod	wh3_main_effect_sla_pleasurable_act_cost_mod	wh3_dlc27_ritual_sla_dechala_pleasure_arena
percentage_cost_mod	wh3_main_effect_sla_pleasurable_act_cost_mod	wh3_dlc27_ritual_sla_dechala_pleasure_hunt
percentage_cost_mod	wh3_main_effect_sla_pleasurable_act_cost_mod	wh3_dlc27_ritual_sla_dechala_pleasure_party
percentage_cost_mod	wh3_main_effect_sla_pleasurable_act_cost_mod	wh3_main_ritual_sla_pleasure_arena
percentage_cost_mod	wh3_main_effect_sla_pleasurable_act_cost_mod	wh3_main_ritual_sla_pleasure_hunt
percentage_cost_mod	wh3_main_effect_sla_pleasurable_act_cost_mod	wh3_main_ritual_sla_pleasure_party
cooldown_mod	wh3_main_effect_tze_cotw_cooldown_mod_all	wh3_dlc20_ritual_tze_cotw_vilitch_drain_magic
cooldown_mod	wh3_main_effect_tze_cotw_cooldown_mod_all	wh3_dlc20_ritual_tze_cotw_vilitch_muddle_minds
cooldown_mod	wh3_main_effect_tze_cotw_cooldown_mod_all	wh3_dlc20_ritual_tze_cotw_vilitch_spawnification
cooldown_mod	wh3_main_effect_tze_cotw_cooldown_mod_all	wh3_dlc24_ritual_tze_cotw_the_changeling_spread_corruption
cooldown_mod	wh3_main_effect_tze_cotw_cooldown_mod_all	wh3_dlc24_ritual_tze_cotw_vilitch_spread_corruption
cooldown_mod	wh3_main_effect_tze_cotw_cooldown_mod_all	wh3_main_ritual_tze_cotw_borrow_time
cooldown_mod	wh3_main_effect_tze_cotw_cooldown_mod_all	wh3_main_ritual_tze_cotw_force_rebellion
cooldown_mod	wh3_main_effect_tze_cotw_cooldown_mod_all	wh3_main_ritual_tze_cotw_halt_faction
cooldown_mod	wh3_main_effect_tze_cotw_cooldown_mod_all	wh3_main_ritual_tze_cotw_open_gates
cooldown_mod	wh3_main_effect_tze_cotw_cooldown_mod_all	wh3_main_ritual_tze_cotw_reveal_shroud
cooldown_mod	wh3_main_effect_tze_cotw_cooldown_mod_all	wh3_main_ritual_tze_cotw_track_army
cooldown_mod	wh3_main_effect_tze_cotw_cooldown_mod_all	wh3_main_ritual_tze_cotw_vilitch_reveal_shroud
cooldown_mod	wh3_main_effect_tze_cotw_cooldown_mod_all	wh3_main_ritual_tze_cotw_vilitch_show_ai_intentions
percentage_cost_mod	wh3_main_effect_tze_cotw_cost_mod_all	wh3_dlc20_ritual_tze_cotw_vilitch_drain_magic
percentage_cost_mod	wh3_main_effect_tze_cotw_cost_mod_all	wh3_dlc20_ritual_tze_cotw_vilitch_muddle_minds
percentage_cost_mod	wh3_main_effect_tze_cotw_cost_mod_all	wh3_dlc20_ritual_tze_cotw_vilitch_spawnification
percentage_cost_mod	wh3_main_effect_tze_cotw_cost_mod_all	wh3_dlc24_ritual_tze_cotw_the_changeling_spread_corruption
percentage_cost_mod	wh3_main_effect_tze_cotw_cost_mod_all	wh3_dlc24_ritual_tze_cotw_vilitch_spread_corruption
percentage_cost_mod	wh3_main_effect_tze_cotw_cost_mod_all	wh3_main_ritual_tze_cotw_borrow_time
percentage_cost_mod	wh3_main_effect_tze_cotw_cost_mod_all	wh3_main_ritual_tze_cotw_force_rebellion
percentage_cost_mod	wh3_main_effect_tze_cotw_cost_mod_all	wh3_main_ritual_tze_cotw_halt_faction
percentage_cost_mod	wh3_main_effect_tze_cotw_cost_mod_all	wh3_main_ritual_tze_cotw_open_gates
percentage_cost_mod	wh3_main_effect_tze_cotw_cost_mod_all	wh3_main_ritual_tze_cotw_reveal_shroud
percentage_cost_mod	wh3_main_effect_tze_cotw_cost_mod_all	wh3_main_ritual_tze_cotw_track_army
percentage_cost_mod	wh3_main_effect_tze_cotw_cost_mod_all	wh3_main_ritual_tze_cotw_vilitch_reveal_shroud
percentage_cost_mod	wh3_main_effect_tze_cotw_cost_mod_all	wh3_main_ritual_tze_cotw_vilitch_show_ai_intentions
percentage_cost_mod	wh3_main_effect_tze_cotw_cost_mod_show_ai_intentions	wh3_main_ritual_tze_cotw_borrow_time
percentage_cost_mod	wh3_main_effect_tze_cotw_cotw_features_cost_multiplier_hidden	wh3_main_ritual_tze_cotw_halt_faction
percentage_cost_mod	wh3_main_effect_tze_cotw_cotw_features_cost_multiplier_hidden	wh3_main_ritual_tze_cotw_open_gates
enable	wh3_main_effect_tze_cotw_enable_borrow_time	wh3_main_ritual_tze_cotw_borrow_time
enable	wh3_main_effect_tze_cotw_enable_force_rebellion	wh3_main_ritual_tze_cotw_force_rebellion
enable	wh3_main_effect_tze_cotw_enable_halt_army	wh3_main_ritual_tze_cotw_halt_faction
enable	wh3_main_effect_tze_cotw_enable_open_gates	wh3_main_ritual_tze_cotw_open_gates
enable	wh3_main_effect_tze_cotw_enable_reveal_shroud	wh3_main_ritual_tze_cotw_reveal_shroud
enable	wh3_main_effect_tze_cotw_enable_track_army	wh3_main_ritual_tze_cotw_track_army
percentage_cost_mod	wh3_main_effect_vampire_confederation_cost_reduction	wh3_dlc29_vmp_ritual_confederate_lord_mannfred
percentage_cost_mod	wh3_main_effect_vampire_confederation_cost_reduction	wh3_dlc29_vmp_ritual_confederate_lord_neferata
percentage_cost_mod	wh3_main_effect_vampire_confederation_cost_reduction	wh3_dlc29_vmp_ritual_confederate_lord_vlad_isabella
percentage_cost_mod	wh3_main_ksl_boris_confederation_cost_mod	wh3_main_ritual_ksl_devotion_confederate
ritual_percentage_cost_mod_targeted	wh3_main_pooled_resource_slave_action_cost_mod	wh3_main_ritual_def_lokhir_slave_1
ritual_percentage_cost_mod_targeted	wh3_main_pooled_resource_slave_action_cost_mod	wh3_main_ritual_def_lokhir_slave_2
ritual_percentage_cost_mod_targeted	wh3_main_pooled_resource_slave_action_cost_mod	wh3_main_ritual_def_lokhir_slave_3
ritual_percentage_cost_mod_targeted	wh3_main_pooled_resource_slave_action_cost_mod	wh3_main_ritual_def_slave_a
ritual_percentage_cost_mod_targeted	wh3_main_pooled_resource_slave_action_cost_mod	wh3_main_ritual_def_slave_b
ritual_percentage_cost_mod_targeted	wh3_main_pooled_resource_slave_action_cost_mod	wh3_main_ritual_def_slave_c
percentage_cost_post_mod	wh3_main_tmb_rite_cost_mod_crafting	wh2_dlc09_ritual_crafting_tmb_arcane_item_blue_khepra
percentage_cost_post_mod	wh3_main_tmb_rite_cost_mod_crafting	wh2_dlc09_ritual_crafting_tmb_arcane_item_enkhils_kanopi
percentage_cost_post_mod	wh3_main_tmb_rite_cost_mod_crafting	wh2_dlc09_ritual_crafting_tmb_arcane_item_neferras_scrolls_of_mighty_incantations
percentage_cost_post_mod	wh3_main_tmb_rite_cost_mod_crafting	wh2_dlc09_ritual_crafting_tmb_arcane_item_power_scroll
percentage_cost_post_mod	wh3_main_tmb_rite_cost_mod_crafting	wh2_dlc09_ritual_crafting_tmb_arcane_item_scroll_of_leeching
percentage_cost_post_mod	wh3_main_tmb_rite_cost_mod_crafting	wh2_dlc09_ritual_crafting_tmb_arcane_item_scroll_of_shielding
percentage_cost_post_mod	wh3_main_tmb_rite_cost_mod_crafting	wh2_dlc09_ritual_crafting_tmb_armour_armour_of_dawn
percentage_cost_post_mod	wh3_main_tmb_rite_cost_mod_crafting	wh2_dlc09_ritual_crafting_tmb_armour_armour_of_eternity
percentage_cost_post_mod	wh3_main_tmb_rite_cost_mod_crafting	wh2_dlc09_ritual_crafting_tmb_armour_armour_of_the_ages
percentage_cost_post_mod	wh3_main_tmb_rite_cost_mod_crafting	wh2_dlc09_ritual_crafting_tmb_armour_helmet_of_khsar
percentage_cost_post_mod	wh3_main_tmb_rite_cost_mod_crafting	wh2_dlc09_ritual_crafting_tmb_armour_mortuary_robes
percentage_cost_post_mod	wh3_main_tmb_rite_cost_mod_crafting	wh2_dlc09_ritual_crafting_tmb_armour_scorpion_armour
percentage_cost_post_mod	wh3_main_tmb_rite_cost_mod_crafting	wh2_dlc09_ritual_crafting_tmb_armour_shield_of_ptra
percentage_cost_post_mod	wh3_main_tmb_rite_cost_mod_crafting	wh2_dlc09_ritual_crafting_tmb_armour_skull_cap_of_the_moon
percentage_cost_post_mod	wh3_main_tmb_rite_cost_mod_crafting	wh2_dlc09_ritual_crafting_tmb_army_capacity
percentage_cost_post_mod	wh3_main_tmb_rite_cost_mod_crafting	wh2_dlc09_ritual_crafting_tmb_carrion
percentage_cost_post_mod	wh3_main_tmb_rite_cost_mod_crafting	wh2_dlc09_ritual_crafting_tmb_enchanted_item_brooch_of_the_great_desert
percentage_cost_post_mod	wh3_main_tmb_rite_cost_mod_crafting	wh2_dlc09_ritual_crafting_tmb_enchanted_item_death_mask_of_kharnut
percentage_cost_post_mod	wh3_main_tmb_rite_cost_mod_crafting	wh2_dlc09_ritual_crafting_tmb_enchanted_item_elixir_of_might
percentage_cost_post_mod	wh3_main_tmb_rite_cost_mod_crafting	wh2_dlc09_ritual_crafting_tmb_enchanted_item_hieratic_jar
percentage_cost_post_mod	wh3_main_tmb_rite_cost_mod_crafting	wh2_dlc09_ritual_crafting_tmb_enchanted_item_icon_of_rulership
percentage_cost_post_mod	wh3_main_tmb_rite_cost_mod_crafting	wh2_dlc09_ritual_crafting_tmb_enchanted_item_ouroboros
percentage_cost_post_mod	wh3_main_tmb_rite_cost_mod_crafting	wh2_dlc09_ritual_crafting_tmb_enchanted_item_potion_of_foolhardiness
percentage_cost_post_mod	wh3_main_tmb_rite_cost_mod_crafting	wh2_dlc09_ritual_crafting_tmb_enchanted_item_potion_of_speed
percentage_cost_post_mod	wh3_main_tmb_rite_cost_mod_crafting	wh2_dlc09_ritual_crafting_tmb_enchanted_item_potion_of_strength
percentage_cost_post_mod	wh3_main_tmb_rite_cost_mod_crafting	wh2_dlc09_ritual_crafting_tmb_enchanted_item_potion_of_toughness
percentage_cost_post_mod	wh3_main_tmb_rite_cost_mod_crafting	wh2_dlc09_ritual_crafting_tmb_enchanted_item_shroud_of_sokth
percentage_cost_post_mod	wh3_main_tmb_rite_cost_mod_crafting	wh2_dlc09_ritual_crafting_tmb_enchanted_item_vambraces_of_the_sun
percentage_cost_post_mod	wh3_main_tmb_rite_cost_mod_crafting	wh2_dlc09_ritual_crafting_tmb_necropolis_knights
percentage_cost_post_mod	wh3_main_tmb_rite_cost_mod_crafting	wh2_dlc09_ritual_crafting_tmb_nehekhara_horsemen
percentage_cost_post_mod	wh3_main_tmb_rite_cost_mod_crafting	wh2_dlc09_ritual_crafting_tmb_nehekhara_warriors
percentage_cost_post_mod	wh3_main_tmb_rite_cost_mod_crafting	wh2_dlc09_ritual_crafting_tmb_talisman_amulet_of_pha_stah
percentage_cost_post_mod	wh3_main_tmb_rite_cost_mod_crafting	wh2_dlc09_ritual_crafting_tmb_talisman_collar_of_shakkara
percentage_cost_post_mod	wh3_main_tmb_rite_cost_mod_crafting	wh2_dlc09_ritual_crafting_tmb_talisman_dawnstone
percentage_cost_post_mod	wh3_main_tmb_rite_cost_mod_crafting	wh2_dlc09_ritual_crafting_tmb_talisman_golden_ankhra
percentage_cost_post_mod	wh3_main_tmb_rite_cost_mod_crafting	wh2_dlc09_ritual_crafting_tmb_talisman_golden_eye_of_rah_nutt
percentage_cost_post_mod	wh3_main_tmb_rite_cost_mod_crafting	wh2_dlc09_ritual_crafting_tmb_talisman_obsidian_lodestone
percentage_cost_post_mod	wh3_main_tmb_rite_cost_mod_crafting	wh2_dlc09_ritual_crafting_tmb_weapon_blade_of_antarhak
percentage_cost_post_mod	wh3_main_tmb_rite_cost_mod_crafting	wh2_dlc09_ritual_crafting_tmb_weapon_blade_of_mourning_fire
percentage_cost_post_mod	wh3_main_tmb_rite_cost_mod_crafting	wh2_dlc09_ritual_crafting_tmb_weapon_blade_of_setep
percentage_cost_post_mod	wh3_main_tmb_rite_cost_mod_crafting	wh2_dlc09_ritual_crafting_tmb_weapon_crook_and_flail_of_radiance
percentage_cost_post_mod	wh3_main_tmb_rite_cost_mod_crafting	wh2_dlc09_ritual_crafting_tmb_weapon_destroyer_of_eternities
percentage_cost_post_mod	wh3_main_tmb_rite_cost_mod_crafting	wh2_dlc09_ritual_crafting_tmb_weapon_double_crescent_of_neru
percentage_cost_post_mod	wh3_main_tmb_rite_cost_mod_crafting	wh2_dlc09_ritual_crafting_tmb_weapon_enchanted_lapis_mace
percentage_cost_post_mod	wh3_main_tmb_rite_cost_mod_crafting	wh2_dlc09_ritual_crafting_tmb_weapon_fang_of_quaph
percentage_cost_post_mod	wh3_main_tmb_rite_cost_mod_crafting	wh2_dlc09_ritual_crafting_tmb_weapon_golden_dagger
percentage_cost_post_mod	wh3_main_tmb_rite_cost_mod_crafting	wh2_dlc09_ritual_crafting_tmb_weapon_inscribed_khopesh
percentage_cost_post_mod	wh3_main_tmb_rite_cost_mod_crafting	wh2_dlc09_ritual_crafting_tmb_weapon_spear_of_pakth
percentage_cost_post_mod	wh3_main_tmb_rite_cost_mod_crafting	wh3_main_ritual_crafting_tmb_arcane_item_viziers_kanopi
percentage_cost_post_mod	wh3_main_tmb_rite_cost_mod_crafting	wh3_main_ritual_crafting_tmb_liche_priest_capacity
percentage_cost_post_mod	wh3_main_tmb_rite_cost_mod_crafting	wh3_main_ritual_crafting_tmb_necrotect_capacity
percentage_cost_post_mod	wh3_main_tmb_rite_cost_mod_crafting	wh3_main_ritual_crafting_tmb_prince_capacity
percentage_cost_mod	wh3_main_tmb_rite_cost_mod	wh2_dlc09_ritual_tmb_geheb
percentage_cost_mod	wh3_main_tmb_rite_cost_mod	wh2_dlc09_ritual_tmb_khsar
percentage_cost_mod	wh3_main_tmb_rite_cost_mod	wh2_dlc09_ritual_tmb_ptra
percentage_cost_mod	wh3_main_tmb_rite_cost_mod	wh2_dlc09_ritual_tmb_tahoth
