unit	unit_list
#unit_to_unit_list_junctions_tables;0;db/unit_to_unit_list_junctions_tables/data__	
wh2_dlc09_tmb_art_casket_of_souls_0	wh2_dlc09_tmb_art_casket_of_souls_0
wh2_dlc09_tmb_art_screaming_skull_catapult_0	wh2_dlc09_tmb_art_screaming_skull_catapult_0
wh2_dlc09_tmb_cav_necropolis_knights_0	wh2_dlc09_tmb_cav_necropolis_knights_0
wh2_dlc09_tmb_cav_necropolis_knights_1	wh2_dlc09_tmb_cav_necropolis_knights_1
wh2_dlc09_tmb_cav_necropolis_knights_0	wh2_dlc09_tmb_cav_necropolis_knights
wh2_dlc09_tmb_cav_necropolis_knights_1	wh2_dlc09_tmb_cav_necropolis_knights
wh2_dlc09_tmb_cav_nehekhara_horsemen_0	wh2_dlc09_tmb_cav_nehekhara_horsemen_0
wh2_dlc09_tmb_cav_skeleton_horsemen_0	wh2_dlc09_tmb_cav_skeleton_horsemen_0
wh2_dlc09_tmb_cav_skeleton_horsemen_archers_0	wh2_dlc09_tmb_cav_skeleton_horsemen_archers_0
wh2_dlc09_tmb_cav_nehekhara_horsemen_0	wh2_dlc09_tmb_cav_skeleton_horsemen
wh2_dlc09_tmb_cav_skeleton_horsemen_0	wh2_dlc09_tmb_cav_skeleton_horsemen
wh2_dlc09_tmb_cav_skeleton_horsemen_archers_0	wh2_dlc09_tmb_cav_skeleton_horsemen
wh2_dlc09_tmb_inf_nehekhara_warriors_0	wh2_dlc09_tmb_inf_nehekhara_warriors_0
wh2_dlc09_tmb_inf_skeleton_archers_0	wh2_dlc09_tmb_inf_skeleton_archers_0
wh2_dlc09_tmb_inf_skeleton_spearmen_0	wh2_dlc09_tmb_inf_skeleton_spearmen_0
wh2_dlc09_tmb_inf_skeleton_warriors_0	wh2_dlc09_tmb_inf_skeleton_warriors_0
wh2_dlc09_tmb_inf_tomb_guard_0	wh2_dlc09_tmb_inf_tomb_guard_0
wh2_dlc09_tmb_inf_tomb_guard_1	wh2_dlc09_tmb_inf_tomb_guard_1
wh2_dlc09_tmb_inf_tomb_guard_0	wh2_dlc09_tmb_inf_tomb_guard
wh2_dlc09_tmb_inf_tomb_guard_1	wh2_dlc09_tmb_inf_tomb_guard
wh2_dlc09_tmb_mon_carrion_0	wh2_dlc09_tmb_mon_carrion_0
wh2_dlc09_tmb_mon_heirotitan_0	wh2_dlc09_tmb_mon_heirotitan_0
wh2_dlc09_tmb_mon_morghast_archai	wh2_dlc09_tmb_mon_morghast_archai
wh2_dlc09_tmb_mon_morghast_harbingers	wh2_dlc09_tmb_mon_morghast_harbingers
wh2_dlc09_tmb_mon_necrosphinx_0	wh2_dlc09_tmb_mon_necrosphinx_0
wh2_dlc09_tmb_mon_sepulchral_stalkers_0	wh2_dlc09_tmb_mon_sepulchral_stalkers_0
wh2_dlc09_tmb_mon_tomb_scorpion_0	wh2_dlc09_tmb_mon_tomb_scorpion_0
wh2_dlc09_tmb_mon_ushabti_0	wh2_dlc09_tmb_mon_ushabti_0
wh2_dlc09_tmb_mon_ushabti_1	wh2_dlc09_tmb_mon_ushabti_1
wh2_dlc09_tmb_mon_ushabti_0	wh2_dlc09_tmb_mon_ushabti
wh2_dlc09_tmb_mon_ushabti_1	wh2_dlc09_tmb_mon_ushabti
wh2_dlc09_tmb_veh_khemrian_warsphinx_0	wh2_dlc09_tmb_veh_khemrian_warsphinx_0
wh2_dlc09_tmb_veh_skeleton_archer_chariot_0	wh2_dlc09_tmb_veh_skeleton_archer_chariot_0
wh2_dlc09_tmb_veh_skeleton_chariot_0	wh2_dlc09_tmb_veh_skeleton_chariot_0
wh2_dlc11_cst_art_carronade	wh2_dlc11_cst_art_all
wh2_dlc11_cst_art_mortar	wh2_dlc11_cst_art_all
wh2_dlc11_cst_art_carronade	wh2_dlc11_cst_art_carronade
wh2_dlc11_cst_art_mortar	wh2_dlc11_cst_art_mortar
wh2_dlc11_cst_cav_deck_droppers_0	wh2_dlc11_cst_cav_deck_droppers_0
wh2_dlc11_cst_cav_deck_droppers_1	wh2_dlc11_cst_cav_deck_droppers_1
wh2_dlc11_cst_cav_deck_droppers_2	wh2_dlc11_cst_cav_deck_droppers_2
wh2_dlc11_cst_cav_deck_droppers_0	wh2_dlc11_cst_cav_deck_droppers
wh2_dlc11_cst_cav_deck_droppers_1	wh2_dlc11_cst_cav_deck_droppers
wh2_dlc11_cst_cav_deck_droppers_2	wh2_dlc11_cst_cav_deck_droppers
wh2_dlc11_cst_inf_deck_gunners_0	wh2_dlc11_cst_inf_deck_gunners_0
wh2_dlc11_cst_inf_depth_guard_0	wh2_dlc11_cst_inf_depth_guard_0
wh2_dlc11_cst_inf_depth_guard_1	wh2_dlc11_cst_inf_depth_guard_1
wh2_dlc11_cst_inf_depth_guard_0	wh2_dlc11_cst_inf_depth_guard
wh2_dlc11_cst_inf_depth_guard_1	wh2_dlc11_cst_inf_depth_guard
wh2_dlc11_cst_inf_syreens	wh2_dlc11_cst_inf_syreens
wh2_dlc11_cst_inf_zombie_deckhands_mob_0	wh2_dlc11_cst_inf_zombie_deckhands_mob_0
wh2_dlc11_cst_inf_zombie_deckhands_mob_1	wh2_dlc11_cst_inf_zombie_deckhands_mob_1
wh2_dlc11_cst_inf_zombie_gunnery_mob_0	wh2_dlc11_cst_inf_zombie_gunnery_mob_0
wh2_dlc11_cst_inf_zombie_gunnery_mob_1	wh2_dlc11_cst_inf_zombie_gunnery_mob_1
wh2_dlc11_cst_inf_zombie_gunnery_mob_2	wh2_dlc11_cst_inf_zombie_gunnery_mob_2
wh2_dlc11_cst_inf_zombie_gunnery_mob_3	wh2_dlc11_cst_inf_zombie_gunnery_mob_3
wh2_dlc11_cst_inf_zombie_gunnery_mob_1	wh2_dlc11_cst_inf_zombie_gunnery_mobs
wh2_dlc11_cst_inf_zombie_gunnery_mob_2	wh2_dlc11_cst_inf_zombie_gunnery_mobs
wh2_dlc11_cst_inf_zombie_gunnery_mob_3	wh2_dlc11_cst_inf_zombie_gunnery_mobs
wh2_dlc11_cst_mon_animated_hulks_0	wh2_dlc11_cst_mon_animated_hulks_0
wh2_dlc11_cst_mon_bloated_corpse_0	wh2_dlc11_cst_mon_bloated_corpse_0
wh2_dlc11_cst_mon_mournguls_0	wh2_dlc11_cst_mon_mournguls_0
wh2_dlc11_cst_mon_necrofex_colossus_0	wh2_dlc11_cst_mon_necrofex_colossus_0
wh2_dlc11_cst_mon_rotting_leviathan_0	wh2_dlc11_cst_mon_rotting_leviathan_0
wh2_dlc11_cst_mon_rotting_prometheans_0	wh2_dlc11_cst_mon_rotting_prometheans_0
wh2_dlc11_cst_mon_rotting_prometheans_gunnery_mob_0	wh2_dlc11_cst_mon_rotting_prometheans_gunnery_mob_0
wh2_dlc11_cst_mon_rotting_prometheans_0	wh2_dlc11_cst_mon_rotting_prometheans
wh2_dlc11_cst_mon_rotting_prometheans_gunnery_mob_0	wh2_dlc11_cst_mon_rotting_prometheans
wh2_dlc11_cst_mon_scurvy_dogs	wh2_dlc11_cst_mon_scurvy_dogs
wh2_dlc11_vmp_inf_crossbowmen	wh2_dlc11_vmp_inf_crossbowmen
wh2_dlc11_vmp_inf_handgunners	wh2_dlc11_vmp_inf_handgunners
wh2_dlc11_cst_mon_mournguls_ror_0	wh2_dlc11_vmp_mon_mournguls_ror_0
wh2_dlc10_def_mon_feral_manticore_0	wh2_dlc14_ritual_def_warmaster
wh2_dlc10_def_mon_kharibdyss_0	wh2_dlc14_ritual_def_warmaster
wh2_dlc14_def_cav_scourgerunner_chariot_0	wh2_dlc14_ritual_def_warmaster
wh2_dlc14_def_mon_bloodwrack_medusa_0	wh2_dlc14_ritual_def_warmaster
wh2_main_def_cav_cold_one_knights_0	wh2_dlc14_ritual_def_warmaster
wh2_main_def_cav_cold_one_knights_1	wh2_dlc14_ritual_def_warmaster
wh2_main_def_mon_black_dragon	wh2_dlc14_ritual_def_warmaster
wh2_main_def_mon_war_hydra	wh2_dlc14_ritual_def_warmaster
wh2_dlc11_vmp_inf_crossbowmen	wh2_dlc29_vmp_sylvanian_missile_units
wh2_dlc11_vmp_inf_handgunners	wh2_dlc29_vmp_sylvanian_missile_units
wh2_main_lzd_cav_cold_ones_feral_0	wh2_main_ritual_lzd_primeval_glory
wh2_main_lzd_mon_bastiladon_0	wh2_main_ritual_lzd_primeval_glory
wh2_main_lzd_mon_carnosaur_0	wh2_main_ritual_lzd_primeval_glory
wh2_main_lzd_mon_carnosaur_blessed_0	wh2_main_ritual_lzd_primeval_glory
wh2_main_lzd_mon_stegadon_0	wh2_main_ritual_lzd_primeval_glory
wh2_pro06_tmb_mon_bone_giant_0	wh2_pro06_tmb_mon_bone_giant_0
wh3_main_cth_art_grand_cannon_0	wh3_cp1_cth_bhashiva_artillery
wh3_dlc24_cth_mon_celestial_lion	wh3_cp1_cth_bhashiva_celestial_beasts
wh3_dlc24_cth_mon_great_moon_bird	wh3_cp1_cth_bhashiva_celestial_beasts
wh3_main_cth_mon_terracotta_sentinel_0	wh3_cp1_cth_bhashiva_celestial_machines
wh3_main_cth_veh_sky_junk_0	wh3_cp1_cth_bhashiva_flying_machines
wh3_main_cth_veh_sky_lantern_0	wh3_cp1_cth_bhashiva_flying_machines
wh3_main_cth_inf_crane_gunners_0	wh3_cp1_cth_bhashiva_gunpowder_infantry
wh3_main_cth_inf_iron_hail_gunners_0	wh3_cp1_cth_bhashiva_gunpowder_infantry
wh3_main_cth_inf_jade_warrior_crossbowmen_0	wh3_cp1_cth_bhashiva_jade_archers
wh3_main_cth_inf_jade_warrior_crossbowmen_1	wh3_cp1_cth_bhashiva_jade_archers
wh3_main_cth_cav_jade_lancers_0	wh3_cp1_cth_bhashiva_jade_cavalry
wh3_main_cth_inf_jade_warriors_0	wh3_cp1_cth_bhashiva_jade_infantry
wh3_main_cth_inf_jade_warriors_1	wh3_cp1_cth_bhashiva_jade_infantry
wh3_main_cth_cav_jade_longma_riders_0	wh3_cp1_cth_bhashiva_specialist_cavalry
wh_dlc08_nor_inf_marauder_hunters_0	wh3_dlc20_nor_vassal_army
wh_main_nor_cav_marauder_horsemen_0	wh3_dlc20_nor_vassal_army
wh_main_nor_cav_marauder_horsemen_1	wh3_dlc20_nor_vassal_army
wh_main_nor_inf_chaos_marauders_0	wh3_dlc20_nor_vassal_army
wh_main_nor_inf_chaos_marauders_1	wh3_dlc20_nor_vassal_army
wh_main_nor_mon_chaos_trolls	wh3_dlc20_nor_vassal_army
wh_main_nor_mon_chaos_warhounds_1	wh3_dlc20_nor_vassal_army
wh3_dlc23_chd_mon_bale_taurus	wh3_dlc23_chd_bale_taurus
wh3_dlc23_chd_cav_bull_centaurs_axe	wh3_dlc23_chd_bull_centaurs
wh3_dlc23_chd_cav_bull_centaurs_dual_axe	wh3_dlc23_chd_bull_centaurs
wh3_dlc23_chd_cav_bull_centaurs_greatweapons	wh3_dlc23_chd_bull_centaurs
wh3_dlc23_chd_inf_chaos_dwarf_blunderbusses	wh3_dlc23_chd_chaos_dwarf_blunderbusses
wh3_dlc23_chd_inf_chaos_dwarf_warriors	wh3_dlc23_chd_chaos_dwarf_warriors
wh3_dlc23_chd_inf_chaos_dwarf_warriors_great_weapons	wh3_dlc23_chd_chaos_dwarf_warriors
wh3_dlc23_chd_mon_great_taurus	wh3_dlc23_chd_great_taurus
wh_main_chs_art_hellcannon	wh3_dlc23_chd_hellcannon
wh3_dlc23_chd_inf_infernal_guard_fireglaives	wh3_dlc23_chd_infernal_guard_fireglaives
wh3_dlc23_chd_inf_infernal_guard	wh3_dlc23_chd_infernal_guard
wh3_dlc23_chd_inf_infernal_guard_great_weapons	wh3_dlc23_chd_infernal_guard
wh3_dlc23_chd_inf_infernal_ironsworn	wh3_dlc23_chd_infernal_ironsworn
wh3_dlc23_chd_mon_kdaai_destroyer	wh3_dlc23_chd_kdaai_destroyer
wh3_dlc23_chd_mon_kdaai_fireborn	wh3_dlc23_chd_kdaai_fireborn
wh3_dlc23_chd_mon_lammasu	wh3_dlc23_chd_lammasu
wh3_dlc23_chd_veh_deathshrieker_rocket_launcher	wh3_dlc23_chd_war_machines
wh3_dlc23_chd_veh_dreadquake_mortar	wh3_dlc23_chd_war_machines
wh3_dlc23_chd_veh_iron_daemon	wh3_dlc23_chd_war_machines
wh3_dlc23_chd_veh_iron_daemon_1dreadquake	wh3_dlc23_chd_war_machines
wh3_dlc23_chd_veh_magma_cannon	wh3_dlc23_chd_war_machines
wh3_dlc23_chd_veh_skullcracker	wh3_dlc23_chd_war_machines
wh3_dlc23_chd_veh_skullcracker_1dreadquake	wh3_dlc23_chd_war_machines
wh3_main_cth_cav_peasant_horsemen_0	wh3_dlc24_ritual_cth_mos_steel_settlement_generate_temporary_army
wh3_main_cth_inf_peasant_archers_0	wh3_dlc24_ritual_cth_mos_steel_settlement_generate_temporary_army
wh3_main_cth_inf_peasant_spearmen_1	wh3_dlc24_ritual_cth_mos_steel_settlement_generate_temporary_army
wh2_dlc17_bst_cav_tuskgor_chariot_0	wh3_dlc29_alliance_chaos_bst
wh2_dlc17_bst_cha_doombull_0	wh3_dlc29_alliance_chaos_bst
wh2_dlc17_bst_cha_wargor_0	wh3_dlc29_alliance_chaos_bst
wh2_dlc17_bst_cha_wargor_1	wh3_dlc29_alliance_chaos_bst
wh2_dlc17_bst_cha_wargor_2	wh3_dlc29_alliance_chaos_bst
wh2_dlc17_bst_mon_ghorgon_0	wh3_dlc29_alliance_chaos_bst
wh2_dlc17_bst_mon_jabberslythe_0	wh3_dlc29_alliance_chaos_bst
wh3_dlc24_bst_inf_centigors_great_weapons_mtze	wh3_dlc29_alliance_chaos_bst
wh3_dlc24_bst_inf_tzaangors	wh3_dlc29_alliance_chaos_bst
wh3_dlc24_bst_mon_incarnate_elemental_of_beasts	wh3_dlc29_alliance_chaos_bst
wh3_dlc25_bst_inf_pestigors	wh3_dlc29_alliance_chaos_bst
wh3_dlc26_bst_inf_khorngors	wh3_dlc29_alliance_chaos_bst
wh_dlc03_bst_cav_razorgor_chariot_0	wh3_dlc29_alliance_chaos_bst
wh_dlc03_bst_cha_beastlord_0	wh3_dlc29_alliance_chaos_bst
wh_dlc03_bst_cha_beastlord_1	wh3_dlc29_alliance_chaos_bst
wh_dlc03_bst_cha_bray_shaman_beasts_0	wh3_dlc29_alliance_chaos_bst
wh_dlc03_bst_cha_bray_shaman_beasts_1	wh3_dlc29_alliance_chaos_bst
wh_dlc03_bst_cha_bray_shaman_death_0	wh3_dlc29_alliance_chaos_bst
wh_dlc03_bst_cha_bray_shaman_death_1	wh3_dlc29_alliance_chaos_bst
wh_dlc03_bst_cha_bray_shaman_shadows_0	wh3_dlc29_alliance_chaos_bst
wh_dlc03_bst_cha_bray_shaman_shadows_1	wh3_dlc29_alliance_chaos_bst
wh_dlc03_bst_cha_bray_shaman_wild_0	wh3_dlc29_alliance_chaos_bst
wh_dlc03_bst_cha_bray_shaman_wild_1	wh3_dlc29_alliance_chaos_bst
wh_dlc03_bst_cha_gorebull_0	wh3_dlc29_alliance_chaos_bst
wh_dlc03_bst_feral_manticore	wh3_dlc29_alliance_chaos_bst
wh_dlc03_bst_inf_bestigor_herd_0	wh3_dlc29_alliance_chaos_bst
wh_dlc03_bst_inf_centigors_0	wh3_dlc29_alliance_chaos_bst
wh_dlc03_bst_inf_centigors_1	wh3_dlc29_alliance_chaos_bst
wh_dlc03_bst_inf_centigors_2	wh3_dlc29_alliance_chaos_bst
wh_dlc03_bst_inf_chaos_warhounds_0	wh3_dlc29_alliance_chaos_bst
wh_dlc03_bst_inf_chaos_warhounds_1	wh3_dlc29_alliance_chaos_bst
wh_dlc03_bst_inf_cygor_0	wh3_dlc29_alliance_chaos_bst
wh_dlc03_bst_inf_gor_herd_0	wh3_dlc29_alliance_chaos_bst
wh_dlc03_bst_inf_gor_herd_1	wh3_dlc29_alliance_chaos_bst
wh_dlc03_bst_inf_minotaurs_0	wh3_dlc29_alliance_chaos_bst
wh_dlc03_bst_inf_minotaurs_1	wh3_dlc29_alliance_chaos_bst
wh_dlc03_bst_inf_minotaurs_2	wh3_dlc29_alliance_chaos_bst
wh_dlc03_bst_inf_razorgor_herd_0	wh3_dlc29_alliance_chaos_bst
wh_dlc03_bst_inf_ungor_herd_1	wh3_dlc29_alliance_chaos_bst
wh_dlc03_bst_inf_ungor_raiders_0	wh3_dlc29_alliance_chaos_bst
wh_dlc03_bst_inf_ungor_spearmen_0	wh3_dlc29_alliance_chaos_bst
wh_dlc03_bst_inf_ungor_spearmen_1	wh3_dlc29_alliance_chaos_bst
wh_dlc03_bst_mon_chaos_spawn_0	wh3_dlc29_alliance_chaos_bst
wh_dlc03_bst_mon_giant_0	wh3_dlc29_alliance_chaos_bst
wh_dlc05_bst_mon_harpies_0	wh3_dlc29_alliance_chaos_bst
wh3_dlc23_chd_cav_bull_centaurs_axe	wh3_dlc29_alliance_chaos_chd
wh3_dlc23_chd_cav_bull_centaurs_dual_axe	wh3_dlc29_alliance_chaos_chd
wh3_dlc23_chd_cav_bull_centaurs_greatweapons	wh3_dlc29_alliance_chaos_chd
wh3_dlc23_chd_cav_hobgoblin_wolf_raiders_bows	wh3_dlc29_alliance_chaos_chd
wh3_dlc23_chd_cav_hobgoblin_wolf_raiders_spears	wh3_dlc29_alliance_chaos_chd
wh3_dlc23_chd_cha_bull_centaur_taurruk	wh3_dlc29_alliance_chaos_chd
wh3_dlc23_chd_cha_convoy_overseer	wh3_dlc29_alliance_chaos_chd
wh3_dlc23_chd_cha_daemonsmith_sorcerer_death	wh3_dlc29_alliance_chaos_chd
wh3_dlc23_chd_cha_daemonsmith_sorcerer_death_bale_taurus	wh3_dlc29_alliance_chaos_chd
wh3_dlc23_chd_cha_daemonsmith_sorcerer_death_great_taurus	wh3_dlc29_alliance_chaos_chd
wh3_dlc23_chd_cha_daemonsmith_sorcerer_death_lammasu	wh3_dlc29_alliance_chaos_chd
wh3_dlc23_chd_cha_daemonsmith_sorcerer_fire	wh3_dlc29_alliance_chaos_chd
wh3_dlc23_chd_cha_daemonsmith_sorcerer_fire_bale_taurus	wh3_dlc29_alliance_chaos_chd
wh3_dlc23_chd_cha_daemonsmith_sorcerer_fire_great_taurus	wh3_dlc29_alliance_chaos_chd
wh3_dlc23_chd_cha_daemonsmith_sorcerer_fire_lammasu	wh3_dlc29_alliance_chaos_chd
wh3_dlc23_chd_cha_daemonsmith_sorcerer_hashut	wh3_dlc29_alliance_chaos_chd
wh3_dlc23_chd_cha_daemonsmith_sorcerer_hashut_bale_taurus	wh3_dlc29_alliance_chaos_chd
wh3_dlc23_chd_cha_daemonsmith_sorcerer_hashut_great_taurus	wh3_dlc29_alliance_chaos_chd
wh3_dlc23_chd_cha_daemonsmith_sorcerer_hashut_lammasu	wh3_dlc29_alliance_chaos_chd
wh3_dlc23_chd_cha_daemonsmith_sorcerer_metal	wh3_dlc29_alliance_chaos_chd
wh3_dlc23_chd_cha_daemonsmith_sorcerer_metal_bale_taurus	wh3_dlc29_alliance_chaos_chd
wh3_dlc23_chd_cha_daemonsmith_sorcerer_metal_great_taurus	wh3_dlc29_alliance_chaos_chd
wh3_dlc23_chd_cha_daemonsmith_sorcerer_metal_lammasu	wh3_dlc29_alliance_chaos_chd
wh3_dlc23_chd_cha_infernal_castellan	wh3_dlc29_alliance_chaos_chd
wh3_dlc23_chd_cha_overseer	wh3_dlc29_alliance_chaos_chd
wh3_dlc23_chd_cha_overseer_great_taurus	wh3_dlc29_alliance_chaos_chd
wh3_dlc23_chd_cha_overseer_lammasu	wh3_dlc29_alliance_chaos_chd
wh3_dlc23_chd_cha_sorcerer_prophet_death	wh3_dlc29_alliance_chaos_chd
wh3_dlc23_chd_cha_sorcerer_prophet_death_bale_taurus	wh3_dlc29_alliance_chaos_chd
wh3_dlc23_chd_cha_sorcerer_prophet_death_great_taurus	wh3_dlc29_alliance_chaos_chd
wh3_dlc23_chd_cha_sorcerer_prophet_death_lammasu	wh3_dlc29_alliance_chaos_chd
wh3_dlc23_chd_cha_sorcerer_prophet_fire	wh3_dlc29_alliance_chaos_chd
wh3_dlc23_chd_cha_sorcerer_prophet_fire_bale_taurus	wh3_dlc29_alliance_chaos_chd
wh3_dlc23_chd_cha_sorcerer_prophet_fire_great_taurus	wh3_dlc29_alliance_chaos_chd
wh3_dlc23_chd_cha_sorcerer_prophet_fire_lammasu	wh3_dlc29_alliance_chaos_chd
wh3_dlc23_chd_cha_sorcerer_prophet_hashut	wh3_dlc29_alliance_chaos_chd
wh3_dlc23_chd_cha_sorcerer_prophet_hashut_bale_taurus	wh3_dlc29_alliance_chaos_chd
wh3_dlc23_chd_cha_sorcerer_prophet_hashut_great_taurus	wh3_dlc29_alliance_chaos_chd
wh3_dlc23_chd_cha_sorcerer_prophet_hashut_lammasu	wh3_dlc29_alliance_chaos_chd
wh3_dlc23_chd_cha_sorcerer_prophet_metal	wh3_dlc29_alliance_chaos_chd
wh3_dlc23_chd_cha_sorcerer_prophet_metal_bale_taurus	wh3_dlc29_alliance_chaos_chd
wh3_dlc23_chd_cha_sorcerer_prophet_metal_great_taurus	wh3_dlc29_alliance_chaos_chd
wh3_dlc23_chd_cha_sorcerer_prophet_metal_lammasu	wh3_dlc29_alliance_chaos_chd
wh3_dlc23_chd_inf_chaos_dwarf_blunderbusses	wh3_dlc29_alliance_chaos_chd
wh3_dlc23_chd_inf_chaos_dwarf_warriors	wh3_dlc29_alliance_chaos_chd
wh3_dlc23_chd_inf_chaos_dwarf_warriors_great_weapons	wh3_dlc29_alliance_chaos_chd
wh3_dlc23_chd_inf_goblin_labourers	wh3_dlc29_alliance_chaos_chd
wh3_dlc23_chd_inf_hobgoblin_archers	wh3_dlc29_alliance_chaos_chd
wh3_dlc23_chd_inf_hobgoblin_cutthroats	wh3_dlc29_alliance_chaos_chd
wh3_dlc23_chd_inf_hobgoblin_sneaky_gits	wh3_dlc29_alliance_chaos_chd
wh3_dlc23_chd_inf_infernal_guard	wh3_dlc29_alliance_chaos_chd
wh3_dlc23_chd_inf_infernal_guard_fireglaives	wh3_dlc29_alliance_chaos_chd
wh3_dlc23_chd_inf_infernal_guard_great_weapons	wh3_dlc29_alliance_chaos_chd
wh3_dlc23_chd_inf_infernal_ironsworn	wh3_dlc29_alliance_chaos_chd
wh3_dlc23_chd_inf_orc_labourers	wh3_dlc29_alliance_chaos_chd
wh3_dlc23_chd_mon_bale_taurus	wh3_dlc29_alliance_chaos_chd
wh3_dlc23_chd_mon_great_taurus	wh3_dlc29_alliance_chaos_chd
wh3_dlc23_chd_mon_kdaai_destroyer	wh3_dlc29_alliance_chaos_chd
wh3_dlc23_chd_mon_kdaai_fireborn	wh3_dlc29_alliance_chaos_chd
wh3_dlc23_chd_mon_lammasu	wh3_dlc29_alliance_chaos_chd
wh3_dlc23_chd_veh_deathshrieker_rocket_launcher	wh3_dlc29_alliance_chaos_chd
wh3_dlc23_chd_veh_dreadquake_mortar	wh3_dlc29_alliance_chaos_chd
wh3_dlc23_chd_veh_iron_daemon	wh3_dlc29_alliance_chaos_chd
wh3_dlc23_chd_veh_iron_daemon_1dreadquake	wh3_dlc29_alliance_chaos_chd
wh3_dlc23_chd_veh_magma_cannon	wh3_dlc29_alliance_chaos_chd
wh3_dlc23_chd_veh_skullcracker	wh3_dlc29_alliance_chaos_chd
wh3_dlc23_chd_veh_skullcracker_1dreadquake	wh3_dlc29_alliance_chaos_chd
wh3_dlc29_chd_mon_chaos_siege_giant	wh3_dlc29_alliance_chaos_chd
wh_dlc08_nor_art_hellcannon_battery	wh3_dlc29_alliance_chaos_chd
wh_main_chs_art_hellcannon	wh3_dlc29_alliance_chaos_chd
wh3_dlc20_chs_cav_chaos_chariot_mkho	wh3_dlc29_alliance_chaos_chs
wh3_dlc20_chs_cav_chaos_chariot_mnur	wh3_dlc29_alliance_chaos_chs
wh3_dlc20_chs_cav_chaos_chariot_msla	wh3_dlc29_alliance_chaos_chs
wh3_dlc20_chs_cav_chaos_chariot_mtze	wh3_dlc29_alliance_chaos_chs
wh3_dlc20_chs_cav_chaos_knights_mkho	wh3_dlc29_alliance_chaos_chs
wh3_dlc20_chs_cav_chaos_knights_mkho_lances	wh3_dlc29_alliance_chaos_chs
wh3_dlc20_chs_cav_chaos_knights_mnur	wh3_dlc29_alliance_chaos_chs
wh3_dlc20_chs_cav_chaos_knights_mnur_lances	wh3_dlc29_alliance_chaos_chs
wh3_dlc20_chs_cav_chaos_knights_msla	wh3_dlc29_alliance_chaos_chs
wh3_dlc20_chs_cav_chaos_knights_msla_lances	wh3_dlc29_alliance_chaos_chs
wh3_dlc20_chs_cav_chaos_knights_mtze_lances	wh3_dlc29_alliance_chaos_chs
wh3_dlc20_chs_cav_marauder_horsemen_mkho_throwing_axes	wh3_dlc29_alliance_chaos_chs
wh3_dlc20_chs_cav_marauder_horsemen_mnur_throwing_axes	wh3_dlc29_alliance_chaos_chs
wh3_dlc20_chs_cav_marauder_horsemen_msla_javelins	wh3_dlc29_alliance_chaos_chs
wh3_dlc20_chs_cav_marauder_horsemen_mtze_javelins	wh3_dlc29_alliance_chaos_chs
wh3_dlc20_chs_inf_chaos_marauders_mkho	wh3_dlc29_alliance_chaos_chs
wh3_dlc20_chs_inf_chaos_marauders_mkho_dualweapons	wh3_dlc29_alliance_chaos_chs
wh3_dlc20_chs_inf_chaos_marauders_mnur	wh3_dlc29_alliance_chaos_chs
wh3_dlc20_chs_inf_chaos_marauders_mnur_greatweapons	wh3_dlc29_alliance_chaos_chs
wh3_dlc20_chs_inf_chaos_marauders_msla	wh3_dlc29_alliance_chaos_chs
wh3_dlc20_chs_inf_chaos_marauders_msla_hellscourges	wh3_dlc29_alliance_chaos_chs
wh3_dlc20_chs_inf_chaos_marauders_mtze	wh3_dlc29_alliance_chaos_chs
wh3_dlc20_chs_inf_chaos_marauders_mtze_spears	wh3_dlc29_alliance_chaos_chs
wh3_dlc20_chs_inf_chaos_warriors_mnur	wh3_dlc29_alliance_chaos_chs
wh3_dlc20_chs_inf_chaos_warriors_mnur_greatweapons	wh3_dlc29_alliance_chaos_chs
wh3_dlc20_chs_inf_chaos_warriors_msla	wh3_dlc29_alliance_chaos_chs
wh3_dlc20_chs_inf_chaos_warriors_msla_hellscourges	wh3_dlc29_alliance_chaos_chs
wh3_dlc20_chs_inf_chaos_warriors_mtze	wh3_dlc29_alliance_chaos_chs
wh3_dlc20_chs_inf_chaos_warriors_mtze_halberds	wh3_dlc29_alliance_chaos_chs
wh3_dlc20_chs_inf_chosen_mkho	wh3_dlc29_alliance_chaos_chs
wh3_dlc20_chs_inf_chosen_mkho_dualweapons	wh3_dlc29_alliance_chaos_chs
wh3_dlc20_chs_inf_chosen_mnur	wh3_dlc29_alliance_chaos_chs
wh3_dlc20_chs_inf_chosen_mnur_greatweapons	wh3_dlc29_alliance_chaos_chs
wh3_dlc20_chs_inf_chosen_msla	wh3_dlc29_alliance_chaos_chs
wh3_dlc20_chs_inf_chosen_msla_hellscourges	wh3_dlc29_alliance_chaos_chs
wh3_dlc20_chs_inf_chosen_mtze	wh3_dlc29_alliance_chaos_chs
wh3_dlc20_chs_inf_chosen_mtze_halberds	wh3_dlc29_alliance_chaos_chs
wh3_dlc20_chs_inf_forsaken_mkho	wh3_dlc29_alliance_chaos_chs
wh3_dlc20_chs_inf_forsaken_msla	wh3_dlc29_alliance_chaos_chs
wh3_dlc20_chs_mon_warshrine	wh3_dlc29_alliance_chaos_chs
wh3_dlc20_chs_mon_warshrine_mkho	wh3_dlc29_alliance_chaos_chs
wh3_dlc20_chs_mon_warshrine_mnur	wh3_dlc29_alliance_chaos_chs
wh3_dlc20_chs_mon_warshrine_msla	wh3_dlc29_alliance_chaos_chs
wh3_dlc20_chs_mon_warshrine_mtze	wh3_dlc29_alliance_chaos_chs
wh3_dlc29_chs_mon_basilisk	wh3_dlc29_alliance_chaos_chs
wh3_dlc29_chs_mon_chaos_siege_giant	wh3_dlc29_alliance_chaos_chs
wh_dlc01_chs_cav_gorebeast_chariot	wh3_dlc29_alliance_chaos_chs
wh_dlc01_chs_cha_chaos_lord_10	wh3_dlc29_alliance_chaos_chs
wh_dlc01_chs_cha_chaos_lord_2	wh3_dlc29_alliance_chaos_chs
wh_dlc01_chs_cha_chaos_lord_9	wh3_dlc29_alliance_chaos_chs
wh_dlc01_chs_cha_chaos_sorcerer_death_8	wh3_dlc29_alliance_chaos_chs
wh_dlc01_chs_cha_chaos_sorcerer_fire_8	wh3_dlc29_alliance_chaos_chs
wh_dlc01_chs_cha_chaos_sorcerer_lord_death_0	wh3_dlc29_alliance_chaos_chs
wh_dlc01_chs_cha_chaos_sorcerer_lord_death_10	wh3_dlc29_alliance_chaos_chs
wh_dlc01_chs_cha_chaos_sorcerer_lord_death_12	wh3_dlc29_alliance_chaos_chs
wh_dlc01_chs_cha_chaos_sorcerer_lord_death_13	wh3_dlc29_alliance_chaos_chs
wh_dlc01_chs_cha_chaos_sorcerer_lord_death_7	wh3_dlc29_alliance_chaos_chs
wh_dlc01_chs_cha_chaos_sorcerer_lord_death_8	wh3_dlc29_alliance_chaos_chs
wh_dlc01_chs_cha_chaos_sorcerer_lord_death_9	wh3_dlc29_alliance_chaos_chs
wh_dlc01_chs_cha_chaos_sorcerer_lord_fire_0	wh3_dlc29_alliance_chaos_chs
wh_dlc01_chs_cha_chaos_sorcerer_lord_fire_10	wh3_dlc29_alliance_chaos_chs
wh_dlc01_chs_cha_chaos_sorcerer_lord_fire_12	wh3_dlc29_alliance_chaos_chs
wh_dlc01_chs_cha_chaos_sorcerer_lord_fire_13	wh3_dlc29_alliance_chaos_chs
wh_dlc01_chs_cha_chaos_sorcerer_lord_fire_7	wh3_dlc29_alliance_chaos_chs
wh_dlc01_chs_cha_chaos_sorcerer_lord_fire_8	wh3_dlc29_alliance_chaos_chs
wh_dlc01_chs_cha_chaos_sorcerer_lord_fire_9	wh3_dlc29_alliance_chaos_chs
wh_dlc01_chs_cha_chaos_sorcerer_lord_metal_0	wh3_dlc29_alliance_chaos_chs
wh_dlc01_chs_cha_chaos_sorcerer_lord_metal_10	wh3_dlc29_alliance_chaos_chs
wh_dlc01_chs_cha_chaos_sorcerer_lord_metal_12	wh3_dlc29_alliance_chaos_chs
wh_dlc01_chs_cha_chaos_sorcerer_lord_metal_13	wh3_dlc29_alliance_chaos_chs
wh_dlc01_chs_cha_chaos_sorcerer_lord_metal_7	wh3_dlc29_alliance_chaos_chs
wh_dlc01_chs_cha_chaos_sorcerer_lord_metal_8	wh3_dlc29_alliance_chaos_chs
wh_dlc01_chs_cha_chaos_sorcerer_lord_metal_9	wh3_dlc29_alliance_chaos_chs
wh_dlc01_chs_cha_chaos_sorcerer_lord_shadows_0	wh3_dlc29_alliance_chaos_chs
wh_dlc01_chs_cha_chaos_sorcerer_lord_shadows_1	wh3_dlc29_alliance_chaos_chs
wh_dlc01_chs_cha_chaos_sorcerer_lord_shadows_2	wh3_dlc29_alliance_chaos_chs
wh_dlc01_chs_cha_chaos_sorcerer_lord_shadows_3	wh3_dlc29_alliance_chaos_chs
wh_dlc01_chs_cha_chaos_sorcerer_lord_shadows_4	wh3_dlc29_alliance_chaos_chs
wh_dlc01_chs_cha_chaos_sorcerer_metal_8	wh3_dlc29_alliance_chaos_chs
wh_dlc01_chs_cha_chaos_sorcerer_shadows_0	wh3_dlc29_alliance_chaos_chs
wh_dlc01_chs_cha_chaos_sorcerer_shadows_1	wh3_dlc29_alliance_chaos_chs
wh_dlc01_chs_cha_chaos_sorcerer_shadows_2	wh3_dlc29_alliance_chaos_chs
wh_dlc01_chs_cha_exalted_hero_10	wh3_dlc29_alliance_chaos_chs
wh_dlc01_chs_cha_exalted_hero_8	wh3_dlc29_alliance_chaos_chs
wh_dlc01_chs_inf_chaos_warriors_2	wh3_dlc29_alliance_chaos_chs
wh_dlc01_chs_inf_chosen_2	wh3_dlc29_alliance_chaos_chs
wh_dlc01_chs_inf_forsaken_0	wh3_dlc29_alliance_chaos_chs
wh_dlc01_chs_mon_dragon_ogre	wh3_dlc29_alliance_chaos_chs
wh_dlc01_chs_mon_dragon_ogre_shaggoth	wh3_dlc29_alliance_chaos_chs
wh_dlc01_chs_mon_trolls_1	wh3_dlc29_alliance_chaos_chs
wh_dlc06_chs_cav_marauder_horsemasters_0	wh3_dlc29_alliance_chaos_chs
wh_dlc06_chs_feral_manticore	wh3_dlc29_alliance_chaos_chs
wh_dlc06_chs_inf_aspiring_champions_0	wh3_dlc29_alliance_chaos_chs
wh_main_chs_art_hellcannon	wh3_dlc29_alliance_chaos_chs
wh_main_chs_cav_chaos_chariot	wh3_dlc29_alliance_chaos_chs
wh_main_chs_cav_chaos_knights_0	wh3_dlc29_alliance_chaos_chs
wh_main_chs_cav_chaos_knights_1	wh3_dlc29_alliance_chaos_chs
wh_main_chs_cav_marauder_horsemen_0	wh3_dlc29_alliance_chaos_chs
wh_main_chs_cav_marauder_horsemen_1	wh3_dlc29_alliance_chaos_chs
wh_main_chs_cha_chaos_lord_0	wh3_dlc29_alliance_chaos_chs
wh_main_chs_cha_chaos_lord_11	wh3_dlc29_alliance_chaos_chs
wh_main_chs_cha_chaos_lord_12	wh3_dlc29_alliance_chaos_chs
wh_main_chs_cha_chaos_lord_8	wh3_dlc29_alliance_chaos_chs
wh_main_chs_cha_chaos_sorcerer_death_0	wh3_dlc29_alliance_chaos_chs
wh_main_chs_cha_chaos_sorcerer_death_10	wh3_dlc29_alliance_chaos_chs
wh_main_chs_cha_chaos_sorcerer_death_11	wh3_dlc29_alliance_chaos_chs
wh_main_chs_cha_chaos_sorcerer_death_7	wh3_dlc29_alliance_chaos_chs
wh_main_chs_cha_chaos_sorcerer_fire_0	wh3_dlc29_alliance_chaos_chs
wh_main_chs_cha_chaos_sorcerer_fire_10	wh3_dlc29_alliance_chaos_chs
wh_main_chs_cha_chaos_sorcerer_fire_11	wh3_dlc29_alliance_chaos_chs
wh_main_chs_cha_chaos_sorcerer_fire_7	wh3_dlc29_alliance_chaos_chs
wh_main_chs_cha_chaos_sorcerer_metal_0	wh3_dlc29_alliance_chaos_chs
wh_main_chs_cha_chaos_sorcerer_metal_10	wh3_dlc29_alliance_chaos_chs
wh_main_chs_cha_chaos_sorcerer_metal_11	wh3_dlc29_alliance_chaos_chs
wh_main_chs_cha_chaos_sorcerer_metal_7	wh3_dlc29_alliance_chaos_chs
wh_main_chs_cha_exalted_hero_0	wh3_dlc29_alliance_chaos_chs
wh_main_chs_cha_exalted_hero_12	wh3_dlc29_alliance_chaos_chs
wh_main_chs_cha_exalted_hero_13	wh3_dlc29_alliance_chaos_chs
wh_main_chs_cha_exalted_hero_7	wh3_dlc29_alliance_chaos_chs
wh_main_chs_cha_lord_of_change_0	wh3_dlc29_alliance_chaos_chs
wh_main_chs_inf_chaos_marauders_0	wh3_dlc29_alliance_chaos_chs
wh_main_chs_inf_chaos_marauders_1	wh3_dlc29_alliance_chaos_chs
wh_main_chs_inf_chaos_warriors_0	wh3_dlc29_alliance_chaos_chs
wh_main_chs_inf_chaos_warriors_1	wh3_dlc29_alliance_chaos_chs
wh_main_chs_inf_chosen_0	wh3_dlc29_alliance_chaos_chs
wh_main_chs_inf_chosen_1	wh3_dlc29_alliance_chaos_chs
wh_main_chs_mon_chaos_spawn	wh3_dlc29_alliance_chaos_chs
wh_main_chs_mon_chaos_warhounds_0	wh3_dlc29_alliance_chaos_chs
wh_main_chs_mon_chaos_warhounds_1	wh3_dlc29_alliance_chaos_chs
wh_main_chs_mon_giant	wh3_dlc29_alliance_chaos_chs
wh_main_chs_mon_trolls	wh3_dlc29_alliance_chaos_chs
wh3_dlc24_tze_inf_centigors_great_weapons	wh3_dlc29_alliance_chaos_dae
wh3_dlc24_tze_inf_tzaangors	wh3_dlc29_alliance_chaos_dae
wh3_dlc24_tze_mon_cockatrice	wh3_dlc29_alliance_chaos_dae
wh3_dlc24_tze_mon_flamers_changebringers	wh3_dlc29_alliance_chaos_dae
wh3_dlc24_tze_mon_mutalith_vortex_beast	wh3_dlc29_alliance_chaos_dae
wh3_dlc25_nur_cav_rot_knights	wh3_dlc29_alliance_chaos_dae
wh3_dlc25_nur_inf_pestigors	wh3_dlc29_alliance_chaos_dae
wh3_dlc25_nur_inf_plague_ogres	wh3_dlc29_alliance_chaos_dae
wh3_dlc25_nur_inf_plague_ogres_great_weapons	wh3_dlc29_alliance_chaos_dae
wh3_dlc25_nur_mon_bile_trolls	wh3_dlc29_alliance_chaos_dae
wh3_dlc25_nur_mon_toad_dragon	wh3_dlc29_alliance_chaos_dae
wh3_dlc26_kho_inf_khorngors	wh3_dlc29_alliance_chaos_dae
wh3_dlc26_kho_inf_skullreapers	wh3_dlc29_alliance_chaos_dae
wh3_dlc26_kho_inf_wrathmongers	wh3_dlc29_alliance_chaos_dae
wh3_dlc26_kho_mon_bloodbeast_of_khorne	wh3_dlc29_alliance_chaos_dae
wh3_dlc26_kho_mon_slaughterbrute	wh3_dlc29_alliance_chaos_dae
wh3_main_dae_inf_chaos_furies_0	wh3_dlc29_alliance_chaos_dae
wh3_main_kho_cav_bloodcrushers_0	wh3_dlc29_alliance_chaos_dae
wh3_main_kho_cav_gorebeast_chariot	wh3_dlc29_alliance_chaos_dae
wh3_main_kho_cav_skullcrushers_0	wh3_dlc29_alliance_chaos_dae
wh3_main_kho_cha_bloodreaper_0	wh3_dlc29_alliance_chaos_dae
wh3_main_kho_cha_herald_of_khorne_0	wh3_dlc29_alliance_chaos_dae
wh3_main_kho_inf_bloodletters_0	wh3_dlc29_alliance_chaos_dae
wh3_main_kho_inf_bloodletters_1	wh3_dlc29_alliance_chaos_dae
wh3_main_kho_inf_chaos_furies_0	wh3_dlc29_alliance_chaos_dae
wh3_main_kho_inf_chaos_warhounds_0	wh3_dlc29_alliance_chaos_dae
wh3_main_kho_inf_chaos_warriors_0	wh3_dlc29_alliance_chaos_dae
wh3_main_kho_inf_chaos_warriors_1	wh3_dlc29_alliance_chaos_dae
wh3_main_kho_inf_chaos_warriors_2	wh3_dlc29_alliance_chaos_dae
wh3_main_kho_inf_flesh_hounds_of_khorne_0	wh3_dlc29_alliance_chaos_dae
wh3_main_kho_mon_bloodthirster_0	wh3_dlc29_alliance_chaos_dae
wh3_main_kho_mon_khornataurs_0	wh3_dlc29_alliance_chaos_dae
wh3_main_kho_mon_khornataurs_1	wh3_dlc29_alliance_chaos_dae
wh3_main_kho_mon_soul_grinder_0	wh3_dlc29_alliance_chaos_dae
wh3_main_kho_mon_spawn_of_khorne_0	wh3_dlc29_alliance_chaos_dae
wh3_main_kho_veh_blood_shrine_0	wh3_dlc29_alliance_chaos_dae
wh3_main_kho_veh_skullcannon_0	wh3_dlc29_alliance_chaos_dae
wh3_main_nur_cav_plague_drones_0	wh3_dlc29_alliance_chaos_dae
wh3_main_nur_cav_plague_drones_1	wh3_dlc29_alliance_chaos_dae
wh3_main_nur_cav_pox_riders_of_nurgle_0	wh3_dlc29_alliance_chaos_dae
wh3_main_nur_cha_cultist_0	wh3_dlc29_alliance_chaos_dae
wh3_main_nur_cha_cultist_1	wh3_dlc29_alliance_chaos_dae
wh3_main_nur_cha_exalted_great_unclean_one_death_0	wh3_dlc29_alliance_chaos_dae
wh3_main_nur_cha_exalted_great_unclean_one_nurgle_0	wh3_dlc29_alliance_chaos_dae
wh3_main_nur_cha_herald_of_nurgle_death_0	wh3_dlc29_alliance_chaos_dae
wh3_main_nur_cha_herald_of_nurgle_death_1	wh3_dlc29_alliance_chaos_dae
wh3_main_nur_cha_herald_of_nurgle_death_2	wh3_dlc29_alliance_chaos_dae
wh3_main_nur_cha_herald_of_nurgle_nurgle_0	wh3_dlc29_alliance_chaos_dae
wh3_main_nur_cha_herald_of_nurgle_nurgle_1	wh3_dlc29_alliance_chaos_dae
wh3_main_nur_cha_herald_of_nurgle_nurgle_2	wh3_dlc29_alliance_chaos_dae
wh3_main_nur_cha_plagueridden_death_0	wh3_dlc29_alliance_chaos_dae
wh3_main_nur_cha_plagueridden_death_1	wh3_dlc29_alliance_chaos_dae
wh3_main_nur_cha_plagueridden_death_2	wh3_dlc29_alliance_chaos_dae
wh3_main_nur_cha_plagueridden_nurgle_0	wh3_dlc29_alliance_chaos_dae
wh3_main_nur_cha_plagueridden_nurgle_1	wh3_dlc29_alliance_chaos_dae
wh3_main_nur_cha_plagueridden_nurgle_2	wh3_dlc29_alliance_chaos_dae
wh3_main_nur_inf_chaos_furies_0	wh3_dlc29_alliance_chaos_dae
wh3_main_nur_inf_forsaken_0	wh3_dlc29_alliance_chaos_dae
wh3_main_nur_inf_nurglings_0	wh3_dlc29_alliance_chaos_dae
wh3_main_nur_inf_plaguebearers_0	wh3_dlc29_alliance_chaos_dae
wh3_main_nur_inf_plaguebearers_1	wh3_dlc29_alliance_chaos_dae
wh3_main_nur_mon_beast_of_nurgle_0	wh3_dlc29_alliance_chaos_dae
wh3_main_nur_mon_great_unclean_one_0	wh3_dlc29_alliance_chaos_dae
wh3_main_nur_mon_plague_toads_0	wh3_dlc29_alliance_chaos_dae
wh3_main_nur_mon_rot_flies_0	wh3_dlc29_alliance_chaos_dae
wh3_main_nur_mon_soul_grinder_0	wh3_dlc29_alliance_chaos_dae
wh3_main_nur_mon_spawn_of_nurgle_0	wh3_dlc29_alliance_chaos_dae
wh3_main_sla_cav_heartseekers_of_slaanesh_0	wh3_dlc29_alliance_chaos_dae
wh3_main_sla_cav_hellstriders_0	wh3_dlc29_alliance_chaos_dae
wh3_main_sla_cav_hellstriders_1	wh3_dlc29_alliance_chaos_dae
wh3_main_sla_cav_seekers_of_slaanesh_0	wh3_dlc29_alliance_chaos_dae
wh3_main_sla_cha_alluress_shadow_0	wh3_dlc29_alliance_chaos_dae
wh3_main_sla_cha_alluress_shadow_1	wh3_dlc29_alliance_chaos_dae
wh3_main_sla_cha_alluress_shadow_2	wh3_dlc29_alliance_chaos_dae
wh3_main_sla_cha_alluress_shadow_3	wh3_dlc29_alliance_chaos_dae
wh3_main_sla_cha_alluress_slaanesh_0	wh3_dlc29_alliance_chaos_dae
wh3_main_sla_cha_alluress_slaanesh_1	wh3_dlc29_alliance_chaos_dae
wh3_main_sla_cha_alluress_slaanesh_2	wh3_dlc29_alliance_chaos_dae
wh3_main_sla_cha_alluress_slaanesh_3	wh3_dlc29_alliance_chaos_dae
wh3_main_sla_cha_cultist_0	wh3_dlc29_alliance_chaos_dae
wh3_main_sla_cha_cultist_1	wh3_dlc29_alliance_chaos_dae
wh3_main_sla_cha_exalted_keeper_of_secrets_shadow_0	wh3_dlc29_alliance_chaos_dae
wh3_main_sla_cha_exalted_keeper_of_secrets_slaanesh_0	wh3_dlc29_alliance_chaos_dae
wh3_main_sla_cha_herald_of_slaanesh_shadow_0	wh3_dlc29_alliance_chaos_dae
wh3_main_sla_cha_herald_of_slaanesh_shadow_1	wh3_dlc29_alliance_chaos_dae
wh3_main_sla_cha_herald_of_slaanesh_shadow_2	wh3_dlc29_alliance_chaos_dae
wh3_main_sla_cha_herald_of_slaanesh_shadow_3	wh3_dlc29_alliance_chaos_dae
wh3_main_sla_cha_herald_of_slaanesh_slaanesh_0	wh3_dlc29_alliance_chaos_dae
wh3_main_sla_cha_herald_of_slaanesh_slaanesh_1	wh3_dlc29_alliance_chaos_dae
wh3_main_sla_cha_herald_of_slaanesh_slaanesh_2	wh3_dlc29_alliance_chaos_dae
wh3_main_sla_cha_herald_of_slaanesh_slaanesh_3	wh3_dlc29_alliance_chaos_dae
wh3_main_sla_inf_chaos_furies_0	wh3_dlc29_alliance_chaos_dae
wh3_main_sla_inf_daemonette_0	wh3_dlc29_alliance_chaos_dae
wh3_main_sla_inf_daemonette_1	wh3_dlc29_alliance_chaos_dae
wh3_main_sla_inf_marauders_0	wh3_dlc29_alliance_chaos_dae
wh3_main_sla_inf_marauders_1	wh3_dlc29_alliance_chaos_dae
wh3_main_sla_inf_marauders_2	wh3_dlc29_alliance_chaos_dae
wh3_main_sla_mon_fiends_of_slaanesh_0	wh3_dlc29_alliance_chaos_dae
wh3_main_sla_mon_keeper_of_secrets_0	wh3_dlc29_alliance_chaos_dae
wh3_main_sla_mon_soul_grinder_0	wh3_dlc29_alliance_chaos_dae
wh3_main_sla_mon_spawn_of_slaanesh_0	wh3_dlc29_alliance_chaos_dae
wh3_main_sla_veh_exalted_seeker_chariot_0	wh3_dlc29_alliance_chaos_dae
wh3_main_sla_veh_hellflayer_0	wh3_dlc29_alliance_chaos_dae
wh3_main_sla_veh_seeker_chariot_0	wh3_dlc29_alliance_chaos_dae
wh3_main_tze_cav_chaos_knights_0	wh3_dlc29_alliance_chaos_dae
wh3_main_tze_cav_doom_knights_0	wh3_dlc29_alliance_chaos_dae
wh3_main_tze_cha_cultist_0	wh3_dlc29_alliance_chaos_dae
wh3_main_tze_cha_cultist_1	wh3_dlc29_alliance_chaos_dae
wh3_main_tze_cha_exalted_lord_of_change_metal_0	wh3_dlc29_alliance_chaos_dae
wh3_main_tze_cha_exalted_lord_of_change_tzeentch_0	wh3_dlc29_alliance_chaos_dae
wh3_main_tze_cha_herald_of_tzeentch_metal_0	wh3_dlc29_alliance_chaos_dae
wh3_main_tze_cha_herald_of_tzeentch_metal_1	wh3_dlc29_alliance_chaos_dae
wh3_main_tze_cha_herald_of_tzeentch_metal_2	wh3_dlc29_alliance_chaos_dae
wh3_main_tze_cha_herald_of_tzeentch_tzeentch_0	wh3_dlc29_alliance_chaos_dae
wh3_main_tze_cha_herald_of_tzeentch_tzeentch_1	wh3_dlc29_alliance_chaos_dae
wh3_main_tze_cha_herald_of_tzeentch_tzeentch_2	wh3_dlc29_alliance_chaos_dae
wh3_main_tze_cha_iridescent_horror_metal_0	wh3_dlc29_alliance_chaos_dae
wh3_main_tze_cha_iridescent_horror_metal_1	wh3_dlc29_alliance_chaos_dae
wh3_main_tze_cha_iridescent_horror_metal_2	wh3_dlc29_alliance_chaos_dae
wh3_main_tze_cha_iridescent_horror_tzeentch_0	wh3_dlc29_alliance_chaos_dae
wh3_main_tze_cha_iridescent_horror_tzeentch_1	wh3_dlc29_alliance_chaos_dae
wh3_main_tze_cha_iridescent_horror_tzeentch_2	wh3_dlc29_alliance_chaos_dae
wh3_main_tze_cha_kairos_fateweaver_0	wh3_dlc29_alliance_chaos_dae
wh3_main_tze_inf_blue_horrors_0	wh3_dlc29_alliance_chaos_dae
wh3_main_tze_inf_chaos_furies_0	wh3_dlc29_alliance_chaos_dae
wh3_main_tze_inf_forsaken_0	wh3_dlc29_alliance_chaos_dae
wh3_main_tze_inf_pink_horrors_0	wh3_dlc29_alliance_chaos_dae
wh3_main_tze_inf_pink_horrors_1	wh3_dlc29_alliance_chaos_dae
wh3_main_tze_mon_exalted_flamers_0	wh3_dlc29_alliance_chaos_dae
wh3_main_tze_mon_flamers_0	wh3_dlc29_alliance_chaos_dae
wh3_main_tze_mon_lord_of_change_0	wh3_dlc29_alliance_chaos_dae
wh3_main_tze_mon_screamers_0	wh3_dlc29_alliance_chaos_dae
wh3_main_tze_mon_soul_grinder_0	wh3_dlc29_alliance_chaos_dae
wh3_main_tze_mon_spawn_of_tzeentch_0	wh3_dlc29_alliance_chaos_dae
wh3_main_tze_veh_burning_chariot_0	wh3_dlc29_alliance_chaos_dae
wh3_dlc20_chs_cav_chaos_chariot_mkho	wh3_dlc29_alliance_chaos_kho
wh3_dlc20_chs_cav_chaos_knights_mkho	wh3_dlc29_alliance_chaos_kho
wh3_dlc20_chs_cav_chaos_knights_mkho_lances	wh3_dlc29_alliance_chaos_kho
wh3_dlc20_chs_cav_marauder_horsemen_mkho_throwing_axes	wh3_dlc29_alliance_chaos_kho
wh3_dlc20_chs_inf_chaos_marauders_mkho	wh3_dlc29_alliance_chaos_kho
wh3_dlc20_chs_inf_chaos_marauders_mkho_dualweapons	wh3_dlc29_alliance_chaos_kho
wh3_dlc20_chs_inf_chosen_mkho	wh3_dlc29_alliance_chaos_kho
wh3_dlc20_chs_inf_chosen_mkho_dualweapons	wh3_dlc29_alliance_chaos_kho
wh3_dlc20_chs_inf_forsaken_mkho	wh3_dlc29_alliance_chaos_kho
wh3_dlc20_chs_mon_warshrine_mkho	wh3_dlc29_alliance_chaos_kho
wh3_dlc26_kho_cha_bloodspeaker	wh3_dlc29_alliance_chaos_kho
wh3_dlc26_kho_cha_bloodspeaker_chaos_steed	wh3_dlc29_alliance_chaos_kho
wh3_dlc26_kho_cha_bloodspeaker_warshrine	wh3_dlc29_alliance_chaos_kho
wh3_dlc26_kho_inf_khorngors	wh3_dlc29_alliance_chaos_kho
wh3_dlc26_kho_inf_skullreapers	wh3_dlc29_alliance_chaos_kho
wh3_dlc26_kho_inf_wrathmongers	wh3_dlc29_alliance_chaos_kho
wh3_dlc26_kho_mon_bloodbeast_of_khorne	wh3_dlc29_alliance_chaos_kho
wh3_dlc26_kho_mon_slaughterbrute	wh3_dlc29_alliance_chaos_kho
wh3_main_kho_cav_bloodcrushers_0	wh3_dlc29_alliance_chaos_kho
wh3_main_kho_cav_gorebeast_chariot	wh3_dlc29_alliance_chaos_kho
wh3_main_kho_cav_skullcrushers_0	wh3_dlc29_alliance_chaos_kho
wh3_main_kho_cha_bloodreaper_0	wh3_dlc29_alliance_chaos_kho
wh3_main_kho_cha_cultist_0	wh3_dlc29_alliance_chaos_kho
wh3_main_kho_cha_cultist_1	wh3_dlc29_alliance_chaos_kho
wh3_main_kho_cha_herald_of_khorne_0	wh3_dlc29_alliance_chaos_kho
wh3_main_kho_inf_bloodletters_0	wh3_dlc29_alliance_chaos_kho
wh3_main_kho_inf_bloodletters_1	wh3_dlc29_alliance_chaos_kho
wh3_main_kho_inf_chaos_furies_0	wh3_dlc29_alliance_chaos_kho
wh3_main_kho_inf_chaos_warhounds_0	wh3_dlc29_alliance_chaos_kho
wh3_main_kho_inf_chaos_warriors_0	wh3_dlc29_alliance_chaos_kho
wh3_main_kho_inf_chaos_warriors_1	wh3_dlc29_alliance_chaos_kho
wh3_main_kho_inf_chaos_warriors_2	wh3_dlc29_alliance_chaos_kho
wh3_main_kho_inf_flesh_hounds_of_khorne_0	wh3_dlc29_alliance_chaos_kho
wh3_main_kho_mon_bloodthirster_0	wh3_dlc29_alliance_chaos_kho
wh3_main_kho_mon_khornataurs_0	wh3_dlc29_alliance_chaos_kho
wh3_main_kho_mon_khornataurs_1	wh3_dlc29_alliance_chaos_kho
wh3_main_kho_mon_soul_grinder_0	wh3_dlc29_alliance_chaos_kho
wh3_main_kho_mon_spawn_of_khorne_0	wh3_dlc29_alliance_chaos_kho
wh3_main_kho_veh_blood_shrine_0	wh3_dlc29_alliance_chaos_kho
wh3_main_kho_veh_skullcannon_0	wh3_dlc29_alliance_chaos_kho
wh3_dlc20_chs_cav_chaos_chariot_mnur	wh3_dlc29_alliance_chaos_nur
wh3_dlc20_chs_cav_chaos_knights_mnur	wh3_dlc29_alliance_chaos_nur
wh3_dlc20_chs_cav_chaos_knights_mnur_lances	wh3_dlc29_alliance_chaos_nur
wh3_dlc20_chs_cav_marauder_horsemen_mnur_throwing_axes	wh3_dlc29_alliance_chaos_nur
wh3_dlc20_chs_inf_chaos_marauders_mnur	wh3_dlc29_alliance_chaos_nur
wh3_dlc20_chs_inf_chaos_marauders_mnur_greatweapons	wh3_dlc29_alliance_chaos_nur
wh3_dlc20_chs_inf_chaos_warriors_mnur	wh3_dlc29_alliance_chaos_nur
wh3_dlc20_chs_inf_chaos_warriors_mnur_greatweapons	wh3_dlc29_alliance_chaos_nur
wh3_dlc20_chs_inf_chosen_mnur	wh3_dlc29_alliance_chaos_nur
wh3_dlc20_chs_inf_chosen_mnur_greatweapons	wh3_dlc29_alliance_chaos_nur
wh3_dlc20_chs_mon_warshrine_mnur	wh3_dlc29_alliance_chaos_nur
wh3_dlc25_nur_cav_rot_knights	wh3_dlc29_alliance_chaos_nur
wh3_dlc25_nur_inf_pestigors	wh3_dlc29_alliance_chaos_nur
wh3_dlc25_nur_inf_plague_ogres	wh3_dlc29_alliance_chaos_nur
wh3_dlc25_nur_inf_plague_ogres_great_weapons	wh3_dlc29_alliance_chaos_nur
wh3_dlc25_nur_mon_bile_trolls	wh3_dlc29_alliance_chaos_nur
wh3_dlc25_nur_mon_toad_dragon	wh3_dlc29_alliance_chaos_nur
wh3_main_nur_cav_plague_drones_0	wh3_dlc29_alliance_chaos_nur
wh3_main_nur_cav_plague_drones_1	wh3_dlc29_alliance_chaos_nur
wh3_main_nur_cav_pox_riders_of_nurgle_0	wh3_dlc29_alliance_chaos_nur
wh3_main_nur_cha_cultist_0	wh3_dlc29_alliance_chaos_nur
wh3_main_nur_cha_cultist_1	wh3_dlc29_alliance_chaos_nur
wh3_main_nur_cha_exalted_great_unclean_one_death_0	wh3_dlc29_alliance_chaos_nur
wh3_main_nur_cha_exalted_great_unclean_one_nurgle_0	wh3_dlc29_alliance_chaos_nur
wh3_main_nur_cha_herald_of_nurgle_death_0	wh3_dlc29_alliance_chaos_nur
wh3_main_nur_cha_herald_of_nurgle_death_1	wh3_dlc29_alliance_chaos_nur
wh3_main_nur_cha_herald_of_nurgle_death_2	wh3_dlc29_alliance_chaos_nur
wh3_main_nur_cha_herald_of_nurgle_nurgle_0	wh3_dlc29_alliance_chaos_nur
wh3_main_nur_cha_herald_of_nurgle_nurgle_1	wh3_dlc29_alliance_chaos_nur
wh3_main_nur_cha_herald_of_nurgle_nurgle_2	wh3_dlc29_alliance_chaos_nur
wh3_main_nur_cha_plagueridden_death_0	wh3_dlc29_alliance_chaos_nur
wh3_main_nur_cha_plagueridden_death_1	wh3_dlc29_alliance_chaos_nur
wh3_main_nur_cha_plagueridden_death_2	wh3_dlc29_alliance_chaos_nur
wh3_main_nur_cha_plagueridden_nurgle_0	wh3_dlc29_alliance_chaos_nur
wh3_main_nur_cha_plagueridden_nurgle_1	wh3_dlc29_alliance_chaos_nur
wh3_main_nur_cha_plagueridden_nurgle_2	wh3_dlc29_alliance_chaos_nur
wh3_main_nur_inf_chaos_furies_0	wh3_dlc29_alliance_chaos_nur
wh3_main_nur_inf_forsaken_0	wh3_dlc29_alliance_chaos_nur
wh3_main_nur_inf_nurglings_0	wh3_dlc29_alliance_chaos_nur
wh3_main_nur_inf_plaguebearers_0	wh3_dlc29_alliance_chaos_nur
wh3_main_nur_inf_plaguebearers_1	wh3_dlc29_alliance_chaos_nur
wh3_main_nur_mon_beast_of_nurgle_0	wh3_dlc29_alliance_chaos_nur
wh3_main_nur_mon_great_unclean_one_0	wh3_dlc29_alliance_chaos_nur
wh3_main_nur_mon_plague_toads_0	wh3_dlc29_alliance_chaos_nur
wh3_main_nur_mon_rot_flies_0	wh3_dlc29_alliance_chaos_nur
wh3_main_nur_mon_soul_grinder_0	wh3_dlc29_alliance_chaos_nur
wh3_main_nur_mon_spawn_of_nurgle_0	wh3_dlc29_alliance_chaos_nur
wh3_dlc20_chs_cav_chaos_chariot_msla	wh3_dlc29_alliance_chaos_sla
wh3_dlc20_chs_cav_chaos_knights_msla	wh3_dlc29_alliance_chaos_sla
wh3_dlc20_chs_cav_chaos_knights_msla_lances	wh3_dlc29_alliance_chaos_sla
wh3_dlc20_chs_cav_marauder_horsemen_msla_javelins	wh3_dlc29_alliance_chaos_sla
wh3_dlc20_chs_inf_chaos_warriors_msla	wh3_dlc29_alliance_chaos_sla
wh3_dlc20_chs_inf_chaos_warriors_msla_hellscourges	wh3_dlc29_alliance_chaos_sla
wh3_dlc20_chs_inf_chosen_msla	wh3_dlc29_alliance_chaos_sla
wh3_dlc20_chs_inf_chosen_msla_hellscourges	wh3_dlc29_alliance_chaos_sla
wh3_dlc20_chs_inf_forsaken_msla	wh3_dlc29_alliance_chaos_sla
wh3_dlc20_chs_mon_warshrine_msla	wh3_dlc29_alliance_chaos_sla
wh3_dlc27_chs_cha_exalted_hero_msla	wh3_dlc29_alliance_chaos_sla
wh3_dlc27_chs_cha_sorcerer_lord_shadows_msla	wh3_dlc29_alliance_chaos_sla
wh3_dlc27_chs_cha_sorcerer_lord_shadows_msla_chaos_steed	wh3_dlc29_alliance_chaos_sla
wh3_dlc27_chs_cha_sorcerer_lord_shadows_msla_daemonic_steed	wh3_dlc29_alliance_chaos_sla
wh3_dlc27_chs_cha_sorcerer_lord_shadows_msla_warshrine	wh3_dlc29_alliance_chaos_sla
wh3_dlc27_chs_cha_sorcerer_lord_slaanesh_msla	wh3_dlc29_alliance_chaos_sla
wh3_dlc27_chs_cha_sorcerer_lord_slaanesh_msla_chaos_steed	wh3_dlc29_alliance_chaos_sla
wh3_dlc27_chs_cha_sorcerer_lord_slaanesh_msla_daemonic_steed	wh3_dlc29_alliance_chaos_sla
wh3_dlc27_chs_cha_sorcerer_lord_slaanesh_msla_warshrine	wh3_dlc29_alliance_chaos_sla
wh3_dlc27_sla_cav_pleasureseekers	wh3_dlc29_alliance_chaos_sla
wh3_dlc27_sla_cha_druchii_anointed	wh3_dlc29_alliance_chaos_sla
wh3_dlc27_sla_cha_druchii_anointed_cold_one	wh3_dlc29_alliance_chaos_sla
wh3_dlc27_sla_cha_druchii_anointed_daemonic_steed	wh3_dlc29_alliance_chaos_sla
wh3_dlc27_sla_cha_masque_of_slaanesh	wh3_dlc29_alliance_chaos_sla
wh3_dlc27_sla_inf_devotees_of_slaanesh	wh3_dlc29_alliance_chaos_sla
wh3_dlc27_sla_inf_slaangors	wh3_dlc29_alliance_chaos_sla
wh3_dlc27_sla_mon_champions_of_slaanesh	wh3_dlc29_alliance_chaos_sla
wh3_dlc27_sla_mon_preyton	wh3_dlc29_alliance_chaos_sla
wh3_main_sla_cav_heartseekers_of_slaanesh_0	wh3_dlc29_alliance_chaos_sla
wh3_main_sla_cav_hellstriders_0	wh3_dlc29_alliance_chaos_sla
wh3_main_sla_cav_hellstriders_1	wh3_dlc29_alliance_chaos_sla
wh3_main_sla_cav_seekers_of_slaanesh_0	wh3_dlc29_alliance_chaos_sla
wh3_main_sla_cha_alluress_shadow_0	wh3_dlc29_alliance_chaos_sla
wh3_main_sla_cha_alluress_shadow_1	wh3_dlc29_alliance_chaos_sla
wh3_main_sla_cha_alluress_shadow_2	wh3_dlc29_alliance_chaos_sla
wh3_main_sla_cha_alluress_shadow_3	wh3_dlc29_alliance_chaos_sla
wh3_main_sla_cha_alluress_slaanesh_0	wh3_dlc29_alliance_chaos_sla
wh3_main_sla_cha_alluress_slaanesh_1	wh3_dlc29_alliance_chaos_sla
wh3_main_sla_cha_alluress_slaanesh_2	wh3_dlc29_alliance_chaos_sla
wh3_main_sla_cha_alluress_slaanesh_3	wh3_dlc29_alliance_chaos_sla
wh3_main_sla_cha_cultist_0	wh3_dlc29_alliance_chaos_sla
wh3_main_sla_cha_cultist_1	wh3_dlc29_alliance_chaos_sla
wh3_dlc20_chs_cav_chaos_chariot_mtze	wh3_dlc29_alliance_chaos_tze
wh3_dlc20_chs_cav_chaos_knights_mtze_lances	wh3_dlc29_alliance_chaos_tze
wh3_dlc20_chs_cav_marauder_horsemen_mtze_javelins	wh3_dlc29_alliance_chaos_tze
wh3_dlc20_chs_inf_chaos_marauders_mtze	wh3_dlc29_alliance_chaos_tze
wh3_dlc20_chs_inf_chaos_marauders_mtze_spears	wh3_dlc29_alliance_chaos_tze
wh3_dlc20_chs_inf_chaos_warriors_mtze	wh3_dlc29_alliance_chaos_tze
wh3_dlc20_chs_inf_chaos_warriors_mtze_halberds	wh3_dlc29_alliance_chaos_tze
wh3_dlc20_chs_inf_chosen_mtze	wh3_dlc29_alliance_chaos_tze
wh3_dlc20_chs_inf_chosen_mtze_halberds	wh3_dlc29_alliance_chaos_tze
wh3_dlc20_chs_mon_warshrine_mtze	wh3_dlc29_alliance_chaos_tze
wh3_dlc24_tze_cha_blue_scribes	wh3_dlc29_alliance_chaos_tze
wh3_dlc24_tze_inf_centigors_great_weapons	wh3_dlc29_alliance_chaos_tze
wh3_dlc24_tze_inf_tzaangors	wh3_dlc29_alliance_chaos_tze
wh3_dlc24_tze_mon_cockatrice	wh3_dlc29_alliance_chaos_tze
wh3_dlc24_tze_mon_flamers_changebringers	wh3_dlc29_alliance_chaos_tze
wh3_dlc24_tze_mon_mutalith_vortex_beast	wh3_dlc29_alliance_chaos_tze
wh3_main_tze_cav_chaos_knights_0	wh3_dlc29_alliance_chaos_tze
wh3_main_tze_cav_doom_knights_0	wh3_dlc29_alliance_chaos_tze
wh3_main_tze_cha_cultist_0	wh3_dlc29_alliance_chaos_tze
wh3_main_tze_cha_cultist_1	wh3_dlc29_alliance_chaos_tze
wh3_main_tze_cha_exalted_lord_of_change_metal_0	wh3_dlc29_alliance_chaos_tze
wh3_main_tze_cha_exalted_lord_of_change_tzeentch_0	wh3_dlc29_alliance_chaos_tze
wh3_main_tze_cha_herald_of_tzeentch_metal_0	wh3_dlc29_alliance_chaos_tze
wh3_main_tze_cha_herald_of_tzeentch_metal_1	wh3_dlc29_alliance_chaos_tze
wh3_main_tze_cha_herald_of_tzeentch_metal_2	wh3_dlc29_alliance_chaos_tze
wh3_main_tze_cha_herald_of_tzeentch_tzeentch_0	wh3_dlc29_alliance_chaos_tze
wh3_main_tze_cha_herald_of_tzeentch_tzeentch_1	wh3_dlc29_alliance_chaos_tze
wh3_main_tze_cha_herald_of_tzeentch_tzeentch_2	wh3_dlc29_alliance_chaos_tze
wh3_main_tze_cha_iridescent_horror_metal_0	wh3_dlc29_alliance_chaos_tze
wh3_main_tze_cha_iridescent_horror_metal_1	wh3_dlc29_alliance_chaos_tze
wh3_main_tze_cha_iridescent_horror_metal_2	wh3_dlc29_alliance_chaos_tze
wh3_main_tze_cha_iridescent_horror_tzeentch_0	wh3_dlc29_alliance_chaos_tze
wh3_main_tze_cha_iridescent_horror_tzeentch_1	wh3_dlc29_alliance_chaos_tze
wh3_main_tze_cha_iridescent_horror_tzeentch_2	wh3_dlc29_alliance_chaos_tze
wh3_main_tze_inf_blue_horrors_0	wh3_dlc29_alliance_chaos_tze
wh3_main_tze_inf_chaos_furies_0	wh3_dlc29_alliance_chaos_tze
wh3_main_tze_inf_forsaken_0	wh3_dlc29_alliance_chaos_tze
wh3_main_tze_inf_pink_horrors_0	wh3_dlc29_alliance_chaos_tze
wh3_main_tze_inf_pink_horrors_1	wh3_dlc29_alliance_chaos_tze
wh3_main_tze_mon_exalted_flamers_0	wh3_dlc29_alliance_chaos_tze
wh3_main_tze_mon_flamers_0	wh3_dlc29_alliance_chaos_tze
wh3_main_tze_mon_lord_of_change_0	wh3_dlc29_alliance_chaos_tze
wh3_main_tze_mon_screamers_0	wh3_dlc29_alliance_chaos_tze
wh3_main_tze_mon_soul_grinder_0	wh3_dlc29_alliance_chaos_tze
wh3_main_tze_mon_spawn_of_tzeentch_0	wh3_dlc29_alliance_chaos_tze
wh3_main_tze_veh_burning_chariot_0	wh3_dlc29_alliance_chaos_tze
wh2_dlc11_cst_art_carronade	wh3_dlc29_alliance_death_cst
wh2_dlc11_cst_art_mortar	wh3_dlc29_alliance_death_cst
wh2_dlc11_cst_cav_deck_droppers_0	wh3_dlc29_alliance_death_cst
wh2_dlc11_cst_cav_deck_droppers_1	wh3_dlc29_alliance_death_cst
wh2_dlc11_cst_cav_deck_droppers_2	wh3_dlc29_alliance_death_cst
wh2_dlc11_cst_cha_gunnery_wight_0	wh3_dlc29_alliance_death_cst
wh2_dlc11_cst_cha_mourngul_haunter	wh3_dlc29_alliance_death_cst
wh2_dlc11_cst_cha_vampire_fleet_captain_0	wh3_dlc29_alliance_death_cst
wh2_dlc11_cst_inf_deck_gunners_0	wh3_dlc29_alliance_death_cst
wh2_dlc11_cst_inf_depth_guard_0	wh3_dlc29_alliance_death_cst
wh2_dlc11_cst_inf_depth_guard_1	wh3_dlc29_alliance_death_cst
wh2_dlc11_cst_inf_syreens	wh3_dlc29_alliance_death_cst
wh2_dlc11_cst_inf_zombie_deckhands_mob_0	wh3_dlc29_alliance_death_cst
wh2_dlc11_cst_inf_zombie_deckhands_mob_1	wh3_dlc29_alliance_death_cst
wh2_dlc11_cst_inf_zombie_gunnery_mob_0	wh3_dlc29_alliance_death_cst
wh2_dlc11_cst_inf_zombie_gunnery_mob_1	wh3_dlc29_alliance_death_cst
wh2_dlc11_cst_inf_zombie_gunnery_mob_2	wh3_dlc29_alliance_death_cst
wh2_dlc11_cst_inf_zombie_gunnery_mob_3	wh3_dlc29_alliance_death_cst
wh2_dlc11_cst_mon_animated_hulks_0	wh3_dlc29_alliance_death_cst
wh2_dlc11_cst_mon_bloated_corpse_0	wh3_dlc29_alliance_death_cst
wh2_dlc11_cst_mon_fell_bats	wh3_dlc29_alliance_death_cst
wh2_dlc11_cst_mon_mournguls_0	wh3_dlc29_alliance_death_cst
wh2_dlc11_cst_mon_necrofex_colossus_0	wh3_dlc29_alliance_death_cst
wh2_dlc11_cst_mon_rotting_leviathan_0	wh3_dlc29_alliance_death_cst
wh2_dlc11_cst_mon_rotting_prometheans_0	wh3_dlc29_alliance_death_cst
wh2_dlc11_cst_mon_rotting_prometheans_gunnery_mob_0	wh3_dlc29_alliance_death_cst
wh2_dlc11_cst_mon_scurvy_dogs	wh3_dlc29_alliance_death_cst
wh2_dlc11_cst_mon_terrorgheist	wh3_dlc29_alliance_death_cst
wh2_dlc09_tmb_art_casket_of_souls_0	wh3_dlc29_alliance_death_tmb
wh2_dlc09_tmb_art_screaming_skull_catapult_0	wh3_dlc29_alliance_death_tmb
wh2_dlc09_tmb_cav_necropolis_knights_0	wh3_dlc29_alliance_death_tmb
wh2_dlc09_tmb_cav_necropolis_knights_1	wh3_dlc29_alliance_death_tmb
wh2_dlc09_tmb_cav_nehekhara_horsemen_0	wh3_dlc29_alliance_death_tmb
wh2_dlc09_tmb_cav_skeleton_horsemen_0	wh3_dlc29_alliance_death_tmb
wh2_dlc09_tmb_cav_skeleton_horsemen_archers_0	wh3_dlc29_alliance_death_tmb
wh2_dlc09_tmb_cha_liche_priest_death_0	wh3_dlc29_alliance_death_tmb
wh2_dlc09_tmb_cha_liche_priest_light_0	wh3_dlc29_alliance_death_tmb
wh2_dlc09_tmb_cha_liche_priest_nehekhara_0	wh3_dlc29_alliance_death_tmb
wh2_dlc09_tmb_cha_liche_priest_shadow_0	wh3_dlc29_alliance_death_tmb
wh2_dlc09_tmb_cha_necrotect_0	wh3_dlc29_alliance_death_tmb
wh2_dlc09_tmb_cha_tomb_prince_0	wh3_dlc29_alliance_death_tmb
wh2_dlc09_tmb_inf_nehekhara_warriors_0	wh3_dlc29_alliance_death_tmb
wh2_dlc09_tmb_inf_skeleton_archers_0	wh3_dlc29_alliance_death_tmb
wh2_dlc09_tmb_inf_skeleton_spearmen_0	wh3_dlc29_alliance_death_tmb
wh2_dlc09_tmb_inf_skeleton_warriors_0	wh3_dlc29_alliance_death_tmb
wh2_dlc09_tmb_inf_tomb_guard_0	wh3_dlc29_alliance_death_tmb
wh2_dlc09_tmb_inf_tomb_guard_1	wh3_dlc29_alliance_death_tmb
wh2_dlc09_tmb_mon_carrion_0	wh3_dlc29_alliance_death_tmb
wh2_dlc09_tmb_mon_heirotitan_0	wh3_dlc29_alliance_death_tmb
wh2_dlc09_tmb_mon_necrosphinx_0	wh3_dlc29_alliance_death_tmb
wh2_dlc09_tmb_mon_sepulchral_stalkers_0	wh3_dlc29_alliance_death_tmb
wh2_dlc09_tmb_mon_tomb_scorpion_0	wh3_dlc29_alliance_death_tmb
wh2_dlc09_tmb_mon_ushabti_0	wh3_dlc29_alliance_death_tmb
wh2_dlc09_tmb_mon_ushabti_1	wh3_dlc29_alliance_death_tmb
wh2_dlc09_tmb_veh_khemrian_warsphinx_0	wh3_dlc29_alliance_death_tmb
wh2_dlc09_tmb_veh_skeleton_archer_chariot_0	wh3_dlc29_alliance_death_tmb
wh2_dlc09_tmb_veh_skeleton_chariot_0	wh3_dlc29_alliance_death_tmb
wh2_pro06_tmb_mon_bone_giant_0	wh3_dlc29_alliance_death_tmb
wh3_dlc29_tmb_cha_liche_high_priest_death	wh3_dlc29_alliance_death_tmb
wh3_dlc29_tmb_cha_liche_high_priest_light	wh3_dlc29_alliance_death_tmb
wh3_dlc29_tmb_cha_liche_high_priest_nehekhara	wh3_dlc29_alliance_death_tmb
wh3_dlc29_tmb_cha_liche_high_priest_shadow	wh3_dlc29_alliance_death_tmb
wh2_dlc11_cst_mon_mournguls_0	wh3_dlc29_alliance_death_vmp
wh3_main_vmp_inf_grave_guard_2	wh3_dlc29_alliance_death_vmp
wh_dlc02_vmp_cav_blood_knights_0	wh3_dlc29_alliance_death_vmp
wh_dlc04_vmp_veh_corpse_cart_0	wh3_dlc29_alliance_death_vmp
wh_dlc04_vmp_veh_corpse_cart_1	wh3_dlc29_alliance_death_vmp
wh_dlc04_vmp_veh_corpse_cart_2	wh3_dlc29_alliance_death_vmp
wh_dlc04_vmp_veh_mortis_engine_0	wh3_dlc29_alliance_death_vmp
wh_dlc05_vmp_cha_vampire_shadows_0	wh3_dlc29_alliance_death_vmp
wh_dlc05_vmp_cha_vampire_shadows_1	wh3_dlc29_alliance_death_vmp
wh_dlc05_vmp_cha_vampire_shadows_2	wh3_dlc29_alliance_death_vmp
wh_main_vmp_cav_black_knights_0	wh3_dlc29_alliance_death_vmp
wh_main_vmp_cav_black_knights_3	wh3_dlc29_alliance_death_vmp
wh_main_vmp_cav_hexwraiths	wh3_dlc29_alliance_death_vmp
wh_main_vmp_cha_banshee	wh3_dlc29_alliance_death_vmp
wh_main_vmp_cha_master_necromancer_0	wh3_dlc29_alliance_death_vmp
wh_main_vmp_cha_master_necromancer_4	wh3_dlc29_alliance_death_vmp
wh_main_vmp_cha_master_necromancer_5	wh3_dlc29_alliance_death_vmp
wh_main_vmp_cha_necromancer_0	wh3_dlc29_alliance_death_vmp
wh_main_vmp_cha_necromancer_5	wh3_dlc29_alliance_death_vmp
wh_main_vmp_cha_vampire_0	wh3_dlc29_alliance_death_vmp
wh_main_vmp_cha_vampire_1	wh3_dlc29_alliance_death_vmp
wh_main_vmp_cha_vampire_2	wh3_dlc29_alliance_death_vmp
wh_main_vmp_cha_vampire_lord_0	wh3_dlc29_alliance_death_vmp
wh_main_vmp_cha_vampire_lord_2	wh3_dlc29_alliance_death_vmp
wh_main_vmp_cha_vampire_lord_3	wh3_dlc29_alliance_death_vmp
wh_main_vmp_cha_vampire_lord_5	wh3_dlc29_alliance_death_vmp
wh_main_vmp_cha_wight_king_0	wh3_dlc29_alliance_death_vmp
wh_main_vmp_cha_wight_king_1	wh3_dlc29_alliance_death_vmp
wh_main_vmp_cha_wight_king_2	wh3_dlc29_alliance_death_vmp
wh_main_vmp_inf_cairn_wraiths	wh3_dlc29_alliance_death_vmp
wh_main_vmp_inf_crypt_ghouls	wh3_dlc29_alliance_death_vmp
wh_main_vmp_inf_grave_guard_0	wh3_dlc29_alliance_death_vmp
wh_main_vmp_inf_grave_guard_1	wh3_dlc29_alliance_death_vmp
wh_main_vmp_inf_skeleton_warriors_0	wh3_dlc29_alliance_death_vmp
wh_main_vmp_inf_skeleton_warriors_1	wh3_dlc29_alliance_death_vmp
wh_main_vmp_inf_zombie	wh3_dlc29_alliance_death_vmp
wh_main_vmp_mon_crypt_horrors	wh3_dlc29_alliance_death_vmp
wh_main_vmp_mon_dire_wolves	wh3_dlc29_alliance_death_vmp
wh_main_vmp_mon_fell_bats	wh3_dlc29_alliance_death_vmp
wh_main_vmp_mon_terrorgheist	wh3_dlc29_alliance_death_vmp
wh_main_vmp_mon_vargheists	wh3_dlc29_alliance_death_vmp
wh_main_vmp_mon_varghulf	wh3_dlc29_alliance_death_vmp
wh_main_vmp_veh_black_coach	wh3_dlc29_alliance_death_vmp
wh2_dlc15_grn_mon_river_trolls_0	wh3_dlc29_alliance_destruction_grn
wh2_dlc15_grn_mon_rogue_idol_0	wh3_dlc29_alliance_destruction_grn
wh2_dlc15_grn_mon_stone_trolls_0	wh3_dlc29_alliance_destruction_grn
wh2_dlc15_grn_veh_snotling_pump_wagon_0	wh3_dlc29_alliance_destruction_grn
wh2_dlc15_grn_veh_snotling_pump_wagon_flappas_0	wh3_dlc29_alliance_destruction_grn
wh2_dlc15_grn_veh_snotling_pump_wagon_roller_0	wh3_dlc29_alliance_destruction_grn
wh2_pro09_grn_cha_black_orc_big_boss_0	wh3_dlc29_alliance_destruction_grn
wh2_pro09_grn_cha_black_orc_big_boss_1	wh3_dlc29_alliance_destruction_grn
wh3_dlc26_grn_art_bolt_throwa	wh3_dlc29_alliance_destruction_grn
wh3_dlc26_grn_cav_mangler_squig	wh3_dlc29_alliance_destruction_grn
wh3_dlc26_grn_cha_night_goblin_big_boss	wh3_dlc29_alliance_destruction_grn
wh3_dlc26_grn_cha_night_goblin_big_boss_squig	wh3_dlc29_alliance_destruction_grn
wh3_dlc26_grn_cha_savage_orc_great_shaman	wh3_dlc29_alliance_destruction_grn
wh3_dlc26_grn_cha_savage_orc_great_shaman_boar	wh3_dlc29_alliance_destruction_grn
wh3_dlc26_grn_cha_savage_orc_great_shaman_wyvern	wh3_dlc29_alliance_destruction_grn
wh3_dlc26_grn_inf_black_orcs_shield	wh3_dlc29_alliance_destruction_grn
wh_dlc06_grn_cav_squig_hoppers_0	wh3_dlc29_alliance_destruction_grn
wh_dlc06_grn_inf_nasty_skulkers_0	wh3_dlc29_alliance_destruction_grn
wh_dlc06_grn_inf_squig_explosive_0	wh3_dlc29_alliance_destruction_grn
wh_dlc06_grn_inf_squig_herd_0	wh3_dlc29_alliance_destruction_grn
wh_dlc06_grn_mon_spider_hatchlings_0	wh3_dlc29_alliance_destruction_grn
wh_main_grn_art_doom_diver_catapult	wh3_dlc29_alliance_destruction_grn
wh_main_grn_art_goblin_rock_lobber	wh3_dlc29_alliance_destruction_grn
wh_main_grn_cav_forest_goblin_spider_riders_0	wh3_dlc29_alliance_destruction_grn
wh_main_grn_cav_forest_goblin_spider_riders_1	wh3_dlc29_alliance_destruction_grn
wh_main_grn_cav_goblin_wolf_chariot	wh3_dlc29_alliance_destruction_grn
wh_main_grn_cav_goblin_wolf_riders_0	wh3_dlc29_alliance_destruction_grn
wh_main_grn_cav_goblin_wolf_riders_1	wh3_dlc29_alliance_destruction_grn
wh_main_grn_cav_orc_boar_boy_big_uns	wh3_dlc29_alliance_destruction_grn
wh_main_grn_cav_orc_boar_boyz	wh3_dlc29_alliance_destruction_grn
wh_main_grn_cav_orc_boar_chariot	wh3_dlc29_alliance_destruction_grn
wh_main_grn_cav_savage_orc_boar_boy_big_uns	wh3_dlc29_alliance_destruction_grn
wh_main_grn_cav_savage_orc_boar_boyz	wh3_dlc29_alliance_destruction_grn
wh_main_grn_cha_goblin_big_boss_0	wh3_dlc29_alliance_destruction_grn
wh_main_grn_cha_goblin_big_boss_1	wh3_dlc29_alliance_destruction_grn
wh_main_grn_cha_goblin_big_boss_2	wh3_dlc29_alliance_destruction_grn
wh_main_grn_cha_goblin_big_boss_4	wh3_dlc29_alliance_destruction_grn
wh_main_grn_cha_goblin_great_shaman_0	wh3_dlc29_alliance_destruction_grn
wh_main_grn_cha_goblin_great_shaman_1	wh3_dlc29_alliance_destruction_grn
wh_main_grn_cha_goblin_great_shaman_2	wh3_dlc29_alliance_destruction_grn
wh_main_grn_cha_night_goblin_shaman	wh3_dlc29_alliance_destruction_grn
wh_main_grn_cha_orc_shaman_0	wh3_dlc29_alliance_destruction_grn
wh_main_grn_cha_orc_shaman_1	wh3_dlc29_alliance_destruction_grn
wh_main_grn_inf_black_orcs	wh3_dlc29_alliance_destruction_grn
wh_main_grn_inf_goblin_archers	wh3_dlc29_alliance_destruction_grn
wh_main_grn_inf_goblin_spearmen	wh3_dlc29_alliance_destruction_grn
wh_main_grn_inf_night_goblin_archers	wh3_dlc29_alliance_destruction_grn
wh_main_grn_inf_night_goblin_fanatics	wh3_dlc29_alliance_destruction_grn
wh_main_grn_inf_night_goblin_fanatics_1	wh3_dlc29_alliance_destruction_grn
wh_main_grn_inf_night_goblins	wh3_dlc29_alliance_destruction_grn
wh_main_grn_inf_orc_arrer_boyz	wh3_dlc29_alliance_destruction_grn
wh_main_grn_inf_orc_big_uns	wh3_dlc29_alliance_destruction_grn
wh_main_grn_inf_orc_boyz	wh3_dlc29_alliance_destruction_grn
wh_main_grn_inf_savage_orc_arrer_boyz	wh3_dlc29_alliance_destruction_grn
wh_main_grn_inf_savage_orc_big_uns	wh3_dlc29_alliance_destruction_grn
wh_main_grn_inf_savage_orcs	wh3_dlc29_alliance_destruction_grn
wh_main_grn_mon_arachnarok_spider_0	wh3_dlc29_alliance_destruction_grn
wh_main_grn_mon_giant	wh3_dlc29_alliance_destruction_grn
wh_main_grn_mon_trolls	wh3_dlc29_alliance_destruction_grn
wh3_dlc26_ogr_cha_bruiser	wh3_dlc29_alliance_destruction_ogr
wh3_dlc26_ogr_cha_butcher_death	wh3_dlc29_alliance_destruction_ogr
wh3_dlc26_ogr_cha_butcher_heavens	wh3_dlc29_alliance_destruction_ogr
wh3_dlc26_ogr_cha_paymaster	wh3_dlc29_alliance_destruction_ogr
wh3_dlc26_ogr_cha_slaughtermaster_death	wh3_dlc29_alliance_destruction_ogr
wh3_dlc26_ogr_cha_slaughtermaster_heavens	wh3_dlc29_alliance_destruction_ogr
wh3_dlc26_ogr_inf_golgfags_maneaters	wh3_dlc29_alliance_destruction_ogr
wh3_dlc26_ogr_inf_pigback_riders	wh3_dlc29_alliance_destruction_ogr
wh3_dlc26_ogr_mon_blood_vultures	wh3_dlc29_alliance_destruction_ogr
wh3_dlc26_ogr_mon_thundertusk	wh3_dlc29_alliance_destruction_ogr
wh3_dlc26_ogr_mon_yhetees	wh3_dlc29_alliance_destruction_ogr
wh3_main_ogr_cav_crushers_0	wh3_dlc29_alliance_destruction_ogr
wh3_main_ogr_cav_crushers_1	wh3_dlc29_alliance_destruction_ogr
wh3_main_ogr_cav_mournfang_cavalry_0	wh3_dlc29_alliance_destruction_ogr
wh3_main_ogr_cav_mournfang_cavalry_1	wh3_dlc29_alliance_destruction_ogr
wh3_main_ogr_cav_mournfang_cavalry_2	wh3_dlc29_alliance_destruction_ogr
wh3_main_ogr_cha_butcher_beasts_0	wh3_dlc29_alliance_destruction_ogr
wh3_main_ogr_cha_butcher_great_maw_0	wh3_dlc29_alliance_destruction_ogr
wh3_main_ogr_cha_firebelly_0	wh3_dlc29_alliance_destruction_ogr
wh3_main_ogr_cha_hunter_0	wh3_dlc29_alliance_destruction_ogr
wh3_main_ogr_cha_hunter_1	wh3_dlc29_alliance_destruction_ogr
wh3_main_ogr_cha_slaughtermaster_beasts_0	wh3_dlc29_alliance_destruction_ogr
wh3_main_ogr_cha_slaughtermaster_great_maw_0	wh3_dlc29_alliance_destruction_ogr
wh3_main_ogr_cha_tyrant_0	wh3_dlc29_alliance_destruction_ogr
wh3_main_ogr_inf_gnoblars_0	wh3_dlc29_alliance_destruction_ogr
wh3_main_ogr_inf_gnoblars_1	wh3_dlc29_alliance_destruction_ogr
wh3_main_ogr_inf_gnoblars_flingers	wh3_dlc29_alliance_destruction_ogr
wh3_main_ogr_inf_ironguts_0	wh3_dlc29_alliance_destruction_ogr
wh3_main_ogr_inf_leadbelchers_0	wh3_dlc29_alliance_destruction_ogr
wh3_main_ogr_inf_maneaters_0	wh3_dlc29_alliance_destruction_ogr
wh3_main_ogr_inf_maneaters_1	wh3_dlc29_alliance_destruction_ogr
wh3_main_ogr_inf_maneaters_2	wh3_dlc29_alliance_destruction_ogr
wh3_main_ogr_inf_maneaters_3	wh3_dlc29_alliance_destruction_ogr
wh3_main_ogr_inf_ogres_0	wh3_dlc29_alliance_destruction_ogr
wh3_main_ogr_inf_ogres_1	wh3_dlc29_alliance_destruction_ogr
wh3_main_ogr_inf_ogres_2	wh3_dlc29_alliance_destruction_ogr
wh3_main_ogr_mon_giant_0	wh3_dlc29_alliance_destruction_ogr
wh3_main_ogr_mon_gorgers_0	wh3_dlc29_alliance_destruction_ogr
wh3_main_ogr_mon_sabretusk_pack_0	wh3_dlc29_alliance_destruction_ogr
wh3_main_ogr_mon_stonehorn_0	wh3_dlc29_alliance_destruction_ogr
wh3_main_ogr_mon_stonehorn_1	wh3_dlc29_alliance_destruction_ogr
wh3_main_ogr_veh_gnoblar_scraplauncher_0	wh3_dlc29_alliance_destruction_ogr
wh3_main_ogr_veh_ironblaster_0	wh3_dlc29_alliance_destruction_ogr
wh2_dlc10_def_cav_doomfire_warlocks_0	wh3_dlc29_alliance_elves_def
wh2_dlc10_def_cha_crone_0	wh3_dlc29_alliance_elves_def
wh2_dlc10_def_cha_supreme_sorceress_dark_0	wh3_dlc29_alliance_elves_def
wh2_dlc10_def_cha_supreme_sorceress_fire_0	wh3_dlc29_alliance_elves_def
wh2_dlc10_def_cha_supreme_sorceress_shadow_0	wh3_dlc29_alliance_elves_def
wh2_dlc10_def_inf_sisters_of_slaughter	wh3_dlc29_alliance_elves_def
wh2_dlc10_def_mon_feral_manticore_0	wh3_dlc29_alliance_elves_def
wh2_dlc10_def_mon_kharibdyss_0	wh3_dlc29_alliance_elves_def
wh2_dlc14_def_cav_scourgerunner_chariot_0	wh3_dlc29_alliance_elves_def
wh2_dlc14_def_cha_high_beastmaster_0	wh3_dlc29_alliance_elves_def
wh2_dlc14_def_cha_high_beastmaster_1	wh3_dlc29_alliance_elves_def
wh2_dlc14_def_cha_master_0	wh3_dlc29_alliance_elves_def
wh2_dlc14_def_cha_master_1	wh3_dlc29_alliance_elves_def
wh2_dlc14_def_cha_master_2	wh3_dlc29_alliance_elves_def
wh2_dlc14_def_mon_bloodwrack_medusa_0	wh3_dlc29_alliance_elves_def
wh2_dlc14_def_veh_bloodwrack_shrine_0	wh3_dlc29_alliance_elves_def
wh2_main_def_art_reaper_bolt_thrower	wh3_dlc29_alliance_elves_def
wh2_main_def_cav_cold_one_chariot	wh3_dlc29_alliance_elves_def
wh2_main_def_cav_cold_one_knights_0	wh3_dlc29_alliance_elves_def
wh2_main_def_cav_cold_one_knights_1	wh3_dlc29_alliance_elves_def
wh2_main_def_cav_dark_riders_0	wh3_dlc29_alliance_elves_def
wh2_main_def_cav_dark_riders_1	wh3_dlc29_alliance_elves_def
wh2_main_def_cav_dark_riders_2	wh3_dlc29_alliance_elves_def
wh2_main_def_cha_death_hag_0	wh3_dlc29_alliance_elves_def
wh2_main_def_cha_dreadlord_0	wh3_dlc29_alliance_elves_def
wh2_main_def_cha_dreadlord_1	wh3_dlc29_alliance_elves_def
wh2_main_def_cha_khainite_assassin_0	wh3_dlc29_alliance_elves_def
wh2_main_def_cha_sorceress_dark_0	wh3_dlc29_alliance_elves_def
wh2_main_def_cha_sorceress_dark_1	wh3_dlc29_alliance_elves_def
wh2_main_def_inf_black_ark_corsairs_0	wh3_dlc29_alliance_elves_def
wh2_main_def_inf_black_ark_corsairs_1	wh3_dlc29_alliance_elves_def
wh2_main_def_inf_black_guard_0	wh3_dlc29_alliance_elves_def
wh2_main_def_inf_bleakswords_0	wh3_dlc29_alliance_elves_def
wh2_main_def_inf_darkshards_0	wh3_dlc29_alliance_elves_def
wh2_main_def_inf_darkshards_1	wh3_dlc29_alliance_elves_def
wh2_main_def_inf_dreadspears_0	wh3_dlc29_alliance_elves_def
wh2_main_def_inf_har_ganeth_executioners_0	wh3_dlc29_alliance_elves_def
wh2_main_def_inf_harpies	wh3_dlc29_alliance_elves_def
wh2_main_def_inf_shades_0	wh3_dlc29_alliance_elves_def
wh2_main_def_inf_shades_1	wh3_dlc29_alliance_elves_def
wh2_main_def_inf_shades_2	wh3_dlc29_alliance_elves_def
wh2_main_def_inf_witch_elves_0	wh3_dlc29_alliance_elves_def
wh2_main_def_mon_black_dragon	wh3_dlc29_alliance_elves_def
wh2_main_def_mon_war_hydra	wh3_dlc29_alliance_elves_def
wh2_dlc10_hef_cha_handmaiden_0	wh3_dlc29_alliance_elves_hef
wh2_dlc10_hef_inf_shadow_walkers_0	wh3_dlc29_alliance_elves_hef
wh2_dlc10_hef_inf_shadow_warriors_0	wh3_dlc29_alliance_elves_hef
wh2_dlc10_hef_inf_sisters_of_avelorn_0	wh3_dlc29_alliance_elves_hef
wh2_dlc15_hef_cha_prince_6	wh3_dlc29_alliance_elves_hef
wh2_dlc15_hef_inf_rangers_0	wh3_dlc29_alliance_elves_hef
wh2_dlc15_hef_inf_silverin_guard_0	wh3_dlc29_alliance_elves_hef
wh2_dlc15_hef_mon_arcane_phoenix_0	wh3_dlc29_alliance_elves_hef
wh2_dlc15_hef_mon_war_lions_of_chrace_0	wh3_dlc29_alliance_elves_hef
wh2_dlc15_hef_veh_lion_chariot_of_chrace_0	wh3_dlc29_alliance_elves_hef
wh2_main_hef_art_eagle_claw_bolt_thrower	wh3_dlc29_alliance_elves_hef
wh2_main_hef_cav_dragon_princes	wh3_dlc29_alliance_elves_hef
wh2_main_hef_cav_ellyrian_reavers_0	wh3_dlc29_alliance_elves_hef
wh2_main_hef_cav_ellyrian_reavers_1	wh3_dlc29_alliance_elves_hef
wh2_main_hef_cav_ithilmar_chariot	wh3_dlc29_alliance_elves_hef
wh2_main_hef_cav_silver_helms_0	wh3_dlc29_alliance_elves_hef
wh2_main_hef_cav_silver_helms_1	wh3_dlc29_alliance_elves_hef
wh2_main_hef_cav_tiranoc_chariot	wh3_dlc29_alliance_elves_hef
wh2_main_hef_cha_loremaster_of_hoeth_0	wh3_dlc29_alliance_elves_hef
wh2_main_hef_cha_mage_high_0	wh3_dlc29_alliance_elves_hef
wh2_main_hef_cha_mage_high_1	wh3_dlc29_alliance_elves_hef
wh2_main_hef_cha_noble_0	wh3_dlc29_alliance_elves_hef
wh2_main_hef_cha_prince_0	wh3_dlc29_alliance_elves_hef
wh2_main_hef_cha_prince_2	wh3_dlc29_alliance_elves_hef
wh2_main_hef_inf_archers_0	wh3_dlc29_alliance_elves_hef
wh2_main_hef_inf_archers_1	wh3_dlc29_alliance_elves_hef
wh2_main_hef_inf_gate_guard	wh3_dlc29_alliance_elves_hef
wh2_main_hef_inf_lothern_sea_guard_0	wh3_dlc29_alliance_elves_hef
wh2_main_hef_inf_lothern_sea_guard_1	wh3_dlc29_alliance_elves_hef
wh2_main_hef_inf_phoenix_guard	wh3_dlc29_alliance_elves_hef
wh2_main_hef_inf_spearmen_0	wh3_dlc29_alliance_elves_hef
wh2_main_hef_inf_swordmasters_of_hoeth_0	wh3_dlc29_alliance_elves_hef
wh2_main_hef_inf_white_lions_of_chrace_0	wh3_dlc29_alliance_elves_hef
wh2_main_hef_mon_great_eagle	wh3_dlc29_alliance_elves_hef
wh2_main_hef_mon_moon_dragon	wh3_dlc29_alliance_elves_hef
wh2_main_hef_mon_phoenix_flamespyre	wh3_dlc29_alliance_elves_hef
wh2_main_hef_mon_phoenix_frostheart	wh3_dlc29_alliance_elves_hef
wh2_main_hef_mon_star_dragon	wh3_dlc29_alliance_elves_hef
wh2_main_hef_mon_sun_dragon	wh3_dlc29_alliance_elves_hef
wh3_dlc27_hef_cha_mist_mage	wh3_dlc29_alliance_elves_hef
wh3_dlc27_hef_cha_mist_mage_eagle	wh3_dlc29_alliance_elves_hef
wh3_dlc27_hef_cha_mist_mage_skycutter	wh3_dlc29_alliance_elves_hef
wh3_dlc27_hef_cha_sea_helm	wh3_dlc29_alliance_elves_hef
wh3_dlc27_hef_cha_sea_helm_eagle	wh3_dlc29_alliance_elves_hef
wh3_dlc27_hef_cha_sea_helm_skycutter	wh3_dlc29_alliance_elves_hef
wh3_dlc27_hef_inf_oceanids	wh3_dlc29_alliance_elves_hef
wh3_dlc27_hef_inf_ships_company	wh3_dlc29_alliance_elves_hef
wh3_dlc27_hef_inf_ships_company_ror	wh3_dlc29_alliance_elves_hef
wh3_dlc27_hef_mon_merwyrm	wh3_dlc29_alliance_elves_hef
wh3_dlc27_hef_mon_merwyrm_ror	wh3_dlc29_alliance_elves_hef
wh3_dlc27_hef_mon_sea_elemental	wh3_dlc29_alliance_elves_hef
wh3_dlc27_hef_veh_skycutter_bolt_thrower	wh3_dlc29_alliance_elves_hef
wh3_dlc27_hef_veh_skycutter_bows	wh3_dlc29_alliance_elves_hef
wh3_dlc27_hef_veh_skycutter_ror	wh3_dlc29_alliance_elves_hef
wh2_dlc16_wef_cav_glade_riders_2	wh3_dlc29_alliance_elves_wef
wh2_dlc16_wef_cav_great_stag_knights_0	wh3_dlc29_alliance_elves_wef
wh2_dlc16_wef_cha_malicious_ancient_treeman_beasts_0	wh3_dlc29_alliance_elves_wef
wh2_dlc16_wef_cha_malicious_ancient_treeman_life_0	wh3_dlc29_alliance_elves_wef
wh2_dlc16_wef_cha_malicious_ancient_treeman_shadows_0	wh3_dlc29_alliance_elves_wef
wh2_dlc16_wef_inf_bladesingers_0	wh3_dlc29_alliance_elves_wef
wh2_dlc16_wef_mon_zoats	wh3_dlc29_alliance_elves_wef
wh2_twa02_wef_cha_glade_captain_0	wh3_dlc29_alliance_elves_wef
wh2_twa02_wef_cha_glade_captain_1	wh3_dlc29_alliance_elves_wef
wh2_twa02_wef_cha_glade_captain_2	wh3_dlc29_alliance_elves_wef
wh2_twa02_wef_cha_glade_captain_3	wh3_dlc29_alliance_elves_wef
wh_dlc05_wef_cav_glade_riders_0	wh3_dlc29_alliance_elves_wef
wh_dlc05_wef_cav_glade_riders_1	wh3_dlc29_alliance_elves_wef
wh_dlc05_wef_cav_hawk_riders_0	wh3_dlc29_alliance_elves_wef
wh_dlc05_wef_cav_sisters_thorn_0	wh3_dlc29_alliance_elves_wef
wh_dlc05_wef_cav_wild_riders_0	wh3_dlc29_alliance_elves_wef
wh_dlc05_wef_cav_wild_riders_1	wh3_dlc29_alliance_elves_wef
wh_dlc05_wef_cha_ancient_treeman_0	wh3_dlc29_alliance_elves_wef
wh_dlc05_wef_cha_female_glade_lord_0	wh3_dlc29_alliance_elves_wef
wh_dlc05_wef_cha_female_glade_lord_1	wh3_dlc29_alliance_elves_wef
wh_dlc05_wef_cha_female_glade_lord_2	wh3_dlc29_alliance_elves_wef
wh_dlc05_wef_cha_female_glade_lord_3	wh3_dlc29_alliance_elves_wef
wh_dlc05_wef_cha_glade_lord_0	wh3_dlc29_alliance_elves_wef
wh_dlc05_wef_cha_glade_lord_1	wh3_dlc29_alliance_elves_wef
wh_dlc05_wef_cha_glade_lord_2	wh3_dlc29_alliance_elves_wef
wh_dlc05_wef_cha_glade_lord_3	wh3_dlc29_alliance_elves_wef
wh_dlc05_wef_cha_spellsinger_beasts_0	wh3_dlc29_alliance_elves_wef
wh_dlc05_wef_cha_spellsinger_beasts_1	wh3_dlc29_alliance_elves_wef
wh_dlc05_wef_cha_spellsinger_beasts_2	wh3_dlc29_alliance_elves_wef
wh_dlc05_wef_cha_spellsinger_beasts_3	wh3_dlc29_alliance_elves_wef
wh_dlc05_wef_cha_spellsinger_life_0	wh3_dlc29_alliance_elves_wef
wh_dlc05_wef_cha_spellsinger_life_1	wh3_dlc29_alliance_elves_wef
wh_dlc05_wef_cha_spellsinger_life_2	wh3_dlc29_alliance_elves_wef
wh_dlc05_wef_cha_spellsinger_life_3	wh3_dlc29_alliance_elves_wef
wh_dlc05_wef_cha_spellsinger_shadows_0	wh3_dlc29_alliance_elves_wef
wh_dlc05_wef_cha_spellsinger_shadows_1	wh3_dlc29_alliance_elves_wef
wh_dlc05_wef_cha_spellsinger_shadows_2	wh3_dlc29_alliance_elves_wef
wh_dlc05_wef_cha_spellsinger_shadows_3	wh3_dlc29_alliance_elves_wef
wh_dlc05_wef_cha_waystalker_0	wh3_dlc29_alliance_elves_wef
wh_dlc05_wef_forest_dragon_0	wh3_dlc29_alliance_elves_wef
wh_dlc05_wef_inf_deepwood_scouts_0	wh3_dlc29_alliance_elves_wef
wh_dlc05_wef_inf_deepwood_scouts_1	wh3_dlc29_alliance_elves_wef
wh_dlc05_wef_inf_dryads_0	wh3_dlc29_alliance_elves_wef
wh_dlc05_wef_inf_eternal_guard_0	wh3_dlc29_alliance_elves_wef
wh_dlc05_wef_inf_eternal_guard_1	wh3_dlc29_alliance_elves_wef
wh_dlc05_wef_inf_glade_guard_0	wh3_dlc29_alliance_elves_wef
wh_dlc05_wef_inf_glade_guard_1	wh3_dlc29_alliance_elves_wef
wh_dlc05_wef_inf_glade_guard_2	wh3_dlc29_alliance_elves_wef
wh_dlc05_wef_inf_wardancers_0	wh3_dlc29_alliance_elves_wef
wh_dlc05_wef_inf_wardancers_1	wh3_dlc29_alliance_elves_wef
wh_dlc05_wef_inf_waywatchers_0	wh3_dlc29_alliance_elves_wef
wh_dlc05_wef_inf_wildwood_rangers_0	wh3_dlc29_alliance_elves_wef
wh_dlc05_wef_mon_great_eagle_0	wh3_dlc29_alliance_elves_wef
wh_dlc05_wef_mon_treekin_0	wh3_dlc29_alliance_elves_wef
wh_dlc05_wef_mon_treeman_0	wh3_dlc29_alliance_elves_wef
wh_dlc05_emp_cha_wizard_life_0	wh3_dlc29_alliance_order_brt
wh_dlc05_emp_cha_wizard_life_1	wh3_dlc29_alliance_order_brt
wh_dlc05_emp_cha_wizard_life_2	wh3_dlc29_alliance_order_brt
wh_dlc05_emp_cha_wizard_life_3	wh3_dlc29_alliance_order_brt
wh_dlc07_brt_art_blessed_field_trebuchet_0	wh3_dlc29_alliance_order_brt
wh_dlc07_brt_cav_grail_guardians_0	wh3_dlc29_alliance_order_brt
wh_dlc07_brt_cav_knights_errant_0	wh3_dlc29_alliance_order_brt
wh_dlc07_brt_cav_questing_knights_0	wh3_dlc29_alliance_order_brt
wh_dlc07_brt_cav_royal_hippogryph_knights_0	wh3_dlc29_alliance_order_brt
wh_dlc07_brt_cav_royal_pegasus_knights_0	wh3_dlc29_alliance_order_brt
wh_dlc07_brt_cha_damsel_beasts_0	wh3_dlc29_alliance_order_brt
wh_dlc07_brt_cha_damsel_beasts_1	wh3_dlc29_alliance_order_brt
wh_dlc07_brt_cha_damsel_beasts_2	wh3_dlc29_alliance_order_brt
wh_dlc07_brt_cha_damsel_life_0	wh3_dlc29_alliance_order_brt
wh_dlc07_brt_cha_damsel_life_1	wh3_dlc29_alliance_order_brt
wh_dlc07_brt_cha_damsel_life_2	wh3_dlc29_alliance_order_brt
wh_dlc07_brt_cha_prophetess_0	wh3_dlc29_alliance_order_brt
wh_dlc07_brt_cha_prophetess_1	wh3_dlc29_alliance_order_brt
wh_dlc07_brt_cha_prophetess_2	wh3_dlc29_alliance_order_brt
wh_dlc07_brt_cha_prophetess_3	wh3_dlc29_alliance_order_brt
wh_dlc07_brt_cha_prophetess_beasts_0	wh3_dlc29_alliance_order_brt
wh_dlc07_brt_cha_prophetess_beasts_1	wh3_dlc29_alliance_order_brt
wh_dlc07_brt_cha_prophetess_beasts_2	wh3_dlc29_alliance_order_brt
wh_dlc07_brt_cha_prophetess_beasts_3	wh3_dlc29_alliance_order_brt
wh_dlc07_brt_cha_prophetess_heavens_0	wh3_dlc29_alliance_order_brt
wh_dlc07_brt_cha_prophetess_heavens_1	wh3_dlc29_alliance_order_brt
wh_dlc07_brt_cha_prophetess_heavens_2	wh3_dlc29_alliance_order_brt
wh_dlc07_brt_cha_prophetess_heavens_3	wh3_dlc29_alliance_order_brt
wh_dlc07_brt_inf_battle_pilgrims_0	wh3_dlc29_alliance_order_brt
wh_dlc07_brt_inf_foot_squires_0	wh3_dlc29_alliance_order_brt
wh_dlc07_brt_inf_grail_reliquae_0	wh3_dlc29_alliance_order_brt
wh_dlc07_brt_inf_men_at_arms_1	wh3_dlc29_alliance_order_brt
wh_dlc07_brt_inf_men_at_arms_2	wh3_dlc29_alliance_order_brt
wh_dlc07_brt_inf_peasant_bowmen_1	wh3_dlc29_alliance_order_brt
wh_dlc07_brt_inf_peasant_bowmen_2	wh3_dlc29_alliance_order_brt
wh_dlc07_brt_inf_spearmen_at_arms_1	wh3_dlc29_alliance_order_brt
wh_dlc07_brt_peasant_mob_0	wh3_dlc29_alliance_order_brt
wh_main_brt_art_field_trebuchet	wh3_dlc29_alliance_order_brt
wh_main_brt_cav_grail_knights	wh3_dlc29_alliance_order_brt
wh_main_brt_cav_knights_of_the_realm	wh3_dlc29_alliance_order_brt
wh_main_brt_cav_mounted_yeomen_0	wh3_dlc29_alliance_order_brt
wh_main_brt_cav_mounted_yeomen_1	wh3_dlc29_alliance_order_brt
wh_main_brt_cav_pegasus_knights	wh3_dlc29_alliance_order_brt
wh_main_brt_cha_damsel_0	wh3_dlc29_alliance_order_brt
wh_main_brt_cha_damsel_1	wh3_dlc29_alliance_order_brt
wh_main_brt_cha_damsel_2	wh3_dlc29_alliance_order_brt
wh_main_brt_cha_lord_0	wh3_dlc29_alliance_order_brt
wh_main_brt_cha_lord_2	wh3_dlc29_alliance_order_brt
wh_main_brt_cha_lord_3	wh3_dlc29_alliance_order_brt
wh_main_brt_cha_lord_4	wh3_dlc29_alliance_order_brt
wh_main_brt_cha_paladin_0	wh3_dlc29_alliance_order_brt
wh_main_brt_cha_paladin_3	wh3_dlc29_alliance_order_brt
wh_main_brt_cha_paladin_4	wh3_dlc29_alliance_order_brt
wh_main_brt_inf_men_at_arms	wh3_dlc29_alliance_order_brt
wh_main_brt_inf_peasant_bowmen	wh3_dlc29_alliance_order_brt
wh_main_brt_inf_spearmen_at_arms	wh3_dlc29_alliance_order_brt
wh3_dlc24_cth_cha_astromancer_great_moon_bird	wh3_dlc29_alliance_order_cth
wh3_dlc24_cth_cha_celestial_general_yang	wh3_dlc29_alliance_order_cth
wh3_dlc24_cth_cha_celestial_general_yang_cathayan_horse	wh3_dlc29_alliance_order_cth
wh3_dlc24_cth_cha_celestial_general_yang_celestial_lion	wh3_dlc29_alliance_order_cth
wh3_dlc24_cth_cha_celestial_general_yang_longma	wh3_dlc29_alliance_order_cth
wh3_dlc24_cth_cha_gate_master	wh3_dlc29_alliance_order_cth
wh3_dlc24_cth_cha_gate_master_warhorse	wh3_dlc29_alliance_order_cth
wh3_dlc24_cth_inf_onyx_crowmen	wh3_dlc29_alliance_order_cth
wh3_dlc24_cth_mon_celestial_lion	wh3_dlc29_alliance_order_cth
wh3_dlc24_cth_mon_great_moon_bird	wh3_dlc29_alliance_order_cth
wh3_dlc24_cth_mon_jade_lion	wh3_dlc29_alliance_order_cth
wh3_dlc24_cth_mon_jet_lion	wh3_dlc29_alliance_order_cth
wh3_dlc24_cth_veh_zhangu_war_drum	wh3_dlc29_alliance_order_cth
wh3_main_cth_art_fire_rain_rocket_battery_0	wh3_dlc29_alliance_order_cth
wh3_main_cth_art_grand_cannon_0	wh3_dlc29_alliance_order_cth
wh3_main_cth_cav_jade_lancers_0	wh3_dlc29_alliance_order_cth
wh3_main_cth_cav_jade_longma_riders_0	wh3_dlc29_alliance_order_cth
wh3_main_cth_cav_peasant_horsemen_0	wh3_dlc29_alliance_order_cth
wh3_main_cth_cha_alchemist_0	wh3_dlc29_alliance_order_cth
wh3_main_cth_cha_alchemist_1	wh3_dlc29_alliance_order_cth
wh3_main_cth_cha_astromancer_0	wh3_dlc29_alliance_order_cth
wh3_main_cth_cha_astromancer_1	wh3_dlc29_alliance_order_cth
wh3_main_cth_cha_astromancer_2	wh3_dlc29_alliance_order_cth
wh3_main_cth_cha_dragon_blooded_shugengan_lord_yang_0	wh3_dlc29_alliance_order_cth
wh3_main_cth_cha_dragon_blooded_shugengan_lord_yang_1	wh3_dlc29_alliance_order_cth
wh3_main_cth_cha_dragon_blooded_shugengan_lord_yang_2	wh3_dlc29_alliance_order_cth
wh3_main_cth_cha_dragon_blooded_shugengan_lord_yin_0	wh3_dlc29_alliance_order_cth
wh3_main_cth_cha_dragon_blooded_shugengan_lord_yin_1	wh3_dlc29_alliance_order_cth
wh3_main_cth_cha_dragon_blooded_shugengan_lord_yin_2	wh3_dlc29_alliance_order_cth
wh3_main_cth_cha_lord_caravan_master	wh3_dlc29_alliance_order_cth
wh3_main_cth_cha_lord_magistrate_0	wh3_dlc29_alliance_order_cth
wh3_main_cth_cha_lord_magistrate_1	wh3_dlc29_alliance_order_cth
wh3_main_cth_cha_lord_magistrate_2	wh3_dlc29_alliance_order_cth
wh3_main_cth_inf_crane_gunners_0	wh3_dlc29_alliance_order_cth
wh3_main_cth_inf_dragon_guard_0	wh3_dlc29_alliance_order_cth
wh3_main_cth_inf_dragon_guard_crossbowmen_0	wh3_dlc29_alliance_order_cth
wh3_main_cth_inf_grenadiers	wh3_dlc29_alliance_order_cth
wh3_main_cth_inf_iron_hail_gunners_0	wh3_dlc29_alliance_order_cth
wh3_main_cth_inf_jade_warrior_crossbowmen_0	wh3_dlc29_alliance_order_cth
wh3_main_cth_inf_jade_warrior_crossbowmen_1	wh3_dlc29_alliance_order_cth
wh3_main_cth_inf_jade_warriors_0	wh3_dlc29_alliance_order_cth
wh3_main_cth_inf_jade_warriors_1	wh3_dlc29_alliance_order_cth
wh3_main_cth_inf_peasant_archers_0	wh3_dlc29_alliance_order_cth
wh3_main_cth_inf_peasant_spearmen_1	wh3_dlc29_alliance_order_cth
wh3_main_cth_mon_terracotta_sentinel_0	wh3_dlc29_alliance_order_cth
wh3_main_cth_veh_sky_junk_0	wh3_dlc29_alliance_order_cth
wh3_main_cth_veh_sky_lantern_0	wh3_dlc29_alliance_order_cth
wh3_main_cth_veh_war_compass_0	wh3_dlc29_alliance_order_cth
wh2_dlc10_dwf_inf_giant_slayers	wh3_dlc29_alliance_order_dwf
wh3_dlc25_dwf_art_goblin_hewer	wh3_dlc29_alliance_order_dwf
wh3_dlc25_dwf_cha_daemon_slayer	wh3_dlc29_alliance_order_dwf
wh3_dlc25_dwf_cha_dragon_slayer	wh3_dlc29_alliance_order_dwf
wh3_dlc25_dwf_inf_doomseekers	wh3_dlc29_alliance_order_dwf
wh3_dlc25_dwf_inf_slayer_pirates	wh3_dlc29_alliance_order_dwf
wh3_dlc25_dwf_inf_thunderers_grudge_rakers	wh3_dlc29_alliance_order_dwf
wh3_dlc25_dwf_veh_thunderbarge	wh3_dlc29_alliance_order_dwf
wh_dlc06_dwf_art_bolt_thrower_0	wh3_dlc29_alliance_order_dwf
wh_dlc06_dwf_inf_bugmans_rangers_0	wh3_dlc29_alliance_order_dwf
wh_dlc06_dwf_inf_rangers_0	wh3_dlc29_alliance_order_dwf
wh_dlc06_dwf_inf_rangers_1	wh3_dlc29_alliance_order_dwf
wh_main_dwf_art_cannon	wh3_dlc29_alliance_order_dwf
wh_main_dwf_art_flame_cannon	wh3_dlc29_alliance_order_dwf
wh_main_dwf_art_grudge_thrower	wh3_dlc29_alliance_order_dwf
wh_main_dwf_art_organ_gun	wh3_dlc29_alliance_order_dwf
wh_main_dwf_cha_lord_0	wh3_dlc29_alliance_order_dwf
wh_main_dwf_cha_master_engineer_0	wh3_dlc29_alliance_order_dwf
wh_main_dwf_cha_rune_smith_0	wh3_dlc29_alliance_order_dwf
wh_main_dwf_cha_thane	wh3_dlc29_alliance_order_dwf
wh_main_dwf_inf_dwarf_warrior_0	wh3_dlc29_alliance_order_dwf
wh_main_dwf_inf_dwarf_warrior_1	wh3_dlc29_alliance_order_dwf
wh_main_dwf_inf_hammerers	wh3_dlc29_alliance_order_dwf
wh_main_dwf_inf_ironbreakers	wh3_dlc29_alliance_order_dwf
wh_main_dwf_inf_irondrakes_0	wh3_dlc29_alliance_order_dwf
wh_main_dwf_inf_irondrakes_2	wh3_dlc29_alliance_order_dwf
wh_main_dwf_inf_longbeards	wh3_dlc29_alliance_order_dwf
wh_main_dwf_inf_longbeards_1	wh3_dlc29_alliance_order_dwf
wh_main_dwf_inf_miners_0	wh3_dlc29_alliance_order_dwf
wh_main_dwf_inf_miners_1	wh3_dlc29_alliance_order_dwf
wh_main_dwf_inf_quarrellers_0	wh3_dlc29_alliance_order_dwf
wh_main_dwf_inf_quarrellers_1	wh3_dlc29_alliance_order_dwf
wh_main_dwf_inf_slayers	wh3_dlc29_alliance_order_dwf
wh_main_dwf_inf_thunderers_0	wh3_dlc29_alliance_order_dwf
wh_main_dwf_veh_gyrobomber	wh3_dlc29_alliance_order_dwf
wh_main_dwf_veh_gyrocopter_0	wh3_dlc29_alliance_order_dwf
wh_main_dwf_veh_gyrocopter_1	wh3_dlc29_alliance_order_dwf
wh2_dlc13_emp_inf_archers_0	wh3_dlc29_alliance_order_emp
wh2_dlc13_emp_inf_huntsmen_0	wh3_dlc29_alliance_order_emp
wh2_dlc13_emp_veh_war_wagon_0	wh3_dlc29_alliance_order_emp
wh2_dlc13_emp_veh_war_wagon_1	wh3_dlc29_alliance_order_emp
wh3_dlc25_emp_cav_knights_of_the_black_rose	wh3_dlc29_alliance_order_emp
wh3_dlc25_emp_cha_engineer	wh3_dlc29_alliance_order_emp
wh3_dlc25_emp_cha_engineer_mechanical_steed	wh3_dlc29_alliance_order_emp
wh3_dlc25_emp_cha_engineer_warhorse	wh3_dlc29_alliance_order_emp
wh3_dlc25_emp_cha_master_engineer	wh3_dlc29_alliance_order_emp
wh3_dlc25_emp_cha_master_engineer_mechanical_steed	wh3_dlc29_alliance_order_emp
wh3_dlc25_emp_cha_master_engineer_steam_tank	wh3_dlc29_alliance_order_emp
wh3_dlc25_emp_cha_master_engineer_warhorse	wh3_dlc29_alliance_order_emp
wh3_dlc25_emp_cha_wizard_metal	wh3_dlc29_alliance_order_emp
wh3_dlc25_emp_cha_wizard_metal_pegasus	wh3_dlc29_alliance_order_emp
wh3_dlc25_emp_cha_wizard_metal_warhorse	wh3_dlc29_alliance_order_emp
wh3_dlc25_emp_inf_hochland_long_rifles	wh3_dlc29_alliance_order_emp
wh3_dlc25_emp_inf_nuln_ironsides	wh3_dlc29_alliance_order_emp
wh3_dlc25_emp_veh_marienburg_land_ship	wh3_dlc29_alliance_order_emp
wh3_dlc25_emp_veh_steam_tank_volley_gun	wh3_dlc29_alliance_order_emp
wh3_dlc29_emp_cav_knights_of_the_white_wolf	wh3_dlc29_alliance_order_emp
wh3_dlc29_emp_cav_knights_panther	wh3_dlc29_alliance_order_emp
wh3_dlc29_emp_cha_priest_of_ulric	wh3_dlc29_alliance_order_emp
wh3_dlc29_emp_cha_priest_of_ulric_warhorse	wh3_dlc29_alliance_order_emp
wh3_dlc29_emp_inf_teutogen_guard	wh3_dlc29_alliance_order_emp
wh3_dlc29_emp_veh_celestial_hurricanum_0	wh3_dlc29_alliance_order_emp
wh_dlc04_emp_cav_knights_blazing_sun_0	wh3_dlc29_alliance_order_emp
wh_dlc04_emp_inf_flagellants_0	wh3_dlc29_alliance_order_emp
wh_dlc04_emp_inf_free_company_militia_0	wh3_dlc29_alliance_order_emp
wh_dlc05_wef_cha_waystalker_0	wh3_dlc29_alliance_order_emp
wh_main_dwf_cha_thane	wh3_dlc29_alliance_order_emp
wh_main_emp_art_great_cannon	wh3_dlc29_alliance_order_emp
wh_main_emp_art_helblaster_volley_gun	wh3_dlc29_alliance_order_emp
wh_main_emp_art_helstorm_rocket_battery	wh3_dlc29_alliance_order_emp
wh_main_emp_art_mortar	wh3_dlc29_alliance_order_emp
wh_main_emp_cav_demigryph_knights_0	wh3_dlc29_alliance_order_emp
wh_main_emp_cav_demigryph_knights_1	wh3_dlc29_alliance_order_emp
wh_main_emp_cav_empire_knights	wh3_dlc29_alliance_order_emp
wh_main_emp_cav_outriders_0	wh3_dlc29_alliance_order_emp
wh_main_emp_cav_outriders_1	wh3_dlc29_alliance_order_emp
wh_main_emp_cav_pistoliers_1	wh3_dlc29_alliance_order_emp
wh_main_emp_cav_reiksguard	wh3_dlc29_alliance_order_emp
wh_main_emp_cha_captain_0	wh3_dlc29_alliance_order_emp
wh_main_emp_cha_captain_1	wh3_dlc29_alliance_order_emp
wh_main_emp_cha_captain_2	wh3_dlc29_alliance_order_emp
wh_main_emp_cha_captain_3	wh3_dlc29_alliance_order_emp
wh_main_emp_cha_general_0	wh3_dlc29_alliance_order_emp
wh_main_emp_cha_general_1	wh3_dlc29_alliance_order_emp
wh_main_emp_cha_general_2	wh3_dlc29_alliance_order_emp
wh_main_emp_cha_general_3	wh3_dlc29_alliance_order_emp
wh_main_emp_cha_general_4	wh3_dlc29_alliance_order_emp
wh_main_emp_cha_warrior_priest_0	wh3_dlc29_alliance_order_emp
wh_main_emp_cha_warrior_priest_1	wh3_dlc29_alliance_order_emp
wh_main_emp_cha_warrior_priest_2	wh3_dlc29_alliance_order_emp
wh_main_emp_cha_witch_hunter	wh3_dlc29_alliance_order_emp
wh_main_emp_cha_wizard_fire_0	wh3_dlc29_alliance_order_emp
wh_main_emp_cha_wizard_fire_1	wh3_dlc29_alliance_order_emp
wh_main_emp_cha_wizard_fire_2	wh3_dlc29_alliance_order_emp
wh_main_emp_cha_wizard_fire_3	wh3_dlc29_alliance_order_emp
wh_main_emp_cha_wizard_heavens_0	wh3_dlc29_alliance_order_emp
wh_main_emp_cha_wizard_heavens_1	wh3_dlc29_alliance_order_emp
wh_main_emp_cha_wizard_heavens_2	wh3_dlc29_alliance_order_emp
wh_main_emp_cha_wizard_heavens_4	wh3_dlc29_alliance_order_emp
wh_main_emp_cha_wizard_light_0	wh3_dlc29_alliance_order_emp
wh_main_emp_cha_wizard_light_1	wh3_dlc29_alliance_order_emp
wh_main_emp_cha_wizard_light_2	wh3_dlc29_alliance_order_emp
wh_main_emp_cha_wizard_light_4	wh3_dlc29_alliance_order_emp
wh_main_emp_inf_crossbowmen	wh3_dlc29_alliance_order_emp
wh_main_emp_inf_greatswords	wh3_dlc29_alliance_order_emp
wh_main_emp_inf_halberdiers	wh3_dlc29_alliance_order_emp
wh_main_emp_inf_handgunners	wh3_dlc29_alliance_order_emp
wh_main_emp_inf_spearmen_0	wh3_dlc29_alliance_order_emp
wh_main_emp_inf_spearmen_1	wh3_dlc29_alliance_order_emp
wh_main_emp_inf_swordsmen	wh3_dlc29_alliance_order_emp
wh_main_emp_veh_luminark_of_hysh_0	wh3_dlc29_alliance_order_emp
wh_main_emp_veh_steam_tank	wh3_dlc29_alliance_order_emp
wh3_dlc24_ksl_cha_hag_witch_beast	wh3_dlc29_alliance_order_ksl
wh3_dlc24_ksl_cha_hag_witch_death	wh3_dlc29_alliance_order_ksl
wh3_dlc24_ksl_cha_hag_witch_hag	wh3_dlc29_alliance_order_ksl
wh3_dlc24_ksl_cha_hag_witch_shadow	wh3_dlc29_alliance_order_ksl
wh3_dlc24_ksl_inf_akshina_ambushers	wh3_dlc29_alliance_order_ksl
wh3_dlc24_ksl_inf_kislevite_warriors	wh3_dlc29_alliance_order_ksl
wh3_dlc24_ksl_mon_frost_wyrm	wh3_dlc29_alliance_order_ksl
wh3_dlc24_ksl_mon_incarnate_elemental_of_beasts	wh3_dlc29_alliance_order_ksl
wh3_dlc24_ksl_mon_the_things_in_the_woods	wh3_dlc29_alliance_order_ksl
wh3_main_ksl_cav_gryphon_legion_0	wh3_dlc29_alliance_order_ksl
wh3_main_ksl_cav_horse_archers_0	wh3_dlc29_alliance_order_ksl
wh3_main_ksl_cav_horse_raiders_0	wh3_dlc29_alliance_order_ksl
wh3_main_ksl_cav_war_bear_riders_1	wh3_dlc29_alliance_order_ksl
wh3_main_ksl_cav_winged_lancers_0	wh3_dlc29_alliance_order_ksl
wh3_main_ksl_cha_ataman	wh3_dlc29_alliance_order_ksl
wh3_main_ksl_cha_boyar_0	wh3_dlc29_alliance_order_ksl
wh3_main_ksl_cha_boyar_1	wh3_dlc29_alliance_order_ksl
wh3_main_ksl_cha_boyar_2	wh3_dlc29_alliance_order_ksl
wh3_main_ksl_cha_frost_maiden_ice_0	wh3_dlc29_alliance_order_ksl
wh3_main_ksl_cha_frost_maiden_ice_1	wh3_dlc29_alliance_order_ksl
wh3_main_ksl_cha_frost_maiden_ice_2	wh3_dlc29_alliance_order_ksl
wh3_main_ksl_cha_frost_maiden_tempest_0	wh3_dlc29_alliance_order_ksl
wh3_main_ksl_cha_frost_maiden_tempest_1	wh3_dlc29_alliance_order_ksl
wh3_main_ksl_cha_frost_maiden_tempest_2	wh3_dlc29_alliance_order_ksl
wh3_main_ksl_cha_ice_witch_ice_0	wh3_dlc29_alliance_order_ksl
wh3_main_ksl_cha_ice_witch_ice_1	wh3_dlc29_alliance_order_ksl
wh3_main_ksl_cha_ice_witch_ice_2	wh3_dlc29_alliance_order_ksl
wh3_main_ksl_cha_ice_witch_tempest_0	wh3_dlc29_alliance_order_ksl
wh3_main_ksl_cha_ice_witch_tempest_1	wh3_dlc29_alliance_order_ksl
wh3_main_ksl_cha_ice_witch_tempest_2	wh3_dlc29_alliance_order_ksl
wh3_main_ksl_cha_patriarch_0	wh3_dlc29_alliance_order_ksl
wh3_main_ksl_cha_patriarch_1	wh3_dlc29_alliance_order_ksl
wh3_main_ksl_cha_patriarch_2	wh3_dlc29_alliance_order_ksl
wh3_main_ksl_inf_armoured_kossars_0	wh3_dlc29_alliance_order_ksl
wh3_main_ksl_inf_armoured_kossars_1	wh3_dlc29_alliance_order_ksl
wh3_main_ksl_inf_ice_guard_0	wh3_dlc29_alliance_order_ksl
wh3_main_ksl_inf_ice_guard_1	wh3_dlc29_alliance_order_ksl
wh3_main_ksl_inf_kossars_0	wh3_dlc29_alliance_order_ksl
wh3_main_ksl_inf_kossars_1	wh3_dlc29_alliance_order_ksl
wh3_main_ksl_inf_streltsi_0	wh3_dlc29_alliance_order_ksl
wh3_main_ksl_inf_tzar_guard_0	wh3_dlc29_alliance_order_ksl
wh3_main_ksl_inf_tzar_guard_1	wh3_dlc29_alliance_order_ksl
wh3_main_ksl_mon_elemental_bear_0	wh3_dlc29_alliance_order_ksl
wh3_main_ksl_mon_snow_leopard_0	wh3_dlc29_alliance_order_ksl
wh3_main_ksl_veh_heavy_war_sled_0	wh3_dlc29_alliance_order_ksl
wh3_main_ksl_veh_light_war_sled_0	wh3_dlc29_alliance_order_ksl
wh3_main_ksl_veh_little_grom_0	wh3_dlc29_alliance_order_ksl
wh3_main_monster_feral_bears	wh3_dlc29_alliance_order_ksl
wh3_main_monster_feral_ice_bears	wh3_dlc29_alliance_order_ksl
wh2_dlc12_lzd_cav_ripperdactyl_riders_0	wh3_dlc29_alliance_order_lzd
wh2_dlc12_lzd_inf_skink_red_crested_0	wh3_dlc29_alliance_order_lzd
wh2_dlc12_lzd_mon_ancient_salamander_0	wh3_dlc29_alliance_order_lzd
wh2_dlc12_lzd_mon_ancient_stegadon_1	wh3_dlc29_alliance_order_lzd
wh2_dlc12_lzd_mon_bastiladon_3	wh3_dlc29_alliance_order_lzd
wh2_dlc12_lzd_mon_salamander_pack_0	wh3_dlc29_alliance_order_lzd
wh2_dlc13_lzd_mon_dread_saurian_0	wh3_dlc29_alliance_order_lzd
wh2_dlc13_lzd_mon_dread_saurian_1	wh3_dlc29_alliance_order_lzd
wh2_dlc13_lzd_mon_razordon_pack_0	wh3_dlc29_alliance_order_lzd
wh2_dlc13_lzd_mon_sacred_kroxigors_0	wh3_dlc29_alliance_order_lzd
wh2_dlc16_wef_mon_zoats	wh3_dlc29_alliance_order_lzd
wh2_dlc17_lzd_cha_skink_oracle_troglodon_0	wh3_dlc29_alliance_order_lzd
wh2_dlc17_lzd_inf_chameleon_stalkers_0	wh3_dlc29_alliance_order_lzd
wh2_dlc17_lzd_mon_coatl_0	wh3_dlc29_alliance_order_lzd
wh2_dlc17_lzd_mon_troglodon_0	wh3_dlc29_alliance_order_lzd
wh2_main_lzd_cav_cold_one_spearmen_1	wh3_dlc29_alliance_order_lzd
wh2_main_lzd_cav_cold_ones_1	wh3_dlc29_alliance_order_lzd
wh2_main_lzd_cav_cold_ones_feral_0	wh3_dlc29_alliance_order_lzd
wh2_main_lzd_cav_horned_ones_0	wh3_dlc29_alliance_order_lzd
wh2_main_lzd_cav_terradon_riders_0	wh3_dlc29_alliance_order_lzd
wh2_main_lzd_cav_terradon_riders_1	wh3_dlc29_alliance_order_lzd
wh2_main_lzd_cha_saurus_scar_veteran_0	wh3_dlc29_alliance_order_lzd
wh2_main_lzd_cha_saurus_scar_veteran_1	wh3_dlc29_alliance_order_lzd
wh2_main_lzd_cha_saurus_scar_veteran_2	wh3_dlc29_alliance_order_lzd
wh2_main_lzd_cha_skink_chief_0	wh3_dlc29_alliance_order_lzd
wh2_main_lzd_cha_skink_priest_beasts_0	wh3_dlc29_alliance_order_lzd
wh2_main_lzd_cha_skink_priest_heavens_0	wh3_dlc29_alliance_order_lzd
wh2_main_lzd_cha_slann_mage_priest_high_0	wh3_dlc29_alliance_order_lzd
wh2_main_lzd_inf_chameleon_skinks_0	wh3_dlc29_alliance_order_lzd
wh2_main_lzd_inf_saurus_spearmen_0	wh3_dlc29_alliance_order_lzd
wh2_main_lzd_inf_saurus_spearmen_1	wh3_dlc29_alliance_order_lzd
wh2_main_lzd_inf_saurus_warriors_0	wh3_dlc29_alliance_order_lzd
wh2_main_lzd_inf_saurus_warriors_1	wh3_dlc29_alliance_order_lzd
wh2_main_lzd_inf_skink_cohort_0	wh3_dlc29_alliance_order_lzd
wh2_main_lzd_inf_skink_cohort_1	wh3_dlc29_alliance_order_lzd
wh2_main_lzd_inf_skink_skirmishers_0	wh3_dlc29_alliance_order_lzd
wh2_main_lzd_inf_temple_guards	wh3_dlc29_alliance_order_lzd
wh2_main_lzd_mon_ancient_stegadon	wh3_dlc29_alliance_order_lzd
wh2_main_lzd_mon_bastiladon_0	wh3_dlc29_alliance_order_lzd
wh2_main_lzd_mon_bastiladon_1	wh3_dlc29_alliance_order_lzd
wh2_main_lzd_mon_bastiladon_2	wh3_dlc29_alliance_order_lzd
wh2_main_lzd_mon_carnosaur_0	wh3_dlc29_alliance_order_lzd
wh2_main_lzd_mon_kroxigors	wh3_dlc29_alliance_order_lzd
wh2_main_lzd_mon_stegadon_0	wh3_dlc29_alliance_order_lzd
wh2_main_lzd_mon_stegadon_1	wh3_dlc29_alliance_order_lzd
wh3_dlc29_chd_mon_chaos_siege_giant	wh3_dlc29_chd_chaos_siege_giant
wh2_dlc13_emp_inf_archers_0	wh3_dlc29_hunting_party
wh2_dlc13_emp_inf_huntsmen_0	wh3_dlc29_hunting_party
wh3_dlc29_emp_cav_knights_of_the_white_wolf	wh3_dlc29_hunting_party
wh3_dlc29_emp_inf_hunting_hounds	wh3_dlc29_hunting_party
wh3_dlc29_emp_inf_teutogen_guard	wh3_dlc29_hunting_party
wh3_dlc29_emp_inf_warriors_of_ulric	wh3_dlc29_hunting_party
wh3_dlc29_emp_inf_wolf_kin	wh3_dlc29_hunting_party
wh2_dlc11_cst_art_carronade	wh3_dlc29_nag_cst_unit_list
wh2_dlc11_cst_art_mortar	wh3_dlc29_nag_cst_unit_list
wh2_dlc11_cst_cav_deck_droppers_0	wh3_dlc29_nag_cst_unit_list
wh2_dlc11_cst_cav_deck_droppers_1	wh3_dlc29_nag_cst_unit_list
wh2_dlc11_cst_cav_deck_droppers_2	wh3_dlc29_nag_cst_unit_list
wh2_dlc11_cst_inf_deck_gunners_0	wh3_dlc29_nag_cst_unit_list
wh2_dlc11_cst_inf_depth_guard_0	wh3_dlc29_nag_cst_unit_list
wh2_dlc11_cst_inf_depth_guard_1	wh3_dlc29_nag_cst_unit_list
wh2_dlc11_cst_inf_syreens	wh3_dlc29_nag_cst_unit_list
wh2_dlc11_cst_inf_zombie_deckhands_mob_0	wh3_dlc29_nag_cst_unit_list
wh2_dlc11_cst_inf_zombie_deckhands_mob_1	wh3_dlc29_nag_cst_unit_list
wh2_dlc11_cst_inf_zombie_gunnery_mob_0	wh3_dlc29_nag_cst_unit_list
wh2_dlc11_cst_inf_zombie_gunnery_mob_1	wh3_dlc29_nag_cst_unit_list
wh2_dlc11_cst_inf_zombie_gunnery_mob_2	wh3_dlc29_nag_cst_unit_list
wh2_dlc11_cst_inf_zombie_gunnery_mob_3	wh3_dlc29_nag_cst_unit_list
wh2_dlc11_cst_inf_zombie_gunnery_mob_ror_0	wh3_dlc29_nag_cst_unit_list
wh2_dlc11_cst_mon_animated_hulks_0	wh3_dlc29_nag_cst_unit_list
wh2_dlc11_cst_mon_bloated_corpse_0	wh3_dlc29_nag_cst_unit_list
wh2_dlc11_cst_mon_mournguls_0	wh3_dlc29_nag_cst_unit_list
wh2_dlc11_cst_mon_mournguls_ror_0	wh3_dlc29_nag_cst_unit_list
wh2_dlc11_cst_mon_necrofex_colossus_0	wh3_dlc29_nag_cst_unit_list
wh2_dlc11_cst_mon_necrofex_colossus_ror_0	wh3_dlc29_nag_cst_unit_list
wh2_dlc11_cst_mon_rotting_leviathan_0	wh3_dlc29_nag_cst_unit_list
wh2_dlc11_cst_mon_rotting_prometheans_0	wh3_dlc29_nag_cst_unit_list
wh2_dlc11_cst_mon_rotting_prometheans_gunnery_mob_0	wh3_dlc29_nag_cst_unit_list
wh2_dlc11_cst_mon_rotting_prometheans_gunnery_mob_ror	wh3_dlc29_nag_cst_unit_list
wh2_dlc11_cst_mon_scurvy_dogs	wh3_dlc29_nag_cst_unit_list
wh2_dlc11_cst_inf_syreens	wh3_dlc29_nag_ethereal_infantry
wh_main_vmp_inf_cairn_wraiths	wh3_dlc29_nag_ethereal_infantry
wh2_dlc09_tmb_inf_skeleton_spearmen_0	wh3_dlc29_nag_polearm_infantry
wh2_dlc11_cst_inf_zombie_deckhands_mob_1	wh3_dlc29_nag_polearm_infantry
wh_main_vmp_inf_skeleton_warriors_1	wh3_dlc29_nag_polearm_infantry
wh2_dlc09_tmb_art_screaming_skull_catapult_0	wh3_dlc29_nag_raise_legions_tmb
wh2_dlc09_tmb_cav_necropolis_knights_0	wh3_dlc29_nag_raise_legions_tmb
wh2_dlc09_tmb_cav_necropolis_knights_1	wh3_dlc29_nag_raise_legions_tmb
wh2_dlc09_tmb_cav_nehekhara_horsemen_0	wh3_dlc29_nag_raise_legions_tmb
wh2_dlc09_tmb_cav_skeleton_horsemen_0	wh3_dlc29_nag_raise_legions_tmb
wh2_dlc09_tmb_cav_skeleton_horsemen_archers_0	wh3_dlc29_nag_raise_legions_tmb
wh2_dlc09_tmb_inf_nehekhara_warriors_0	wh3_dlc29_nag_raise_legions_tmb
wh2_dlc09_tmb_inf_skeleton_archers_0	wh3_dlc29_nag_raise_legions_tmb
wh2_dlc09_tmb_inf_skeleton_spearmen_0	wh3_dlc29_nag_raise_legions_tmb
wh2_dlc09_tmb_inf_skeleton_warriors_0	wh3_dlc29_nag_raise_legions_tmb
wh2_dlc09_tmb_inf_tomb_guard_0	wh3_dlc29_nag_raise_legions_tmb
wh2_dlc09_tmb_inf_tomb_guard_1	wh3_dlc29_nag_raise_legions_tmb
wh2_dlc09_tmb_mon_carrion_0	wh3_dlc29_nag_raise_legions_tmb
wh2_dlc09_tmb_mon_sepulchral_stalkers_0	wh3_dlc29_nag_raise_legions_tmb
wh2_dlc09_tmb_mon_ushabti_0	wh3_dlc29_nag_raise_legions_tmb
wh2_dlc09_tmb_mon_ushabti_1	wh3_dlc29_nag_raise_legions_tmb
wh3_dlc29_tmb_mon_ushabti_ror_sepulchrex	wh3_dlc29_nag_raise_legions_tmb
wh2_dlc09_tmb_art_casket_of_souls_0	wh3_dlc29_nag_raise_monstrosities
wh2_dlc09_tmb_mon_heirotitan_0	wh3_dlc29_nag_raise_monstrosities
wh2_dlc09_tmb_mon_necrosphinx_0	wh3_dlc29_nag_raise_monstrosities
wh2_dlc09_tmb_mon_tomb_scorpion_0	wh3_dlc29_nag_raise_monstrosities
wh2_dlc09_tmb_veh_khemrian_warsphinx_0	wh3_dlc29_nag_raise_monstrosities
wh2_dlc11_cst_mon_necrofex_colossus_0	wh3_dlc29_nag_raise_monstrosities
wh2_dlc11_cst_mon_rotting_leviathan_0	wh3_dlc29_nag_raise_monstrosities
wh2_dlc11_cst_mon_rotting_prometheans_gunnery_mob_0	wh3_dlc29_nag_raise_monstrosities
wh2_pro06_tmb_mon_bone_giant_0	wh3_dlc29_nag_raise_monstrosities
wh3_dlc29_tmb_mon_khemric_titan	wh3_dlc29_nag_raise_monstrosities
wh3_dlc29_vmp_mon_morghast_archai	wh3_dlc29_nag_raise_monstrosities
wh3_dlc29_vmp_mon_morghast_harbingers	wh3_dlc29_nag_raise_monstrosities
wh3_dlc29_vmp_veh_coven_throne	wh3_dlc29_nag_raise_monstrosities
wh_dlc04_vmp_veh_mortis_engine_0	wh3_dlc29_nag_raise_monstrosities
wh_main_vmp_mon_terrorgheist	wh3_dlc29_nag_raise_monstrosities
wh_main_vmp_mon_varghulf	wh3_dlc29_nag_raise_monstrosities
wh2_dlc09_tmb_art_casket_of_souls_0	wh3_dlc29_nag_tmb_unit_list
wh2_dlc09_tmb_art_screaming_skull_catapult_0	wh3_dlc29_nag_tmb_unit_list
wh2_dlc09_tmb_cav_necropolis_knights_0	wh3_dlc29_nag_tmb_unit_list
wh2_dlc09_tmb_cav_necropolis_knights_1	wh3_dlc29_nag_tmb_unit_list
wh2_dlc09_tmb_cav_necropolis_knights_ror	wh3_dlc29_nag_tmb_unit_list
wh2_dlc09_tmb_cav_nehekhara_horsemen_0	wh3_dlc29_nag_tmb_unit_list
wh2_dlc09_tmb_cav_nehekhara_horsemen_ror	wh3_dlc29_nag_tmb_unit_list
wh2_dlc09_tmb_cav_skeleton_horsemen_0	wh3_dlc29_nag_tmb_unit_list
wh2_dlc09_tmb_cav_skeleton_horsemen_archers_0	wh3_dlc29_nag_tmb_unit_list
wh2_dlc09_tmb_inf_nehekhara_warriors_0	wh3_dlc29_nag_tmb_unit_list
wh2_dlc09_tmb_inf_nehekhara_warriors_ror	wh3_dlc29_nag_tmb_unit_list
wh2_dlc09_tmb_inf_skeleton_archers_0	wh3_dlc29_nag_tmb_unit_list
wh2_dlc09_tmb_inf_skeleton_archers_ror	wh3_dlc29_nag_tmb_unit_list
wh2_dlc09_tmb_inf_skeleton_spearmen_0	wh3_dlc29_nag_tmb_unit_list
wh2_dlc09_tmb_inf_skeleton_spearmen_ror	wh3_dlc29_nag_tmb_unit_list
wh2_dlc09_tmb_inf_skeleton_warriors_0	wh3_dlc29_nag_tmb_unit_list
wh2_dlc09_tmb_inf_tomb_guard_0	wh3_dlc29_nag_tmb_unit_list
wh2_dlc09_tmb_inf_tomb_guard_1	wh3_dlc29_nag_tmb_unit_list
wh2_dlc09_tmb_inf_tomb_guard_ror	wh3_dlc29_nag_tmb_unit_list
wh2_dlc09_tmb_mon_carrion_0	wh3_dlc29_nag_tmb_unit_list
wh2_dlc09_tmb_mon_carrion_ror	wh3_dlc29_nag_tmb_unit_list
wh2_dlc09_tmb_mon_crypt_horrors	wh3_dlc29_nag_tmb_unit_list
wh2_dlc09_tmb_mon_heirotitan_0	wh3_dlc29_nag_tmb_unit_list
wh2_dlc09_tmb_mon_necrosphinx_0	wh3_dlc29_nag_tmb_unit_list
wh2_dlc09_tmb_mon_necrosphinx_ror	wh3_dlc29_nag_tmb_unit_list
wh2_dlc09_tmb_mon_sepulchral_stalkers_0	wh3_dlc29_nag_tmb_unit_list
wh2_dlc09_tmb_mon_sepulchral_stalkers_ror	wh3_dlc29_nag_tmb_unit_list
wh2_dlc09_tmb_mon_tomb_scorpion_0	wh3_dlc29_nag_tmb_unit_list
wh2_dlc09_tmb_mon_ushabti_0	wh3_dlc29_nag_tmb_unit_list
wh2_dlc09_tmb_mon_ushabti_1	wh3_dlc29_nag_tmb_unit_list
wh2_dlc09_tmb_mon_ushabti_ror	wh3_dlc29_nag_tmb_unit_list
wh2_dlc09_tmb_veh_khemrian_warsphinx_0	wh3_dlc29_nag_tmb_unit_list
wh2_dlc09_tmb_veh_skeleton_archer_chariot_0	wh3_dlc29_nag_tmb_unit_list
wh2_dlc09_tmb_veh_skeleton_chariot_0	wh3_dlc29_nag_tmb_unit_list
wh2_pro06_tmb_mon_bone_giant_0	wh3_dlc29_nag_tmb_unit_list
wh3_dlc29_tmb_mon_khemric_titan	wh3_dlc29_nag_tmb_unit_list
wh3_dlc29_tmb_mon_khemric_titan_ror	wh3_dlc29_nag_tmb_unit_list
wh3_dlc29_tmb_mon_ushabti_ror_sepulchrex	wh3_dlc29_nag_tmb_unit_list
wh2_dlc11_cst_mon_mournguls_0	wh3_dlc29_nag_undead_monstrosities
wh_main_vmp_mon_crypt_horrors	wh3_dlc29_nag_undead_monstrosities
wh3_dlc29_vmp_cav_drakenhof_templars	wh3_dlc29_nag_vmp_unit_list
wh3_dlc29_vmp_inf_lahmian_handmaidens_death	wh3_dlc29_nag_vmp_unit_list
wh3_dlc29_vmp_inf_lahmian_handmaidens_shadow	wh3_dlc29_nag_vmp_unit_list
wh3_dlc29_vmp_inf_spirit_host	wh3_dlc29_nag_vmp_unit_list
wh3_dlc29_vmp_mon_morghast_archai	wh3_dlc29_nag_vmp_unit_list
wh3_dlc29_vmp_mon_morghast_archai_ror	wh3_dlc29_nag_vmp_unit_list
wh3_dlc29_vmp_mon_morghast_harbingers	wh3_dlc29_nag_vmp_unit_list
wh3_dlc29_vmp_veh_coven_throne	wh3_dlc29_nag_vmp_unit_list
wh3_main_vmp_blood_knights_sword_shield	wh3_dlc29_nag_vmp_unit_list
wh3_main_vmp_inf_grave_guard_2	wh3_dlc29_nag_vmp_unit_list
wh_dlc02_vmp_cav_blood_knights_0	wh3_dlc29_nag_vmp_unit_list
wh_dlc04_vmp_cav_chillgheists_0	wh3_dlc29_nag_vmp_unit_list
wh_dlc04_vmp_cav_vereks_reavers_0	wh3_dlc29_nag_vmp_unit_list
wh_dlc04_vmp_inf_feasters_in_the_dusk_0	wh3_dlc29_nag_vmp_unit_list
wh_dlc04_vmp_inf_konigstein_stalkers_0	wh3_dlc29_nag_vmp_unit_list
wh_dlc04_vmp_inf_sternsmen_0	wh3_dlc29_nag_vmp_unit_list
wh_dlc04_vmp_inf_tithe_0	wh3_dlc29_nag_vmp_unit_list
wh_dlc04_vmp_mon_devils_swartzhafen_0	wh3_dlc29_nag_vmp_unit_list
wh_dlc04_vmp_mon_direpack_0	wh3_dlc29_nag_vmp_unit_list
wh_dlc04_vmp_veh_claw_of_nagash_0	wh3_dlc29_nag_vmp_unit_list
wh_dlc04_vmp_veh_corpse_cart_0	wh3_dlc29_nag_vmp_unit_list
wh_dlc04_vmp_veh_corpse_cart_1	wh3_dlc29_nag_vmp_unit_list
wh_dlc04_vmp_veh_corpse_cart_2	wh3_dlc29_nag_vmp_unit_list
wh_dlc04_vmp_veh_mortis_engine_0	wh3_dlc29_nag_vmp_unit_list
wh_main_vmp_cav_black_knights_0	wh3_dlc29_nag_vmp_unit_list
wh_main_vmp_cav_black_knights_3	wh3_dlc29_nag_vmp_unit_list
wh_main_vmp_cav_hexwraiths	wh3_dlc29_nag_vmp_unit_list
wh_main_vmp_inf_cairn_wraiths	wh3_dlc29_nag_vmp_unit_list
wh_main_vmp_inf_crypt_ghouls	wh3_dlc29_nag_vmp_unit_list
wh_main_vmp_inf_grave_guard_0	wh3_dlc29_nag_vmp_unit_list
wh_main_vmp_inf_grave_guard_1	wh3_dlc29_nag_vmp_unit_list
wh_main_vmp_inf_skeleton_warriors_0	wh3_dlc29_nag_vmp_unit_list
wh_main_vmp_inf_skeleton_warriors_1	wh3_dlc29_nag_vmp_unit_list
wh_main_vmp_inf_zombie	wh3_dlc29_nag_vmp_unit_list
wh_main_vmp_mon_crypt_horrors	wh3_dlc29_nag_vmp_unit_list
wh_main_vmp_mon_dire_wolves	wh3_dlc29_nag_vmp_unit_list
wh_main_vmp_mon_fell_bats	wh3_dlc29_nag_vmp_unit_list
wh_main_vmp_mon_terrorgheist	wh3_dlc29_nag_vmp_unit_list
wh_main_vmp_mon_vargheists	wh3_dlc29_nag_vmp_unit_list
wh_main_vmp_mon_varghulf	wh3_dlc29_nag_vmp_unit_list
wh_main_vmp_veh_black_coach	wh3_dlc29_nag_vmp_unit_list
wh2_dlc09_tmb_art_casket_of_souls_0	wh3_dlc29_tmb_magical_artillery
wh2_dlc09_tmb_art_screaming_skull_catapult_0	wh3_dlc29_tmb_magical_artillery
wh3_dlc29_tmb_mon_khemric_titan	wh3_dlc29_tmb_mon_khemric_titan
wh2_dlc09_tmb_cav_necropolis_knights_0	wh3_dlc29_tmb_necropolis_knights_sepulchral_stalkers
wh2_dlc09_tmb_cav_necropolis_knights_1	wh3_dlc29_tmb_necropolis_knights_sepulchral_stalkers
wh2_dlc09_tmb_mon_sepulchral_stalkers_0	wh3_dlc29_tmb_necropolis_knights_sepulchral_stalkers
wh2_dlc09_tmb_veh_skeleton_archer_chariot_0	wh3_dlc29_tmb_skeleton_chariots
wh2_dlc09_tmb_veh_skeleton_chariot_0	wh3_dlc29_tmb_skeleton_chariots
wh3_main_vmp_inf_grave_guard_2	wh3_dlc29_unit_cap_vmp_black_knights_grave_guards
wh_main_vmp_cav_black_knights_0	wh3_dlc29_unit_cap_vmp_black_knights_grave_guards
wh_main_vmp_cav_black_knights_3	wh3_dlc29_unit_cap_vmp_black_knights_grave_guards
wh_main_vmp_inf_grave_guard_0	wh3_dlc29_unit_cap_vmp_black_knights_grave_guards
wh_main_vmp_inf_grave_guard_0_summoned	wh3_dlc29_unit_cap_vmp_black_knights_grave_guards
wh_main_vmp_inf_grave_guard_1	wh3_dlc29_unit_cap_vmp_black_knights_grave_guards
wh3_dlc29_vmp_cav_drakenhof_templars	wh3_dlc29_unit_cap_vmp_blood_dragon_bloodline_units
wh3_main_vmp_blood_knights_sword_shield	wh3_dlc29_unit_cap_vmp_blood_dragon_bloodline_units
wh_dlc02_vmp_cav_blood_knights_0	wh3_dlc29_unit_cap_vmp_blood_dragon_bloodline_units
wh_main_vmp_cav_black_knights_0	wh3_dlc29_unit_cap_vmp_blood_dragon_bloodline_units
wh_main_vmp_cav_black_knights_3	wh3_dlc29_unit_cap_vmp_blood_dragon_bloodline_units
wh_dlc04_vmp_veh_corpse_cart_0	wh3_dlc29_unit_cap_vmp_corpse_cart_mortis_engine
wh_dlc04_vmp_veh_corpse_cart_1	wh3_dlc29_unit_cap_vmp_corpse_cart_mortis_engine
wh_dlc04_vmp_veh_corpse_cart_2	wh3_dlc29_unit_cap_vmp_corpse_cart_mortis_engine
wh_dlc04_vmp_veh_mortis_engine_0	wh3_dlc29_unit_cap_vmp_corpse_cart_mortis_engine
wh3_dlc29_vmp_inf_lahmian_handmaidens_death	wh3_dlc29_unit_cap_vmp_lahmian_bloodline_units
wh3_dlc29_vmp_inf_lahmian_handmaidens_shadow	wh3_dlc29_unit_cap_vmp_lahmian_bloodline_units
wh3_dlc29_vmp_veh_coven_throne	wh3_dlc29_unit_cap_vmp_lahmian_bloodline_units
wh_main_vmp_cav_hexwraiths	wh3_dlc29_unit_cap_vmp_lahmian_bloodline_units
wh_main_vmp_inf_cairn_wraiths	wh3_dlc29_unit_cap_vmp_lahmian_bloodline_units
wh_dlc04_vmp_veh_corpse_cart_0	wh3_dlc29_unit_cap_vmp_necrarch_bloodline_units
wh_dlc04_vmp_veh_corpse_cart_1	wh3_dlc29_unit_cap_vmp_necrarch_bloodline_units
wh_dlc04_vmp_veh_corpse_cart_2	wh3_dlc29_unit_cap_vmp_necrarch_bloodline_units
wh_dlc04_vmp_veh_mortis_engine_0	wh3_dlc29_unit_cap_vmp_necrarch_bloodline_units
wh_main_vmp_veh_black_coach	wh3_dlc29_unit_cap_vmp_necrarch_bloodline_units
wh2_dlc09_tmb_inf_skeleton_spearmen_0	wh3_dlc29_unit_cap_vmp_skeletons_grave_guards
wh2_dlc09_tmb_inf_skeleton_spearmen_ror	wh3_dlc29_unit_cap_vmp_skeletons_grave_guards
wh2_dlc09_tmb_inf_skeleton_warriors_0	wh3_dlc29_unit_cap_vmp_skeletons_grave_guards
wh2_dlc09_tmb_inf_skeleton_warriors_0_summoned	wh3_dlc29_unit_cap_vmp_skeletons_grave_guards
wh3_dlc29_vmp_inf_skeleton_warriors_0_raise_legion	wh3_dlc29_unit_cap_vmp_skeletons_grave_guards
wh3_dlc29_vmp_inf_skeleton_warriors_0_the_awakening	wh3_dlc29_unit_cap_vmp_skeletons_grave_guards
wh3_main_vmp_inf_grave_guard_2	wh3_dlc29_unit_cap_vmp_skeletons_grave_guards
wh_dlc04_vmp_inf_konigstein_stalkers_0	wh3_dlc29_unit_cap_vmp_skeletons_grave_guards
wh_dlc04_vmp_inf_sternsmen_0	wh3_dlc29_unit_cap_vmp_skeletons_grave_guards
wh_main_vmp_inf_grave_guard_0	wh3_dlc29_unit_cap_vmp_skeletons_grave_guards
wh_main_vmp_inf_grave_guard_1	wh3_dlc29_unit_cap_vmp_skeletons_grave_guards
wh_main_vmp_inf_skeleton_warriors_0	wh3_dlc29_unit_cap_vmp_skeletons_grave_guards
wh_main_vmp_inf_skeleton_warriors_0_summoned	wh3_dlc29_unit_cap_vmp_skeletons_grave_guards
wh_main_vmp_inf_skeleton_warriors_1	wh3_dlc29_unit_cap_vmp_skeletons_grave_guards
wh_main_vmp_inf_crypt_ghouls	wh3_dlc29_unit_cap_vmp_strigoi_bloodline_units
wh_main_vmp_mon_crypt_horrors	wh3_dlc29_unit_cap_vmp_strigoi_bloodline_units
wh_main_vmp_mon_terrorgheist	wh3_dlc29_unit_cap_vmp_strigoi_bloodline_units
wh_main_vmp_mon_vargheists	wh3_dlc29_unit_cap_vmp_strigoi_bloodline_units
wh_main_vmp_mon_varghulf	wh3_dlc29_unit_cap_vmp_strigoi_bloodline_units
wh2_dlc11_vmp_inf_crossbowmen	wh3_dlc29_unit_cap_vmp_von_carstein_bloodline_units
wh2_dlc11_vmp_inf_handgunners	wh3_dlc29_unit_cap_vmp_von_carstein_bloodline_units
wh3_main_vmp_inf_grave_guard_2	wh3_dlc29_unit_cap_vmp_von_carstein_bloodline_units
wh_main_vmp_inf_grave_guard_0	wh3_dlc29_unit_cap_vmp_von_carstein_bloodline_units
wh_main_vmp_inf_grave_guard_1	wh3_dlc29_unit_cap_vmp_von_carstein_bloodline_units
wh_main_vmp_mon_dire_wolves	wh3_dlc29_unit_cap_vmp_von_carstein_bloodline_units
wh_main_vmp_mon_fell_bats	wh3_dlc29_unit_cap_vmp_von_carstein_bloodline_units
wh_main_vmp_cav_hexwraiths	wh3_dlc29_vmp_cairn_wraith_hex_wraith
wh_main_vmp_inf_cairn_wraiths	wh3_dlc29_vmp_cairn_wraith_hex_wraith
wh3_dlc29_vmp_cav_drakenhof_templars	wh3_dlc29_vmp_cav_drakenhof_templars
wh3_dlc29_vmp_inf_lahmian_handmaidens_death	wh3_dlc29_vmp_inf_lahmian_handmaidens_death
wh3_dlc29_vmp_inf_lahmian_handmaidens_shadow	wh3_dlc29_vmp_inf_lahmian_handmaidens_shadow
wh3_dlc29_vmp_inf_spirit_host	wh3_dlc29_vmp_inf_spirit_host
wh3_dlc29_vmp_veh_coven_throne	wh3_dlc29_vmp_magical_chariots
wh_dlc04_vmp_veh_mortis_engine_0	wh3_dlc29_vmp_magical_chariots
wh_main_vmp_veh_black_coach	wh3_dlc29_vmp_magical_chariots
wh3_dlc29_vmp_mon_morghast_archai	wh3_dlc29_vmp_mon_morghast_archai
wh3_dlc29_vmp_mon_morghast_harbingers	wh3_dlc29_vmp_mon_morghast_harbingers
wh3_dlc29_vmp_mon_morghast_archai	wh3_dlc29_vmp_mon_morghast
wh3_dlc29_vmp_mon_morghast_harbingers	wh3_dlc29_vmp_mon_morghast
wh3_dlc29_vmp_mon_zombie_dragon	wh3_dlc29_vmp_mon_zombie_dragon
wh3_dlc29_vmp_veh_coven_throne	wh3_dlc29_vmp_veh_coven_throne
wh_main_vmp_mon_terrorgheist	wh3_dslc29_unit_cap_vmp_varghulf_vargheists_terrorgheist
wh_main_vmp_mon_vargheists	wh3_dslc29_unit_cap_vmp_varghulf_vargheists_terrorgheist
wh_main_vmp_mon_varghulf	wh3_dslc29_unit_cap_vmp_varghulf_vargheists_terrorgheist
wh3_main_ogr_inf_gnoblars_0	wh3_main_ogr_camp
wh3_main_ogr_inf_gnoblars_1	wh3_main_ogr_camp
wh3_main_ogr_inf_gnoblars_flingers	wh3_main_ogr_camp
wh3_main_ogr_inf_ironguts_0	wh3_main_ogr_camp
wh3_main_ogr_inf_leadbelchers_0	wh3_main_ogr_camp
wh3_main_ogr_inf_ogres_0	wh3_main_ogr_camp
wh3_main_ogr_inf_ogres_1	wh3_main_ogr_camp
wh3_main_ogr_inf_ogres_2	wh3_main_ogr_camp
wh3_main_ogr_mon_gorgers_0	wh3_main_ogr_camp
wh3_main_ogr_mon_sabretusk_pack_0	wh3_main_ogr_camp
wh3_main_sla_cav_hellstriders_0	wh3_main_sla_disciple_army
wh3_main_sla_cav_hellstriders_1	wh3_main_sla_disciple_army
wh3_main_sla_cav_seekers_of_slaanesh_0	wh3_main_sla_disciple_army
wh3_main_sla_inf_marauders_0	wh3_main_sla_disciple_army
wh3_main_sla_inf_marauders_1	wh3_main_sla_disciple_army
wh3_main_sla_inf_marauders_2	wh3_main_sla_disciple_army
wh3_main_sla_veh_seeker_chariot_0	wh3_main_sla_disciple_army
wh3_main_vmp_blood_knights_sword_shield	wh3_main_vmp_blood_knights_sword_shield
wh3_main_vmp_inf_grave_guard_2	wh3_main_vmp_inf_grave_guard_2
wh_main_vmp_cav_black_knights_0	wh3_unit_cap_vmp_cav_black_knights
wh_main_vmp_cav_black_knights_3	wh3_unit_cap_vmp_cav_black_knights
wh3_main_vmp_blood_knights_sword_shield	wh3_unit_cap_vmp_cav_blood_knights
wh_dlc02_vmp_cav_blood_knights_0	wh3_unit_cap_vmp_cav_blood_knights
wh3_dlc29_vmp_cav_drakenhof_templars	wh3_unit_cap_vmp_cav_drakenhof_templars
wh_main_vmp_cav_hexwraiths	wh3_unit_cap_vmp_cav_hexwraiths
wh_main_vmp_inf_cairn_wraiths	wh3_unit_cap_vmp_inf_cairn_wraiths
wh_main_vmp_inf_crypt_ghouls	wh3_unit_cap_vmp_inf_crypt_ghouls
wh3_main_vmp_inf_grave_guard_2	wh3_unit_cap_vmp_inf_grave_guard
wh_main_vmp_inf_grave_guard_0	wh3_unit_cap_vmp_inf_grave_guard
wh_main_vmp_inf_grave_guard_1	wh3_unit_cap_vmp_inf_grave_guard
wh3_dlc29_vmp_inf_lahmian_handmaidens_death	wh3_unit_cap_vmp_inf_lahmian_handmaidens
wh3_dlc29_vmp_inf_lahmian_handmaidens_shadow	wh3_unit_cap_vmp_inf_lahmian_handmaidens
wh_main_vmp_inf_skeleton_warriors_0	wh3_unit_cap_vmp_inf_skeleton_warriors
wh_main_vmp_inf_skeleton_warriors_1	wh3_unit_cap_vmp_inf_skeleton_warriors
wh3_dlc29_vmp_inf_spirit_host	wh3_unit_cap_vmp_inf_spirit_host
wh_main_vmp_mon_crypt_horrors	wh3_unit_cap_vmp_mon_crypt_horrors
wh_main_vmp_mon_dire_wolves	wh3_unit_cap_vmp_mon_dire_wolves
wh_main_vmp_mon_fell_bats	wh3_unit_cap_vmp_mon_fell_bats
wh2_dlc11_cst_mon_mournguls_0	wh3_unit_cap_vmp_mon_mournguls_0
wh_main_vmp_mon_terrorgheist	wh3_unit_cap_vmp_mon_terrorgheist
wh_main_vmp_mon_vargheists	wh3_unit_cap_vmp_mon_vargheists
wh_main_vmp_mon_varghulf	wh3_unit_cap_vmp_mon_varghulf
wh3_dlc29_vmp_mon_zombie_dragon	wh3_unit_cap_vmp_mon_zombie_dragon
wh_main_vmp_veh_black_coach	wh3_unit_cap_vmp_veh_black_coach
wh_dlc04_vmp_veh_corpse_cart_1	wh3_unit_cap_vmp_veh_corpse_cart_upgrades
wh_dlc04_vmp_veh_corpse_cart_2	wh3_unit_cap_vmp_veh_corpse_cart_upgrades
wh_dlc04_vmp_veh_corpse_cart_0	wh3_unit_cap_vmp_veh_corpse_cart
wh_dlc04_vmp_veh_corpse_cart_1	wh3_unit_cap_vmp_veh_corpse_cart
wh_dlc04_vmp_veh_corpse_cart_2	wh3_unit_cap_vmp_veh_corpse_cart
wh3_dlc29_vmp_veh_coven_throne	wh3_unit_cap_vmp_veh_coven_throne
wh_dlc04_vmp_veh_mortis_engine_0	wh3_unit_cap_vmp_veh_mortis_engine_0
wh_dlc02_vmp_cav_blood_knights_0	wh_dlc02_vmp_cav_blood_knights_0
wh_dlc04_vmp_cav_chillgheists_0	wh_dlc04_vmp_cav_chillgheists_0
wh_dlc04_vmp_cav_vereks_reavers_0	wh_dlc04_vmp_cav_vereks_reavers_0
wh_dlc04_vmp_inf_feasters_in_the_dusk_0	wh_dlc04_vmp_inf_feasters_in_the_dusk_0
wh_dlc04_vmp_inf_konigstein_stalkers_0	wh_dlc04_vmp_inf_konigstein_stalkers_0
wh_dlc04_vmp_inf_sternsmen_0	wh_dlc04_vmp_inf_sternsmen_0
wh_dlc04_vmp_inf_tithe_0	wh_dlc04_vmp_inf_tithe_0
wh_dlc04_vmp_mon_devils_swartzhafen_0	wh_dlc04_vmp_mon_devils_swartzhafen_0
wh_dlc04_vmp_mon_direpack_0	wh_dlc04_vmp_mon_direpack_0
wh_dlc04_vmp_veh_claw_of_nagash_0	wh_dlc04_vmp_veh_claw_of_nagash_0
wh_dlc04_vmp_veh_corpse_cart_0	wh_dlc04_vmp_veh_corpse_cart_0
wh_dlc04_vmp_veh_corpse_cart_1	wh_dlc04_vmp_veh_corpse_cart_1
wh_dlc04_vmp_veh_corpse_cart_2	wh_dlc04_vmp_veh_corpse_cart_2
wh_dlc04_vmp_veh_mortis_engine_0	wh_dlc04_vmp_veh_mortis_engine_0
wh_main_vmp_cav_black_knights_0	wh_main_vmp_cav_black_knights_0
wh_main_vmp_cav_black_knights_3	wh_main_vmp_cav_black_knights_3
wh_main_vmp_cav_hexwraiths	wh_main_vmp_cav_hexwraiths
wh_main_vmp_inf_cairn_wraiths	wh_main_vmp_inf_cairn_wraiths
wh_main_vmp_inf_crypt_ghouls	wh_main_vmp_inf_crypt_ghouls
wh_main_vmp_inf_grave_guard_0	wh_main_vmp_inf_grave_guard_0
wh_main_vmp_inf_grave_guard_1	wh_main_vmp_inf_grave_guard_1
wh_main_vmp_inf_skeleton_warriors_0	wh_main_vmp_inf_skeleton_warriors_0
wh_main_vmp_inf_skeleton_warriors_1	wh_main_vmp_inf_skeleton_warriors_1
wh_main_vmp_inf_zombie	wh_main_vmp_inf_zombie
wh_main_vmp_mon_crypt_horrors	wh_main_vmp_mon_crypt_horrors
wh_main_vmp_mon_dire_wolves	wh_main_vmp_mon_dire_wolves
wh_main_vmp_mon_fell_bats	wh_main_vmp_mon_fell_bats
wh_main_vmp_mon_terrorgheist	wh_main_vmp_mon_terrorgheist
wh_main_vmp_mon_vargheists	wh_main_vmp_mon_vargheists
wh_main_vmp_mon_varghulf	wh_main_vmp_mon_varghulf
wh_main_vmp_veh_black_coach	wh_main_vmp_veh_black_coach
wh_pro04_chs_cav_chaos_knights_ror_0	wh_pro04_chs_cav_chaos_knights_ror_0
