key	token_type	number_of_uses	icon	rounds_cooldown_before_use	weight	bag_price	plan_type	tier	mod_negative_draw_pct	max_drawn_copies
#chaotic_plan_tokens_tables;6;db/chaotic_plan_tokens_tables/data__										
wh3_dlc29_action_any_remove_red_1	wh3_dlc29_token_type_action	-1	UI\skins\default\dlc29_skv_chaotic_plans\icon_action_assassins.png	6	1	wh3_dlc29_skv_token_usage_warpstone_300		1	0	0
wh3_dlc29_action_any_remove_red_2	wh3_dlc29_token_type_action	-1	UI\skins\default\dlc29_skv_chaotic_plans\icon_action_assassins.png	5	1	wh3_dlc29_skv_token_usage_warpstone_200		2	0	0
wh3_dlc29_action_any_remove_red_3	wh3_dlc29_token_type_action	-1	UI\skins\default\dlc29_skv_chaotic_plans\icon_action_assassins.png	4	1	wh3_dlc29_skv_token_usage_warpstone_100		3	0	0
wh3_dlc29_action_economic_dangerous_treasury	wh3_dlc29_token_type_action	1	UI\skins\default\dlc29_skv_chaotic_plans\icon_action_treasury.png	-1	1		wh3_dlc29_economic_plan	1	0	0
wh3_dlc29_action_economic_dangerous_warpstone	wh3_dlc29_token_type_action	1	UI\skins\default\dlc29_skv_chaotic_plans\icon_action_warpstone.png	-1	1		wh3_dlc29_economic_plan	1	0	0
wh3_dlc29_action_economic_focus	wh3_dlc29_token_type_action	1	UI\skins\default\dlc29_skv_chaotic_plans\icon_action_adapt.png	-1	1	wh3_dlc29_skv_token_usage_1000	wh3_dlc29_economic_plan	1	0	0
wh3_dlc29_action_economic_vault_1_open	wh3_dlc29_token_type_action	1	UI\skins\default\dlc29_skv_chaotic_plans\token\token_vaults.png	-1	1	wh3_dlc29_skv_token_usage_warpstone_100	wh3_dlc29_economic_plan	1	0	0
wh3_dlc29_action_military_lab_1_recruit	wh3_dlc29_token_type_action	1	UI\skins\default\dlc29_skv_chaotic_plans\icon_action_shiv_steal.png	-1	1	wh3_dlc29_skv_token_usage_warpstone_100	wh3_dlc29_military_plan	1	0	0
wh3_dlc29_action_military_mercenaries_1_recruit	wh3_dlc29_token_type_action	1	UI\skins\default\dlc29_skv_chaotic_plans\token\token_blackmail.png	-1	1	wh3_dlc29_skv_token_usage_1000	wh3_dlc29_military_plan	1	0	0
wh3_dlc29_action_military_reinforcements	wh3_dlc29_token_type_action	1	UI\skins\default\dlc29_skv_chaotic_plans\icon_action_find_troops.png	-1	1	wh3_dlc29_skv_token_usage_1000	wh3_dlc29_military_plan	1	0	0
wh3_dlc29_action_military_vampire_pay_for_reward	wh3_dlc29_token_type_action	1	UI\skins\default\dlc29_skv_chaotic_plans\token\token_race_vamp_counts_coast.png	-1	1		wh3_dlc29_economic_plan	1	0	0
wh3_dlc29_action_military_vampire_pay_to_reduce_alarm	wh3_dlc29_token_type_action	1	UI\skins\default\dlc29_skv_chaotic_plans\token\token_race_vamp_counts_coast.png	-1	1		wh3_dlc29_military_plan	1	0	0
wh3_dlc29_action_military_vampire_pay_to_reduce_alarm_elite	wh3_dlc29_token_type_action	1	UI\skins\default\dlc29_skv_chaotic_plans\token\token_race_vamp_counts_coast.png	-1	1		wh3_dlc29_military_plan	1	0	0
wh3_dlc29_any_action_assassin_sell_instant	wh3_dlc29_token_type_action	-1	UI\skins\default\dlc29_skv_chaotic_plans\icon_action_battle_support_eshin.png	2	1	wh3_dlc29_skv_token_usage_warpstone_50		5	0	0
wh3_dlc29_any_action_basic_diversion	wh3_dlc29_token_type_action	1	UI\skins\default\dlc29_skv_chaotic_plans\icon_action_avoid_guards.png	-1	1	wh3_dlc29_skv_token_usage_1000		1	0	0
wh3_dlc29_any_action_basic_diversion_generated	wh3_dlc29_token_type_yellow	-1	UI\skins\default\dlc29_skv_chaotic_plans\token\token_prophetic_visions.png	-1	1			1	-500	0
wh3_dlc29_any_action_experience	wh3_dlc29_token_type_action	-1	UI\skins\default\dlc29_skv_chaotic_plans\icon_action_incantation_overcharge.png	1	1	wh3_dlc29_skv_token_usage_warpstone_100		1	0	0
wh3_dlc29_any_action_experience_generated	wh3_dlc29_token_type_yellow	-1	UI\skins\default\dlc29_skv_chaotic_plans\token\token_incantation_overcharge.png	-1	1			1	1000	0
wh3_dlc29_any_action_plague_1	wh3_dlc29_token_type_action	1	UI\skins\default\dlc29_skv_chaotic_plans\icon_action_plagues.png	-1	1	wh3_dlc29_skv_thanquol_lose_food_10		1	0	1
wh3_dlc29_any_action_plague_1_elite	wh3_dlc29_token_type_action	1	UI\skins\default\dlc29_skv_chaotic_plans\icon_action_plagues.png	-1	1	wh3_dlc29_skv_thanquol_lose_food_10		1	0	1
wh3_dlc29_any_action_plague_2	wh3_dlc29_token_type_action	1	UI\skins\default\dlc29_skv_chaotic_plans\icon_action_plagues.png	-1	1	wh3_dlc29_skv_token_usage_2000		1	0	1
wh3_dlc29_any_action_plague_2_elite	wh3_dlc29_token_type_action	1	UI\skins\default\dlc29_skv_chaotic_plans\icon_action_plagues.png	-1	1	wh3_dlc29_skv_token_usage_4000		1	0	1
wh3_dlc29_any_action_plague_3	wh3_dlc29_token_type_action	1	UI\skins\default\dlc29_skv_chaotic_plans\icon_action_plagues.png	-1	1	wh3_dlc29_skv_token_usage_warpstone_300		1	0	1
wh3_dlc29_any_action_plague_3_elite	wh3_dlc29_token_type_action	1	UI\skins\default\dlc29_skv_chaotic_plans\icon_action_plagues.png	-1	1	wh3_dlc29_skv_token_usage_warpstone_500		1	0	1
wh3_dlc29_any_action_skill_copy_green_1_economy	wh3_dlc29_token_type_action	-1	UI\skins\default\dlc29_skv_chaotic_plans\icon_action_improvise.png	2	1	wh3_dlc29_skv_token_usage_warpstone_50	wh3_dlc29_economic_plan	1	0	0
wh3_dlc29_any_action_skill_copy_green_1_military	wh3_dlc29_token_type_action	-1	UI\skins\default\dlc29_skv_chaotic_plans\icon_action_improvise.png	2	1	wh3_dlc29_skv_token_usage_warpstone_50	wh3_dlc29_military_plan	1	0	0
wh3_dlc29_any_mod_pool_grey_seer_winds	wh3_dlc29_token_type_modify_pool	-1	UI\skins\default\dlc29_skv_chaotic_plans\token\token_arcane_mastery.png	-1	1			1	0	0
wh3_dlc29_any_red_alarm_action_cost_1	wh3_dlc29_token_type_red	-1	UI\skins\default\dlc29_skv_chaotic_plans\token\token_brazen_thievery_red.png	-1	4			1	0	1
wh3_dlc29_any_red_alarm_action_cost_1_payoff	wh3_dlc29_token_type_action	1	UI\skins\default\dlc29_skv_chaotic_plans\icon_action_shiv_steal.png	-1	1	wh3_dlc29_any_red_alarm_action_cost_1_payoff		1	0	0
wh3_dlc29_any_red_alarm_action_cost_2	wh3_dlc29_token_type_red	-1	UI\skins\default\dlc29_skv_chaotic_plans\token\token_brazen_thievery_red.png	-1	4			2	0	1
wh3_dlc29_any_red_alarm_action_cost_2_payoff	wh3_dlc29_token_type_action	1	UI\skins\default\dlc29_skv_chaotic_plans\icon_action_shiv_steal.png	-1	1	wh3_dlc29_any_red_alarm_action_cost_2_payoff		1	0	0
wh3_dlc29_any_red_attention_generated	wh3_dlc29_token_type_red	-1	UI\skins\default\dlc29_skv_chaotic_plans\token\token_lone_guard.png	-1	1			1	1000	0
wh3_dlc29_any_red_basic_alarm_1	wh3_dlc29_token_type_red	-1	UI\skins\default\dlc29_skv_chaotic_plans\token\token_elite_patrol.png	-1	4			1	4000	1
wh3_dlc29_any_red_basic_alarm_2	wh3_dlc29_token_type_red	-1	UI\skins\default\dlc29_skv_chaotic_plans\token\token_lone_guard.png	-1	4			1	0	1
wh3_dlc29_any_red_basic_alarm_3	wh3_dlc29_token_type_red	-1	UI\skins\default\dlc29_skv_chaotic_plans\token\token_lone_guard.png	-1	4			1	0	1
wh3_dlc29_any_red_basic_alarm_4	wh3_dlc29_token_type_red	-1	UI\skins\default\dlc29_skv_chaotic_plans\token\token_elite_patrol.png	-1	4			2	0	1
wh3_dlc29_any_red_basic_alarm_5	wh3_dlc29_token_type_red	-1	UI\skins\default\dlc29_skv_chaotic_plans\token\token_elite_patrol.png	-1	4			2	0	1
wh3_dlc29_any_red_basic_alarm_6_economy	wh3_dlc29_token_type_red	-1	UI\skins\default\dlc29_skv_chaotic_plans\token\token_explosion.png	-1	4		wh3_dlc29_economic_plan	3	0	1
wh3_dlc29_any_red_basic_alarm_6_military	wh3_dlc29_token_type_red	-1	UI\skins\default\dlc29_skv_chaotic_plans\token\token_explosion.png	-1	4		wh3_dlc29_military_plan	3	0	1
wh3_dlc29_any_red_basic_elite_1	wh3_dlc29_token_type_red	-1	UI\skins\default\dlc29_skv_chaotic_plans\token\token_elite_patrol.png	-1	6		wh3_dlc29_military_plan	3	0	1
wh3_dlc29_any_red_basic_elite_2	wh3_dlc29_token_type_red	-1	UI\skins\default\dlc29_skv_chaotic_plans\token\token_elite_patrol.png	-1	3		wh3_dlc29_military_plan	3	2000	1
wh3_dlc29_any_red_basic_elite_x2	wh3_dlc29_token_type_red	-1	UI\skins\default\dlc29_skv_chaotic_plans\token\token_elite_patrol.png	-1	3		wh3_dlc29_military_plan	4	0	1
wh3_dlc29_any_red_basic_guard_1	wh3_dlc29_token_type_red	-1	UI\skins\default\dlc29_skv_chaotic_plans\token\token_lone_guard.png	-1	6		wh3_dlc29_military_plan	3	0	1
wh3_dlc29_any_red_basic_guard_2	wh3_dlc29_token_type_red	-1	UI\skins\default\dlc29_skv_chaotic_plans\token\token_lone_guard.png	-1	4		wh3_dlc29_military_plan	1	0	1
wh3_dlc29_any_red_basic_guard_3	wh3_dlc29_token_type_red	-1	UI\skins\default\dlc29_skv_chaotic_plans\token\token_lone_guard.png	-1	4		wh3_dlc29_military_plan	1	0	1
wh3_dlc29_any_red_deserters	wh3_dlc29_token_type_red	-1	UI\skins\default\dlc29_skv_chaotic_plans\token\token_blackmail_red.png	-1	1		wh3_dlc29_military_plan	1	500	0
wh3_dlc29_any_red_embezzlement	wh3_dlc29_token_type_red	-1	UI\skins\default\dlc29_skv_chaotic_plans\token\token_treasury_red.png	-1	1		wh3_dlc29_economic_plan	1	500	0
wh3_dlc29_any_red_eshin_alarm_1	wh3_dlc29_token_type_red	-1	UI\skins\default\dlc29_skv_chaotic_plans\token\token_rune_stealth_red.png	-1	4		wh3_dlc29_military_plan	3	0	1
wh3_dlc29_any_red_eshin_alarm_payoff_1	wh3_dlc29_token_type_action	1	UI\skins\default\dlc29_skv_chaotic_plans\icon_action_shiv_steal.png	-1	1	wh3_dlc29_any_red_eshin_alarm_payoff_1		1	0	1
wh3_dlc29_any_red_eshin_alarm_payoff_1_generated	wh3_dlc29_token_type_yellow	1	UI\skins\default\dlc29_skv_chaotic_plans\token\token_perfect_crime.png	-1	1			1	0	0
wh3_dlc29_any_red_mors_alarm_1	wh3_dlc29_token_type_red	-1	UI\skins\default\dlc29_skv_chaotic_plans\token\token_blackmail_red.png	-1	4			3	0	1
wh3_dlc29_any_red_mors_alarm_payoff_1	wh3_dlc29_token_type_action	1	UI\skins\default\dlc29_skv_chaotic_plans\icon_action_shiv_steal.png	-1	1	wh3_dlc29_any_red_mors_alarm_payoff_1		1	0	1
wh3_dlc29_any_red_mors_alarm_payoff_1_generated	wh3_dlc29_token_type_yellow	1	UI\skins\default\dlc29_skv_chaotic_plans\token\token_perfect_crime.png	-1	1			1	0	0
wh3_dlc29_any_red_moulder_alarm_1	wh3_dlc29_token_type_red	-1	UI\skins\default\dlc29_skv_chaotic_plans\token\token_blackmail_red.png	-1	4			3	0	1
wh3_dlc29_any_red_moulder_alarm_payoff_1	wh3_dlc29_token_type_action	1	UI\skins\default\dlc29_skv_chaotic_plans\icon_action_shiv_steal.png	-1	1	wh3_dlc29_any_red_moulder_alarm_payoff_1		1	0	1
wh3_dlc29_any_red_moulder_alarm_payoff_1_generated	wh3_dlc29_token_type_yellow	1	UI\skins\default\dlc29_skv_chaotic_plans\token\token_perfect_crime.png	-1	1			1	0	0
wh3_dlc29_any_red_pestilens_alarm_1	wh3_dlc29_token_type_red	-1	UI\skins\default\dlc29_skv_chaotic_plans\token\token_plagues_red.png	-1	4			3	0	1
wh3_dlc29_any_red_pestilens_alarm_payoff_1	wh3_dlc29_token_type_action	1	UI\skins\default\dlc29_skv_chaotic_plans\icon_action_shiv_steal.png	-1	1	wh3_dlc29_any_red_pestilens_alarm_payoff_1		1	0	1
wh3_dlc29_any_red_pestilens_alarm_payoff_1_generated	wh3_dlc29_token_type_yellow	1	UI\skins\default\dlc29_skv_chaotic_plans\token\token_perfect_crime.png	-1	1			1	0	0
wh3_dlc29_any_red_plague_1	wh3_dlc29_token_type_red	-1	UI\skins\default\dlc29_skv_chaotic_plans\token\token_plagues_red.png	-1	5			2	0	1
wh3_dlc29_any_red_plague_2	wh3_dlc29_token_type_red	-1	UI\skins\default\dlc29_skv_chaotic_plans\token\token_plagues_red.png	-1	5			2	0	1
wh3_dlc29_any_red_plague_3	wh3_dlc29_token_type_red	-1	UI\skins\default\dlc29_skv_chaotic_plans\token\token_plagues_red.png	-1	5			2	0	1
wh3_dlc29_any_red_plague_elite_1	wh3_dlc29_token_type_red	-1	UI\skins\default\dlc29_skv_chaotic_plans\token\token_plagues_red.png	-1	1			5	0	1
wh3_dlc29_any_red_plague_elite_2	wh3_dlc29_token_type_red	-1	UI\skins\default\dlc29_skv_chaotic_plans\token\token_plagues_red.png	-1	1			5	0	1
wh3_dlc29_any_red_plague_elite_3	wh3_dlc29_token_type_red	-1	UI\skins\default\dlc29_skv_chaotic_plans\token\token_plagues_red.png	-1	1			5	0	1
wh3_dlc29_any_red_rictus_alarm_1	wh3_dlc29_token_type_red	-1	UI\skins\default\dlc29_skv_chaotic_plans\token\token_blackmail_red.png	-1	4			3	0	1
wh3_dlc29_any_red_rictus_alarm_payoff_1	wh3_dlc29_token_type_action	1	UI\skins\default\dlc29_skv_chaotic_plans\icon_action_shiv_steal.png	-1	1	wh3_dlc29_any_red_rictus_alarm_payoff_1		1	0	1
wh3_dlc29_any_red_rictus_alarm_payoff_1_generated	wh3_dlc29_token_type_yellow	1	UI\skins\default\dlc29_skv_chaotic_plans\token\token_perfect_crime.png	-1	1			1	0	0
wh3_dlc29_any_red_rival_grey_seer_alarm_1	wh3_dlc29_token_type_red	-1	UI\skins\default\dlc29_skv_chaotic_plans\token\token_rune_horned_rat_red.png	-1	4			3	0	1
wh3_dlc29_any_red_rival_grey_seer_alarm_payoff_1	wh3_dlc29_token_type_action	1	UI\skins\default\dlc29_skv_chaotic_plans\icon_action_shiv_steal.png	-1	1	wh3_dlc29_any_red_rival_grey_seer_alarm_payoff_1		1	0	1
wh3_dlc29_any_red_rival_grey_seer_alarm_payoff_1_generated	wh3_dlc29_token_type_yellow	1	UI\skins\default\dlc29_skv_chaotic_plans\token\token_perfect_crime.png	-1	1			1	0	0
wh3_dlc29_any_red_skryre_alarm_1	wh3_dlc29_token_type_red	-1	UI\skins\default\dlc29_skv_chaotic_plans\token\token_rune_warlocks_red.png	-1	4			3	0	1
wh3_dlc29_any_red_skryre_alarm_payoff_1	wh3_dlc29_token_type_action	1	UI\skins\default\dlc29_skv_chaotic_plans\icon_action_shiv_steal.png	-1	1	wh3_dlc29_any_red_skryre_alarm_payoff_1		1	0	1
wh3_dlc29_any_red_skryre_alarm_payoff_1_generated	wh3_dlc29_token_type_yellow	1	UI\skins\default\dlc29_skv_chaotic_plans\token\token_perfect_crime.png	-1	1			1	0	0
wh3_dlc29_any_red_warlock_alarm_1	wh3_dlc29_token_type_red	-1	UI\skins\default\dlc29_skv_chaotic_plans\token\token_explosion.png	-1	4			2	0	1
wh3_dlc29_any_red_warlock_alarm_2	wh3_dlc29_token_type_red	-1	UI\skins\default\dlc29_skv_chaotic_plans\token\token_explosion.png	-1	2			4	0	1
wh3_dlc29_any_red_warlock_economic_alarm_1	wh3_dlc29_token_type_red	-1	UI\skins\default\dlc29_skv_chaotic_plans\token\token_explosion.png	-1	2		wh3_dlc29_economic_plan	5	0	1
wh3_dlc29_any_red_warlock_military_alarm_1	wh3_dlc29_token_type_red	-1	UI\skins\default\dlc29_skv_chaotic_plans\token\token_explosion.png	-1	2		wh3_dlc29_military_plan	5	0	1
wh3_dlc29_any_red_warlock_risk_1	wh3_dlc29_token_type_red	-1	UI\skins\default\dlc29_skv_chaotic_plans\token\token_brazen_thievery_red.png	-1	4			1	1000	0
wh3_dlc29_any_tactic_reduce_risk_1	wh3_dlc29_token_type_action	-1	UI\skins\default\dlc29_skv_chaotic_plans\icon_action_avoid_guards.png	1	1	wh3_dlc29_skv_token_usage_500		1	0	0
wh3_dlc29_any_tactic_reduce_risk_1_generated	wh3_dlc29_token_type_yellow	-1	UI\skins\default\dlc29_skv_chaotic_plans\token\token_smoke_bombs.png	-1	1			1	-500	0
wh3_dlc29_any_tactic_reduce_risk_2	wh3_dlc29_token_type_action	-1	UI\skins\default\dlc29_skv_chaotic_plans\icon_action_avoid_guards.png	1	1	wh3_dlc29_skv_token_usage_500		2	0	0
wh3_dlc29_any_tactic_reduce_risk_2_generated	wh3_dlc29_token_type_yellow	-1	UI\skins\default\dlc29_skv_chaotic_plans\token\token_smoke_bombs.png	-1	1			2	-700	0
wh3_dlc29_any_tactic_reduce_risk_3	wh3_dlc29_token_type_action	-1	UI\skins\default\dlc29_skv_chaotic_plans\icon_action_avoid_guards.png	1	1	wh3_dlc29_skv_token_usage_500		3	0	0
wh3_dlc29_any_tactic_reduce_risk_3_generated	wh3_dlc29_token_type_yellow	-1	UI\skins\default\dlc29_skv_chaotic_plans\token\token_smoke_bombs.png	-1	1			3	-1000	0
wh3_dlc29_any_yellow_grey_seer_winds	wh3_dlc29_token_type_yellow	-1	UI\skins\default\dlc29_skv_chaotic_plans\token\token_arcane_mastery.png	-1	2			1	500	1
wh3_dlc29_any_yellow_warlock_experience_1	wh3_dlc29_token_type_yellow	-1	UI\skins\default\dlc29_skv_chaotic_plans\token\token_incantation_overcharge.png	-1	2			1	0	1
wh3_dlc29_dummy_rank_up_artillery_1	wh3_dlc29_token_type_dummy	-1	UI\skins\default\dlc29_skv_chaotic_plans\token\token_training_artillery.png	-1	1		wh3_dlc29_military_plan	1	0	0
wh3_dlc29_dummy_rank_up_artillery_2	wh3_dlc29_token_type_dummy	-1	UI\skins\default\dlc29_skv_chaotic_plans\token\token_training_artillery.png	-1	1		wh3_dlc29_military_plan	2	0	0
wh3_dlc29_dummy_rank_up_artillery_3	wh3_dlc29_token_type_dummy	-1	UI\skins\default\dlc29_skv_chaotic_plans\token\token_training_artillery.png	-1	1		wh3_dlc29_military_plan	3	0	0
wh3_dlc29_dummy_rank_up_melee_infantry_1	wh3_dlc29_token_type_dummy	-1	UI\skins\default\dlc29_skv_chaotic_plans\token\token_equipped_rats_green.png	-1	1		wh3_dlc29_military_plan	1	0	0
wh3_dlc29_dummy_rank_up_melee_infantry_2	wh3_dlc29_token_type_dummy	-1	UI\skins\default\dlc29_skv_chaotic_plans\token\token_equipped_rats_green.png	-1	1		wh3_dlc29_military_plan	2	0	0
wh3_dlc29_dummy_rank_up_melee_infantry_3	wh3_dlc29_token_type_dummy	-1	UI\skins\default\dlc29_skv_chaotic_plans\token\token_equipped_rats_green.png	-1	1		wh3_dlc29_military_plan	3	0	0
wh3_dlc29_dummy_rank_up_missile_infantry_1	wh3_dlc29_token_type_dummy	-1	UI\skins\default\dlc29_skv_chaotic_plans\token\token_training_missile_infantry.png	-1	1		wh3_dlc29_military_plan	1	0	0
wh3_dlc29_dummy_rank_up_missile_infantry_2	wh3_dlc29_token_type_dummy	-1	UI\skins\default\dlc29_skv_chaotic_plans\token\token_training_missile_infantry.png	-1	1		wh3_dlc29_military_plan	2	0	0
wh3_dlc29_dummy_rank_up_missile_infantry_3	wh3_dlc29_token_type_dummy	-1	UI\skins\default\dlc29_skv_chaotic_plans\token\token_training_missile_infantry.png	-1	1		wh3_dlc29_military_plan	3	0	0
wh3_dlc29_dummy_rank_up_monsters_1	wh3_dlc29_token_type_dummy	-1	UI\skins\default\dlc29_skv_chaotic_plans\token\token_training_monsters.png	-1	1		wh3_dlc29_military_plan	1	0	0
wh3_dlc29_dummy_rank_up_monsters_2	wh3_dlc29_token_type_dummy	-1	UI\skins\default\dlc29_skv_chaotic_plans\token\token_training_monsters.png	-1	1		wh3_dlc29_military_plan	2	0	0
wh3_dlc29_dummy_rank_up_monsters_3	wh3_dlc29_token_type_dummy	-1	UI\skins\default\dlc29_skv_chaotic_plans\token\token_training_monsters.png	-1	1		wh3_dlc29_military_plan	3	0	0
wh3_dlc29_dummy_rank_up_weapon_teams_1	wh3_dlc29_token_type_dummy	-1	UI\skins\default\dlc29_skv_chaotic_plans\token\token_training_weapon_teams.png	-1	1		wh3_dlc29_military_plan	1	0	0
wh3_dlc29_dummy_rank_up_weapon_teams_2	wh3_dlc29_token_type_dummy	-1	UI\skins\default\dlc29_skv_chaotic_plans\token\token_training_weapon_teams.png	-1	1		wh3_dlc29_military_plan	2	0	0
wh3_dlc29_dummy_rank_up_weapon_teams_3	wh3_dlc29_token_type_dummy	-1	UI\skins\default\dlc29_skv_chaotic_plans\token\token_training_weapon_teams.png	-1	1		wh3_dlc29_military_plan	3	0	0
wh3_dlc29_economic_action_draw_warlock	wh3_dlc29_token_type_action	-1	UI\skins\default\dlc29_skv_chaotic_plans\icon_action_warpstone_converter.png	4	1	wh3_dlc29_skv_token_usage_warpstone_100	wh3_dlc29_economic_plan	5	0	0
wh3_dlc29_economic_action_instant_warpstone_1	wh3_dlc29_token_type_action	-1	UI\skins\default\dlc29_skv_chaotic_plans\icon_action_warpstone.png	3	1	wh3_dlc29_skv_token_usage_1000	wh3_dlc29_economic_plan	1	0	0
wh3_dlc29_economic_action_instant_warpstone_2	wh3_dlc29_token_type_action	-1	UI\skins\default\dlc29_skv_chaotic_plans\icon_action_warpstone.png	2	1	wh3_dlc29_skv_token_usage_1000	wh3_dlc29_economic_plan	2	0	0
wh3_dlc29_economic_action_instant_warpstone_3	wh3_dlc29_token_type_action	-1	UI\skins\default\dlc29_skv_chaotic_plans\icon_action_warpstone.png	1	1	wh3_dlc29_skv_token_usage_1000	wh3_dlc29_economic_plan	3	0	0
wh3_dlc29_economic_green_basic_food_mid_1	wh3_dlc29_token_type_green	-1	UI\skins\default\dlc29_skv_chaotic_plans\token\token_food.png	-1	4		wh3_dlc29_economic_plan	2	1500	0
wh3_dlc29_economic_green_basic_food_mid_2	wh3_dlc29_token_type_green	-1	UI\skins\default\dlc29_skv_chaotic_plans\token\token_food.png	-1	4		wh3_dlc29_economic_plan	3	1500	0
wh3_dlc29_economic_green_basic_food_mid_3	wh3_dlc29_token_type_green	-1	UI\skins\default\dlc29_skv_chaotic_plans\token\token_food.png	-1	4		wh3_dlc29_economic_plan	4	1500	0
wh3_dlc29_economic_green_basic_food_small_1	wh3_dlc29_token_type_green	-1	UI\skins\default\dlc29_skv_chaotic_plans\token\token_food.png	-1	8		wh3_dlc29_economic_plan	1	1000	0
wh3_dlc29_economic_green_basic_food_small_2	wh3_dlc29_token_type_green	-1	UI\skins\default\dlc29_skv_chaotic_plans\token\token_food.png	-1	8		wh3_dlc29_economic_plan	2	1000	0
wh3_dlc29_economic_green_basic_food_small_3	wh3_dlc29_token_type_green	-1	UI\skins\default\dlc29_skv_chaotic_plans\token\token_food.png	-1	8		wh3_dlc29_economic_plan	3	1000	0
wh3_dlc29_economic_green_basic_treasury_gdp_large_1	wh3_dlc29_token_type_green	-1	UI\skins\default\dlc29_skv_chaotic_plans\token\token_treasury_large.png	-1	1		wh3_dlc29_economic_plan	1	2000	1
wh3_dlc29_economic_green_basic_treasury_gdp_large_2	wh3_dlc29_token_type_green	-1	UI\skins\default\dlc29_skv_chaotic_plans\token\token_treasury_large.png	-1	1		wh3_dlc29_economic_plan	2	2000	1
wh3_dlc29_economic_green_basic_treasury_gdp_large_3	wh3_dlc29_token_type_green	-1	UI\skins\default\dlc29_skv_chaotic_plans\token\token_treasury_large.png	-1	1		wh3_dlc29_economic_plan	3	2000	1
wh3_dlc29_economic_green_basic_treasury_gdp_large_4	wh3_dlc29_token_type_green	-1	UI\skins\default\dlc29_skv_chaotic_plans\token\token_treasury_large.png	-1	1		wh3_dlc29_economic_plan	4	2000	1
wh3_dlc29_economic_green_basic_treasury_gdp_large_5	wh3_dlc29_token_type_green	-1	UI\skins\default\dlc29_skv_chaotic_plans\token\token_treasury_large.png	-1	1		wh3_dlc29_economic_plan	5	2000	2
wh3_dlc29_economic_green_basic_treasury_gdp_small_1	wh3_dlc29_token_type_green	-1	UI\skins\default\dlc29_skv_chaotic_plans\token\token_treasury.png	-1	8		wh3_dlc29_economic_plan	1	1000	0
wh3_dlc29_economic_green_basic_treasury_gdp_small_2	wh3_dlc29_token_type_green	-1	UI\skins\default\dlc29_skv_chaotic_plans\token\token_treasury.png	-1	8		wh3_dlc29_economic_plan	2	1000	0
wh3_dlc29_economic_green_basic_treasury_gdp_small_3	wh3_dlc29_token_type_green	-1	UI\skins\default\dlc29_skv_chaotic_plans\token\token_treasury.png	-1	8		wh3_dlc29_economic_plan	3	1000	0
wh3_dlc29_economic_green_basic_treasury_gdp_small_4	wh3_dlc29_token_type_green	-1	UI\skins\default\dlc29_skv_chaotic_plans\token\token_treasury.png	-1	8		wh3_dlc29_economic_plan	4	1000	0
wh3_dlc29_economic_green_basic_treasury_gdp_small_5	wh3_dlc29_token_type_green	-1	UI\skins\default\dlc29_skv_chaotic_plans\token\token_treasury.png	-1	8		wh3_dlc29_economic_plan	5	1000	0
wh3_dlc29_economic_green_basic_treasury_large_1	wh3_dlc29_token_type_green	-1	UI\skins\default\dlc29_skv_chaotic_plans\token\token_treasury_large.png	-1	2		wh3_dlc29_economic_plan	1	1500	0
wh3_dlc29_economic_green_basic_treasury_large_2	wh3_dlc29_token_type_green	-1	UI\skins\default\dlc29_skv_chaotic_plans\token\token_treasury_large.png	-1	2		wh3_dlc29_economic_plan	2	1500	0
wh3_dlc29_economic_green_basic_treasury_large_3	wh3_dlc29_token_type_green	-1	UI\skins\default\dlc29_skv_chaotic_plans\token\token_treasury_large.png	-1	2		wh3_dlc29_economic_plan	3	1500	0
wh3_dlc29_economic_green_basic_treasury_large_4	wh3_dlc29_token_type_green	-1	UI\skins\default\dlc29_skv_chaotic_plans\token\token_treasury_large.png	-1	2		wh3_dlc29_economic_plan	4	1500	0
wh3_dlc29_economic_green_basic_treasury_large_5	wh3_dlc29_token_type_green	-1	UI\skins\default\dlc29_skv_chaotic_plans\token\token_treasury_large.png	-1	2		wh3_dlc29_economic_plan	5	1500	0
wh3_dlc29_economic_green_basic_treasury_mid_1	wh3_dlc29_token_type_green	-1	UI\skins\default\dlc29_skv_chaotic_plans\token\token_treasury.png	-1	6		wh3_dlc29_economic_plan	2	1000	0
wh3_dlc29_economic_green_basic_treasury_mid_2	wh3_dlc29_token_type_green	-1	UI\skins\default\dlc29_skv_chaotic_plans\token\token_treasury.png	-1	6		wh3_dlc29_economic_plan	3	1000	0
wh3_dlc29_economic_green_basic_treasury_mid_3	wh3_dlc29_token_type_green	-1	UI\skins\default\dlc29_skv_chaotic_plans\token\token_treasury.png	-1	6		wh3_dlc29_economic_plan	4	1000	0
wh3_dlc29_economic_green_basic_treasury_small_1	wh3_dlc29_token_type_green	-1	UI\skins\default\dlc29_skv_chaotic_plans\token\token_treasury.png	-1	8		wh3_dlc29_economic_plan	1	1000	0
wh3_dlc29_economic_green_basic_treasury_small_2	wh3_dlc29_token_type_green	-1	UI\skins\default\dlc29_skv_chaotic_plans\token\token_treasury.png	-1	8		wh3_dlc29_economic_plan	2	1000	0
wh3_dlc29_economic_green_basic_treasury_small_3	wh3_dlc29_token_type_green	-1	UI\skins\default\dlc29_skv_chaotic_plans\token\token_treasury.png	-1	8		wh3_dlc29_economic_plan	3	1000	0
wh3_dlc29_economic_green_basic_treasury_very_large_1	wh3_dlc29_token_type_green	-1	UI\skins\default\dlc29_skv_chaotic_plans\token\token_treasury.png	-1	2		wh3_dlc29_economic_plan	3	1500	0
wh3_dlc29_economic_green_basic_treasury_very_large_2	wh3_dlc29_token_type_green	-1	UI\skins\default\dlc29_skv_chaotic_plans\token\token_treasury.png	-1	2		wh3_dlc29_economic_plan	4	1500	0
wh3_dlc29_economic_green_basic_treasury_very_large_3	wh3_dlc29_token_type_green	-1	UI\skins\default\dlc29_skv_chaotic_plans\token\token_treasury.png	-1	2		wh3_dlc29_economic_plan	5	1500	0
wh3_dlc29_economic_green_basic_warpstone_gdp_large_1	wh3_dlc29_token_type_green	-1	UI\skins\default\dlc29_skv_chaotic_plans\token\token_warpstone_large.png	-1	1		wh3_dlc29_economic_plan	1	2000	1
wh3_dlc29_economic_green_basic_warpstone_gdp_large_2	wh3_dlc29_token_type_green	-1	UI\skins\default\dlc29_skv_chaotic_plans\token\token_warpstone_large.png	-1	1		wh3_dlc29_economic_plan	2	2000	1
wh3_dlc29_economic_green_basic_warpstone_gdp_large_3	wh3_dlc29_token_type_green	-1	UI\skins\default\dlc29_skv_chaotic_plans\token\token_warpstone_large.png	-1	1		wh3_dlc29_economic_plan	3	2000	1
wh3_dlc29_economic_green_basic_warpstone_gdp_large_4	wh3_dlc29_token_type_green	-1	UI\skins\default\dlc29_skv_chaotic_plans\token\token_warpstone_large.png	-1	1		wh3_dlc29_economic_plan	4	2000	1
wh3_dlc29_economic_green_basic_warpstone_gdp_large_5	wh3_dlc29_token_type_green	-1	UI\skins\default\dlc29_skv_chaotic_plans\token\token_warpstone_large.png	-1	1		wh3_dlc29_economic_plan	5	2000	2
wh3_dlc29_economic_green_basic_warpstone_gdp_small_1	wh3_dlc29_token_type_green	-1	UI\skins\default\dlc29_skv_chaotic_plans\token\token_warpstone.png	-1	8		wh3_dlc29_economic_plan	1	1000	0
wh3_dlc29_economic_green_basic_warpstone_gdp_small_2	wh3_dlc29_token_type_green	-1	UI\skins\default\dlc29_skv_chaotic_plans\token\token_warpstone.png	-1	8		wh3_dlc29_economic_plan	2	1000	0
wh3_dlc29_economic_green_basic_warpstone_gdp_small_3	wh3_dlc29_token_type_green	-1	UI\skins\default\dlc29_skv_chaotic_plans\token\token_warpstone.png	-1	8		wh3_dlc29_economic_plan	3	1000	0
wh3_dlc29_economic_green_basic_warpstone_gdp_small_4	wh3_dlc29_token_type_green	-1	UI\skins\default\dlc29_skv_chaotic_plans\token\token_warpstone.png	-1	8		wh3_dlc29_economic_plan	4	1000	0
wh3_dlc29_economic_green_basic_warpstone_gdp_small_5	wh3_dlc29_token_type_green	-1	UI\skins\default\dlc29_skv_chaotic_plans\token\token_warpstone.png	-1	8		wh3_dlc29_economic_plan	5	1000	0
wh3_dlc29_economic_green_basic_warpstone_large_1	wh3_dlc29_token_type_green	-1	UI\skins\default\dlc29_skv_chaotic_plans\token\token_warpstone_large.png	-1	2		wh3_dlc29_economic_plan	1	1500	0
wh3_dlc29_economic_green_basic_warpstone_large_2	wh3_dlc29_token_type_green	-1	UI\skins\default\dlc29_skv_chaotic_plans\token\token_warpstone_large.png	-1	2		wh3_dlc29_economic_plan	2	1500	0
wh3_dlc29_economic_green_basic_warpstone_large_3	wh3_dlc29_token_type_green	-1	UI\skins\default\dlc29_skv_chaotic_plans\token\token_warpstone_large.png	-1	2		wh3_dlc29_economic_plan	3	1500	0
wh3_dlc29_economic_green_basic_warpstone_large_4	wh3_dlc29_token_type_green	-1	UI\skins\default\dlc29_skv_chaotic_plans\token\token_warpstone_large.png	-1	2		wh3_dlc29_economic_plan	4	1500	0
wh3_dlc29_economic_green_basic_warpstone_large_5	wh3_dlc29_token_type_green	-1	UI\skins\default\dlc29_skv_chaotic_plans\token\token_warpstone_large.png	-1	2		wh3_dlc29_economic_plan	5	1500	0
wh3_dlc29_economic_green_basic_warpstone_mid_1	wh3_dlc29_token_type_green	-1	UI\skins\default\dlc29_skv_chaotic_plans\token\token_warpstone.png	-1	6		wh3_dlc29_economic_plan	2	1000	0
wh3_dlc29_economic_green_basic_warpstone_mid_2	wh3_dlc29_token_type_green	-1	UI\skins\default\dlc29_skv_chaotic_plans\token\token_warpstone.png	-1	6		wh3_dlc29_economic_plan	3	1000	0
wh3_dlc29_economic_green_basic_warpstone_mid_3	wh3_dlc29_token_type_green	-1	UI\skins\default\dlc29_skv_chaotic_plans\token\token_warpstone.png	-1	6		wh3_dlc29_economic_plan	4	1000	0
wh3_dlc29_economic_green_basic_warpstone_small_1	wh3_dlc29_token_type_green	-1	UI\skins\default\dlc29_skv_chaotic_plans\token\token_warpstone.png	-1	8		wh3_dlc29_economic_plan	1	1000	0
wh3_dlc29_economic_green_basic_warpstone_small_2	wh3_dlc29_token_type_green	-1	UI\skins\default\dlc29_skv_chaotic_plans\token\token_warpstone.png	-1	8		wh3_dlc29_economic_plan	2	1000	0
wh3_dlc29_economic_green_basic_warpstone_small_3	wh3_dlc29_token_type_green	-1	UI\skins\default\dlc29_skv_chaotic_plans\token\token_warpstone.png	-1	8		wh3_dlc29_economic_plan	3	1000	0
wh3_dlc29_economic_green_basic_warpstone_very_large_1	wh3_dlc29_token_type_green	-1	UI\skins\default\dlc29_skv_chaotic_plans\token\token_warpstone.png	-1	2		wh3_dlc29_economic_plan	3	1500	0
wh3_dlc29_economic_green_basic_warpstone_very_large_2	wh3_dlc29_token_type_green	-1	UI\skins\default\dlc29_skv_chaotic_plans\token\token_warpstone.png	-1	2		wh3_dlc29_economic_plan	4	1500	0
wh3_dlc29_economic_green_basic_warpstone_very_large_3	wh3_dlc29_token_type_green	-1	UI\skins\default\dlc29_skv_chaotic_plans\token\token_warpstone.png	-1	2		wh3_dlc29_economic_plan	5	1500	0
wh3_dlc29_economic_green_eshin_all_1	wh3_dlc29_token_type_green	-1	UI\skins\default\dlc29_skv_chaotic_plans\token\token_elite_operatives.png	-1	6		wh3_dlc29_economic_plan	2	0	2
wh3_dlc29_economic_green_eshin_all_2	wh3_dlc29_token_type_green	-1	UI\skins\default\dlc29_skv_chaotic_plans\token\token_elite_operatives.png	-1	6		wh3_dlc29_economic_plan	3	0	2
wh3_dlc29_economic_green_eshin_all_3	wh3_dlc29_token_type_green	-1	UI\skins\default\dlc29_skv_chaotic_plans\token\token_elite_operatives.png	-1	6		wh3_dlc29_economic_plan	4	0	2
wh3_dlc29_economic_green_grey_seer_treasury_large_1	wh3_dlc29_token_type_green	-1	UI\skins\default\dlc29_skv_chaotic_plans\token\token_treasury_large.png	-1	4		wh3_dlc29_economic_plan	1	1000	2
wh3_dlc29_economic_green_grey_seer_treasury_large_2	wh3_dlc29_token_type_green	-1	UI\skins\default\dlc29_skv_chaotic_plans\token\token_treasury_large.png	-1	4		wh3_dlc29_economic_plan	2	1000	2
wh3_dlc29_economic_green_grey_seer_treasury_large_3	wh3_dlc29_token_type_green	-1	UI\skins\default\dlc29_skv_chaotic_plans\token\token_treasury_large.png	-1	4		wh3_dlc29_economic_plan	3	1000	2
wh3_dlc29_economic_green_rictus_warpstone_1	wh3_dlc29_token_type_green	-1	UI\skins\default\dlc29_skv_chaotic_plans\token\token_eshin_operatives.png	-1	4		wh3_dlc29_economic_plan	2	500	2
wh3_dlc29_economic_green_rictus_warpstone_2	wh3_dlc29_token_type_green	-1	UI\skins\default\dlc29_skv_chaotic_plans\token\token_eshin_operatives.png	-1	4		wh3_dlc29_economic_plan	3	500	2
wh3_dlc29_economic_green_rictus_warpstone_3	wh3_dlc29_token_type_green	-1	UI\skins\default\dlc29_skv_chaotic_plans\token\token_eshin_operatives.png	-1	4		wh3_dlc29_economic_plan	4	500	0
wh3_dlc29_economic_green_skill_food_huge	wh3_dlc29_token_type_green	-1	UI\skins\default\dlc29_skv_chaotic_plans\token\token_food.png	-1	3		wh3_dlc29_economic_plan	5	1000	1
wh3_dlc29_economic_green_skill_treasury_huge	wh3_dlc29_token_type_green	-1	UI\skins\default\dlc29_skv_chaotic_plans\token\token_treasury.png	-1	3		wh3_dlc29_economic_plan	5	1000	1
wh3_dlc29_economic_green_skill_warpstone_huge	wh3_dlc29_token_type_green	-1	UI\skins\default\dlc29_skv_chaotic_plans\token\token_warpstone.png	-1	3		wh3_dlc29_economic_plan	5	1000	1
wh3_dlc29_economic_green_skryre_treasury_1	wh3_dlc29_token_type_green	-1	UI\skins\default\dlc29_skv_chaotic_plans\token\token_warpstone_converter_green.png	-1	6		wh3_dlc29_economic_plan	2	1000	2
wh3_dlc29_economic_green_skryre_treasury_2	wh3_dlc29_token_type_green	-1	UI\skins\default\dlc29_skv_chaotic_plans\token\token_warpstone_converter_green.png	-1	6		wh3_dlc29_economic_plan	3	1000	2
wh3_dlc29_economic_green_skryre_treasury_3	wh3_dlc29_token_type_green	-1	UI\skins\default\dlc29_skv_chaotic_plans\token\token_warpstone_converter_green.png	-1	6		wh3_dlc29_economic_plan	4	1000	0
wh3_dlc29_economic_green_skryre_warpstone_1	wh3_dlc29_token_type_green	-1	UI\skins\default\dlc29_skv_chaotic_plans\token\token_warpmine_drill_green.png	-1	6		wh3_dlc29_economic_plan	2	1000	0
wh3_dlc29_economic_green_skryre_warpstone_2	wh3_dlc29_token_type_green	-1	UI\skins\default\dlc29_skv_chaotic_plans\token\token_warpmine_drill_green.png	-1	6		wh3_dlc29_economic_plan	3	1000	0
wh3_dlc29_economic_green_skryre_warpstone_3	wh3_dlc29_token_type_green	-1	UI\skins\default\dlc29_skv_chaotic_plans\token\token_warpmine_drill_green.png	-1	6		wh3_dlc29_economic_plan	4	1000	0
wh3_dlc29_economic_mod_pool_eshin_all_1	wh3_dlc29_token_type_modify_pool	-1	UI\skins\default\dlc29_skv_chaotic_plans\token\token_elite_operatives.png	-1	1		wh3_dlc29_economic_plan	1	0	0
wh3_dlc29_economic_mod_pool_grey_seer_treasury_large_1	wh3_dlc29_token_type_modify_pool	-1	UI\skins\default\dlc29_skv_chaotic_plans\token\token_treasury_large.png	-1	1		wh3_dlc29_economic_plan	1	0	0
wh3_dlc29_economic_mod_pool_rictus_warpstone_1	wh3_dlc29_token_type_modify_pool	-1	UI\skins\default\dlc29_skv_chaotic_plans\token\token_eshin_operatives.png	-1	1		wh3_dlc29_economic_plan	1	0	0
wh3_dlc29_economic_mod_pool_skryre_treasury_1	wh3_dlc29_token_type_modify_pool	-1	UI\skins\default\dlc29_skv_chaotic_plans\token\token_warpstone_converter_green.png	-1	1		wh3_dlc29_economic_plan	1	0	0
wh3_dlc29_economic_mod_pool_skryre_warpstone_1	wh3_dlc29_token_type_modify_pool	-1	UI\skins\default\dlc29_skv_chaotic_plans\token\token_warpmine_drill_green.png	-1	1		wh3_dlc29_economic_plan	1	0	0
wh3_dlc29_economic_red_have_warpstone_lose_food	wh3_dlc29_token_type_red	-1	UI\skins\default\dlc29_skv_chaotic_plans\token\token_food_red.png	-1	4		wh3_dlc29_economic_plan	3	0	1
wh3_dlc29_economic_upgrade_basic_treasury_gdp_2	wh3_dlc29_token_type_modify_pool	-1	UI\skins\default\dlc29_skv_chaotic_plans\token\token_treasury_large.png	-1	1		wh3_dlc29_economic_plan	1	0	0
wh3_dlc29_economic_upgrade_basic_treasury_gdp_3	wh3_dlc29_token_type_modify_pool	-1	UI\skins\default\dlc29_skv_chaotic_plans\token\token_treasury_large.png	-1	1		wh3_dlc29_economic_plan	2	0	0
wh3_dlc29_economic_upgrade_basic_treasury_gdp_4	wh3_dlc29_token_type_modify_pool	-1	UI\skins\default\dlc29_skv_chaotic_plans\token\token_treasury_large.png	-1	1		wh3_dlc29_economic_plan	3	0	0
wh3_dlc29_economic_upgrade_basic_treasury_gdp_5	wh3_dlc29_token_type_modify_pool	-1	UI\skins\default\dlc29_skv_chaotic_plans\token\token_treasury_large.png	-1	1		wh3_dlc29_economic_plan	4	0	0
wh3_dlc29_economic_upgrade_basic_warpstone_gdp_2	wh3_dlc29_token_type_modify_pool	-1	UI\skins\default\dlc29_skv_chaotic_plans\token\token_warpstone_large.png	-1	1		wh3_dlc29_economic_plan	1	0	0
wh3_dlc29_economic_upgrade_basic_warpstone_gdp_3	wh3_dlc29_token_type_modify_pool	-1	UI\skins\default\dlc29_skv_chaotic_plans\token\token_warpstone_large.png	-1	1		wh3_dlc29_economic_plan	2	0	0
wh3_dlc29_economic_upgrade_basic_warpstone_gdp_4	wh3_dlc29_token_type_modify_pool	-1	UI\skins\default\dlc29_skv_chaotic_plans\token\token_warpstone_large.png	-1	1		wh3_dlc29_economic_plan	3	0	0
wh3_dlc29_economic_upgrade_basic_warpstone_gdp_5	wh3_dlc29_token_type_modify_pool	-1	UI\skins\default\dlc29_skv_chaotic_plans\token\token_warpstone_large.png	-1	1		wh3_dlc29_economic_plan	4	0	0
wh3_dlc29_economic_upgrade_eshin_all_2	wh3_dlc29_token_type_modify_pool	-1	UI\skins\default\dlc29_skv_chaotic_plans\token\token_elite_operatives.png	-1	1		wh3_dlc29_economic_plan	2	0	0
wh3_dlc29_economic_upgrade_eshin_all_3	wh3_dlc29_token_type_modify_pool	-1	UI\skins\default\dlc29_skv_chaotic_plans\token\token_elite_operatives.png	-1	1		wh3_dlc29_economic_plan	3	0	0
wh3_dlc29_economic_upgrade_grey_seer_treasury_large_2	wh3_dlc29_token_type_modify_pool	-1	UI\skins\default\dlc29_skv_chaotic_plans\token\token_treasury_large.png	-1	1		wh3_dlc29_economic_plan	1	0	0
wh3_dlc29_economic_upgrade_grey_seer_treasury_large_3	wh3_dlc29_token_type_modify_pool	-1	UI\skins\default\dlc29_skv_chaotic_plans\token\token_treasury_large.png	-1	1		wh3_dlc29_economic_plan	1	0	0
wh3_dlc29_economic_upgrade_rictus_warpstone_2	wh3_dlc29_token_type_modify_pool	-1	UI\skins\default\dlc29_skv_chaotic_plans\token\token_eshin_operatives.png	-1	1		wh3_dlc29_economic_plan	2	0	0
wh3_dlc29_economic_upgrade_rictus_warpstone_3	wh3_dlc29_token_type_modify_pool	-1	UI\skins\default\dlc29_skv_chaotic_plans\token\token_eshin_operatives.png	-1	1		wh3_dlc29_economic_plan	3	0	0
wh3_dlc29_economic_upgrade_skryre_treasury_2	wh3_dlc29_token_type_modify_pool	-1	UI\skins\default\dlc29_skv_chaotic_plans\token\token_warpstone_converter_green.png	-1	1		wh3_dlc29_economic_plan	2	0	0
wh3_dlc29_economic_upgrade_skryre_treasury_3	wh3_dlc29_token_type_modify_pool	-1	UI\skins\default\dlc29_skv_chaotic_plans\token\token_warpstone_converter_green.png	-1	1		wh3_dlc29_economic_plan	3	0	0
wh3_dlc29_economic_upgrade_skryre_warpstone_2	wh3_dlc29_token_type_modify_pool	-1	UI\skins\default\dlc29_skv_chaotic_plans\token\token_warpmine_drill_green.png	-1	1		wh3_dlc29_economic_plan	2	0	0
wh3_dlc29_economic_upgrade_skryre_warpstone_3	wh3_dlc29_token_type_modify_pool	-1	UI\skins\default\dlc29_skv_chaotic_plans\token\token_warpmine_drill_green.png	-1	1		wh3_dlc29_economic_plan	3	0	0
wh3_dlc29_economy_action_assassin_draw	wh3_dlc29_token_type_action	-1	UI\skins\default\dlc29_skv_chaotic_plans\icon_action_treasury.png	3	1	wh3_dlc29_skv_token_usage_warpstone_100	wh3_dlc29_economic_plan	3	0	0
wh3_dlc29_economy_action_select_resource	wh3_dlc29_token_type_action	1	UI\skins\default\dlc29_skv_chaotic_plans\icon_action_adapt.png	-1	1	wh3_dlc29_skv_token_usage_warpstone_100	wh3_dlc29_economic_plan	1	0	0
wh3_dlc29_economy_mod_pool_basic_food_mid_1	wh3_dlc29_token_type_modify_pool	-1	UI\skins\default\dlc29_skv_chaotic_plans\token\token_food_large.png	-1	1		wh3_dlc29_economic_plan	2	1000	0
wh3_dlc29_economy_mod_pool_basic_food_small_1	wh3_dlc29_token_type_modify_pool	-1	UI\skins\default\dlc29_skv_chaotic_plans\token\token_food.png	-1	1		wh3_dlc29_economic_plan	1	0	0
wh3_dlc29_economy_mod_pool_basic_treasury_mid_1	wh3_dlc29_token_type_modify_pool	-1	UI\skins\default\dlc29_skv_chaotic_plans\token\token_treasury.png	-1	1		wh3_dlc29_economic_plan	2	1000	0
wh3_dlc29_economy_mod_pool_basic_treasury_mid_2	wh3_dlc29_token_type_modify_pool	-1	UI\skins\default\dlc29_skv_chaotic_plans\token\token_treasury.png	-1	1		wh3_dlc29_economic_plan	3	1000	0
wh3_dlc29_economy_mod_pool_basic_treasury_mid_3	wh3_dlc29_token_type_modify_pool	-1	UI\skins\default\dlc29_skv_chaotic_plans\token\token_treasury.png	-1	1		wh3_dlc29_economic_plan	4	1000	0
wh3_dlc29_economy_mod_pool_basic_treasury_very_large_1	wh3_dlc29_token_type_modify_pool	-1	UI\skins\default\dlc29_skv_chaotic_plans\token\token_treasury.png	-1	1		wh3_dlc29_economic_plan	3	1500	0
wh3_dlc29_economy_mod_pool_basic_treasury_very_large_2	wh3_dlc29_token_type_modify_pool	-1	UI\skins\default\dlc29_skv_chaotic_plans\token\token_treasury.png	-1	1		wh3_dlc29_economic_plan	4	1500	0
wh3_dlc29_economy_mod_pool_basic_treasury_very_large_3	wh3_dlc29_token_type_modify_pool	-1	UI\skins\default\dlc29_skv_chaotic_plans\token\token_treasury.png	-1	1		wh3_dlc29_economic_plan	5	1500	0
wh3_dlc29_economy_mod_pool_basic_warpstone_mid_1	wh3_dlc29_token_type_modify_pool	-1	UI\skins\default\dlc29_skv_chaotic_plans\token\token_warpstone.png	-1	1		wh3_dlc29_economic_plan	2	1000	0
wh3_dlc29_economy_mod_pool_basic_warpstone_mid_2	wh3_dlc29_token_type_modify_pool	-1	UI\skins\default\dlc29_skv_chaotic_plans\token\token_warpstone.png	-1	1		wh3_dlc29_economic_plan	3	1000	0
wh3_dlc29_economy_mod_pool_basic_warpstone_mid_3	wh3_dlc29_token_type_modify_pool	-1	UI\skins\default\dlc29_skv_chaotic_plans\token\token_warpstone.png	-1	1		wh3_dlc29_economic_plan	4	1000	0
wh3_dlc29_economy_mod_pool_basic_warpstone_very_large_1	wh3_dlc29_token_type_modify_pool	-1	UI\skins\default\dlc29_skv_chaotic_plans\token\token_warpstone.png	-1	1		wh3_dlc29_economic_plan	3	1500	0
wh3_dlc29_economy_mod_pool_basic_warpstone_very_large_2	wh3_dlc29_token_type_modify_pool	-1	UI\skins\default\dlc29_skv_chaotic_plans\token\token_warpstone.png	-1	1		wh3_dlc29_economic_plan	4	1500	0
wh3_dlc29_economy_mod_pool_basic_warpstone_very_large_3	wh3_dlc29_token_type_modify_pool	-1	UI\skins\default\dlc29_skv_chaotic_plans\token\token_warpstone.png	-1	1		wh3_dlc29_economic_plan	5	1500	0
wh3_dlc29_economy_red_alarm_food_1	wh3_dlc29_token_type_red	-1	UI\skins\default\dlc29_skv_chaotic_plans\token\token_food_red.png	-1	4		wh3_dlc29_economic_plan	1	0	1
wh3_dlc29_economy_red_alarm_food_2	wh3_dlc29_token_type_red	-1	UI\skins\default\dlc29_skv_chaotic_plans\token\token_food_red.png	-1	4		wh3_dlc29_economic_plan	2	0	1
wh3_dlc29_economy_red_alarm_food_3	wh3_dlc29_token_type_red	-1	UI\skins\default\dlc29_skv_chaotic_plans\token\token_food_red.png	-1	4		wh3_dlc29_economic_plan	3	0	1
wh3_dlc29_economy_red_alarm_treasury_1	wh3_dlc29_token_type_red	-1	UI\skins\default\dlc29_skv_chaotic_plans\token\token_treasury_red.png	-1	4		wh3_dlc29_economic_plan	1	0	1
wh3_dlc29_economy_red_alarm_treasury_2	wh3_dlc29_token_type_red	-1	UI\skins\default\dlc29_skv_chaotic_plans\token\token_treasury_red.png	-1	4		wh3_dlc29_economic_plan	2	0	1
wh3_dlc29_economy_red_alarm_treasury_3	wh3_dlc29_token_type_red	-1	UI\skins\default\dlc29_skv_chaotic_plans\token\token_treasury_red.png	-1	4		wh3_dlc29_economic_plan	3	0	1
wh3_dlc29_economy_red_alarm_warpstone_1	wh3_dlc29_token_type_red	-1	UI\skins\default\dlc29_skv_chaotic_plans\token\token_warpstone_red.png	-1	4		wh3_dlc29_economic_plan	1	0	1
wh3_dlc29_economy_red_alarm_warpstone_2	wh3_dlc29_token_type_red	-1	UI\skins\default\dlc29_skv_chaotic_plans\token\token_warpstone_red.png	-1	4		wh3_dlc29_economic_plan	2	0	1
wh3_dlc29_economy_red_alarm_warpstone_3	wh3_dlc29_token_type_red	-1	UI\skins\default\dlc29_skv_chaotic_plans\token\token_warpstone_red.png	-1	4		wh3_dlc29_economic_plan	3	0	1
wh3_dlc29_economy_upgrade_basic_food_mid_2	wh3_dlc29_token_type_modify_pool	-1	UI\skins\default\dlc29_skv_chaotic_plans\token\token_food_large.png	-1	1		wh3_dlc29_economic_plan	1	0	0
wh3_dlc29_economy_upgrade_basic_food_mid_3	wh3_dlc29_token_type_modify_pool	-1	UI\skins\default\dlc29_skv_chaotic_plans\token\token_food_large.png	-1	1		wh3_dlc29_economic_plan	1	0	0
wh3_dlc29_economy_upgrade_basic_food_small_2	wh3_dlc29_token_type_modify_pool	-1	UI\skins\default\dlc29_skv_chaotic_plans\token\token_food.png	-1	1		wh3_dlc29_economic_plan	1	0	0
wh3_dlc29_economy_upgrade_basic_food_small_3	wh3_dlc29_token_type_modify_pool	-1	UI\skins\default\dlc29_skv_chaotic_plans\token\token_food.png	-1	1		wh3_dlc29_economic_plan	1	0	0
wh3_dlc29_economy_yellow_select_resource_speed	wh3_dlc29_token_type_yellow	-1	UI\skins\default\dlc29_skv_chaotic_plans\token\token_more_rats.png	-1	1		wh3_dlc29_economic_plan	1	1000	1
wh3_dlc29_economy_yellow_select_resource_treasury	wh3_dlc29_token_type_yellow	-1	UI\skins\default\dlc29_skv_chaotic_plans\token\token_perfect_crime.png	-1	1		wh3_dlc29_economic_plan	1	0	1
wh3_dlc29_economy_yellow_select_resource_warpstone	wh3_dlc29_token_type_yellow	-1	UI\skins\default\dlc29_skv_chaotic_plans\token\token_warpmine_drill.png	-1	1		wh3_dlc29_economic_plan	1	0	1
wh3_dlc29_green_economic_dangerous_treasury_generated	wh3_dlc29_token_type_green	-1	UI\skins\default\dlc29_skv_chaotic_plans\token\token_treasury_large.png	-1	1		wh3_dlc29_economic_plan	1	1000	0
wh3_dlc29_green_economic_dangerous_warpstone_generated	wh3_dlc29_token_type_green	-1	UI\skins\default\dlc29_skv_chaotic_plans\token\token_warpstone_large.png	-1	1		wh3_dlc29_economic_plan	1	1000	0
wh3_dlc29_green_military_lab_1_generated	wh3_dlc29_token_type_green	-1	UI\skins\default\dlc29_skv_chaotic_plans\token\token_hell_pit_abomination.png	-1	1		wh3_dlc29_military_plan	3	1000	0
wh3_dlc29_green_military_lab_2_generated	wh3_dlc29_token_type_green	-1	UI\skins\default\dlc29_skv_chaotic_plans\token\token_stormfiend.png	-1	1		wh3_dlc29_military_plan	3	1000	0
wh3_dlc29_green_military_lab_3_generated	wh3_dlc29_token_type_green	-1	UI\skins\default\dlc29_skv_chaotic_plans\token\token_doomwheel.png	-1	1		wh3_dlc29_military_plan	3	1000	0
wh3_dlc29_green_military_mercenaries_1_generated	wh3_dlc29_token_type_green	-1	UI\skins\default\dlc29_skv_chaotic_plans\token\token_missile_infantry.png	-1	1		wh3_dlc29_military_plan	3	0	0
wh3_dlc29_green_military_mercenaries_2_generated	wh3_dlc29_token_type_green	-1	UI\skins\default\dlc29_skv_chaotic_plans\token\token_stormvermin.png	-1	1		wh3_dlc29_military_plan	3	500	0
wh3_dlc29_green_military_mercenaries_3_generated	wh3_dlc29_token_type_green	-1	UI\skins\default\dlc29_skv_chaotic_plans\token\token_rat_hordes.png	-1	1		wh3_dlc29_military_plan	3	500	0
wh3_dlc29_green_military_reinforcements_generated	wh3_dlc29_token_type_green	-1	UI\skins\default\dlc29_skv_chaotic_plans\token\token_all_around_squad.png	-1	1		wh3_dlc29_military_plan	1	500	0
wh3_dlc29_green_military_warp_doom_magma_cannon	wh3_dlc29_token_type_green	-1	UI\skins\default\dlc29_skv_chaotic_plans\token\token_warp_doom_magma_cannon.png	-1	4		wh3_dlc29_military_plan	5	500	0
wh3_dlc29_magic_create_undercity_1	wh3_dlc29_token_type_green	-1	UI\skins\default\dlc29_skv_chaotic_plans\token\token_elite_operatives.png	-1	4		wh3_dlc29_magic_plan	1	500	1
wh3_dlc29_magic_create_undercity_filler_token_assassins	wh3_dlc29_token_type_green	-1	UI\skins\default\dlc29_skv_chaotic_plans\token\token_assassins_green.png	-1	4		wh3_dlc29_magic_plan	1	500	1
wh3_dlc29_magic_create_undercity_filler_token_crafting	wh3_dlc29_token_type_green	-1	UI\skins\default\dlc29_skv_chaotic_plans\token\token_thieves_holes.png	-1	4		wh3_dlc29_magic_plan	1	500	1
wh3_dlc29_magic_create_undercity_filler_token_kidnappers	wh3_dlc29_token_type_green	-1	UI\skins\default\dlc29_skv_chaotic_plans\token\token_kidnappers.png	-1	4		wh3_dlc29_magic_plan	1	500	1
wh3_dlc29_magic_create_undercity_filler_token_mine	wh3_dlc29_token_type_green	-1	UI\skins\default\dlc29_skv_chaotic_plans\token\token_miners.png	-1	4		wh3_dlc29_magic_plan	1	500	1
wh3_dlc29_magic_create_undercity_filler_token_refinery	wh3_dlc29_token_type_green	-1	UI\skins\default\dlc29_skv_chaotic_plans\token\token_ warpstone_refinery.png	-1	4		wh3_dlc29_magic_plan	1	1000	1
wh3_dlc29_magic_create_undercity_filler_token_strip_mine	wh3_dlc29_token_type_green	-1	UI\skins\default\dlc29_skv_chaotic_plans\token\token_strip_mine.png	-1	4		wh3_dlc29_magic_plan	1	1000	1
wh3_dlc29_magic_create_undercity_filler_token_thieves	wh3_dlc29_token_type_green	-1	UI\skins\default\dlc29_skv_chaotic_plans\token\token_thieves_holes.png	-1	4		wh3_dlc29_magic_plan	1	500	1
wh3_dlc29_magic_create_undercity_filler_token_treasury	wh3_dlc29_token_type_green	-1	UI\skins\default\dlc29_skv_chaotic_plans\token\token_treasury.png	-1	4		wh3_dlc29_magic_plan	1	500	0
wh3_dlc29_magic_create_undercity_piece_a_1	wh3_dlc29_token_type_green	-1	UI\skins\default\dlc29_skv_chaotic_plans\token\token_rune_horned_rat.png	-1	6		wh3_dlc29_magic_plan	1	0	1
wh3_dlc29_magic_create_undercity_piece_b_1	wh3_dlc29_token_type_green	-1	UI\skins\default\dlc29_skv_chaotic_plans\token\token_rune_grey_seers.png	-1	6		wh3_dlc29_magic_plan	1	1000	1
wh3_dlc29_magic_create_undercity_piece_c_1	wh3_dlc29_token_type_green	-1	UI\skins\default\dlc29_skv_chaotic_plans\token\token_rune_stealth.png	-1	6		wh3_dlc29_magic_plan	1	500	1
wh3_dlc29_magic_create_undercity_piece_d_1	wh3_dlc29_token_type_green	-1	UI\skins\default\dlc29_skv_chaotic_plans\token\token_rune_warlocks.png	-1	6		wh3_dlc29_magic_plan	1	1000	1
wh3_dlc29_magic_draw_combo_piece	wh3_dlc29_token_type_action	-1	UI\skins\default\dlc29_skv_chaotic_plans\icon_action_invigorate.png	4	1	wh3_dlc29_skv_token_usage_warpstone_100	wh3_dlc29_magic_plan	1	0	0
wh3_dlc29_magic_pull_moon_1	wh3_dlc29_token_type_green	-1	UI\skins\default\dlc29_skv_chaotic_plans\token\token_rat_hordes.png	-1	6		wh3_dlc29_magic_plan	1	0	1
wh3_dlc29_magic_pull_moon_filler_token_food	wh3_dlc29_token_type_green	-1	UI\skins\default\dlc29_skv_chaotic_plans\token\token_food.png	-1	6		wh3_dlc29_magic_plan	1	500	1
wh3_dlc29_magic_pull_moon_filler_token_recruitment_slots	wh3_dlc29_token_type_green	-1	UI\skins\default\dlc29_skv_chaotic_plans\token\token_overwhelming_hordes.png	-1	6		wh3_dlc29_magic_plan	1	500	1
wh3_dlc29_magic_pull_moon_filler_token_skaven_corruption	wh3_dlc29_token_type_green	-1	UI\skins\default\dlc29_skv_chaotic_plans\token\token_kidnappers.png	-1	6		wh3_dlc29_magic_plan	1	500	1
wh3_dlc29_magic_pull_moon_filler_token_warpstone	wh3_dlc29_token_type_green	-1	UI\skins\default\dlc29_skv_chaotic_plans\token\token_warpstone.png	-1	6		wh3_dlc29_magic_plan	1	500	1
wh3_dlc29_magic_pull_moon_piece_a_1	wh3_dlc29_token_type_green	-1	UI\skins\default\dlc29_skv_chaotic_plans\token\token_rune_horned_rat.png	-1	6		wh3_dlc29_magic_plan	1	500	1
wh3_dlc29_magic_pull_moon_piece_b_1	wh3_dlc29_token_type_green	-1	UI\skins\default\dlc29_skv_chaotic_plans\token\token_rune_grey_seers.png	-1	6		wh3_dlc29_magic_plan	1	500	1
wh3_dlc29_magic_pull_moon_piece_c_1	wh3_dlc29_token_type_green	-1	UI\skins\default\dlc29_skv_chaotic_plans\token\token_rune_warlocks.png	-1	6		wh3_dlc29_magic_plan	1	1000	1
wh3_dlc29_magic_pull_moon_piece_d_1	wh3_dlc29_token_type_green	-1	UI\skins\default\dlc29_skv_chaotic_plans\token\token_rune_stealth.png	-1	6		wh3_dlc29_magic_plan	1	0	1
wh3_dlc29_magic_red_chaos_corruption_1	wh3_dlc29_token_type_red	-1	UI\skins\default\dlc29_skv_chaotic_plans\token\token_race_woc_doc_norsca_red.png	-1	2		wh3_dlc29_military_plan	1	0	1
wh3_dlc29_magic_red_chaos_corruption_2	wh3_dlc29_token_type_red	-1	UI\skins\default\dlc29_skv_chaotic_plans\token\token_race_woc_doc_norsca_red.png	-1	4			2	0	1
wh3_dlc29_magic_red_chaos_corruption_3	wh3_dlc29_token_type_red	-1	UI\skins\default\dlc29_skv_chaotic_plans\token\token_race_woc_doc_norsca_red.png	-1	4			3	0	1
wh3_dlc29_magic_red_elite_chaos_corruption_1	wh3_dlc29_token_type_red	-1	UI\skins\default\dlc29_skv_chaotic_plans\token\token_race_woc_doc_norsca_red.png	-1	2			4	0	1
wh3_dlc29_magic_red_elite_khorne_corruption_1	wh3_dlc29_token_type_red	-1	UI\skins\default\dlc29_skv_chaotic_plans\token\token_race_khorne_red.png	-1	2			4	0	1
wh3_dlc29_magic_red_elite_nurgle_corruption_1	wh3_dlc29_token_type_red	-1	UI\skins\default\dlc29_skv_chaotic_plans\token\token_race_nurgle_red.png	-1	2			4	0	1
wh3_dlc29_magic_red_elite_slaanesh_corruption_1	wh3_dlc29_token_type_red	-1	UI\skins\default\dlc29_skv_chaotic_plans\token\token_race_slaanesh_red.png	-1	2			4	0	1
wh3_dlc29_magic_red_elite_tzeentch_corruption_1	wh3_dlc29_token_type_red	-1	UI\skins\default\dlc29_skv_chaotic_plans\token\token_race_tzeentch_red.png	-1	2			4	0	1
wh3_dlc29_magic_red_enemy_verminlord_corruptor_1	wh3_dlc29_token_type_red	-1	UI\skins\default\dlc29_skv_chaotic_plans\token\token_rune_horned_rat_red.png	-1	6		wh3_dlc29_magic_plan	3	0	1
wh3_dlc29_magic_red_enemy_verminlord_deceiver_1	wh3_dlc29_token_type_red	-1	UI\skins\default\dlc29_skv_chaotic_plans\token\token_rune_horned_rat_red.png	-1	6		wh3_dlc29_magic_plan	3	0	1
wh3_dlc29_magic_red_enemy_verminlord_warbringer_1	wh3_dlc29_token_type_red	-1	UI\skins\default\dlc29_skv_chaotic_plans\token\token_rune_horned_rat_red.png	-1	6		wh3_dlc29_magic_plan	3	0	1
wh3_dlc29_magic_red_enemy_verminlord_warpseer_1	wh3_dlc29_token_type_red	-1	UI\skins\default\dlc29_skv_chaotic_plans\token\token_rune_horned_rat_red.png	-1	6		wh3_dlc29_magic_plan	3	0	1
wh3_dlc29_magic_red_eshin_alarm_1	wh3_dlc29_token_type_red	-1	UI\skins\default\dlc29_skv_chaotic_plans\token\token_rune_stealth_red.png	-1	6		wh3_dlc29_magic_plan	1	0	1
wh3_dlc29_magic_red_khorne_corruption_1	wh3_dlc29_token_type_red	-1	UI\skins\default\dlc29_skv_chaotic_plans\token\token_race_khorne_red.png	-1	2		wh3_dlc29_military_plan	2	0	1
wh3_dlc29_magic_red_moulder_alarm_1	wh3_dlc29_token_type_red	-1	UI\skins\default\dlc29_skv_chaotic_plans\token\token_blackmail_red.png	-1	6		wh3_dlc29_magic_plan	1	0	1
wh3_dlc29_magic_red_nurgle_corruption_1	wh3_dlc29_token_type_red	-1	UI\skins\default\dlc29_skv_chaotic_plans\token\token_race_nurgle_red.png	-1	2		wh3_dlc29_military_plan	2	0	1
wh3_dlc29_magic_red_rictus_alarm_1	wh3_dlc29_token_type_red	-1	UI\skins\default\dlc29_skv_chaotic_plans\token\token_blackmail_red.png	-1	6		wh3_dlc29_magic_plan	1	0	1
wh3_dlc29_magic_red_skryre_alarm_1	wh3_dlc29_token_type_red	-1	UI\skins\default\dlc29_skv_chaotic_plans\token\token_rune_warlocks_red.png	-1	6		wh3_dlc29_magic_plan	1	0	1
wh3_dlc29_magic_red_slaanesh_corruption_1	wh3_dlc29_token_type_red	-1	UI\skins\default\dlc29_skv_chaotic_plans\token\token_race_slaanesh_red.png	-1	2		wh3_dlc29_economic_plan	2	0	1
wh3_dlc29_magic_red_tzeentch_corruption_1	wh3_dlc29_token_type_red	-1	UI\skins\default\dlc29_skv_chaotic_plans\token\token_race_tzeentch_red.png	-1	2		wh3_dlc29_economic_plan	2	0	1
wh3_dlc29_magic_res_activated_negative_daemon_khorne	wh3_dlc29_token_type_red	-1	UI\skins\default\dlc29_skv_chaotic_plans\token\token_race_khorne_red.png	-1	1		wh3_dlc29_magic_plan	1	0	0
wh3_dlc29_magic_res_activated_negative_daemon_nurgle	wh3_dlc29_token_type_red	-1	UI\skins\default\dlc29_skv_chaotic_plans\token\token_race_nurgle_red.png	-1	1		wh3_dlc29_magic_plan	1	0	0
wh3_dlc29_magic_res_activated_negative_daemon_slaanesh	wh3_dlc29_token_type_red	-1	UI\skins\default\dlc29_skv_chaotic_plans\token\token_race_slaanesh_red.png	-1	1		wh3_dlc29_magic_plan	1	0	0
wh3_dlc29_magic_res_activated_negative_daemon_tzeentch	wh3_dlc29_token_type_red	-1	UI\skins\default\dlc29_skv_chaotic_plans\token\token_race_tzeentch_red.png	-1	1		wh3_dlc29_magic_plan	1	0	0
wh3_dlc29_magic_summon_verminlord_corruptor_1	wh3_dlc29_token_type_green	-1	UI\skins\default\dlc29_skv_chaotic_plans\token\token_summon_verminlord.png	-1	5		wh3_dlc29_magic_plan	1	0	1
wh3_dlc29_magic_summon_verminlord_corruptor_2	wh3_dlc29_token_type_green	-1	UI\skins\default\dlc29_skv_chaotic_plans\token\token_summon_verminlord.png	-1	5		wh3_dlc29_magic_plan	2	0	1
wh3_dlc29_magic_summon_verminlord_corruptor_3	wh3_dlc29_token_type_green	-1	UI\skins\default\dlc29_skv_chaotic_plans\token\token_summon_verminlord.png	-1	5		wh3_dlc29_magic_plan	3	0	1
wh3_dlc29_magic_summon_verminlord_corruptor_4	wh3_dlc29_token_type_green	-1	UI\skins\default\dlc29_skv_chaotic_plans\token\token_summon_verminlord.png	-1	5		wh3_dlc29_magic_plan	4	0	1
wh3_dlc29_magic_summon_verminlord_corruptor_5	wh3_dlc29_token_type_green	-1	UI\skins\default\dlc29_skv_chaotic_plans\token\token_summon_verminlord.png	-1	5		wh3_dlc29_magic_plan	5	0	1
wh3_dlc29_magic_summon_verminlord_deceiver_1	wh3_dlc29_token_type_green	-1	UI\skins\default\dlc29_skv_chaotic_plans\token\token_summon_verminlord.png	-1	5		wh3_dlc29_magic_plan	1	0	1
wh3_dlc29_magic_summon_verminlord_deceiver_2	wh3_dlc29_token_type_green	-1	UI\skins\default\dlc29_skv_chaotic_plans\token\token_summon_verminlord.png	-1	5		wh3_dlc29_magic_plan	2	0	1
wh3_dlc29_magic_summon_verminlord_deceiver_3	wh3_dlc29_token_type_green	-1	UI\skins\default\dlc29_skv_chaotic_plans\token\token_summon_verminlord.png	-1	5		wh3_dlc29_magic_plan	3	0	1
wh3_dlc29_magic_summon_verminlord_deceiver_4	wh3_dlc29_token_type_green	-1	UI\skins\default\dlc29_skv_chaotic_plans\token\token_summon_verminlord.png	-1	5		wh3_dlc29_magic_plan	4	0	1
wh3_dlc29_magic_summon_verminlord_deceiver_5	wh3_dlc29_token_type_green	-1	UI\skins\default\dlc29_skv_chaotic_plans\token\token_summon_verminlord.png	-1	5		wh3_dlc29_magic_plan	5	0	1
wh3_dlc29_magic_summon_verminlord_dummy_1	wh3_dlc29_token_type_green	-1	UI\skins\default\dlc29_skv_chaotic_plans\token\token_summon_verminlord.png	-1	5		wh3_dlc29_magic_plan	1	0	1
wh3_dlc29_magic_summon_verminlord_dummy_2	wh3_dlc29_token_type_green	-1	UI\skins\default\dlc29_skv_chaotic_plans\token\token_summon_verminlord.png	-1	5		wh3_dlc29_magic_plan	2	0	1
wh3_dlc29_magic_summon_verminlord_dummy_3	wh3_dlc29_token_type_green	-1	UI\skins\default\dlc29_skv_chaotic_plans\token\token_summon_verminlord.png	-1	5		wh3_dlc29_magic_plan	3	0	1
wh3_dlc29_magic_summon_verminlord_dummy_4	wh3_dlc29_token_type_green	-1	UI\skins\default\dlc29_skv_chaotic_plans\token\token_summon_verminlord.png	-1	5		wh3_dlc29_magic_plan	4	0	1
wh3_dlc29_magic_summon_verminlord_dummy_5	wh3_dlc29_token_type_green	-1	UI\skins\default\dlc29_skv_chaotic_plans\token\token_summon_verminlord.png	-1	5		wh3_dlc29_magic_plan	5	0	1
wh3_dlc29_magic_summon_verminlord_piece_eshin_1	wh3_dlc29_token_type_green	-1	UI\skins\default\dlc29_skv_chaotic_plans\token\token_rune_stealth.png	-1	5		wh3_dlc29_magic_plan	1	500	1
wh3_dlc29_magic_summon_verminlord_piece_eshin_2	wh3_dlc29_token_type_green	-1	UI\skins\default\dlc29_skv_chaotic_plans\token\token_rune_stealth.png	-1	5		wh3_dlc29_magic_plan	2	500	1
wh3_dlc29_magic_summon_verminlord_piece_eshin_3	wh3_dlc29_token_type_green	-1	UI\skins\default\dlc29_skv_chaotic_plans\token\token_rune_stealth.png	-1	5		wh3_dlc29_magic_plan	3	500	1
wh3_dlc29_magic_summon_verminlord_piece_eshin_4	wh3_dlc29_token_type_green	-1	UI\skins\default\dlc29_skv_chaotic_plans\token\token_rune_stealth.png	-1	5		wh3_dlc29_magic_plan	4	500	1
wh3_dlc29_magic_summon_verminlord_piece_eshin_5	wh3_dlc29_token_type_green	-1	UI\skins\default\dlc29_skv_chaotic_plans\token\token_rune_stealth.png	-1	5		wh3_dlc29_magic_plan	5	500	1
wh3_dlc29_magic_summon_verminlord_piece_moulder_1	wh3_dlc29_token_type_green	-1	UI\skins\default\dlc29_skv_chaotic_plans\token\token_rune_horned_rat.png	-1	5		wh3_dlc29_magic_plan	1	500	1
wh3_dlc29_magic_summon_verminlord_piece_moulder_2	wh3_dlc29_token_type_green	-1	UI\skins\default\dlc29_skv_chaotic_plans\token\token_rune_horned_rat.png	-1	5		wh3_dlc29_magic_plan	2	500	1
wh3_dlc29_magic_summon_verminlord_piece_moulder_3	wh3_dlc29_token_type_green	-1	UI\skins\default\dlc29_skv_chaotic_plans\token\token_rune_horned_rat.png	-1	5		wh3_dlc29_magic_plan	3	500	1
wh3_dlc29_magic_summon_verminlord_piece_moulder_4	wh3_dlc29_token_type_green	-1	UI\skins\default\dlc29_skv_chaotic_plans\token\token_rune_horned_rat.png	-1	5		wh3_dlc29_magic_plan	4	500	1
wh3_dlc29_magic_summon_verminlord_piece_moulder_5	wh3_dlc29_token_type_green	-1	UI\skins\default\dlc29_skv_chaotic_plans\token\token_rune_horned_rat.png	-1	5		wh3_dlc29_magic_plan	5	500	1
wh3_dlc29_magic_summon_verminlord_piece_pestilens_1	wh3_dlc29_token_type_green	-1	UI\skins\default\dlc29_skv_chaotic_plans\token\token_rune_plague.png	-1	5		wh3_dlc29_magic_plan	1	500	1
wh3_dlc29_magic_summon_verminlord_piece_pestilens_2	wh3_dlc29_token_type_green	-1	UI\skins\default\dlc29_skv_chaotic_plans\token\token_rune_plague.png	-1	5		wh3_dlc29_magic_plan	2	500	1
wh3_dlc29_magic_summon_verminlord_piece_pestilens_3	wh3_dlc29_token_type_green	-1	UI\skins\default\dlc29_skv_chaotic_plans\token\token_rune_plague.png	-1	5		wh3_dlc29_magic_plan	3	500	1
wh3_dlc29_magic_summon_verminlord_piece_pestilens_4	wh3_dlc29_token_type_green	-1	UI\skins\default\dlc29_skv_chaotic_plans\token\token_rune_plague.png	-1	5		wh3_dlc29_magic_plan	4	500	1
wh3_dlc29_magic_summon_verminlord_piece_pestilens_5	wh3_dlc29_token_type_green	-1	UI\skins\default\dlc29_skv_chaotic_plans\token\token_rune_plague.png	-1	5		wh3_dlc29_magic_plan	5	500	1
wh3_dlc29_magic_summon_verminlord_piece_skryre_1	wh3_dlc29_token_type_green	-1	UI\skins\default\dlc29_skv_chaotic_plans\token\token_rune_warlocks.png	-1	5		wh3_dlc29_magic_plan	1	500	1
wh3_dlc29_magic_summon_verminlord_piece_skryre_2	wh3_dlc29_token_type_green	-1	UI\skins\default\dlc29_skv_chaotic_plans\token\token_rune_warlocks.png	-1	5		wh3_dlc29_magic_plan	2	500	1
wh3_dlc29_magic_summon_verminlord_piece_skryre_3	wh3_dlc29_token_type_green	-1	UI\skins\default\dlc29_skv_chaotic_plans\token\token_rune_warlocks.png	-1	5		wh3_dlc29_magic_plan	3	500	1
wh3_dlc29_magic_summon_verminlord_piece_skryre_4	wh3_dlc29_token_type_green	-1	UI\skins\default\dlc29_skv_chaotic_plans\token\token_rune_warlocks.png	-1	5		wh3_dlc29_magic_plan	4	500	1
wh3_dlc29_magic_summon_verminlord_piece_skryre_5	wh3_dlc29_token_type_green	-1	UI\skins\default\dlc29_skv_chaotic_plans\token\token_rune_warlocks.png	-1	5		wh3_dlc29_magic_plan	5	500	1
wh3_dlc29_magic_summon_verminlord_warbringer_1	wh3_dlc29_token_type_green	-1	UI\skins\default\dlc29_skv_chaotic_plans\token\token_summon_verminlord.png	-1	5		wh3_dlc29_magic_plan	1	0	1
wh3_dlc29_magic_summon_verminlord_warbringer_2	wh3_dlc29_token_type_green	-1	UI\skins\default\dlc29_skv_chaotic_plans\token\token_summon_verminlord.png	-1	5		wh3_dlc29_magic_plan	2	0	1
wh3_dlc29_magic_summon_verminlord_warbringer_3	wh3_dlc29_token_type_green	-1	UI\skins\default\dlc29_skv_chaotic_plans\token\token_summon_verminlord.png	-1	5		wh3_dlc29_magic_plan	3	0	1
wh3_dlc29_magic_summon_verminlord_warbringer_4	wh3_dlc29_token_type_green	-1	UI\skins\default\dlc29_skv_chaotic_plans\token\token_summon_verminlord.png	-1	5		wh3_dlc29_magic_plan	4	0	1
wh3_dlc29_magic_summon_verminlord_warbringer_5	wh3_dlc29_token_type_green	-1	UI\skins\default\dlc29_skv_chaotic_plans\token\token_summon_verminlord.png	-1	5		wh3_dlc29_magic_plan	5	0	1
wh3_dlc29_magic_summon_verminlord_warpseer_1	wh3_dlc29_token_type_green	-1	UI\skins\default\dlc29_skv_chaotic_plans\token\token_summon_verminlord.png	-1	5		wh3_dlc29_magic_plan	1	0	1
wh3_dlc29_magic_summon_verminlord_warpseer_2	wh3_dlc29_token_type_green	-1	UI\skins\default\dlc29_skv_chaotic_plans\token\token_summon_verminlord.png	-1	5		wh3_dlc29_magic_plan	2	0	1
wh3_dlc29_magic_summon_verminlord_warpseer_3	wh3_dlc29_token_type_green	-1	UI\skins\default\dlc29_skv_chaotic_plans\token\token_summon_verminlord.png	-1	5		wh3_dlc29_magic_plan	3	0	1
wh3_dlc29_magic_summon_verminlord_warpseer_4	wh3_dlc29_token_type_green	-1	UI\skins\default\dlc29_skv_chaotic_plans\token\token_summon_verminlord.png	-1	5		wh3_dlc29_magic_plan	4	0	1
wh3_dlc29_magic_summon_verminlord_warpseer_5	wh3_dlc29_token_type_green	-1	UI\skins\default\dlc29_skv_chaotic_plans\token\token_summon_verminlord.png	-1	5		wh3_dlc29_magic_plan	5	0	1
wh3_dlc29_magic_upgrade_verminlord_1	wh3_dlc29_token_type_dummy	-1	UI\skins\default\dlc29_skv_chaotic_plans\token\token_summon_verminlord.png	-1	1		wh3_dlc29_magic_plan	2	0	0
wh3_dlc29_magic_upgrade_verminlord_2	wh3_dlc29_token_type_upgrade	-1	UI\skins\default\dlc29_skv_chaotic_plans\token\token_summon_verminlord.png	-1	1		wh3_dlc29_magic_plan	2	0	0
wh3_dlc29_magic_upgrade_verminlord_3	wh3_dlc29_token_type_upgrade	-1	UI\skins\default\dlc29_skv_chaotic_plans\token\token_summon_verminlord.png	-1	1		wh3_dlc29_magic_plan	3	0	0
wh3_dlc29_magic_upgrade_verminlord_4	wh3_dlc29_token_type_upgrade	-1	UI\skins\default\dlc29_skv_chaotic_plans\token\token_summon_verminlord.png	-1	1		wh3_dlc29_magic_plan	4	0	0
wh3_dlc29_magic_upgrade_verminlord_5	wh3_dlc29_token_type_upgrade	-1	UI\skins\default\dlc29_skv_chaotic_plans\token\token_summon_verminlord.png	-1	1		wh3_dlc29_magic_plan	5	0	0
wh3_dlc29_magic_verminlord_rank_up	wh3_dlc29_token_type_yellow	-1	UI\skins\default\dlc29_skv_chaotic_plans\token\token_verminlord_rank_up.png	-1	5		wh3_dlc29_magic_plan	1	500	0
wh3_dlc29_military_action_assassin	wh3_dlc29_token_type_action	-1	UI\skins\default\dlc29_skv_chaotic_plans\icon_action_hire_assassin.png	13	1	wh3_dlc29_skv_token_usage_warpstone_100	wh3_dlc29_military_plan	1	0	0
wh3_dlc29_military_action_assassin_2	wh3_dlc29_token_type_action	-1	UI\skins\default\dlc29_skv_chaotic_plans\icon_action_hire_assassin.png	13	1	wh3_dlc29_skv_token_usage_warpstone_300	wh3_dlc29_military_plan	2	0	0
wh3_dlc29_military_action_assassin_3	wh3_dlc29_token_type_action	-1	UI\skins\default\dlc29_skv_chaotic_plans\icon_action_hire_assassin.png	13	1	wh3_dlc29_skv_token_usage_warpstone_500	wh3_dlc29_military_plan	3	0	0
wh3_dlc29_military_action_assassin_draw	wh3_dlc29_token_type_action	-1	UI\skins\default\dlc29_skv_chaotic_plans\icon_action_find_troops.png	3	1	wh3_dlc29_skv_token_usage_warpstone_100	wh3_dlc29_military_plan	3	0	0
wh3_dlc29_military_action_bounty_chieftain_0	wh3_dlc29_token_type_action	1	UI\skins\default\dlc29_skv_chaotic_plans\icon_action_overcome.png	-1	1		wh3_dlc29_military_plan	1	0	0
wh3_dlc29_military_action_bounty_chieftain_1	wh3_dlc29_token_type_action	1	UI\skins\default\dlc29_skv_chaotic_plans\icon_action_overcome.png	-1	1		wh3_dlc29_military_plan	1	0	0
wh3_dlc29_military_action_bounty_packmaster_0	wh3_dlc29_token_type_action	1	UI\skins\default\dlc29_skv_chaotic_plans\icon_action_overcome.png	-1	1		wh3_dlc29_military_plan	1	0	0
wh3_dlc29_military_action_bounty_packmaster_2	wh3_dlc29_token_type_action	1	UI\skins\default\dlc29_skv_chaotic_plans\icon_action_overcome.png	-1	1		wh3_dlc29_military_plan	1	0	0
wh3_dlc29_military_action_bounty_plague_priest_0	wh3_dlc29_token_type_action	1	UI\skins\default\dlc29_skv_chaotic_plans\icon_action_overcome.png	-1	1		wh3_dlc29_military_plan	1	0	0
wh3_dlc29_military_action_bounty_plague_priest_2	wh3_dlc29_token_type_action	1	UI\skins\default\dlc29_skv_chaotic_plans\icon_action_overcome.png	-1	1		wh3_dlc29_military_plan	1	0	0
wh3_dlc29_military_action_bounty_warlock_engineer	wh3_dlc29_token_type_action	1	UI\skins\default\dlc29_skv_chaotic_plans\icon_action_overcome.png	-1	1		wh3_dlc29_military_plan	1	0	0
wh3_dlc29_military_action_chieftain_0	wh3_dlc29_token_type_action	-1	UI\skins\default\dlc29_skv_chaotic_plans\icon_action_stormvermin.png	13	1	wh3_dlc29_skv_token_usage_warpstone_100	wh3_dlc29_military_plan	1	0	0
wh3_dlc29_military_action_chieftain_1	wh3_dlc29_token_type_action	-1	UI\skins\default\dlc29_skv_chaotic_plans\icon_action_stormvermin.png	13	1	wh3_dlc29_skv_token_usage_warpstone_300	wh3_dlc29_military_plan	2	0	0
wh3_dlc29_military_action_chieftain_2	wh3_dlc29_token_type_action	-1	UI\skins\default\dlc29_skv_chaotic_plans\icon_action_stormvermin.png	13	1	wh3_dlc29_skv_token_usage_warpstone_500	wh3_dlc29_military_plan	3	0	0
wh3_dlc29_military_action_eshin_sorcerer	wh3_dlc29_token_type_action	-1	UI\skins\default\dlc29_skv_chaotic_plans\icon_action_hire_eshin_sorceror.png	13	1	wh3_dlc29_skv_token_usage_warpstone_100	wh3_dlc29_military_plan	1	0	0
wh3_dlc29_military_action_eshin_sorcerer_1	wh3_dlc29_token_type_action	-1	UI\skins\default\dlc29_skv_chaotic_plans\icon_action_hire_eshin_sorceror.png	13	1	wh3_dlc29_skv_token_usage_warpstone_300	wh3_dlc29_military_plan	2	0	0
wh3_dlc29_military_action_eshin_sorcerer_2	wh3_dlc29_token_type_action	-1	UI\skins\default\dlc29_skv_chaotic_plans\icon_action_hire_eshin_sorceror.png	13	1	wh3_dlc29_skv_token_usage_warpstone_500	wh3_dlc29_military_plan	3	0	0
wh3_dlc29_military_action_packmaster_0	wh3_dlc29_token_type_action	-1	UI\skins\default\dlc29_skv_chaotic_plans\icon_action_hire_packmaster.png	13	1	wh3_dlc29_skv_token_usage_warpstone_100	wh3_dlc29_military_plan	1	0	0
wh3_dlc29_military_action_packmaster_1	wh3_dlc29_token_type_action	-1	UI\skins\default\dlc29_skv_chaotic_plans\icon_action_hire_packmaster.png	13	1	wh3_dlc29_skv_token_usage_warpstone_300	wh3_dlc29_military_plan	2	0	0
wh3_dlc29_military_action_packmaster_2	wh3_dlc29_token_type_action	-1	UI\skins\default\dlc29_skv_chaotic_plans\icon_action_hire_packmaster.png	13	1	wh3_dlc29_skv_token_usage_warpstone_500	wh3_dlc29_military_plan	3	0	0
wh3_dlc29_military_action_plague_priest_0	wh3_dlc29_token_type_action	-1	UI\skins\default\dlc29_skv_chaotic_plans\icon_action_hire_plague_priest.png	13	1	wh3_dlc29_skv_token_usage_warpstone_100	wh3_dlc29_military_plan	1	0	0
wh3_dlc29_military_action_plague_priest_1	wh3_dlc29_token_type_action	-1	UI\skins\default\dlc29_skv_chaotic_plans\icon_action_hire_plague_priest.png	13	1	wh3_dlc29_skv_token_usage_warpstone_300	wh3_dlc29_military_plan	2	0	0
wh3_dlc29_military_action_plague_priest_2	wh3_dlc29_token_type_action	-1	UI\skins\default\dlc29_skv_chaotic_plans\icon_action_hire_plague_priest.png	13	1	wh3_dlc29_skv_token_usage_warpstone_500	wh3_dlc29_military_plan	3	0	0
wh3_dlc29_military_action_skill_grey_seer_censer_bearers	wh3_dlc29_token_type_green	-1	UI\skins\default\dlc29_skv_chaotic_plans\token\token_all_around_squad.png	-1	1		wh3_dlc29_military_plan	5	500	1
wh3_dlc29_military_action_skill_grey_seer_draw_units_1	wh3_dlc29_token_type_action	-1	UI\skins\default\dlc29_skv_chaotic_plans\icon_action_increase_underling_limit.png	2	1	wh3_dlc29_skv_token_usage_warpstone_50	wh3_dlc29_military_plan	1	0	0
wh3_dlc29_military_action_skill_grey_seer_draw_units_2	wh3_dlc29_token_type_action	-1	UI\skins\default\dlc29_skv_chaotic_plans\icon_action_increase_underling_limit.png	2	1	wh3_dlc29_skv_token_usage_warpstone_50	wh3_dlc29_military_plan	2	0	0
wh3_dlc29_military_action_skill_grey_seer_draw_units_3	wh3_dlc29_token_type_action	-1	UI\skins\default\dlc29_skv_chaotic_plans\icon_action_increase_underling_limit.png	2	1	wh3_dlc29_skv_token_usage_warpstone_50	wh3_dlc29_military_plan	3	0	0
wh3_dlc29_military_action_skill_grey_seer_draw_units_4	wh3_dlc29_token_type_action	-1	UI\skins\default\dlc29_skv_chaotic_plans\icon_action_increase_underling_limit.png	2	1	wh3_dlc29_skv_token_usage_warpstone_50	wh3_dlc29_military_plan	4	0	0
wh3_dlc29_military_action_skill_grey_seer_draw_units_5	wh3_dlc29_token_type_action	-1	UI\skins\default\dlc29_skv_chaotic_plans\icon_action_increase_underling_limit.png	2	1	wh3_dlc29_skv_token_usage_warpstone_50	wh3_dlc29_military_plan	5	0	0
wh3_dlc29_military_action_skill_grey_seer_stormfiend	wh3_dlc29_token_type_green	-1	UI\skins\default\dlc29_skv_chaotic_plans\token\token_stormfiend.png	-1	1		wh3_dlc29_military_plan	5	500	1
wh3_dlc29_military_action_skill_grey_seer_stormvermin_generated	wh3_dlc29_token_type_green	-1	UI\skins\default\dlc29_skv_chaotic_plans\token\token_stormvermin.png	-1	1		wh3_dlc29_military_plan	5	500	0
wh3_dlc29_military_action_skill_spawn_cauldron_poxes_1	wh3_dlc29_token_type_action	-1	UI\skins\default\dlc29_skv_chaotic_plans\icon_action_concoct.png	4	1	wh3_dlc29_skv_token_usage_warpstone_100	wh3_dlc29_military_plan	1	0	0
wh3_dlc29_military_action_skill_spawn_cauldron_poxes_2	wh3_dlc29_token_type_action	-1	UI\skins\default\dlc29_skv_chaotic_plans\icon_action_concoct.png	4	1	wh3_dlc29_skv_token_usage_warpstone_100	wh3_dlc29_military_plan	2	0	0
wh3_dlc29_military_action_skill_spawn_cauldron_poxes_3	wh3_dlc29_token_type_action	-1	UI\skins\default\dlc29_skv_chaotic_plans\icon_action_concoct.png	4	1	wh3_dlc29_skv_token_usage_warpstone_100	wh3_dlc29_military_plan	3	0	0
wh3_dlc29_military_action_skill_spawn_cauldron_poxes_generated	wh3_dlc29_token_type_green	-1	UI\skins\default\dlc29_skv_chaotic_plans\token\token_plagues_green.png	-1	1		wh3_dlc29_military_plan	4	500	0
wh3_dlc29_military_action_skill_spawn_death_globe_bombadiers_generated	wh3_dlc29_token_type_green	-1	UI\skins\default\dlc29_skv_chaotic_plans\token\token_death_globe_bombadiers.png	-1	1		wh3_dlc29_military_plan	2	0	0
wh3_dlc29_military_action_skill_spawn_hell_pit_abomination_1	wh3_dlc29_token_type_action	-1	UI\skins\default\dlc29_skv_chaotic_plans\icon_action_feeding.png	4	1	wh3_dlc29_skv_token_usage_warpstone_100	wh3_dlc29_military_plan	1	0	0
wh3_dlc29_military_action_skill_spawn_hell_pit_abomination_2	wh3_dlc29_token_type_action	-1	UI\skins\default\dlc29_skv_chaotic_plans\icon_action_feeding.png	4	1	wh3_dlc29_skv_token_usage_warpstone_100	wh3_dlc29_military_plan	1	0	0
wh3_dlc29_military_action_skill_spawn_hell_pit_abomination_generated	wh3_dlc29_token_type_green	-1	UI\skins\default\dlc29_skv_chaotic_plans\token\token_hell_pit_abomination.png	-1	1		wh3_dlc29_military_plan	2	1000	0
wh3_dlc29_military_action_skill_spawn_poisoned_wind_mortars_dlc_generated	wh3_dlc29_token_type_green	-1	UI\skins\default\dlc29_skv_chaotic_plans\token\token_poison_wind_mortar.png	-1	1		wh3_dlc29_military_plan	2	0	0
wh3_dlc29_military_action_skill_spawn_stormvermin_rank_9_generated	wh3_dlc29_token_type_green	-1	UI\skins\default\dlc29_skv_chaotic_plans\token\token_overwhelming_hordes.png	-1	1		wh3_dlc29_military_plan	4	0	0
wh3_dlc29_military_action_skill_spawn_warp_doom_magma_cannon	wh3_dlc29_token_type_action	-1	UI\skins\default\dlc29_skv_chaotic_plans\icon_action_doom_magma_cannon.png	4	1	wh3_dlc29_skv_token_usage_warpstone_300	wh3_dlc29_military_plan	4	0	0
wh3_dlc29_military_action_skill_spawn_warp_doom_magma_cannon_generated	wh3_dlc29_token_type_green	-1	UI\skins\default\dlc29_skv_chaotic_plans\token\token_warp_doom_magma_cannon.png	-1	1		wh3_dlc29_military_plan	4	1000	0
wh3_dlc29_military_action_warlock_engineer	wh3_dlc29_token_type_action	-1	UI\skins\default\dlc29_skv_chaotic_plans\icon_action_hire_warlock_engineer.png	13	1	wh3_dlc29_skv_token_usage_warpstone_100	wh3_dlc29_military_plan	1	0	0
wh3_dlc29_military_action_warlock_engineer_2	wh3_dlc29_token_type_action	-1	UI\skins\default\dlc29_skv_chaotic_plans\icon_action_hire_warlock_engineer.png	13	1	wh3_dlc29_skv_token_usage_warpstone_300	wh3_dlc29_military_plan	1	0	0
wh3_dlc29_military_action_warlock_engineer_3	wh3_dlc29_token_type_action	-1	UI\skins\default\dlc29_skv_chaotic_plans\icon_action_hire_warlock_engineer.png	13	1	wh3_dlc29_skv_token_usage_warpstone_500	wh3_dlc29_military_plan	1	0	0
wh3_dlc29_military_green_assassin	wh3_dlc29_token_type_green	-1	UI\skins\default\dlc29_skv_chaotic_plans\token\token_kidnappers.png	-1	1		wh3_dlc29_military_plan	1	0	0
wh3_dlc29_military_green_assassin_2	wh3_dlc29_token_type_green	-1	UI\skins\default\dlc29_skv_chaotic_plans\token\token_kidnappers.png	-1	1		wh3_dlc29_military_plan	1	0	0
wh3_dlc29_military_green_assassin_3	wh3_dlc29_token_type_green	-1	UI\skins\default\dlc29_skv_chaotic_plans\token\token_kidnappers.png	-1	1		wh3_dlc29_military_plan	1	0	0
wh3_dlc29_military_green_basic_infantry_1	wh3_dlc29_token_type_green	-1	UI\skins\default\dlc29_skv_chaotic_plans\token\token_infantry.png	-1	6		wh3_dlc29_military_plan	1	500	0
wh3_dlc29_military_green_basic_infantry_2	wh3_dlc29_token_type_green	-1	UI\skins\default\dlc29_skv_chaotic_plans\token\token_infantry_shield.png	-1	6		wh3_dlc29_military_plan	1	500	0
wh3_dlc29_military_green_basic_infantry_grey_seer_3	wh3_dlc29_token_type_green	-1	UI\skins\default\dlc29_skv_chaotic_plans\token\token_infantry_shield.png	-1	6		wh3_dlc29_military_plan	1	500	0
wh3_dlc29_military_green_basic_infantry_grey_seer_3_generated	wh3_dlc29_token_type_green	-1	UI\skins\default\dlc29_skv_chaotic_plans\token\token_infantry_shield.png	-1	6		wh3_dlc29_military_plan	1	500	0
wh3_dlc29_military_green_basic_infantry_spears_1	wh3_dlc29_token_type_green	-1	UI\skins\default\dlc29_skv_chaotic_plans\token\token_spear_infantry.png	-1	6		wh3_dlc29_military_plan	1	500	0
wh3_dlc29_military_green_basic_infantry_spears_2	wh3_dlc29_token_type_green	-1	UI\skins\default\dlc29_skv_chaotic_plans\token\token_spear_shield.png	-1	6		wh3_dlc29_military_plan	2	500	0
wh3_dlc29_military_green_basic_missile_infantry_1	wh3_dlc29_token_type_green	-1	UI\skins\default\dlc29_skv_chaotic_plans\token\token_missile_infantry.png	-1	4		wh3_dlc29_military_plan	1	500	0
wh3_dlc29_military_green_basic_missile_infantry_slingers_1	wh3_dlc29_token_type_green	-1	UI\skins\default\dlc29_skv_chaotic_plans\token\token_rat_hordes.png	-1	4		wh3_dlc29_military_plan	1	500	2
wh3_dlc29_military_green_basic_monsters_1	wh3_dlc29_token_type_green	-1	UI\skins\default\dlc29_skv_chaotic_plans\token\token_monstrous_infantry.png	-1	2		wh3_dlc29_military_plan	1	1000	0
wh3_dlc29_military_green_basic_pusbags_1	wh3_dlc29_token_type_green	-1	UI\skins\default\dlc29_skv_chaotic_plans\token\token_pusbags.png	-1	4		wh3_dlc29_military_plan	1	500	0
wh3_dlc29_military_green_basic_pusbags_2	wh3_dlc29_token_type_green	-1	UI\skins\default\dlc29_skv_chaotic_plans\token\token_pusbags.png	-1	4		wh3_dlc29_military_plan	2	500	0
wh3_dlc29_military_green_basic_skavenslaves	wh3_dlc29_token_type_green	-1	UI\skins\default\dlc29_skv_chaotic_plans\token\token_overwhelming_hordes.png	-1	6		wh3_dlc29_military_plan	1	500	0
wh3_dlc29_military_green_basic_skavenslaves_lower_chance	wh3_dlc29_token_type_green	-1	UI\skins\default\dlc29_skv_chaotic_plans\token\token_overwhelming_hordes.png	-1	2		wh3_dlc29_military_plan	1	500	0
wh3_dlc29_military_green_brood_horror_dlc_1	wh3_dlc29_token_type_green	-1	UI\skins\default\dlc29_skv_chaotic_plans\token\token_wolf_rats.png	-1	4		wh3_dlc29_military_plan	3	1000	1
wh3_dlc29_military_green_brood_horror_dlc_2	wh3_dlc29_token_type_green	-1	UI\skins\default\dlc29_skv_chaotic_plans\token\token_wolf_rats.png	-1	4		wh3_dlc29_military_plan	3	1000	2
wh3_dlc29_military_green_chieftain_0	wh3_dlc29_token_type_green	-1	UI\skins\default\dlc29_skv_chaotic_plans\token\token_kidnappers.png	-1	1		wh3_dlc29_military_plan	1	500	0
wh3_dlc29_military_green_chieftain_1	wh3_dlc29_token_type_green	-1	UI\skins\default\dlc29_skv_chaotic_plans\token\token_kidnappers.png	-1	1		wh3_dlc29_military_plan	1	500	0
wh3_dlc29_military_green_chieftain_2	wh3_dlc29_token_type_green	-1	UI\skins\default\dlc29_skv_chaotic_plans\token\token_kidnappers.png	-1	1		wh3_dlc29_military_plan	1	500	0
wh3_dlc29_military_green_death_globe_bombadiers_1	wh3_dlc29_token_type_green	-1	UI\skins\default\dlc29_skv_chaotic_plans\token\token_death_globe_bombadiers.png	-1	4		wh3_dlc29_military_plan	1	500	3
wh3_dlc29_military_green_death_globe_bombadiers_2	wh3_dlc29_token_type_green	-1	UI\skins\default\dlc29_skv_chaotic_plans\token\token_death_globe_bombadiers.png	-1	4		wh3_dlc29_military_plan	1	500	3
wh3_dlc29_military_green_death_runners_1	wh3_dlc29_token_type_green	-1	UI\skins\default\dlc29_skv_chaotic_plans\token\token_death_runners.png	-1	4		wh3_dlc29_military_plan	2	500	2
wh3_dlc29_military_green_death_runners_2	wh3_dlc29_token_type_green	-1	UI\skins\default\dlc29_skv_chaotic_plans\token\token_death_runners.png	-1	4		wh3_dlc29_military_plan	3	0	2
wh3_dlc29_military_green_death_runners_3	wh3_dlc29_token_type_green	-1	UI\skins\default\dlc29_skv_chaotic_plans\token\token_death_runners.png	-1	4		wh3_dlc29_military_plan	4	0	0
wh3_dlc29_military_green_doom_flayer_dlc_1	wh3_dlc29_token_type_green	-1	UI\skins\default\dlc29_skv_chaotic_plans\token\token_doomwheel.png	-1	6		wh3_dlc29_military_plan	2	500	3
wh3_dlc29_military_green_doom_flayer_dlc_2	wh3_dlc29_token_type_green	-1	UI\skins\default\dlc29_skv_chaotic_plans\token\token_doomwheel.png	-1	6		wh3_dlc29_military_plan	2	500	3
wh3_dlc29_military_green_doomwheel_1	wh3_dlc29_token_type_green	-1	UI\skins\default\dlc29_skv_chaotic_plans\token\token_doomwheel.png	-1	4		wh3_dlc29_military_plan	5	500	2
wh3_dlc29_military_green_doomwheel_2	wh3_dlc29_token_type_green	-1	UI\skins\default\dlc29_skv_chaotic_plans\token\token_doomwheel.png	-1	4		wh3_dlc29_military_plan	5	500	0
wh3_dlc29_military_green_eshin_sorcerer	wh3_dlc29_token_type_green	-1	UI\skins\default\dlc29_skv_chaotic_plans\token\token_kidnappers.png	-1	1		wh3_dlc29_military_plan	1	500	0
wh3_dlc29_military_green_eshin_sorcerer_1	wh3_dlc29_token_type_green	-1	UI\skins\default\dlc29_skv_chaotic_plans\token\token_kidnappers.png	-1	1		wh3_dlc29_military_plan	1	500	0
wh3_dlc29_military_green_eshin_sorcerer_2	wh3_dlc29_token_type_green	-1	UI\skins\default\dlc29_skv_chaotic_plans\token\token_kidnappers.png	-1	1		wh3_dlc29_military_plan	1	500	0
wh3_dlc29_military_green_eshin_triads_dlc_1	wh3_dlc29_token_type_green	-1	UI\skins\default\dlc29_skv_chaotic_plans\token\token_eshin_operatives.png	-1	4		wh3_dlc29_military_plan	2	0	2
wh3_dlc29_military_green_gutter_runners_1	wh3_dlc29_token_type_green	-1	UI\skins\default\dlc29_skv_chaotic_plans\token\token_missile_infantry.png	-1	4		wh3_dlc29_military_plan	2	0	0
wh3_dlc29_military_green_gutter_runners_1_double	wh3_dlc29_token_type_green	-1	UI\skins\default\dlc29_skv_chaotic_plans\token\token_missile_infantry.png	-1	6		wh3_dlc29_military_plan	3	1000	1
wh3_dlc29_military_green_gutter_runners_1_poison	wh3_dlc29_token_type_green	-1	UI\skins\default\dlc29_skv_chaotic_plans\token\token_missile_infantry.png	-1	4		wh3_dlc29_military_plan	3	0	0
wh3_dlc29_military_green_gutter_runners_slingers_1	wh3_dlc29_token_type_green	-1	UI\skins\default\dlc29_skv_chaotic_plans\token\token_rat_hordes.png	-1	4		wh3_dlc29_military_plan	2	0	0
wh3_dlc29_military_green_gutter_runners_slingers_1_poison	wh3_dlc29_token_type_green	-1	UI\skins\default\dlc29_skv_chaotic_plans\token\token_rat_hordes.png	-1	4		wh3_dlc29_military_plan	3	0	0
wh3_dlc29_military_green_hell_pit_abomination	wh3_dlc29_token_type_green	-1	UI\skins\default\dlc29_skv_chaotic_plans\token\token_hell_pit_abomination.png	-1	2		wh3_dlc29_military_plan	5	1500	1
wh3_dlc29_military_green_moulder_stormfiends_doomflayer_1	wh3_dlc29_token_type_green	-1	UI\skins\default\dlc29_skv_chaotic_plans\token\token_stormfiend.png	-1	4		wh3_dlc29_military_plan	4	1000	2
wh3_dlc29_military_green_moulder_stormfiends_doomflayer_2	wh3_dlc29_token_type_green	-1	UI\skins\default\dlc29_skv_chaotic_plans\token\token_stormfiend.png	-1	4		wh3_dlc29_military_plan	5	1000	2
wh3_dlc29_military_green_moulder_stormfiends_grinder_1	wh3_dlc29_token_type_green	-1	UI\skins\default\dlc29_skv_chaotic_plans\token\token_stormfiend.png	-1	4		wh3_dlc29_military_plan	4	1000	2
wh3_dlc29_military_green_moulder_stormfiends_grinder_2	wh3_dlc29_token_type_green	-1	UI\skins\default\dlc29_skv_chaotic_plans\token\token_stormfiend.png	-1	4		wh3_dlc29_military_plan	5	1000	2
wh3_dlc29_military_green_moulder_stormfiends_shock_1	wh3_dlc29_token_type_green	-1	UI\skins\default\dlc29_skv_chaotic_plans\token\token_stormfiend.png	-1	4		wh3_dlc29_military_plan	4	1000	2
wh3_dlc29_military_green_moulder_stormfiends_shock_2	wh3_dlc29_token_type_green	-1	UI\skins\default\dlc29_skv_chaotic_plans\token\token_stormfiend.png	-1	4		wh3_dlc29_military_plan	5	1000	2
wh3_dlc29_military_green_moulder_wolf_rats_dlc_1	wh3_dlc29_token_type_green	-1	UI\skins\default\dlc29_skv_chaotic_plans\token\token_wolf_rats.png	-1	4		wh3_dlc29_military_plan	1	500	2
wh3_dlc29_military_green_moulder_wolf_rats_dlc_2	wh3_dlc29_token_type_green	-1	UI\skins\default\dlc29_skv_chaotic_plans\token\token_wolf_rats.png	-1	4		wh3_dlc29_military_plan	2	500	2
wh3_dlc29_military_green_mutant_rat_ogre_dlc_1	wh3_dlc29_token_type_green	-1	UI\skins\default\dlc29_skv_chaotic_plans\token\token_monstrous_infantry.png	-1	4		wh3_dlc29_military_plan	3	1000	1
wh3_dlc29_military_green_mutant_rat_ogre_dlc_2	wh3_dlc29_token_type_green	-1	UI\skins\default\dlc29_skv_chaotic_plans\token\token_monstrous_infantry.png	-1	4		wh3_dlc29_military_plan	3	1000	2
wh3_dlc29_military_green_packmaster_0	wh3_dlc29_token_type_green	-1	UI\skins\default\dlc29_skv_chaotic_plans\token\token_kidnappers.png	-1	1		wh3_dlc29_military_plan	1	500	0
wh3_dlc29_military_green_packmaster_1	wh3_dlc29_token_type_green	-1	UI\skins\default\dlc29_skv_chaotic_plans\token\token_kidnappers.png	-1	1		wh3_dlc29_military_plan	1	500	0
wh3_dlc29_military_green_packmaster_2	wh3_dlc29_token_type_green	-1	UI\skins\default\dlc29_skv_chaotic_plans\token\token_kidnappers.png	-1	1		wh3_dlc29_military_plan	1	500	0
wh3_dlc29_military_green_plague_censer_bearers	wh3_dlc29_token_type_green	-1	UI\skins\default\dlc29_skv_chaotic_plans\token\token_plague_censer_bearers.png	-1	4		wh3_dlc29_military_plan	2	500	2
wh3_dlc29_military_green_plague_monks_1	wh3_dlc29_token_type_green	-1	UI\skins\default\dlc29_skv_chaotic_plans\token\token_pestilent_monks.png	-1	2		wh3_dlc29_military_plan	2	500	2
wh3_dlc29_military_green_plague_monks_2	wh3_dlc29_token_type_green	-1	UI\skins\default\dlc29_skv_chaotic_plans\token\token_pestilent_monks.png	-1	4		wh3_dlc29_military_plan	2	500	2
wh3_dlc29_military_green_plague_priest_0	wh3_dlc29_token_type_green	-1	UI\skins\default\dlc29_skv_chaotic_plans\token\token_kidnappers.png	-1	1		wh3_dlc29_military_plan	1	500	0
wh3_dlc29_military_green_plague_priest_1	wh3_dlc29_token_type_green	-1	UI\skins\default\dlc29_skv_chaotic_plans\token\token_kidnappers.png	-1	1		wh3_dlc29_military_plan	1	500	0
wh3_dlc29_military_green_plague_priest_2	wh3_dlc29_token_type_green	-1	UI\skins\default\dlc29_skv_chaotic_plans\token\token_kidnappers.png	-1	1		wh3_dlc29_military_plan	1	500	0
wh3_dlc29_military_green_plagueclaw_catapult_1	wh3_dlc29_token_type_green	-1	UI\skins\default\dlc29_skv_chaotic_plans\token\token_artillery.png	-1	4		wh3_dlc29_military_plan	3	1000	1
wh3_dlc29_military_green_plagueclaw_catapult_2	wh3_dlc29_token_type_green	-1	UI\skins\default\dlc29_skv_chaotic_plans\token\token_artillery.png	-1	4		wh3_dlc29_military_plan	3	1000	2
wh3_dlc29_military_green_plagueclaw_catapult_3	wh3_dlc29_token_type_green	-1	UI\skins\default\dlc29_skv_chaotic_plans\token\token_artillery.png	-1	6		wh3_dlc29_military_plan	3	1000	3
wh3_dlc29_military_green_poison_wind_globadiers_1	wh3_dlc29_token_type_green	-1	UI\skins\default\dlc29_skv_chaotic_plans\token\token_smoke_bombs_green.png	-1	2		wh3_dlc29_military_plan	2	500	3
wh3_dlc29_military_green_poison_wind_globadiers_2	wh3_dlc29_token_type_green	-1	UI\skins\default\dlc29_skv_chaotic_plans\token\token_smoke_bombs_green.png	-1	2		wh3_dlc29_military_plan	2	500	3
wh3_dlc29_military_green_poison_wind_mortars_1	wh3_dlc29_token_type_green	-1	UI\skins\default\dlc29_skv_chaotic_plans\token\token_poison_wind_mortar.png	-1	2		wh3_dlc29_military_plan	2	500	2
wh3_dlc29_military_green_poison_wind_mortars_2	wh3_dlc29_token_type_green	-1	UI\skins\default\dlc29_skv_chaotic_plans\token\token_poison_wind_mortar.png	-1	2		wh3_dlc29_military_plan	2	500	2
wh3_dlc29_military_green_rictus_stormvermin_1	wh3_dlc29_token_type_green	-1	UI\skins\default\dlc29_skv_chaotic_plans\token\token_stormvermin.png	-1	2		wh3_dlc29_military_plan	1	500	2
wh3_dlc29_military_green_rictus_stormvermin_2	wh3_dlc29_token_type_green	-1	UI\skins\default\dlc29_skv_chaotic_plans\token\token_stormvermin.png	-1	4		wh3_dlc29_military_plan	3	500	0
wh3_dlc29_military_green_rictus_stormvermin_grey_seer_1	wh3_dlc29_token_type_green	-1	UI\skins\default\dlc29_skv_chaotic_plans\token\token_stormvermin.png	-1	4		wh3_dlc29_military_plan	1	500	0
wh3_dlc29_military_green_rictus_stormvermin_halberds_1	wh3_dlc29_token_type_green	-1	UI\skins\default\dlc29_skv_chaotic_plans\token\token_stormvermin.png	-1	2		wh3_dlc29_military_plan	1	500	2
wh3_dlc29_military_green_rictus_stormvermin_halberds_2	wh3_dlc29_token_type_green	-1	UI\skins\default\dlc29_skv_chaotic_plans\token\token_stormvermin.png	-1	4		wh3_dlc29_military_plan	3	500	0
wh3_dlc29_military_green_rictus_stormvermin_halberds_rank_9	wh3_dlc29_token_type_green	-1	UI\skins\default\dlc29_skv_chaotic_plans\token\token_stormvermin.png	-1	6		wh3_dlc29_military_plan	5	500	2
wh3_dlc29_military_green_skryre_ratling_guns_dlc_1	wh3_dlc29_token_type_green	-1	UI\skins\default\dlc29_skv_chaotic_plans\token\token_tech_teams.png	-1	4		wh3_dlc29_military_plan	2	1000	3
wh3_dlc29_military_green_skryre_ratling_guns_dlc_2	wh3_dlc29_token_type_green	-1	UI\skins\default\dlc29_skv_chaotic_plans\token\token_tech_teams.png	-1	4		wh3_dlc29_military_plan	2	1000	3
wh3_dlc29_military_green_skryre_stormfiends_ratling_1	wh3_dlc29_token_type_green	-1	UI\skins\default\dlc29_skv_chaotic_plans\token\token_stormfiend.png	-1	4		wh3_dlc29_military_plan	4	1000	2
wh3_dlc29_military_green_skryre_stormfiends_ratling_2	wh3_dlc29_token_type_green	-1	UI\skins\default\dlc29_skv_chaotic_plans\token\token_stormfiend.png	-1	4		wh3_dlc29_military_plan	5	1000	2
wh3_dlc29_military_green_skryre_stormfiends_warpfire_1	wh3_dlc29_token_type_green	-1	UI\skins\default\dlc29_skv_chaotic_plans\token\token_stormfiend.png	-1	4		wh3_dlc29_military_plan	4	1000	2
wh3_dlc29_military_green_skryre_stormfiends_warpfire_2	wh3_dlc29_token_type_green	-1	UI\skins\default\dlc29_skv_chaotic_plans\token\token_stormfiend.png	-1	4		wh3_dlc29_military_plan	5	1000	2
wh3_dlc29_military_green_skryre_stormfiends_windlauncher_1	wh3_dlc29_token_type_green	-1	UI\skins\default\dlc29_skv_chaotic_plans\token\token_stormfiend.png	-1	4		wh3_dlc29_military_plan	4	1000	2
wh3_dlc29_military_green_skryre_stormfiends_windlauncher_2	wh3_dlc29_token_type_green	-1	UI\skins\default\dlc29_skv_chaotic_plans\token\token_stormfiend.png	-1	4		wh3_dlc29_military_plan	5	1000	2
wh3_dlc29_military_green_skryre_warpfire_throwers_1	wh3_dlc29_token_type_green	-1	UI\skins\default\dlc29_skv_chaotic_plans\token\token_warp_throwers.png	-1	4		wh3_dlc29_military_plan	2	500	2
wh3_dlc29_military_green_skryre_warpfire_throwers_2	wh3_dlc29_token_type_green	-1	UI\skins\default\dlc29_skv_chaotic_plans\token\token_warp_throwers.png	-1	4		wh3_dlc29_military_plan	2	500	2
wh3_dlc29_military_green_stormvermin_rank_9	wh3_dlc29_token_type_green	-1	UI\skins\default\dlc29_skv_chaotic_plans\token\token_stormvermin.png	-1	6		wh3_dlc29_military_plan	5	500	2
wh3_dlc29_military_green_warlock_engineer	wh3_dlc29_token_type_green	-1	UI\skins\default\dlc29_skv_chaotic_plans\token\token_kidnappers.png	-1	1		wh3_dlc29_military_plan	1	500	0
wh3_dlc29_military_green_warlock_engineer_2	wh3_dlc29_token_type_green	-1	UI\skins\default\dlc29_skv_chaotic_plans\token\token_kidnappers.png	-1	1		wh3_dlc29_military_plan	1	500	0
wh3_dlc29_military_green_warlock_engineer_3	wh3_dlc29_token_type_green	-1	UI\skins\default\dlc29_skv_chaotic_plans\token\token_kidnappers.png	-1	1		wh3_dlc29_military_plan	1	500	0
wh3_dlc29_military_green_warp_grinders_dlc_1	wh3_dlc29_token_type_green	-1	UI\skins\default\dlc29_skv_chaotic_plans\token\token_warp_grinders.png	-1	4		wh3_dlc29_military_plan	2	500	2
wh3_dlc29_military_green_warp_lightning_cannon_1	wh3_dlc29_token_type_green	-1	UI\skins\default\dlc29_skv_chaotic_plans\token\token_cannons.png	-1	2		wh3_dlc29_military_plan	3	500	1
wh3_dlc29_military_green_warp_lightning_cannon_2	wh3_dlc29_token_type_green	-1	UI\skins\default\dlc29_skv_chaotic_plans\token\token_cannons.png	-1	2		wh3_dlc29_military_plan	4	500	2
wh3_dlc29_military_green_warp_lightning_cannon_3	wh3_dlc29_token_type_green	-1	UI\skins\default\dlc29_skv_chaotic_plans\token\token_cannons.png	-1	4		wh3_dlc29_military_plan	5	500	3
wh3_dlc29_military_green_warp_lightning_cannon_unique	wh3_dlc29_token_type_green	-1	UI\skins\default\dlc29_skv_chaotic_plans\token\token_cannons.png	-1	4		wh3_dlc29_military_plan	3	500	1
wh3_dlc29_military_green_warp_lightning_cannon_warlock_1	wh3_dlc29_token_type_green	-1	UI\skins\default\dlc29_skv_chaotic_plans\token\token_cannons.png	-1	2		wh3_dlc29_military_plan	3	500	2
wh3_dlc29_military_green_warp_lightning_cannon_warlock_2	wh3_dlc29_token_type_green	-1	UI\skins\default\dlc29_skv_chaotic_plans\token\token_cannons.png	-1	2		wh3_dlc29_military_plan	3	500	2
wh3_dlc29_military_green_warplock_jezzails_dlc_1	wh3_dlc29_token_type_green	-1	UI\skins\default\dlc29_skv_chaotic_plans\token\token_tech_teams.png	-1	4		wh3_dlc29_military_plan	2	500	2
wh3_dlc29_military_green_warplock_jezzails_dlc_2	wh3_dlc29_token_type_green	-1	UI\skins\default\dlc29_skv_chaotic_plans\token\token_tech_teams.png	-1	4		wh3_dlc29_military_plan	2	500	2
wh3_dlc29_military_mod_pool_basic_infantry_2	wh3_dlc29_token_type_modify_pool	-1	UI\skins\default\dlc29_skv_chaotic_plans\icon_chip_green_frame.png	-1	1		wh3_dlc29_military_plan	2	0	0
wh3_dlc29_military_mod_pool_basic_infantry_spears_1	wh3_dlc29_token_type_modify_pool	-1	UI\skins\default\dlc29_skv_chaotic_plans\token\token_spear_infantry.png	-1	1		wh3_dlc29_military_plan	1	0	0
wh3_dlc29_military_mod_pool_basic_pusbags_1	wh3_dlc29_token_type_modify_pool	-1	UI\skins\default\dlc29_skv_chaotic_plans\token\token_pusbags.png	-1	1		wh3_dlc29_military_plan	1	0	0
wh3_dlc29_military_mod_pool_brood_horror_dlc_1	wh3_dlc29_token_type_modify_pool	-1	UI\skins\default\dlc29_skv_chaotic_plans\token\token_hidden_lab_green.png	-1	1		wh3_dlc29_military_plan	3	0	0
wh3_dlc29_military_mod_pool_clanrats_grey_seer_2	wh3_dlc29_token_type_modify_pool	-1	UI\skins\default\dlc29_skv_chaotic_plans\token\token_infantry_shield.png	-1	1		wh3_dlc29_military_plan	1	0	0
wh3_dlc29_military_mod_pool_clanrats_grey_seer_3	wh3_dlc29_token_type_modify_pool	-1	UI\skins\default\dlc29_skv_chaotic_plans\token\token_infantry_shield.png	-1	1		wh3_dlc29_military_plan	1	0	0
wh3_dlc29_military_mod_pool_clanrats_grey_seer_4	wh3_dlc29_token_type_modify_pool	-1	UI\skins\default\dlc29_skv_chaotic_plans\token\token_stormvermin.png	-1	1		wh3_dlc29_military_plan	1	0	0
wh3_dlc29_military_mod_pool_clanrats_grey_seer_5	wh3_dlc29_token_type_modify_pool	-1	UI\skins\default\dlc29_skv_chaotic_plans\token\token_stormvermin.png	-1	1		wh3_dlc29_military_plan	1	0	0
wh3_dlc29_military_mod_pool_death_globe_bombadiers_1	wh3_dlc29_token_type_modify_pool	-1	UI\skins\default\dlc29_skv_chaotic_plans\token\token_death_globe_bombadiers.png	-1	1		wh3_dlc29_military_plan	1	0	0
wh3_dlc29_military_mod_pool_death_runners_1	wh3_dlc29_token_type_modify_pool	-1	UI\skins\default\dlc29_skv_chaotic_plans\token\token_death_runners.png	-1	1		wh3_dlc29_military_plan	2	500	2
wh3_dlc29_military_mod_pool_doom_flayer_dlc_1	wh3_dlc29_token_type_modify_pool	-1	UI\skins\default\dlc29_skv_chaotic_plans\token\token_doomwheel.png	-1	1		wh3_dlc29_military_plan	2	0	0
wh3_dlc29_military_mod_pool_doomwheel_1	wh3_dlc29_token_type_modify_pool	-1	UI\skins\default\dlc29_skv_chaotic_plans\token\token_doomwheel.png	-1	1		wh3_dlc29_military_plan	1	0	0
wh3_dlc29_military_mod_pool_eshin_triads_dlc_1	wh3_dlc29_token_type_modify_pool	-1	UI\skins\default\dlc29_skv_chaotic_plans\token\token_eshin_operatives.png	-1	1		wh3_dlc29_military_plan	2	0	0
wh3_dlc29_military_mod_pool_moulder_wolf_rats_dlc_1	wh3_dlc29_token_type_modify_pool	-1	UI\skins\default\dlc29_skv_chaotic_plans\token\token_wolf_rats.png	-1	1		wh3_dlc29_military_plan	1	0	0
wh3_dlc29_military_mod_pool_mutant_rat_ogre_dlc	wh3_dlc29_token_type_modify_pool	-1	UI\skins\default\dlc29_skv_chaotic_plans\token\token_hidden_lab_green.png	-1	1		wh3_dlc29_military_plan	3	0	0
wh3_dlc29_military_mod_pool_night_runners_slingers_1	wh3_dlc29_token_type_modify_pool	-1	UI\skins\default\dlc29_skv_chaotic_plans\token\token_missile_infantry.png	-1	1		wh3_dlc29_military_plan	1	0	0
wh3_dlc29_military_mod_pool_plague_censer_bearers	wh3_dlc29_token_type_modify_pool	-1	UI\skins\default\dlc29_skv_chaotic_plans\token\token_plague_censer_bearers.png	-1	1		wh3_dlc29_military_plan	3	0	0
wh3_dlc29_military_mod_pool_plague_monks_1	wh3_dlc29_token_type_modify_pool	-1	UI\skins\default\dlc29_skv_chaotic_plans\token\token_pestilent_monks.png	-1	1		wh3_dlc29_military_plan	1	0	0
wh3_dlc29_military_mod_pool_plagueclaw_catapult_1	wh3_dlc29_token_type_modify_pool	-1	UI\skins\default\dlc29_skv_chaotic_plans\token\token_artillery.png	-1	1		wh3_dlc29_military_plan	1	0	0
wh3_dlc29_military_mod_pool_poison_wind_globadiers_1	wh3_dlc29_token_type_modify_pool	-1	UI\skins\default\dlc29_skv_chaotic_plans\token\token_smoke_bombs_green.png	-1	1		wh3_dlc29_military_plan	2	0	0
wh3_dlc29_military_mod_pool_poison_wind_mortars_1	wh3_dlc29_token_type_modify_pool	-1	UI\skins\default\dlc29_skv_chaotic_plans\token\token_poison_wind_mortar.png	-1	1		wh3_dlc29_military_plan	2	0	0
wh3_dlc29_military_mod_pool_remove_skavenslaves	wh3_dlc29_token_type_modify_pool	-1	UI\skins\default\dlc29_skv_chaotic_plans\token\token_all_around_squad.png	-1	1		wh3_dlc29_military_plan	1	0	0
wh3_dlc29_military_mod_pool_rictus_stormvermin_1	wh3_dlc29_token_type_modify_pool	-1	UI\skins\default\dlc29_skv_chaotic_plans\token\token_stormvermin.png	-1	1		wh3_dlc29_military_plan	1	0	0
wh3_dlc29_military_mod_pool_rictus_stormvermin_3	wh3_dlc29_token_type_modify_pool	-1	UI\skins\default\dlc29_skv_chaotic_plans\token\token_stormvermin.png	-1	1		wh3_dlc29_military_plan	4	0	0
wh3_dlc29_military_mod_pool_rictus_stormvermin_halberds_1	wh3_dlc29_token_type_modify_pool	-1	UI\skins\default\dlc29_skv_chaotic_plans\token\token_stormvermin.png	-1	1		wh3_dlc29_military_plan	2	0	0
wh3_dlc29_military_mod_pool_skryre_ratling_guns_dlc_1	wh3_dlc29_token_type_modify_pool	-1	UI\skins\default\dlc29_skv_chaotic_plans\token\token_tech_teams.png	-1	1		wh3_dlc29_military_plan	2	0	0
wh3_dlc29_military_mod_pool_skryre_warpfire_throwers_1	wh3_dlc29_token_type_modify_pool	-1	UI\skins\default\dlc29_skv_chaotic_plans\token\token_warp_throwers.png	-1	1		wh3_dlc29_military_plan	1	0	0
wh3_dlc29_military_mod_pool_stormfiends_warlock_1	wh3_dlc29_token_type_modify_pool	-1	UI\skins\default\dlc29_skv_chaotic_plans\token\token_stormfiend.png	-1	1		wh3_dlc29_military_plan	1	0	0
wh3_dlc29_military_mod_pool_stormfiends_warlock_2	wh3_dlc29_token_type_modify_pool	-1	UI\skins\default\dlc29_skv_chaotic_plans\token\token_stormfiend.png	-1	1		wh3_dlc29_military_plan	2	0	0
wh3_dlc29_military_mod_pool_stormfiends_warlock_3	wh3_dlc29_token_type_modify_pool	-1	UI\skins\default\dlc29_skv_chaotic_plans\token\token_stormfiend.png	-1	1		wh3_dlc29_military_plan	3	0	0
wh3_dlc29_military_mod_pool_stormfiends_warlord_1	wh3_dlc29_token_type_modify_pool	-1	UI\skins\default\dlc29_skv_chaotic_plans\token\token_stormfiend.png	-1	1		wh3_dlc29_military_plan	1	0	0
wh3_dlc29_military_mod_pool_stormfiends_warlord_2	wh3_dlc29_token_type_modify_pool	-1	UI\skins\default\dlc29_skv_chaotic_plans\token\token_stormfiend.png	-1	1		wh3_dlc29_military_plan	2	0	0
wh3_dlc29_military_mod_pool_stormfiends_warlord_3	wh3_dlc29_token_type_modify_pool	-1	UI\skins\default\dlc29_skv_chaotic_plans\token\token_stormfiend.png	-1	1		wh3_dlc29_military_plan	3	0	0
wh3_dlc29_military_mod_pool_stormvermin_rank_9	wh3_dlc29_token_type_modify_pool	-1	UI\skins\default\dlc29_skv_chaotic_plans\token\token_stormvermin.png	-1	1		wh3_dlc29_military_plan	1	0	0
wh3_dlc29_military_mod_pool_warp_grinders_dlc_1	wh3_dlc29_token_type_modify_pool	-1	UI\skins\default\dlc29_skv_chaotic_plans\token\token_warp_grinders.png	-1	1		wh3_dlc29_military_plan	1	0	0
wh3_dlc29_military_mod_pool_warp_lightning_cannon_1	wh3_dlc29_token_type_modify_pool	-1	UI\skins\default\dlc29_skv_chaotic_plans\token\token_cannons.png	-1	1		wh3_dlc29_military_plan	3	0	0
wh3_dlc29_military_mod_pool_warp_lightning_cannon_warlock_1	wh3_dlc29_token_type_modify_pool	-1	UI\skins\default\dlc29_skv_chaotic_plans\token\token_cannons.png	-1	1		wh3_dlc29_military_plan	1	0	0
wh3_dlc29_military_mod_pool_warplock_jezzails_dlc_1	wh3_dlc29_token_type_modify_pool	-1	UI\skins\default\dlc29_skv_chaotic_plans\token\token_tech_teams.png	-1	1		wh3_dlc29_military_plan	2	0	0
wh3_dlc29_military_purple_bounty_chieftain_0	wh3_dlc29_token_type_purple	-1	UI\skins\default\dlc29_skv_chaotic_plans\token\token_blackmail.png	-1	4		wh3_dlc29_military_plan	3	500	1
wh3_dlc29_military_purple_bounty_chieftain_1	wh3_dlc29_token_type_purple	-1	UI\skins\default\dlc29_skv_chaotic_plans\token\token_blackmail.png	-1	2		wh3_dlc29_military_plan	4	1000	1
wh3_dlc29_military_purple_bounty_packmaster_0	wh3_dlc29_token_type_purple	-1	UI\skins\default\dlc29_skv_chaotic_plans\token\token_blackmail.png	-1	4		wh3_dlc29_military_plan	3	500	1
wh3_dlc29_military_purple_bounty_packmaster_2	wh3_dlc29_token_type_purple	-1	UI\skins\default\dlc29_skv_chaotic_plans\token\token_blackmail.png	-1	2		wh3_dlc29_military_plan	4	1000	1
wh3_dlc29_military_purple_bounty_plague_priest_0	wh3_dlc29_token_type_purple	-1	UI\skins\default\dlc29_skv_chaotic_plans\token\token_blackmail.png	-1	4		wh3_dlc29_military_plan	3	500	1
wh3_dlc29_military_purple_bounty_plague_priest_2	wh3_dlc29_token_type_purple	-1	UI\skins\default\dlc29_skv_chaotic_plans\token\token_blackmail.png	-1	2		wh3_dlc29_military_plan	4	1000	1
wh3_dlc29_military_purple_bounty_warlock_engineer	wh3_dlc29_token_type_purple	1	UI\skins\default\dlc29_skv_chaotic_plans\token\token_blackmail.png	-1	4		wh3_dlc29_military_plan	3	1000	1
wh3_dlc29_military_red_explosion_guard_1	wh3_dlc29_token_type_red	-1	UI\skins\default\dlc29_skv_chaotic_plans\token\token_explosion.png	-1	4		wh3_dlc29_military_plan	3	0	1
wh3_dlc29_military_red_hellpit_guard_1	wh3_dlc29_token_type_red	-1	UI\skins\default\dlc29_skv_chaotic_plans\token\token_hell_pit_abomination_red.png	-1	4		wh3_dlc29_military_plan	3	0	1
wh3_dlc29_military_red_plague_guard_1	wh3_dlc29_token_type_red	-1	UI\skins\default\dlc29_skv_chaotic_plans\token\token_race_nurgle_red.png	-1	4		wh3_dlc29_military_plan	3	0	0
wh3_dlc29_military_upgrade_basic_infantry_spears_2	wh3_dlc29_token_type_modify_pool	-1	UI\skins\default\dlc29_skv_chaotic_plans\token\token_spear_shield.png	-1	1		wh3_dlc29_military_plan	2	0	0
wh3_dlc29_military_upgrade_basic_pusbags_2	wh3_dlc29_token_type_modify_pool	-1	UI\skins\default\dlc29_skv_chaotic_plans\token\token_pusbags.png	-1	1		wh3_dlc29_military_plan	1	0	0
wh3_dlc29_military_upgrade_death_runners_2	wh3_dlc29_token_type_modify_pool	-1	UI\skins\default\dlc29_skv_chaotic_plans\token\token_death_runners.png	-1	1		wh3_dlc29_military_plan	2	0	0
wh3_dlc29_military_upgrade_death_runners_3	wh3_dlc29_token_type_modify_pool	-1	UI\skins\default\dlc29_skv_chaotic_plans\token\token_death_runners.png	-1	1		wh3_dlc29_military_plan	3	0	0
wh3_dlc29_military_upgrade_double_units_warlock	wh3_dlc29_token_type_upgrade	-1	UI\skins\default\dlc29_skv_chaotic_plans\token\token_rune_warlocks.png	-1	1		wh3_dlc29_military_plan	5	0	0
wh3_dlc29_military_upgrade_gutter_runners_1	wh3_dlc29_token_type_modify_pool	-1	UI\skins\default\dlc29_skv_chaotic_plans\token\token_missile_infantry.png	-1	1		wh3_dlc29_military_plan	2	0	0
wh3_dlc29_military_upgrade_gutter_runners_poison_1	wh3_dlc29_token_type_modify_pool	-1	UI\skins\default\dlc29_skv_chaotic_plans\token\token_plagues_green.png	-1	1		wh3_dlc29_military_plan	3	0	0
wh3_dlc29_military_upgrade_moulder_wolf_rats_dlc_2	wh3_dlc29_token_type_modify_pool	-1	UI\skins\default\dlc29_skv_chaotic_plans\token\token_wolf_rats.png	-1	1		wh3_dlc29_military_plan	2	0	0
wh3_dlc29_military_upgrade_moulder_wolf_rats_dlc_3	wh3_dlc29_token_type_modify_pool	-1	UI\skins\default\dlc29_skv_chaotic_plans\token\token_wolf_rats.png	-1	1		wh3_dlc29_military_plan	1	0	0
wh3_dlc29_military_upgrade_mutant_rat_ogre_brood_horror_2	wh3_dlc29_token_type_upgrade	-1	UI\skins\default\dlc29_skv_chaotic_plans\token\token_hidden_lab_green.png	-1	1		wh3_dlc29_military_plan	1	0	0
wh3_dlc29_military_upgrade_plague_monks_2	wh3_dlc29_token_type_modify_pool	-1	UI\skins\default\dlc29_skv_chaotic_plans\token\token_pestilent_monks.png	-1	1		wh3_dlc29_military_plan	2	0	0
wh3_dlc29_military_upgrade_plagueclaw_catapult_2	wh3_dlc29_token_type_modify_pool	-1	UI\skins\default\dlc29_skv_chaotic_plans\token\token_artillery.png	-1	1		wh3_dlc29_military_plan	2	0	0
wh3_dlc29_military_upgrade_plagueclaw_catapult_3	wh3_dlc29_token_type_modify_pool	-1	UI\skins\default\dlc29_skv_chaotic_plans\token\token_artillery.png	-1	1		wh3_dlc29_military_plan	3	0	0
wh3_dlc29_military_upgrade_rictus_stormvermin_2	wh3_dlc29_token_type_upgrade	-1	UI\skins\default\dlc29_skv_chaotic_plans\token\token_stormvermin.png	-1	1		wh3_dlc29_military_plan	1	0	0
wh3_dlc29_military_upgrade_warp_lightning_cannon_2	wh3_dlc29_token_type_modify_pool	-1	UI\skins\default\dlc29_skv_chaotic_plans\token\token_cannons.png	-1	1		wh3_dlc29_military_plan	2	0	0
wh3_dlc29_military_upgrade_warp_lightning_cannon_3	wh3_dlc29_token_type_modify_pool	-1	UI\skins\default\dlc29_skv_chaotic_plans\token\token_cannons.png	-1	1		wh3_dlc29_military_plan	3	0	0
wh3_dlc29_purple_any_chaos_experience	wh3_dlc29_token_type_purple	-1	UI\skins\default\dlc29_skv_chaotic_plans\token\token_race_woc_doc_norsca.png	-1	5			3	0	0
wh3_dlc29_purple_any_empire_skaven_not_real	wh3_dlc29_token_type_purple	-1	UI\skins\default\dlc29_skv_chaotic_plans\token\token_race_empire.png	-1	4			1	0	1
wh3_dlc29_purple_any_reduce_guards	wh3_dlc29_token_type_purple	-1	UI\skins\default\dlc29_skv_chaotic_plans\token\token_dwarf_ale.png	-1	4			1	0	0
wh3_dlc29_purple_any_skaven_blackmail	wh3_dlc29_token_type_purple	-1	UI\skins\default\dlc29_skv_chaotic_plans\token\token_blackmail.png	-1	3		wh3_dlc29_economic_plan	1	0	0
wh3_dlc29_purple_dwarfs_any_dwarf_brew	wh3_dlc29_token_type_purple	-1	UI\skins\default\dlc29_skv_chaotic_plans\token\token_race_dwarfs.png	-1	5			1	0	1
wh3_dlc29_purple_dwarfs_any_dwarf_brew_use	wh3_dlc29_token_type_action	1	UI\skins\default\dlc29_skv_chaotic_plans\icon_action_concoct.png	-1	1	wh3_dlc29_skv_token_usage_500		1	0	0
wh3_dlc29_purple_dwarfs_any_dwarf_brew_use_generated_1	wh3_dlc29_token_type_yellow	-1	UI\skins\default\dlc29_skv_chaotic_plans\token\token_attack_patrols.png	-1	1			1	0	1
wh3_dlc29_purple_dwarfs_any_dwarf_brew_use_generated_2	wh3_dlc29_token_type_red	-1	UI\skins\default\dlc29_skv_chaotic_plans\token\token_lone_guard.png	-1	1			1	500	1
wh3_dlc29_purple_economic_bretonnia_food	wh3_dlc29_token_type_purple	-1	UI\skins\default\dlc29_skv_chaotic_plans\token\token_race_bretonnia.png	-1	1		wh3_dlc29_economic_plan	1	0	0
wh3_dlc29_purple_economic_bretonnia_treasury	wh3_dlc29_token_type_purple	-1	UI\skins\default\dlc29_skv_chaotic_plans\token\token_race_bretonnia.png	-1	1		wh3_dlc29_economic_plan	1	0	0
wh3_dlc29_purple_economic_cathay_warpstone	wh3_dlc29_token_type_purple	-1	UI\skins\default\dlc29_skv_chaotic_plans\token\token_race_cathay.png	-1	1		wh3_dlc29_economic_plan	1	0	0
wh3_dlc29_purple_economic_chaos_dwarfs_treasury	wh3_dlc29_token_type_purple	-1	UI\skins\default\dlc29_skv_chaotic_plans\token\token_race_chaos_dwarfs.png	-1	1		wh3_dlc29_economic_plan	1	0	0
wh3_dlc29_purple_economic_chaos_warpstone	wh3_dlc29_token_type_purple	-1	UI\skins\default\dlc29_skv_chaotic_plans\token\token_race_woc_doc_norsca.png	-1	1		wh3_dlc29_economic_plan	1	0	0
wh3_dlc29_purple_economic_dangerous_treasury	wh3_dlc29_token_type_purple	-1	UI\skins\default\dlc29_skv_chaotic_plans\token\token_vaults.png	-1	2		wh3_dlc29_economic_plan	1	500	1
wh3_dlc29_purple_economic_dangerous_warpstone	wh3_dlc29_token_type_purple	-1	UI\skins\default\dlc29_skv_chaotic_plans\token\token_vaults.png	-1	2		wh3_dlc29_economic_plan	1	500	1
wh3_dlc29_purple_economic_greenskins_food	wh3_dlc29_token_type_purple	-1	UI\skins\default\dlc29_skv_chaotic_plans\token\token_race_greenskins.png	-1	1		wh3_dlc29_economic_plan	1	0	0
wh3_dlc29_purple_economic_ogre_kingdoms_food	wh3_dlc29_token_type_purple	-1	UI\skins\default\dlc29_skv_chaotic_plans\token\token_race_ogre.png	-1	1		wh3_dlc29_economic_plan	1	0	0
wh3_dlc29_purple_economic_ogre_kingdoms_treasury	wh3_dlc29_token_type_purple	-1	UI\skins\default\dlc29_skv_chaotic_plans\token\token_race_ogre.png	-1	1		wh3_dlc29_economic_plan	1	0	0
wh3_dlc29_purple_economic_undead_warpstone	wh3_dlc29_token_type_purple	-1	UI\skins\default\dlc29_skv_chaotic_plans\token\token_undead.png	-1	1		wh3_dlc29_economic_plan	1	0	0
wh3_dlc29_purple_economic_vault_1	wh3_dlc29_token_type_purple	-1	UI\skins\default\dlc29_skv_chaotic_plans\token\token_vaults.png	-1	6		wh3_dlc29_economic_plan	1	500	1
wh3_dlc29_purple_economy_vampire_food_big	wh3_dlc29_token_type_purple	-1	UI\skins\default\dlc29_skv_chaotic_plans\token\token_race_vamp_counts_coast.png	-1	1		wh3_dlc29_economic_plan	4	500	1
wh3_dlc29_purple_economy_vampire_food_small	wh3_dlc29_token_type_purple	-1	UI\skins\default\dlc29_skv_chaotic_plans\token\token_race_vamp_counts_coast.png	-1	1		wh3_dlc29_economic_plan	2	500	1
wh3_dlc29_purple_lucky_draw	wh3_dlc29_token_type_purple	-1	UI\skins\default\dlc29_skv_chaotic_plans\token\token_blackmail.png	-1	2		wh3_dlc29_economic_plan	1	500	1
wh3_dlc29_purple_magic_draw_combo_piece	wh3_dlc29_token_type_purple	-1	UI\skins\default\dlc29_skv_chaotic_plans\token\token_meddling_mage.png	-1	5		wh3_dlc29_magic_plan	3	500	1
wh3_dlc29_purple_magic_draw_combo_piece_action	wh3_dlc29_token_type_action	1	UI\skins\default\dlc29_skv_chaotic_plans\icon_action_invigorate.png	-1	1	wh3_dlc29_skv_token_usage_warpstone_300	wh3_dlc29_magic_plan	1	0	0
wh3_dlc29_purple_magic_tzeentch_draw_tokens	wh3_dlc29_token_type_purple	-1	UI\skins\default\dlc29_skv_chaotic_plans\token\token_race_tzeentch.png	-1	1		wh3_dlc29_magic_plan	1	0	0
wh3_dlc29_purple_military_lab_1	wh3_dlc29_token_type_purple	-1	UI\skins\default\dlc29_skv_chaotic_plans\token\token_hidden_lab.png	-1	6		wh3_dlc29_military_plan	1	0	1
wh3_dlc29_purple_military_mercenaries_1	wh3_dlc29_token_type_purple	-1	UI\skins\default\dlc29_skv_chaotic_plans\token\token_blackmail.png	-1	6		wh3_dlc29_military_plan	1	0	1
wh3_dlc29_purple_military_multiple_cultures_stormvermin	wh3_dlc29_token_type_purple	-1	UI\skins\default\dlc29_skv_chaotic_plans\token\token_blackmail.png	-1	1		wh3_dlc29_military_plan	1	0	0
wh3_dlc29_purple_military_ogre_kingdoms_mercenaries	wh3_dlc29_token_type_purple	-1	UI\skins\default\dlc29_skv_chaotic_plans\token\token_race_ogre.png	-1	1		wh3_dlc29_military_plan	3	500	1
wh3_dlc29_purple_military_ogre_kingdoms_mercenaries_pay	wh3_dlc29_token_type_action	-1	UI\skins\default\dlc29_skv_chaotic_plans\icon_action_increase_underling_limit.png	-1	1	wh3_dlc29_skv_token_usage_2000	wh3_dlc29_military_plan	1	0	0
wh3_dlc29_purple_military_ogre_kingdoms_mercenaries_reward_1	wh3_dlc29_token_type_purple	-1	UI\skins\default\dlc29_skv_chaotic_plans\token\token_race_ogre.png	-1	4		wh3_dlc29_military_plan	1	500	1
wh3_dlc29_purple_military_ogre_kingdoms_mercenaries_reward_2	wh3_dlc29_token_type_purple	-1	UI\skins\default\dlc29_skv_chaotic_plans\token\token_race_ogre.png	-1	4		wh3_dlc29_military_plan	2	500	1
wh3_dlc29_purple_military_ogre_kingdoms_mercenaries_reward_3	wh3_dlc29_token_type_purple	-1	UI\skins\default\dlc29_skv_chaotic_plans\token\token_race_ogre.png	-1	4		wh3_dlc29_military_plan	3	500	1
wh3_dlc29_purple_military_ogre_kingdoms_mercenaries_reward_4	wh3_dlc29_token_type_purple	-1	UI\skins\default\dlc29_skv_chaotic_plans\token\token_race_ogre.png	-1	4		wh3_dlc29_military_plan	4	500	1
wh3_dlc29_purple_military_ogre_kingdoms_mercenaries_reward_5	wh3_dlc29_token_type_purple	-1	UI\skins\default\dlc29_skv_chaotic_plans\token\token_race_ogre.png	-1	4		wh3_dlc29_military_plan	5	500	1
wh3_dlc29_purple_military_ogre_kingdoms_rat_ogres	wh3_dlc29_token_type_purple	-1	UI\skins\default\dlc29_skv_chaotic_plans\token\token_race_ogre.png	-1	5		wh3_dlc29_military_plan	3	1000	1
wh3_dlc29_purple_military_reinforcements	wh3_dlc29_token_type_purple	-1	UI\skins\default\dlc29_skv_chaotic_plans\token\token_blackmail.png	-1	2		wh3_dlc29_military_plan	1	500	1
wh3_dlc29_purple_military_skaven_guards_1	wh3_dlc29_token_type_red	-1	UI\skins\default\dlc29_skv_chaotic_plans\token\token_blackmail_red.png	-1	1		wh3_dlc29_military_plan	1	0	0
wh3_dlc29_purple_military_skaven_stormvermin	wh3_dlc29_token_type_purple	-1	UI\skins\default\dlc29_skv_chaotic_plans\token\token_blackmail.png	-1	1		wh3_dlc29_military_plan	1	0	0
wh3_dlc29_purple_military_tomb_kings_guards_1	wh3_dlc29_token_type_red	-1	UI\skins\default\dlc29_skv_chaotic_plans\token\token_race_tomb_kings_red.png	-1	1		wh3_dlc29_military_plan	1	0	0
wh3_dlc29_purple_military_tzeentch_guards_1	wh3_dlc29_token_type_red	-1	UI\skins\default\dlc29_skv_chaotic_plans\token\token_race_tzeentch_red.png	-1	1		wh3_dlc29_military_plan	1	0	0
wh3_dlc29_purple_military_undead_death_runners	wh3_dlc29_token_type_purple	-1	UI\skins\default\dlc29_skv_chaotic_plans\token\token_blackmail.png	-1	1		wh3_dlc29_military_plan	1	0	0
wh3_dlc29_purple_military_undead_legions_elites_2	wh3_dlc29_token_type_red	-1	UI\skins\default\dlc29_skv_chaotic_plans\token\token_undead_red.png	-1	1		wh3_dlc29_military_plan	5	0	0
wh3_dlc29_purple_military_vampire_pay_for_reward	wh3_dlc29_token_type_purple	-1	UI\skins\default\dlc29_skv_chaotic_plans\token\token_race_vamp_counts_coast.png	-1	1		wh3_dlc29_economic_plan	3	0	1
wh3_dlc29_purple_military_wood_elves_elites_1	wh3_dlc29_token_type_red	-1	UI\skins\default\dlc29_skv_chaotic_plans\token\token_race_wood_elves_red.png	-1	1		wh3_dlc29_military_plan	4	0	0
wh3_dlc29_red_any_bretonnia_alarm	wh3_dlc29_token_type_red	-1	UI\skins\default\dlc29_skv_chaotic_plans\token\token_race_bretonnia_red.png	-1	1			1	0	0
wh3_dlc29_red_any_cathay_elites	wh3_dlc29_token_type_red	-1	UI\skins\default\dlc29_skv_chaotic_plans\token\token_race_cathay_red.png	-1	1			1	0	0
wh3_dlc29_red_any_chaos_alarm	wh3_dlc29_token_type_red	-1	UI\skins\default\dlc29_skv_chaotic_plans\token\token_race_woc_doc_norsca_red.png	-1	1			1	0	0
wh3_dlc29_red_any_chaos_dwarfs_alarm	wh3_dlc29_token_type_red	-1	UI\skins\default\dlc29_skv_chaotic_plans\token\token_race_chaos_dwarfs_red.png	-1	1			1	0	0
wh3_dlc29_red_any_chaos_dwarfs_elites	wh3_dlc29_token_type_red	-1	UI\skins\default\dlc29_skv_chaotic_plans\token\token_race_chaos_dwarfs_red.png	-1	1			1	0	0
wh3_dlc29_red_any_dark_elves_alarm	wh3_dlc29_token_type_red	-1	UI\skins\default\dlc29_skv_chaotic_plans\token\token_race_dark_elves_red.png	-1	1			1	0	0
wh3_dlc29_red_any_felix	wh3_dlc29_token_type_red	-1	UI\skins\default\dlc29_skv_chaotic_plans\token\token_felix_red.png	-1	1			5	2000	1
wh3_dlc29_red_any_gotrek	wh3_dlc29_token_type_red	-1	UI\skins\default\dlc29_skv_chaotic_plans\token\token_gotrek_red.png	-1	4			5	2000	1
wh3_dlc29_red_any_greenskins_alarm	wh3_dlc29_token_type_red	-1	UI\skins\default\dlc29_skv_chaotic_plans\token\token_race_greenskins_red.png	-1	1			1	0	0
wh3_dlc29_red_any_high_elves_alarm	wh3_dlc29_token_type_red	-1	UI\skins\default\dlc29_skv_chaotic_plans\token\token_race_high_elves_red.png	-1	1			1	0	0
wh3_dlc29_red_any_high_elves_elites	wh3_dlc29_token_type_red	-1	UI\skins\default\dlc29_skv_chaotic_plans\token\token_race_high_elves_red.png	-1	1			1	0	0
wh3_dlc29_red_any_kislev_alarm	wh3_dlc29_token_type_red	-1	UI\skins\default\dlc29_skv_chaotic_plans\token\token_race_kislev_red.png	-1	1			1	0	0
wh3_dlc29_red_any_lizardmen_alarm	wh3_dlc29_token_type_red	-1	UI\skins\default\dlc29_skv_chaotic_plans\token\token_race_lizardmen_red.png	-1	1			1	0	0
wh3_dlc29_red_any_norsca_alarm	wh3_dlc29_token_type_red	-1	UI\skins\default\dlc29_skv_chaotic_plans\token\token_race_woc_doc_norsca_red.png	-1	1			1	0	0
wh3_dlc29_red_any_nurgle_alarm	wh3_dlc29_token_type_red	-1	UI\skins\default\dlc29_skv_chaotic_plans\token\token_race_nurgle_red.png	-1	1			1	0	0
wh3_dlc29_red_any_ogre_kingdoms_elites	wh3_dlc29_token_type_red	-1	UI\skins\default\dlc29_skv_chaotic_plans\token\token_race_ogre_red.png	-1	1			1	0	0
wh3_dlc29_red_any_ogre_kingdoms_hungry	wh3_dlc29_token_type_red	-1	UI\skins\default\dlc29_skv_chaotic_plans\token\token_race_ogre_red.png	-1	4			2	500	1
wh3_dlc29_red_any_ogre_kingdoms_hungry_elite	wh3_dlc29_token_type_red	-1	UI\skins\default\dlc29_skv_chaotic_plans\token\token_race_ogre_red.png	-1	4			4	500	1
wh3_dlc29_red_any_ogre_kingdoms_hungry_elite_pay	wh3_dlc29_token_type_action	1	UI\skins\default\dlc29_skv_chaotic_plans\icon_action_food.png	-1	1	wh3_dlc29_skv_thanquol_lose_food_30		1	0	1
wh3_dlc29_red_any_ogre_kingdoms_hungry_elite_pay_generated	wh3_dlc29_token_type_yellow	-1	UI\skins\default\dlc29_skv_chaotic_plans\token\token_full_cauldron.png	-1	1			1	-500	1
wh3_dlc29_red_any_ogre_kingdoms_hungry_pay	wh3_dlc29_token_type_action	1	UI\skins\default\dlc29_skv_chaotic_plans\icon_action_food.png	-1	1	wh3_dlc29_skv_thanquol_lose_food_50		1	0	1
wh3_dlc29_red_any_ogre_kingdoms_hungry_pay_generated	wh3_dlc29_token_type_yellow	-1	UI\skins\default\dlc29_skv_chaotic_plans\token\token_full_cauldron.png	-1	1			1	-500	1
wh3_dlc29_red_any_skaven_guards	wh3_dlc29_token_type_red	-1	UI\skins\default\dlc29_skv_chaotic_plans\token\token_blackmail_red.png	-1	1			1	0	0
wh3_dlc29_red_any_skaven_haste	wh3_dlc29_token_type_red	-1	UI\skins\default\dlc29_skv_chaotic_plans\token\token_blackmail_red.png	-1	4			1	2000	1
wh3_dlc29_red_any_tomb_kings_alarm	wh3_dlc29_token_type_red	-1	UI\skins\default\dlc29_skv_chaotic_plans\token\token_race_tomb_kings_red.png	-1	1			1	0	0
wh3_dlc29_red_economic_vault_1_generated_alarm	wh3_dlc29_token_type_red	-1	UI\skins\default\dlc29_skv_chaotic_plans\token\token_elite_patrol.png	-1	1		wh3_dlc29_economic_plan	1	2000	1
wh3_dlc29_red_military_bretonnia_elites_1	wh3_dlc29_token_type_red	-1	UI\skins\default\dlc29_skv_chaotic_plans\token\token_race_bretonnia_red.png	-1	1		wh3_dlc29_military_plan	4	0	0
wh3_dlc29_red_military_bretonnia_guards	wh3_dlc29_token_type_red	-1	UI\skins\default\dlc29_skv_chaotic_plans\token\token_race_bretonnia_red.png	-1	1		wh3_dlc29_military_plan	1	0	0
wh3_dlc29_red_military_cathay_guards_2	wh3_dlc29_token_type_red	-1	UI\skins\default\dlc29_skv_chaotic_plans\token\token_race_cathay_red.png	-1	1		wh3_dlc29_military_plan	1	0	0
wh3_dlc29_red_military_chaos_dwarfs_guards_1	wh3_dlc29_token_type_red	-1	UI\skins\default\dlc29_skv_chaotic_plans\token\token_race_chaos_dwarfs_red.png	-1	1		wh3_dlc29_military_plan	1	0	0
wh3_dlc29_red_military_dark_elves_elites_1	wh3_dlc29_token_type_red	-1	UI\skins\default\dlc29_skv_chaotic_plans\token\token_race_dark_elves_red.png	-1	1		wh3_dlc29_military_plan	4	0	0
wh3_dlc29_red_military_dark_elves_guards	wh3_dlc29_token_type_red	-1	UI\skins\default\dlc29_skv_chaotic_plans\token\token_race_dark_elves_red.png	-1	1		wh3_dlc29_military_plan	1	0	0
wh3_dlc29_red_military_greenskins_guards_2	wh3_dlc29_token_type_red	-1	UI\skins\default\dlc29_skv_chaotic_plans\token\token_race_greenskins_red.png	-1	1		wh3_dlc29_military_plan	1	0	0
wh3_dlc29_red_military_high_elves_guards_3	wh3_dlc29_token_type_red	-1	UI\skins\default\dlc29_skv_chaotic_plans\token\token_race_high_elves_red.png	-1	1		wh3_dlc29_military_plan	1	0	0
wh3_dlc29_red_military_khorne_elites_2	wh3_dlc29_token_type_red	-1	UI\skins\default\dlc29_skv_chaotic_plans\token\token_race_khorne_red.png	-1	1		wh3_dlc29_military_plan	5	0	0
wh3_dlc29_red_military_kislev_guards	wh3_dlc29_token_type_red	-1	UI\skins\default\dlc29_skv_chaotic_plans\token\token_race_kislev_red.png	-1	1		wh3_dlc29_military_plan	1	0	0
wh3_dlc29_red_military_kislev_guards_3	wh3_dlc29_token_type_red	-1	UI\skins\default\dlc29_skv_chaotic_plans\token\token_race_kislev_red.png	-1	1		wh3_dlc29_military_plan	1	0	0
wh3_dlc29_red_military_lizardmen_elites_2	wh3_dlc29_token_type_red	-1	UI\skins\default\dlc29_skv_chaotic_plans\token\token_race_lizardmen_red.png	-1	1		wh3_dlc29_military_plan	5	0	0
wh3_dlc29_red_military_lizardmen_guards	wh3_dlc29_token_type_red	-1	UI\skins\default\dlc29_skv_chaotic_plans\token\token_race_lizardmen_red.png	-1	1		wh3_dlc29_military_plan	1	0	0
wh3_dlc29_red_military_norsca_guards_2	wh3_dlc29_token_type_red	-1	UI\skins\default\dlc29_skv_chaotic_plans\token\token_race_woc_doc_norsca_red.png	-1	1		wh3_dlc29_military_plan	1	0	0
wh3_dlc29_red_military_nurgle_guards_3	wh3_dlc29_token_type_red	-1	UI\skins\default\dlc29_skv_chaotic_plans\token\token_race_nurgle_red.png	-1	1		wh3_dlc29_military_plan	1	0	0
wh3_dlc29_red_military_slaanesh_guards	wh3_dlc29_token_type_red	-1	UI\skins\default\dlc29_skv_chaotic_plans\token\token_race_slaanesh_red.png	-1	1		wh3_dlc29_military_plan	1	0	0
wh3_dlc29_red_military_undead_legions_guards	wh3_dlc29_token_type_red	-1	UI\skins\default\dlc29_skv_chaotic_plans\token\token_undead_red.png	-1	1		wh3_dlc29_military_plan	1	0	0
wh3_dlc29_red_military_vampire_pay_to_reduce_alarm	wh3_dlc29_token_type_red	-1	UI\skins\default\dlc29_skv_chaotic_plans\token\token_race_vamp_counts_coast_red.png	-1	1		wh3_dlc29_military_plan	3	0	1
wh3_dlc29_red_military_vampire_pay_to_reduce_alarm_elite	wh3_dlc29_token_type_red	-1	UI\skins\default\dlc29_skv_chaotic_plans\token\token_race_vamp_counts_coast_red.png	-1	1		wh3_dlc29_military_plan	5	0	1
wh3_dlc29_red_military_wood_elves_guards	wh3_dlc29_token_type_red	-1	UI\skins\default\dlc29_skv_chaotic_plans\token\token_race_wood_elves_red.png	-1	1		wh3_dlc29_military_plan	1	0	0
wh3_dlc29_skv_final_battle_support_eshin	wh3_dlc29_token_type_dummy	-1	UI\skins\default\dlc29_skv_chaotic_plans\icon_action_battle_support_eshin.png	-1	1		wh3_dlc29_dummy_plan	1	0	0
wh3_dlc29_skv_final_battle_support_mors	wh3_dlc29_token_type_dummy	-1	UI\skins\default\dlc29_skv_chaotic_plans\icon_action_battle_support_mors.png	-1	1		wh3_dlc29_dummy_plan	1	0	0
wh3_dlc29_skv_final_battle_support_moulder	wh3_dlc29_token_type_dummy	-1	UI\skins\default\dlc29_skv_chaotic_plans\icon_action_battle_support_moulder.png	-1	1		wh3_dlc29_dummy_plan	1	0	0
wh3_dlc29_skv_final_battle_support_pestilens	wh3_dlc29_token_type_dummy	-1	UI\skins\default\dlc29_skv_chaotic_plans\icon_action_battle_support_pestilens.png	-1	1		wh3_dlc29_dummy_plan	1	0	0
wh3_dlc29_skv_final_battle_support_rictus	wh3_dlc29_token_type_dummy	-1	UI\skins\default\dlc29_skv_chaotic_plans\icon_action_battle_support_rictus.png	-1	1		wh3_dlc29_dummy_plan	1	0	0
wh3_dlc29_skv_final_battle_support_skryre	wh3_dlc29_token_type_dummy	-1	UI\skins\default\dlc29_skv_chaotic_plans\icon_action_battle_support_skryre.png	-1	1		wh3_dlc29_dummy_plan	1	0	0
wh3_dlc29_skv_red_teleport_daemon_lord	wh3_dlc29_token_type_red	-1	UI\skins\default\dlc29_skv_chaotic_plans\token\token_race_woc_doc_norsca_red.png	-1	1			1	0	1
wh3_dlc29_yellow_military_vampire_pay_to_reduce_alarm_action_generated	wh3_dlc29_token_type_yellow	-1	UI\skins\default\dlc29_skv_chaotic_plans\token\token_race_vamp_counts_coast.png	-1	1		wh3_dlc29_military_plan	1	0	1
wh3_dlc29_yellow_military_vampire_pay_to_reduce_alarm_elite_action_generated	wh3_dlc29_token_type_yellow	-1	UI\skins\default\dlc29_skv_chaotic_plans\token\token_race_vamp_counts_coast.png	-1	1		wh3_dlc29_military_plan	1	0	1
