effect	effect_list	scope	value
#campaign_effect_list_effect_junctions_tables;0;db/campaign_effect_list_effect_junctions_tables/data__			
wh2_dlc15_speed_goblin_cav_squigs	wh2_dlc15_food_animal_1	faction_to_force_own	10.0000
wh_dlc06_effect_force_stat_charge_bonus_add_squigs	wh2_dlc15_food_animal_1	faction_to_force_own	12.0000
wh2_dlc15_berserk_orc_infantry	wh2_dlc15_food_animal_2	faction_to_force_own	1.0000
wh2_dlc15_regeneration_goblin_inf	wh2_dlc15_food_animal_3	faction_to_force_own	1.0000
wh2_dlc15_charge_orc_savage_orc_cav_chariot	wh2_dlc15_food_animal_4	faction_to_force_own	10.0000
wh2_dlc15_weapon_damage_orc_cav_chariot	wh2_dlc15_food_animal_4	faction_to_force_own	10.0000
wh2_dlc15_armour_goblin_cav_squigs	wh2_dlc15_food_animal_5	faction_to_force_own	15.0000
wh2_dlc15_morale_goblin_cav_squigs	wh2_dlc15_food_animal_5	faction_to_force_own	8.0000
wh2_dlc11_effect_force_stat_missile_damage_grn_all_goblin_ranged_infantry	wh2_dlc15_food_bird_1	faction_to_force_own	10.0000
wh2_dlc15_projectile_replacement_goblin_anti_large_arrow	wh2_dlc15_food_bird_1	faction_to_force_own	1.0000
wh2_dlc15_projectile_replacement_goblin_explosive_arrow	wh2_dlc15_food_bird_2	faction_to_force_own	1.0000
wh2_dlc11_effect_force_stat_ammunition_grn_all_goblin_ranged_infantry	wh2_dlc15_food_bird_3	faction_to_force_own	10.0000
wh2_dlc15_projectile_replacement_goblin_multi_shot	wh2_dlc15_food_bird_3	faction_to_force_own	1.0000
wh2_dlc15_projectile_replacement_goblin_fire_arrow	wh2_dlc15_food_bird_4	faction_to_force_own	1.0000
wh2_dlc15_projectile_replacement_goblin_ap_arrow	wh2_dlc15_food_bird_5	faction_to_force_own	1.0000
wh2_dlc15_unit_ability_groms_smoothie	wh2_dlc15_food_dish_10	character_to_character_own_grom_text	1.0000
wh_main_effect_attribute_enable_stalk	wh2_dlc15_food_dish_10	character_to_character_own_grom_text	1.0000
wh2_dlc10_effect_character_stat_enable_sundering_attacks	wh2_dlc15_food_dish_1	character_to_character_own_grom_text	1.0000
wh2_main_effect_character_stat_weapon_strength_base	wh2_dlc15_food_dish_1	character_to_character_own_grom_text	100.0000
wh2_dlc15_unit_ability_spiky_skin	wh2_dlc15_food_dish_2	character_to_character_own_grom_text	1.0000
wh_main_effect_character_stat_missile_resistance	wh2_dlc15_food_dish_2	character_to_character_own_grom_text	30.0000
wh_dlc08_effect_ability_enable_frenzy	wh2_dlc15_food_dish_3	character_to_character_own_grom_text	1.0000
wh_main_effect_attribute_enable_unbreakable	wh2_dlc15_food_dish_3	character_to_character_own_grom_text	1.0000
wh_main_effect_agent_field_line_of_sight_mod	wh2_dlc15_food_dish_4	character_to_character_own_grom_text	20.0000
wh_main_effect_force_all_campaign_movement_range	wh2_dlc15_food_dish_4	character_to_force_own_grom_text	10.0000
wh_main_effect_force_army_campaign_attrition_all_immunity	wh2_dlc15_food_dish_4	character_to_force_own_grom_text	1.0000
wh2_dlc15_effect_replenishment_rate_goblins	wh2_dlc15_food_dish_5	character_to_force_own_grom_text	10.0000
wh_main_effect_force_all_campaign_replenishment_rate	wh2_dlc15_food_dish_5	character_to_force_own_grom_text	10.0000
wh2_dlc15_unit_ability_groms_brain_busta	wh2_dlc15_food_dish_6	character_to_character_own_grom_text	1.0000
wh_main_effect_character_stat_charge_bonus_add	wh2_dlc15_food_dish_6	character_to_character_own_grom_text	25.0000
wh_main_effect_character_stat_melee_defence	wh2_dlc15_food_dish_7	character_to_character_own_grom_text	15.0000
wh_main_effect_character_stat_physical_resistance	wh2_dlc15_food_dish_7	character_to_character_own_grom_text	15.0000
wh2_dlc10_effect_attribute_enable_perfect_vigour	wh2_dlc15_food_dish_8	character_to_character_own_grom_text	1.0000
wh2_dlc15_unit_ability_groms_ead_butt	wh2_dlc15_food_dish_8	character_to_character_own_grom_text	1.0000
wh2_dlc15_unit_ability_groms_glare	wh2_dlc15_food_dish_9	character_to_character_own_grom_text	1.0000
wh_main_effect_attribute_enable_causes_terror	wh2_dlc15_food_dish_9	character_to_character_own_grom_text	1.0000
wh2_dlc15_instant_salvage_dummy	wh2_dlc15_food_fish_1	faction_to_faction_own_unseen	10.0000
wh2_dlc15_physical_resistance_grn_goblin_inf	wh2_dlc15_food_fish_1	faction_to_force_own	12.0000
wh_main_effect_force_all_campaign_raid_income	wh2_dlc15_food_fish_1	faction_to_force_own_unseen	10.0000
wh2_main_effect_force_all_campaign_sacking_income	wh2_dlc15_food_fish_2	faction_to_character_own	10.0000
wh_dlc08_effect_character_stat_enable_frostbite_attacks	wh2_dlc15_food_fish_2	faction_to_character_own	1.0000
wh_dlc05_effect_building_global_recruitment_duration	wh2_dlc15_food_fish_3	faction_to_faction_own_unseen	-1.0000
wh_main_effect_economy_gdp_mod_all	wh2_dlc15_food_fish_3	faction_to_region_own	10.0000
wh_main_effect_public_order_base	wh2_dlc15_food_fish_3	faction_to_province_own	8.0000
wh2_dlc15_instant_gold_dummy	wh2_dlc15_food_fish_4	faction_to_faction_own_unseen	1.0000
wh_main_effect_force_all_campaign_replenishment_rate	wh2_dlc15_food_fish_4	faction_to_force_own	10.0000
wh2_dlc15_spawn_supa_squigs_dummy	wh2_dlc15_food_fish_5	faction_to_force_own	5.0000
wh2_dlc15_unit_ability_spiky_skin_goblin_inf	wh2_dlc15_food_fish_5	faction_to_force_own	1.0000
wh_main_effect_force_stat_leadership_enemy_unit	wh2_dlc15_food_mushroom_1	faction_to_force_enemy	-8.0000
wh_main_effect_force_stat_leadership_siege_attack_enemy	wh2_dlc15_food_mushroom_1	general_to_force_enemy_regionwide	-8.0000
wh2_dlc12_effect_magic_cooldown_all_lores	wh2_dlc15_food_mushroom_2	faction_to_character_own	-10.0000
wh3_main_effect_winds_of_magic_pool_cap	wh2_dlc15_food_mushroom_2	faction_to_force_own	10.0000
wh2_dlc15_effect_province_growth_groms_cauldron	wh2_dlc15_food_mushroom_3	faction_to_province_own	10.0000
wh2_dlc15_grn_fill_waaaagh_bar_dummy	wh2_dlc15_food_mushroom_3	faction_to_faction_own_unseen	5.0000
wh_main_effect_agent_action_cost_mod	wh2_dlc15_food_mushroom_4	faction_to_character_own_unseen	-25.0000
wh_main_effect_agent_action_success_chance	wh2_dlc15_food_mushroom_4	faction_to_character_own_unseen	10.0000
wh2_dlc15_frenzy_goblin_inf	wh2_dlc15_food_mushroom_5	faction_to_force_own	1.0000
wh_main_effect_force_stat_fire_resistance	wh2_dlc15_food_mushroom_5	faction_to_force_own	25.0000
wh2_dlc15_unit_ability_ghostly_protection_idol	wh2_dlc15_food_slime_1	faction_to_force_own_unseen	1.0000
wh_main_effect_force_army_campaign_attrition_all_resistance	wh2_dlc15_food_slime_1	faction_to_force_own_unseen	-20.0000
wh2_dlc15_unit_ability_immense_power_idol	wh2_dlc15_food_slime_2	faction_to_force_own_unseen	1.0000
wh_main_effect_technology_research_points	wh2_dlc15_food_slime_2	faction_to_faction_own_unseen	10.0000
wh2_dlc15_unit_ability_monstrous_disease_troll_giant	wh2_dlc15_food_slime_3	faction_to_force_own_unseen	1.0000
wh_main_effect_tech_unit_xp_levels_trolls	wh2_dlc15_food_slime_3	faction_to_force_own	2.0000
wh2_dlc15_spawn_lava_spider_rider_dummy	wh2_dlc15_food_slime_4	faction_to_force_own_unseen	5.0000
wh2_dlc15_unit_ability_maternal_instinct_arachnarok_spiders	wh2_dlc15_food_slime_4	faction_to_force_own_unseen	1.0000
wh2_dlc15_unit_ability_ignore_pain_trolls_giants	wh2_dlc15_food_slime_5	faction_to_force_own_unseen	1.0000
wh_main_effect_force_army_campaign_recruitment_cost_trolls	wh2_dlc15_food_slime_5	faction_to_force_own_unseen	-50.0000
wh2_dlc15_cause_fear_goblin_inf	wh2_dlc15_food_special_dish_1	character_to_force_own_factionwide	1.0000
wh_main_effect_character_stat_ward_save	wh2_dlc15_food_special_dish_1	character_to_character_own_grom_text	10.0000
wh_dlc05_effect_building_army_xp_gain	wh2_dlc15_food_special_dish_2	character_to_force_own_factionwide	50.0000
wh_dlc05_effect_building_global_recruitment_duration	wh2_dlc15_food_special_dish_2	character_to_faction	-2.0000
wh_main_effect_force_all_campaign_experience_base_all	wh2_dlc15_food_special_dish_2	character_to_force_own_factionwide	4.0000
wh2_dlc10_effect_ability_enable_bound_fiery_convocation	wh2_dlc15_food_special_dish_3	character_to_character_own_grom_text	1.0000
wh2_dlc15_enable_inflammable_attacks	wh2_dlc15_food_special_dish_3	character_to_character_own_grom_text	1.0000
wh2_main_effect_character_stat_enable_flaming_attacks	wh2_dlc15_food_special_dish_3	character_to_force_own_grom_text	1.0000
wh_main_effect_conquest_enable_night_battles	wh2_dlc15_food_special_dish_4	character_to_character_own_grom_text	1.0000
wh_main_effect_force_army_campaign_ambush_attack_success_chance	wh2_dlc15_food_special_dish_4	character_to_force_own_factionwide	15.0000
wh_main_effect_force_stat_ammunition_artillery	wh2_dlc15_food_special_dish_5	character_to_force_own_grom_text	15.0000
wh_main_effect_force_stat_missile_damage_artillery	wh2_dlc15_food_special_dish_5	character_to_force_own_grom_text	15.0000
wh_pro01_effect_ability_enable_flash_bang	wh2_dlc15_food_special_dish_5	character_to_character_own_grom_text	1.0000
wh3_main_pooled_resource_def_slaves_buildings_used	wh2_main_def_farm_1	province_to_province_own_unseen	-5.0000
wh_main_effect_province_growth_building	wh2_main_def_farm_1	region_to_province_own	10.0000
wh3_main_pooled_resource_def_slaves_buildings_used	wh2_main_def_farm_2	province_to_province_own_unseen	-10.0000
wh_main_effect_province_growth_building	wh2_main_def_farm_2	region_to_province_own	25.0000
wh3_main_pooled_resource_def_slaves_buildings_used	wh2_main_def_farm_3	province_to_province_own_unseen	-15.0000
wh_main_effect_province_growth_building	wh2_main_def_farm_3	region_to_province_own	40.0000
wh3_main_effect_economy_gdp_slaves	wh2_main_def_industry_1	building_to_building_own	100.0000
wh3_main_pooled_resource_def_slaves_buildings_used	wh2_main_def_industry_1	province_to_province_own_unseen	-15.0000
wh3_main_effect_economy_gdp_slaves	wh2_main_def_industry_2	building_to_building_own	350.0000
wh3_main_pooled_resource_def_slaves_buildings_used	wh2_main_def_industry_2	province_to_province_own_unseen	-25.0000
wh3_main_effect_economy_gdp_slaves	wh2_main_def_industry_3	building_to_building_own	500.0000
wh3_main_pooled_resource_def_slaves_buildings_used	wh2_main_def_industry_3	province_to_province_own_unseen	-35.0000
wh3_main_pooled_resource_def_slaves_buildings_used	wh2_main_def_order_1	province_to_province_own_unseen	-10.0000
wh_main_effect_public_order_base	wh2_main_def_order_1	province_to_province_own_unseen	1.0000
wh3_main_pooled_resource_def_slaves_buildings_used	wh2_main_def_order_2	province_to_province_own_unseen	-15.0000
wh_main_effect_public_order_base	wh2_main_def_order_2	province_to_province_own_unseen	3.0000
wh3_main_pooled_resource_def_slaves_buildings_used	wh2_main_def_order_3	province_to_province_own_unseen	-20.0000
wh_main_effect_public_order_base	wh2_main_def_order_3	province_to_province_own_unseen	5.0000
wh3_main_pooled_resource_def_slaves_buildings_used	wh2_main_def_pleasure_cult_1	province_to_province_own_unseen	-5.0000
wh_main_effect_public_order_base	wh2_main_def_pleasure_cult_1	province_to_province_own_unseen	1.0000
wh3_main_pooled_resource_def_slaves_buildings_used	wh2_main_def_pleasure_cult_2	province_to_province_own_unseen	-5.0000
wh_main_effect_public_order_base	wh2_main_def_pleasure_cult_2	province_to_province_own_unseen	1.0000
wh3_main_pooled_resource_def_slaves_buildings_used	wh2_main_def_pleasure_cult_3	province_to_province_own_unseen	-10.0000
wh_main_effect_public_order_base	wh2_main_def_pleasure_cult_3	province_to_province_own_unseen	3.0000
wh3_main_pooled_resource_def_slaves_buildings_used	wh2_main_def_pleasure_cult_4	province_to_province_own_unseen	-10.0000
wh_main_effect_public_order_base	wh2_main_def_pleasure_cult_4	province_to_province_own_unseen	3.0000
wh3_main_pooled_resource_def_slaves_buildings_used	wh2_main_def_pleasure_cult_5	province_to_province_own_unseen	-15.0000
wh_main_effect_public_order_base	wh2_main_def_pleasure_cult_5	province_to_province_own_unseen	5.0000
wh3_main_effect_economy_gdp_slaves	wh2_main_def_port_1	building_to_building_own	100.0000
wh3_main_pooled_resource_def_slaves_buildings_used	wh2_main_def_port_1	province_to_province_own_unseen	-10.0000
wh3_main_effect_economy_gdp_slaves	wh2_main_def_port_2	building_to_building_own	300.0000
wh3_main_pooled_resource_def_slaves_buildings_used	wh2_main_def_port_2	province_to_province_own_unseen	-30.0000
wh3_main_effect_economy_gdp_slaves	wh2_main_def_port_3	building_to_building_own	500.0000
wh3_main_pooled_resource_def_slaves_buildings_used	wh2_main_def_port_3	province_to_province_own_unseen	-50.0000
wh3_main_effect_economy_gdp_slaves	wh2_main_special_yvresse_amphitheatre_def	building_to_building_own	200.0000
wh3_main_pooled_resource_def_slaves_buildings_used	wh2_main_special_yvresse_amphitheatre_def	province_to_province_own_unseen	-50.0000
wh3_cp1_effect_ritual_enable_cth_tiger_court_white_tiger	wh3_cp1_feature_initiatives_cth_court_decrees_bhashiva_1	faction_to_faction_own_unseen	1.0000
wh3_cp1_effect_army_ability_enable_rapid_reinforcements	wh3_cp1_feature_initiatives_cth_court_decrees_bhashiva_2	faction_to_force_own	1.0000
wh3_cp1_effect_enable_attribute_stalk_cth_tiger_warriors	wh3_cp1_feature_initiatives_cth_court_decrees_bhashiva_2	faction_to_force_own	1.0000
wh3_cp1_effect_ritual_enable_cth_tiger_court_kamau	wh3_cp1_feature_initiatives_cth_court_decrees_military_1	faction_to_faction_own_unseen	1.0000
wh3_cp1_effect_enable_stance_stalk_sawai	wh3_cp1_feature_initiatives_cth_court_decrees_military_2	faction_to_force_own_unseen_sawai	1.0000
wh3_main_effect_force_all_campaign_movement_range_post_battle_win	wh3_cp1_feature_initiatives_cth_court_decrees_military_2	faction_to_character_own_lords_only	15.0000
wh3_cp1_effect_ritual_enable_cth_tiger_court_thousand_gods	wh3_cp1_feature_initiatives_cth_court_decrees_spiritual_1	faction_to_faction_own_unseen	1.0000
wh2_dlc27_effect_trespass_immunity_for_character	wh3_cp1_feature_initiatives_cth_court_decrees_spiritual_2	faction_to_character_own_factionwide_armytext	1.0000
wh_main_effect_force_army_campaign_enable_replenishment_in_foreign_territory	wh3_cp1_feature_initiatives_cth_court_decrees_spiritual_2	faction_to_army_own	1.0000
wh2_dlc11_faction_political_diplomacy_mod_chaos_beastmen_norsca	wh3_dlc20_archaon_vassal_bonus	faction_to_faction_own_unseen	10.0000
wh3_dlc20_effect_undivided_souls_per_turn_hidden	wh3_dlc20_archaon_vassal_bonus	faction_to_faction_own_unseen	25.0000
wh_main_effect_technology_research_rate_mod	wh3_dlc20_archaon_vassal_bonus	faction_to_faction_own_unseen	10.0000
wh_main_effect_character_stat_melee_defence	wh3_dlc20_character_initiative_chs_chaos_lord_kho_01	character_to_character_own	5.0000
wh_main_effect_character_stat_unit_health	wh3_dlc20_character_initiative_chs_chaos_lord_kho_01	character_to_character_own	5.0000
wh3_main_effect_ability_enable_revel_in_slaughter	wh3_dlc20_character_initiative_chs_chaos_lord_kho_02	character_to_character_own	1.0000
wh_main_effect_character_stat_melee_attack	wh3_dlc20_character_initiative_chs_chaos_lord_kho_02	character_to_character_own	5.0000
wh_main_effect_character_stat_melee_attack	wh3_dlc20_character_initiative_chs_chaos_lord_kho_03	character_to_character_own	5.0000
wh_main_effect_character_stat_weapon_strength	wh3_dlc20_character_initiative_chs_chaos_lord_kho_03	character_to_character_own	5.0000
wh3_dlc20_effect_ability_enable_trophy_heads	wh3_dlc20_character_initiative_chs_chaos_lord_kho_04	character_to_character_own	1.0000
wh_main_effect_character_stat_weapon_strength	wh3_dlc20_character_initiative_chs_chaos_lord_kho_04	character_to_character_own	5.0000
wh3_main_effect_ability_enable_chaos_armour	wh3_dlc20_character_initiative_chs_chaos_lord_kho_05	character_to_character_own	1.0000
wh_main_effect_character_stat_missile_resistance	wh3_dlc20_character_initiative_chs_chaos_lord_kho_05	character_to_character_own	10.0000
wh_main_effect_character_stat_ward_save	wh3_dlc20_character_initiative_chs_chaos_lord_kho_06	character_to_character_own	5.0000
wh3_main_effect_ability_enable_gate_of_khorne	wh3_dlc20_character_initiative_chs_chaos_lord_kho_07	character_to_character_own	1.0000
wh3_dlc20_effect_unit_upgrade_cost	wh3_dlc20_character_initiative_chs_chaos_lord_kho_08	character_to_force_own_alt_text	-10.0000
wh3_dlc20_effect_xp_gain_rate_khorne_units	wh3_dlc20_character_initiative_chs_chaos_lord_kho_08	character_to_force_own_alt_text	10.0000
wh3_dlc20_effect_pooled_resource_mod_souls_battle	wh3_dlc20_character_initiative_chs_chaos_lord_kho_09	character_to_force_own_unseen	10.0000
wh_main_effect_force_all_campaign_post_battle_loot_mod	wh3_dlc20_character_initiative_chs_chaos_lord_kho_09	character_to_character_own	10.0000
wh_main_effect_character_stat_physical_resistance	wh3_dlc20_character_initiative_chs_chaos_lord_sla_01	character_to_character_own	5.0000
wh_main_effect_character_stat_unit_health	wh3_dlc20_character_initiative_chs_chaos_lord_sla_01	character_to_character_own	5.0000
wh3_main_effect_character_stat_enable_soporific_musk	wh3_dlc20_character_initiative_chs_chaos_lord_sla_02	character_to_character_own	1.0000
wh_main_effect_character_stat_ap_damage	wh3_dlc20_character_initiative_chs_chaos_lord_sla_02	character_to_character_own	50.0000
wh_main_effect_character_stat_melee_attack	wh3_dlc20_character_initiative_chs_chaos_lord_sla_03	character_to_character_own	5.0000
wh_main_effect_character_stat_weapon_strength	wh3_dlc20_character_initiative_chs_chaos_lord_sla_03	character_to_character_own	5.0000
wh3_main_effect_ability_enable_feasting_on_fear	wh3_dlc20_character_initiative_chs_chaos_lord_sla_04	character_to_character_own	1.0000
wh_main_effect_attribute_enable_causes_terror	wh3_dlc20_character_initiative_chs_chaos_lord_sla_04	character_to_character_own	1.0000
wh3_main_effect_ability_enable_chaos_armour	wh3_dlc20_character_initiative_chs_chaos_lord_sla_05	character_to_character_own	1.0000
wh_main_effect_character_stat_missile_resistance	wh3_dlc20_character_initiative_chs_chaos_lord_sla_05	character_to_character_own	10.0000
wh_main_effect_character_stat_ward_save	wh3_dlc20_character_initiative_chs_chaos_lord_sla_06	character_to_character_own	5.0000
wh3_main_effect_ability_enable_gate_of_slaanesh	wh3_dlc20_character_initiative_chs_chaos_lord_sla_07	character_to_character_own	1.0000
wh3_dlc20_effect_unit_upgrade_cost	wh3_dlc20_character_initiative_chs_chaos_lord_sla_08	character_to_force_own_alt_text	-10.0000
wh3_dlc20_effect_xp_gain_rate_slaanesh_units	wh3_dlc20_character_initiative_chs_chaos_lord_sla_08	character_to_force_own_alt_text	10.0000
wh3_dlc20_effect_pooled_resource_mod_souls_battle	wh3_dlc20_character_initiative_chs_chaos_lord_sla_09	character_to_force_own_unseen	10.0000
wh_main_effect_force_all_campaign_post_battle_loot_mod	wh3_dlc20_character_initiative_chs_chaos_lord_sla_09	character_to_character_own	10.0000
wh_main_effect_character_stat_armour	wh3_dlc20_character_initiative_chs_chaos_lord_und_01	character_to_character_own	15.0000
wh_main_effect_character_stat_unit_health	wh3_dlc20_character_initiative_chs_chaos_lord_und_01	character_to_character_own	5.0000
wh_main_effect_character_stat_melee_attack	wh3_dlc20_character_initiative_chs_chaos_lord_und_02	character_to_character_own	5.0000
wh_main_effect_character_stat_weapon_strength	wh3_dlc20_character_initiative_chs_chaos_lord_und_02	character_to_character_own	5.0000
wh3_dlc20_effect_ability_enable_giver_of_glory	wh3_dlc20_character_initiative_chs_chaos_lord_und_03	character_to_character_own	1.0000
wh_main_effect_character_stat_weapon_strength	wh3_dlc20_character_initiative_chs_chaos_lord_und_03	character_to_character_own	5.0000
wh3_main_effect_corruption_chaos_characters	wh3_dlc20_character_initiative_chs_chaos_lord_und_04	character_to_province_any	1.0000
wh_main_effect_public_order_characters	wh3_dlc20_character_initiative_chs_chaos_lord_und_04	character_to_province_own	2.0000
wh3_main_effect_ability_enable_chaos_armour	wh3_dlc20_character_initiative_chs_chaos_lord_und_05	character_to_character_own	1.0000
wh_main_effect_character_stat_missile_resistance	wh3_dlc20_character_initiative_chs_chaos_lord_und_05	character_to_character_own	10.0000
wh_main_effect_character_stat_ward_save	wh3_dlc20_character_initiative_chs_chaos_lord_und_06	character_to_character_own	5.0000
wh3_main_effect_ability_enable_bound_the_portalglyph	wh3_dlc20_character_initiative_chs_chaos_lord_und_07	character_to_character_own	1.0000
wh3_dlc20_effect_unit_upgrade_cost	wh3_dlc20_character_initiative_chs_chaos_lord_und_08	character_to_force_own_alt_text	-10.0000
wh3_dlc20_effect_xp_gain_rate_undivided_units	wh3_dlc20_character_initiative_chs_chaos_lord_und_08	character_to_force_own_alt_text	10.0000
wh3_dlc20_effect_pooled_resource_mod_souls_battle	wh3_dlc20_character_initiative_chs_chaos_lord_und_09	character_to_force_own_unseen	10.0000
wh_main_effect_force_all_campaign_post_battle_loot_mod	wh3_dlc20_character_initiative_chs_chaos_lord_und_09	character_to_character_own	10.0000
wh2_main_effect_ability_enable_regeneration	wh3_dlc20_character_initiative_chs_chaos_sorcerer_lord_nur_01	character_to_character_own	1.0000
wh_main_effect_character_stat_unit_health	wh3_dlc20_character_initiative_chs_chaos_sorcerer_lord_nur_01	character_to_character_own	5.0000
wh2_dlc12_effect_magic_cooldown_all_lores	wh3_dlc20_character_initiative_chs_chaos_sorcerer_lord_nur_02	character_to_character_own	-10.0000
wh2_dlc14_effect_magic_cost_all_lores_percentage	wh3_dlc20_character_initiative_chs_chaos_sorcerer_lord_nur_02	character_to_character_own	-10.0000
wh3_dlc20_effect_ability_gift_of_chaos_aspiring_champions	wh3_dlc20_character_initiative_chs_chaos_sorcerer_lord_nur_03	general_to_force_own	1.0000
wh3_main_effect_corruption_nurgle_characters	wh3_dlc20_character_initiative_chs_chaos_sorcerer_lord_nur_04	character_to_province_any	1.0000
wh_main_effect_province_growth_characters	wh3_dlc20_character_initiative_chs_chaos_sorcerer_lord_nur_04	character_to_province_own	15.0000
wh3_main_effect_ability_enable_blight_swarm	wh3_dlc20_character_initiative_chs_chaos_sorcerer_lord_nur_05	character_to_character_own	1.0000
wh_main_effect_character_stat_melee_defence	wh3_dlc20_character_initiative_chs_chaos_sorcerer_lord_nur_05	character_to_character_own	5.0000
wh3_dlc20_effect_ability_enable_bound_stream_of_corruption	wh3_dlc20_character_initiative_chs_chaos_sorcerer_lord_nur_06	character_to_character_own	1.0000
wh2_dlc11_effect_ability_enable_bound_purple_sun_of_xereus	wh3_dlc20_character_initiative_chs_chaos_sorcerer_lord_nur_07	character_to_character_own	1.0000
wh3_main_effect_ability_enable_gate_of_nurgle	wh3_dlc20_character_initiative_chs_chaos_sorcerer_lord_nur_08	character_to_character_own	1.0000
wh3_dlc20_effect_unit_upgrade_cost	wh3_dlc20_character_initiative_chs_chaos_sorcerer_lord_nur_09	character_to_force_own_alt_text	-10.0000
wh3_dlc20_effect_xp_gain_rate_undivided_units	wh3_dlc20_character_initiative_chs_chaos_sorcerer_lord_nur_09	character_to_force_own_alt_text	10.0000
wh3_dlc20_effect_pooled_resource_mod_souls_battle	wh3_dlc20_character_initiative_chs_chaos_sorcerer_lord_nur_10	character_to_force_own_unseen	10.0000
wh_main_effect_force_all_campaign_post_battle_loot_mod	wh3_dlc20_character_initiative_chs_chaos_sorcerer_lord_nur_10	character_to_character_own	10.0000
wh3_main_effect_battle_barrier_health_add	wh3_dlc20_character_initiative_chs_chaos_sorcerer_lord_tze_01	character_to_character_own	200.0000
wh_main_effect_character_stat_unit_health	wh3_dlc20_character_initiative_chs_chaos_sorcerer_lord_tze_01	character_to_character_own	5.0000
wh2_dlc12_effect_magic_cooldown_all_lores	wh3_dlc20_character_initiative_chs_chaos_sorcerer_lord_tze_02	character_to_character_own	-10.0000
wh2_dlc14_effect_magic_cost_all_lores_percentage	wh3_dlc20_character_initiative_chs_chaos_sorcerer_lord_tze_02	character_to_character_own	-10.0000
wh3_dlc20_effect_ability_gift_of_chaos_aspiring_champions	wh3_dlc20_character_initiative_chs_chaos_sorcerer_lord_tze_03	general_to_force_own	1.0000
wh_main_effect_ability_enable_kindleflame	wh3_dlc20_character_initiative_chs_chaos_sorcerer_lord_tze_04	character_to_character_own	1.0000
wh_main_effect_ability_enable_life-leeching	wh3_dlc20_character_initiative_chs_chaos_sorcerer_lord_tze_04	character_to_character_own	1.0000
wh3_main_effect_ability_enable_gaze_of_fate	wh3_dlc20_character_initiative_chs_chaos_sorcerer_lord_tze_05	character_to_character_own	1.0000
wh3_main_effect_winds_of_magic_character	wh3_dlc20_character_initiative_chs_chaos_sorcerer_lord_tze_05	character_to_force_own_unseen	2.0000
wh3_dlc20_effect_ability_enable_bound_gehennas_golden_hounds	wh3_dlc20_character_initiative_chs_chaos_sorcerer_lord_tze_06	character_to_character_own	1.0000
wh3_dlc20_effect_ability_enable_bound_pink_fire_of_tzeentch	wh3_dlc20_character_initiative_chs_chaos_sorcerer_lord_tze_07	character_to_character_own	1.0000
wh3_main_effect_ability_enable_gate_of_tzeentch	wh3_dlc20_character_initiative_chs_chaos_sorcerer_lord_tze_08	character_to_character_own	1.0000
wh3_dlc20_effect_unit_upgrade_cost	wh3_dlc20_character_initiative_chs_chaos_sorcerer_lord_tze_09	character_to_force_own_alt_text	-10.0000
wh3_dlc20_effect_xp_gain_rate_undivided_units	wh3_dlc20_character_initiative_chs_chaos_sorcerer_lord_tze_09	character_to_force_own_alt_text	10.0000
wh3_dlc20_effect_pooled_resource_mod_souls_battle	wh3_dlc20_character_initiative_chs_chaos_sorcerer_lord_tze_10	character_to_force_own_unseen	10.0000
wh_main_effect_force_all_campaign_post_battle_loot_mod	wh3_dlc20_character_initiative_chs_chaos_sorcerer_lord_tze_10	character_to_character_own	10.0000
wh_main_effect_character_stat_armour	wh3_dlc20_character_initiative_chs_chaos_sorcerer_lord_und_01	character_to_character_own	15.0000
wh_main_effect_character_stat_unit_health	wh3_dlc20_character_initiative_chs_chaos_sorcerer_lord_und_01	character_to_character_own	5.0000
wh2_dlc12_effect_magic_cooldown_all_lores	wh3_dlc20_character_initiative_chs_chaos_sorcerer_lord_und_02	character_to_character_own	-10.0000
wh2_dlc14_effect_magic_cost_all_lores_percentage	wh3_dlc20_character_initiative_chs_chaos_sorcerer_lord_und_02	character_to_character_own	-10.0000
wh3_dlc20_effect_ability_gift_of_chaos_aspiring_champions	wh3_dlc20_character_initiative_chs_chaos_sorcerer_lord_und_03	general_to_force_own	1.0000
wh3_main_effect_ability_enable_fires_of_change	wh3_dlc20_character_initiative_chs_chaos_sorcerer_lord_und_04	character_to_character_own	1.0000
wh3_main_effect_battle_barrier_health_add	wh3_dlc20_character_initiative_chs_chaos_sorcerer_lord_und_04	character_to_character_own	200.0000
wh3_main_effect_ability_enable_children_of_nurgle	wh3_dlc20_character_initiative_chs_chaos_sorcerer_lord_und_05	character_to_character_own	1.0000
wh_main_effect_character_stat_unit_health	wh3_dlc20_character_initiative_chs_chaos_sorcerer_lord_und_05	character_to_character_own	5.0000
wh3_dlc20_effect_ability_enable_bound_gehennas_golden_hounds	wh3_dlc20_character_initiative_chs_chaos_sorcerer_lord_und_06	character_to_character_own	1.0000
wh3_dlc20_effect_ability_enable_bound_penumbral_pendulum	wh3_dlc20_character_initiative_chs_chaos_sorcerer_lord_und_07	character_to_character_own	1.0000
wh3_main_effect_ability_enable_bound_the_portalglyph	wh3_dlc20_character_initiative_chs_chaos_sorcerer_lord_und_08	character_to_character_own	1.0000
wh3_dlc20_effect_unit_upgrade_cost	wh3_dlc20_character_initiative_chs_chaos_sorcerer_lord_und_09	character_to_force_own_alt_text	-10.0000
wh3_dlc20_effect_xp_gain_rate_undivided_units	wh3_dlc20_character_initiative_chs_chaos_sorcerer_lord_und_09	character_to_force_own_alt_text	10.0000
wh3_dlc20_effect_pooled_resource_mod_souls_battle	wh3_dlc20_character_initiative_chs_chaos_sorcerer_lord_und_10	character_to_force_own_unseen	10.0000
wh_main_effect_force_all_campaign_post_battle_loot_mod	wh3_dlc20_character_initiative_chs_chaos_sorcerer_lord_und_10	character_to_character_own	10.0000
wh_main_effect_character_stat_physical_resistance	wh3_dlc20_character_initiative_chs_chaos_sorcerer_sla_01	character_to_character_own	5.0000
wh_main_effect_character_stat_unit_health	wh3_dlc20_character_initiative_chs_chaos_sorcerer_sla_01	character_to_character_own	5.0000
wh2_dlc12_effect_magic_cooldown_all_lores	wh3_dlc20_character_initiative_chs_chaos_sorcerer_sla_02	character_to_character_own	-10.0000
wh2_dlc14_effect_magic_cost_all_lores_percentage	wh3_dlc20_character_initiative_chs_chaos_sorcerer_sla_02	character_to_character_own	-10.0000
wh3_main_effect_attribute_enable_devestating_flanker	wh3_dlc20_character_initiative_chs_chaos_sorcerer_sla_03	character_to_character_own	1.0000
wh3_main_effect_force_stat_charge_bonus_add_sla_hellstriders	wh3_dlc20_character_initiative_chs_chaos_sorcerer_sla_03	character_to_force_own_alt_text	10.0000
wh3_main_effect_ability_enable_eldritch_aura	wh3_dlc20_character_initiative_chs_chaos_sorcerer_sla_04	character_to_character_own	1.0000
wh_main_effect_character_stat_magic_resistance	wh3_dlc20_character_initiative_chs_chaos_sorcerer_sla_04	character_to_character_own	15.0000
wh3_dlc20_effect_ability_enable_soul_siphon	wh3_dlc20_character_initiative_chs_chaos_sorcerer_sla_05	character_to_character_own	1.0000
wh_main_effect_attribute_enable_causes_fear	wh3_dlc20_character_initiative_chs_chaos_sorcerer_sla_05	character_to_character_own	1.0000
wh3_main_effect_character_stat_enable_soporific_musk	wh3_dlc20_character_initiative_chs_chaos_sorcerer_sla_06	character_to_character_own	1.0000
wh_main_effect_character_stat_ap_damage	wh3_dlc20_character_initiative_chs_chaos_sorcerer_sla_06	character_to_character_own	50.0000
wh3_main_effect_ability_enable_bound_lash_of_despair	wh3_dlc20_character_initiative_chs_chaos_sorcerer_sla_07	character_to_character_own	1.0000
wh3_dlc20_effect_ability_enable_bound_penumbral_pendulum	wh3_dlc20_character_initiative_chs_chaos_sorcerer_sla_08	character_to_character_own	1.0000
wh2_main_effect_agent_action_hinder_agent_wound_buff	wh3_dlc20_character_initiative_chs_chaos_sorcerer_sla_09	character_to_character_own	15.0000
wh2_main_effect_agent_action_hinder_army_block_army_buff	wh3_dlc20_character_initiative_chs_chaos_sorcerer_sla_09	character_to_character_own	-10.0000
wh2_main_effect_agent_action_assist_army_scouting_buff	wh3_dlc20_character_initiative_chs_chaos_sorcerer_sla_10	character_to_character_own	15.0000
wh2_main_effect_agent_action_passive_spread_corruption_buff_chs	wh3_dlc20_character_initiative_chs_chaos_sorcerer_sla_10	character_to_character_own	2.0000
wh3_main_effect_battle_barrier_health_add	wh3_dlc20_character_initiative_chs_chaos_sorcerer_tze_01	character_to_character_own	200.0000
wh_main_effect_character_stat_unit_health	wh3_dlc20_character_initiative_chs_chaos_sorcerer_tze_01	character_to_character_own	5.0000
wh2_dlc12_effect_magic_cooldown_all_lores	wh3_dlc20_character_initiative_chs_chaos_sorcerer_tze_02	character_to_character_own	-10.0000
wh2_dlc14_effect_magic_cost_all_lores_percentage	wh3_dlc20_character_initiative_chs_chaos_sorcerer_tze_02	character_to_character_own	-10.0000
wh_main_effect_ability_enable_kindleflame	wh3_dlc20_character_initiative_chs_chaos_sorcerer_tze_03	character_to_character_own	1.0000
wh_main_effect_ability_enable_life-leeching	wh3_dlc20_character_initiative_chs_chaos_sorcerer_tze_03	character_to_character_own	1.0000
wh3_main_effect_ability_enable_eldritch_aura	wh3_dlc20_character_initiative_chs_chaos_sorcerer_tze_04	character_to_character_own	1.0000
wh_main_effect_character_stat_magic_resistance	wh3_dlc20_character_initiative_chs_chaos_sorcerer_tze_04	character_to_character_own	15.0000
wh3_main_effect_ability_enable_locus_of_conjuration	wh3_dlc20_character_initiative_chs_chaos_sorcerer_tze_05	character_to_character_own	1.0000
wh3_main_effect_winds_of_magic_character	wh3_dlc20_character_initiative_chs_chaos_sorcerer_tze_05	character_to_force_own_unseen	2.0000
wh3_main_effect_ability_enable_hidden_in_time	wh3_dlc20_character_initiative_chs_chaos_sorcerer_tze_06	character_to_character_own	1.0000
wh_main_effect_attribute_enable_vanguard_deployment	wh3_dlc20_character_initiative_chs_chaos_sorcerer_tze_06	character_to_character_own	1.0000
wh3_dlc20_effect_ability_enable_bound_gehennas_golden_hounds	wh3_dlc20_character_initiative_chs_chaos_sorcerer_tze_07	character_to_character_own	1.0000
wh3_dlc20_effect_ability_enable_bound_pink_fire_of_tzeentch	wh3_dlc20_character_initiative_chs_chaos_sorcerer_tze_08	character_to_character_own	1.0000
wh2_main_effect_agent_action_hinder_agent_wound_buff	wh3_dlc20_character_initiative_chs_chaos_sorcerer_tze_09	character_to_character_own	15.0000
wh2_main_effect_agent_action_hinder_army_block_army_buff	wh3_dlc20_character_initiative_chs_chaos_sorcerer_tze_09	character_to_character_own	-10.0000
wh2_main_effect_agent_action_assist_army_scouting_buff	wh3_dlc20_character_initiative_chs_chaos_sorcerer_tze_10	character_to_character_own	15.0000
wh2_main_effect_agent_action_passive_spread_corruption_buff_chs	wh3_dlc20_character_initiative_chs_chaos_sorcerer_tze_10	character_to_character_own	2.0000
wh_main_effect_character_stat_armour	wh3_dlc20_character_initiative_chs_chaos_sorcerer_und_01	character_to_character_own	15.0000
wh_main_effect_character_stat_unit_health	wh3_dlc20_character_initiative_chs_chaos_sorcerer_und_01	character_to_character_own	5.0000
wh2_dlc12_effect_magic_cooldown_all_lores	wh3_dlc20_character_initiative_chs_chaos_sorcerer_und_02	character_to_character_own	-10.0000
wh2_dlc14_effect_magic_cost_all_lores_percentage	wh3_dlc20_character_initiative_chs_chaos_sorcerer_und_02	character_to_character_own	-10.0000
wh3_main_effect_corruption_chaos_characters	wh3_dlc20_character_initiative_chs_chaos_sorcerer_und_03	character_to_province_any	1.0000
wh_main_effect_public_order_characters	wh3_dlc20_character_initiative_chs_chaos_sorcerer_und_03	character_to_province_own	2.0000
wh3_main_effect_ability_enable_eldritch_aura	wh3_dlc20_character_initiative_chs_chaos_sorcerer_und_04	character_to_character_own	1.0000
wh_main_effect_character_stat_magic_resistance	wh3_dlc20_character_initiative_chs_chaos_sorcerer_und_04	character_to_character_own	15.0000
wh3_main_effect_ability_enable_blissful_rapture	wh3_dlc20_character_initiative_chs_chaos_sorcerer_und_05	character_to_character_own	1.0000
wh_main_effect_attribute_enable_immune_to_psychology	wh3_dlc20_character_initiative_chs_chaos_sorcerer_und_05	character_to_character_own	1.0000
wh3_main_effect_ability_enable_fires_of_change	wh3_dlc20_character_initiative_chs_chaos_sorcerer_und_06	character_to_character_own	1.0000
wh3_main_effect_battle_barrier_health_add	wh3_dlc20_character_initiative_chs_chaos_sorcerer_und_06	character_to_character_own	200.0000
wh3_dlc20_effect_ability_enable_bound_gehennas_golden_hounds	wh3_dlc20_character_initiative_chs_chaos_sorcerer_und_07	character_to_character_own	1.0000
wh3_dlc20_effect_ability_enable_bound_penumbral_pendulum	wh3_dlc20_character_initiative_chs_chaos_sorcerer_und_08	character_to_character_own	1.0000
wh2_main_effect_agent_action_hinder_agent_wound_buff	wh3_dlc20_character_initiative_chs_chaos_sorcerer_und_09	character_to_character_own	15.0000
wh2_main_effect_agent_action_hinder_army_block_army_buff	wh3_dlc20_character_initiative_chs_chaos_sorcerer_und_09	character_to_character_own	-10.0000
wh2_main_effect_agent_action_assist_army_scouting_buff	wh3_dlc20_character_initiative_chs_chaos_sorcerer_und_10	character_to_character_own	15.0000
wh2_main_effect_agent_action_passive_spread_corruption_buff_chs	wh3_dlc20_character_initiative_chs_chaos_sorcerer_und_10	character_to_character_own	2.0000
wh_main_effect_character_stat_melee_defence	wh3_dlc20_character_initiative_chs_daemon_prince_kho_01	character_to_character_own	10.0000
wh_main_effect_character_stat_unit_health	wh3_dlc20_character_initiative_chs_daemon_prince_kho_01	character_to_character_own	10.0000
wh3_main_effect_ability_enable_revel_in_slaughter	wh3_dlc20_character_initiative_chs_daemon_prince_kho_02	character_to_character_own	1.0000
wh_main_effect_character_stat_melee_attack	wh3_dlc20_character_initiative_chs_daemon_prince_kho_02	character_to_character_own	10.0000
wh3_main_effect_ability_enable_gorefeast	wh3_dlc20_character_initiative_chs_daemon_prince_kho_03	character_to_character_own	1.0000
wh_main_effect_character_stat_unit_health	wh3_dlc20_character_initiative_chs_daemon_prince_kho_03	character_to_character_own	10.0000
wh3_main_effect_ability_enable_burning_rage	wh3_dlc20_character_initiative_chs_daemon_prince_kho_04	character_to_character_own	1.0000
wh_main_effect_character_stat_weapon_strength	wh3_dlc20_character_initiative_chs_daemon_prince_kho_04	character_to_character_own	15.0000
wh3_main_effect_character_campaign_experience_mod	wh3_dlc20_character_initiative_chs_daemon_prince_kho_05	character_to_character_own	20.0000
wh3_main_effect_ability_enable_chaos_armour	wh3_dlc20_character_initiative_chs_daemon_prince_kho_06	character_to_character_own	1.0000
wh_main_effect_character_stat_missile_resistance	wh3_dlc20_character_initiative_chs_daemon_prince_kho_06	character_to_character_own	25.0000
wh2_dlc10_effect_attribute_enable_perfect_vigour	wh3_dlc20_character_initiative_chs_daemon_prince_kho_07	character_to_character_own	1.0000
wh_main_effect_character_stat_ward_save	wh3_dlc20_character_initiative_chs_daemon_prince_kho_07	character_to_character_own	10.0000
wh3_dlc20_effect_unit_upgrade_cost	wh3_dlc20_character_initiative_chs_daemon_prince_kho_08	character_to_force_own_alt_text	-15.0000
wh3_dlc20_effect_xp_gain_rate_undivided_units	wh3_dlc20_character_initiative_chs_daemon_prince_kho_08	character_to_force_own_alt_text	15.0000
wh3_dlc20_effect_pooled_resource_mod_souls_battle	wh3_dlc20_character_initiative_chs_daemon_prince_kho_09	character_to_force_own_unseen	15.0000
wh_main_effect_force_all_campaign_post_battle_loot_mod	wh3_dlc20_character_initiative_chs_daemon_prince_kho_09	character_to_character_own	15.0000
wh2_main_effect_ability_enable_regeneration	wh3_dlc20_character_initiative_chs_daemon_prince_nur_01	character_to_character_own	1.0000
wh_main_effect_character_stat_unit_health	wh3_dlc20_character_initiative_chs_daemon_prince_nur_01	character_to_character_own	10.0000
wh2_dlc12_effect_magic_cooldown_all_lores	wh3_dlc20_character_initiative_chs_daemon_prince_nur_02	character_to_character_own	-15.0000
wh2_dlc14_effect_magic_cost_all_lores_percentage	wh3_dlc20_character_initiative_chs_daemon_prince_nur_02	character_to_character_own	-15.0000
wh_main_effect_character_wound_recovery_time_mod	wh3_dlc20_character_initiative_chs_daemon_prince_nur_03	character_to_character_own	-2.0000
wh_main_effect_force_all_campaign_replenishment_rate	wh3_dlc20_character_initiative_chs_daemon_prince_nur_03	general_to_force_own	5.0000
wh3_main_effect_ability_enable_virulent_contagion	wh3_dlc20_character_initiative_chs_daemon_prince_nur_04	character_to_character_own	1.0000
wh_main_effect_character_stat_melee_defence	wh3_dlc20_character_initiative_chs_daemon_prince_nur_04	character_to_character_own	10.0000
wh3_main_effect_character_campaign_experience_mod	wh3_dlc20_character_initiative_chs_daemon_prince_nur_05	character_to_character_own	20.0000
wh3_dlc20_effect_ability_enable_bound_fleshy_abundance	wh3_dlc20_character_initiative_chs_daemon_prince_nur_06	character_to_character_own	1.0000
wh3_dlc20_effect_healing_cap_modifier	wh3_dlc20_character_initiative_chs_daemon_prince_nur_06	general_to_force_own	15.0000
wh2_dlc10_effect_attribute_enable_perfect_vigour	wh3_dlc20_character_initiative_chs_daemon_prince_nur_07	character_to_character_own	1.0000
wh_main_effect_character_stat_ward_save	wh3_dlc20_character_initiative_chs_daemon_prince_nur_07	character_to_character_own	10.0000
wh3_dlc20_effect_unit_upgrade_cost	wh3_dlc20_character_initiative_chs_daemon_prince_nur_08	character_to_force_own_alt_text	-15.0000
wh3_dlc20_effect_xp_gain_rate_undivided_units	wh3_dlc20_character_initiative_chs_daemon_prince_nur_08	character_to_force_own_alt_text	15.0000
wh3_dlc20_effect_pooled_resource_mod_souls_battle	wh3_dlc20_character_initiative_chs_daemon_prince_nur_09	character_to_force_own_unseen	15.0000
wh_main_effect_force_all_campaign_post_battle_loot_mod	wh3_dlc20_character_initiative_chs_daemon_prince_nur_09	character_to_character_own	15.0000
wh_main_effect_character_stat_physical_resistance	wh3_dlc20_character_initiative_chs_daemon_prince_sla_01	character_to_character_own	10.0000
wh_main_effect_character_stat_unit_health	wh3_dlc20_character_initiative_chs_daemon_prince_sla_01	character_to_character_own	10.0000
wh2_dlc12_effect_magic_cooldown_all_lores	wh3_dlc20_character_initiative_chs_daemon_prince_sla_02	character_to_character_own	-15.0000
wh2_dlc14_effect_magic_cost_all_lores_percentage	wh3_dlc20_character_initiative_chs_daemon_prince_sla_02	character_to_character_own	-15.0000
wh3_main_effect_ability_enable_feasting_on_fear	wh3_dlc20_character_initiative_chs_daemon_prince_sla_03	character_to_character_own	1.0000
wh_main_effect_attribute_enable_causes_terror	wh3_dlc20_character_initiative_chs_daemon_prince_sla_03	character_to_character_own	1.0000
wh3_main_effect_ability_enable_sonic_boom	wh3_dlc20_character_initiative_chs_daemon_prince_sla_04	character_to_character_own	1.0000
wh_main_effect_character_stat_weapon_strength	wh3_dlc20_character_initiative_chs_daemon_prince_sla_04	character_to_character_own	15.0000
wh3_main_effect_character_campaign_experience_mod	wh3_dlc20_character_initiative_chs_daemon_prince_sla_05	character_to_character_own	20.0000
wh3_dlc20_effect_ability_enable_bound_slicing_shards	wh3_dlc20_character_initiative_chs_daemon_prince_sla_06	character_to_character_own	1.0000
wh_main_effect_character_stat_ap_damage	wh3_dlc20_character_initiative_chs_daemon_prince_sla_06	character_to_character_own	100.0000
wh2_dlc10_effect_attribute_enable_perfect_vigour	wh3_dlc20_character_initiative_chs_daemon_prince_sla_07	character_to_character_own	1.0000
wh_main_effect_character_stat_ward_save	wh3_dlc20_character_initiative_chs_daemon_prince_sla_07	character_to_character_own	10.0000
wh3_dlc20_effect_unit_upgrade_cost	wh3_dlc20_character_initiative_chs_daemon_prince_sla_08	character_to_force_own_alt_text	-15.0000
wh3_dlc20_effect_xp_gain_rate_undivided_units	wh3_dlc20_character_initiative_chs_daemon_prince_sla_08	character_to_force_own_alt_text	15.0000
wh3_dlc20_effect_pooled_resource_mod_souls_battle	wh3_dlc20_character_initiative_chs_daemon_prince_sla_09	character_to_force_own_unseen	15.0000
wh_main_effect_force_all_campaign_post_battle_loot_mod	wh3_dlc20_character_initiative_chs_daemon_prince_sla_09	character_to_character_own	15.0000
wh3_main_effect_battle_barrier_health_add	wh3_dlc20_character_initiative_chs_daemon_prince_tze_01	character_to_character_own	300.0000
wh_main_effect_character_stat_unit_health	wh3_dlc20_character_initiative_chs_daemon_prince_tze_01	character_to_character_own	10.0000
wh2_dlc12_effect_magic_cooldown_all_lores	wh3_dlc20_character_initiative_chs_daemon_prince_tze_02	character_to_character_own	-15.0000
wh2_dlc14_effect_magic_cost_all_lores_percentage	wh3_dlc20_character_initiative_chs_daemon_prince_tze_02	character_to_character_own	-15.0000
wh_main_effect_ability_enable_kindleflame	wh3_dlc20_character_initiative_chs_daemon_prince_tze_03	character_to_character_own	1.0000
wh_main_effect_ability_enable_life-leeching	wh3_dlc20_character_initiative_chs_daemon_prince_tze_03	character_to_character_own	1.0000
wh3_dlc20_effect_enables_warpflame_attacks	wh3_dlc20_character_initiative_chs_daemon_prince_tze_04	character_to_character_own	1.0000
wh3_main_effect_ability_enable_blue_fire	wh3_dlc20_character_initiative_chs_daemon_prince_tze_04	character_to_character_own	1.0000
wh3_main_effect_character_campaign_experience_mod	wh3_dlc20_character_initiative_chs_daemon_prince_tze_05	character_to_character_own	20.0000
wh3_dlc20_effect_ability_enable_bound_infernal_gateway	wh3_dlc20_character_initiative_chs_daemon_prince_tze_06	character_to_character_own	1.0000
wh3_main_effect_winds_of_magic_character	wh3_dlc20_character_initiative_chs_daemon_prince_tze_06	character_to_force_own_unseen	3.0000
wh2_dlc10_effect_attribute_enable_perfect_vigour	wh3_dlc20_character_initiative_chs_daemon_prince_tze_07	character_to_character_own	1.0000
wh_main_effect_character_stat_ward_save	wh3_dlc20_character_initiative_chs_daemon_prince_tze_07	character_to_character_own	10.0000
wh3_dlc20_effect_unit_upgrade_cost	wh3_dlc20_character_initiative_chs_daemon_prince_tze_08	character_to_force_own_alt_text	-15.0000
wh3_dlc20_effect_xp_gain_rate_undivided_units	wh3_dlc20_character_initiative_chs_daemon_prince_tze_08	character_to_force_own_alt_text	15.0000
wh3_dlc20_effect_pooled_resource_mod_souls_battle	wh3_dlc20_character_initiative_chs_daemon_prince_tze_09	character_to_force_own_unseen	15.0000
wh_main_effect_force_all_campaign_post_battle_loot_mod	wh3_dlc20_character_initiative_chs_daemon_prince_tze_09	character_to_character_own	15.0000
wh_main_effect_character_stat_armour	wh3_dlc20_character_initiative_chs_daemon_prince_und_01	character_to_character_own	25.0000
wh_main_effect_character_stat_unit_health	wh3_dlc20_character_initiative_chs_daemon_prince_und_01	character_to_character_own	10.0000
wh2_dlc12_effect_magic_cooldown_all_lores	wh3_dlc20_character_initiative_chs_daemon_prince_und_02	character_to_character_own	-15.0000
wh2_dlc14_effect_magic_cost_all_lores_percentage	wh3_dlc20_character_initiative_chs_daemon_prince_und_02	character_to_character_own	-15.0000
wh_main_effect_attribute_enable_unbreakable	wh3_dlc20_character_initiative_chs_daemon_prince_und_03	character_to_character_own	1.0000
wh_main_effect_character_stat_leadership_aura_size	wh3_dlc20_character_initiative_chs_daemon_prince_und_03	character_to_character_own	25.0000
wh3_main_effect_ability_enable_call_for_power	wh3_dlc20_character_initiative_chs_daemon_prince_und_04	character_to_character_own	1.0000
wh_main_effect_character_stat_weapon_strength	wh3_dlc20_character_initiative_chs_daemon_prince_und_04	character_to_character_own	15.0000
wh3_main_effect_character_campaign_experience_mod	wh3_dlc20_character_initiative_chs_daemon_prince_und_05	character_to_character_own	20.0000
wh2_dlc15_effect_character_stat_scorching_attacks	wh3_dlc20_character_initiative_chs_daemon_prince_und_06	character_to_character_own	1.0000
wh3_dlc20_effect_ability_enable_bound_flame_storm	wh3_dlc20_character_initiative_chs_daemon_prince_und_06	character_to_character_own	1.0000
wh2_dlc10_effect_attribute_enable_perfect_vigour	wh3_dlc20_character_initiative_chs_daemon_prince_und_07	character_to_character_own	1.0000
wh_main_effect_character_stat_ward_save	wh3_dlc20_character_initiative_chs_daemon_prince_und_07	character_to_character_own	10.0000
wh3_dlc20_effect_unit_upgrade_cost	wh3_dlc20_character_initiative_chs_daemon_prince_und_08	character_to_force_own_alt_text	-15.0000
wh3_dlc20_effect_xp_gain_rate_undivided_units	wh3_dlc20_character_initiative_chs_daemon_prince_und_08	character_to_force_own_alt_text	15.0000
wh3_dlc20_effect_pooled_resource_mod_souls_battle	wh3_dlc20_character_initiative_chs_daemon_prince_und_09	character_to_force_own_unseen	15.0000
wh_main_effect_force_all_campaign_post_battle_loot_mod	wh3_dlc20_character_initiative_chs_daemon_prince_und_09	character_to_character_own	15.0000
wh_main_effect_character_stat_melee_defence	wh3_dlc20_character_initiative_chs_exalted_hero_kho_01	character_to_character_own	5.0000
wh_main_effect_character_stat_unit_health	wh3_dlc20_character_initiative_chs_exalted_hero_kho_01	character_to_character_own	5.0000
wh3_dlc20_effect_enable_attribute_vanguard_deployment_chs_chaos_knights	wh3_dlc20_character_initiative_chs_exalted_hero_kho_02	character_to_force_own_unseen	1.0000
wh_main_effect_attribute_enable_vanguard_deployment	wh3_dlc20_character_initiative_chs_exalted_hero_kho_02	character_to_character_own	1.0000
wh3_dlc20_effect_enable_attribute_vanguard_deployment_chs_juggernauts	wh3_dlc20_character_initiative_chs_exalted_hero_kho_03	character_to_force_own_alt_text	1.0000
wh3_main_effect_ability_enable_revel_in_slaughter	wh3_dlc20_character_initiative_chs_exalted_hero_kho_04	character_to_character_own	1.0000
wh_main_effect_character_stat_melee_attack	wh3_dlc20_character_initiative_chs_exalted_hero_kho_04	character_to_character_own	5.0000
wh_main_effect_character_stat_melee_attack	wh3_dlc20_character_initiative_chs_exalted_hero_kho_05	character_to_character_own	5.0000
wh_main_effect_character_stat_weapon_strength	wh3_dlc20_character_initiative_chs_exalted_hero_kho_05	character_to_character_own	5.0000
wh3_main_effect_ability_enable_eldritch_aura	wh3_dlc20_character_initiative_chs_exalted_hero_kho_06	character_to_character_own	1.0000
wh_main_effect_character_stat_magic_resistance	wh3_dlc20_character_initiative_chs_exalted_hero_kho_06	character_to_character_own	15.0000
wh_main_effect_character_stat_ward_save	wh3_dlc20_character_initiative_chs_exalted_hero_kho_07	character_to_character_own	5.0000
wh3_dlc20_effect_unit_stat_fatigue_resistance_chosen	wh3_dlc20_character_initiative_chs_exalted_hero_kho_08	character_to_force_own_alt_text	-50.0000
wh2_main_effect_agent_action_assist_army_training_buff	wh3_dlc20_character_initiative_chs_exalted_hero_kho_09	character_to_character_own	25.0000
wh2_main_effect_agent_action_passive_spread_public_order_buff	wh3_dlc20_character_initiative_chs_exalted_hero_kho_09	character_to_character_own	2.0000
wh2_main_effect_agent_action_hinder_agent_assassinate_buff	wh3_dlc20_character_initiative_chs_exalted_hero_kho_10	character_to_character_own	15.0000
wh2_main_effect_agent_action_hinder_army_assault_units_buff	wh3_dlc20_character_initiative_chs_exalted_hero_kho_10	character_to_character_own	15.0000
wh2_main_effect_ability_enable_regeneration	wh3_dlc20_character_initiative_chs_exalted_hero_nur_01	character_to_character_own	1.0000
wh_main_effect_character_stat_unit_health	wh3_dlc20_character_initiative_chs_exalted_hero_nur_01	character_to_character_own	5.0000
wh3_dlc20_effect_enable_attribute_vanguard_deployment_chs_chaos_knights	wh3_dlc20_character_initiative_chs_exalted_hero_nur_02	character_to_force_own_unseen	1.0000
wh_main_effect_attribute_enable_vanguard_deployment	wh3_dlc20_character_initiative_chs_exalted_hero_nur_02	character_to_character_own	1.0000
wh_main_effect_character_stat_melee_attack	wh3_dlc20_character_initiative_chs_exalted_hero_nur_03	character_to_character_own	5.0000
wh_main_effect_character_stat_weapon_strength	wh3_dlc20_character_initiative_chs_exalted_hero_nur_03	character_to_character_own	5.0000
wh3_main_effect_ability_enable_eldritch_aura	wh3_dlc20_character_initiative_chs_exalted_hero_nur_04	character_to_character_own	1.0000
wh_main_effect_character_stat_magic_resistance	wh3_dlc20_character_initiative_chs_exalted_hero_nur_04	character_to_character_own	15.0000
wh3_main_effect_ability_enable_blight_swarm	wh3_dlc20_character_initiative_chs_exalted_hero_nur_05	character_to_character_own	1.0000
wh_main_effect_character_stat_melee_defence	wh3_dlc20_character_initiative_chs_exalted_hero_nur_05	character_to_character_own	5.0000
wh3_main_effect_corruption_nurgle_characters	wh3_dlc20_character_initiative_chs_exalted_hero_nur_06	character_to_province_any	1.0000
wh_main_effect_province_growth_characters	wh3_dlc20_character_initiative_chs_exalted_hero_nur_06	character_to_province_own	15.0000
wh_main_effect_character_stat_ward_save	wh3_dlc20_character_initiative_chs_exalted_hero_nur_07	character_to_character_own	5.0000
wh3_dlc20_effect_unit_stat_fatigue_resistance_chosen	wh3_dlc20_character_initiative_chs_exalted_hero_nur_08	character_to_force_own_alt_text	-50.0000
wh2_main_effect_agent_action_assist_army_training_buff	wh3_dlc20_character_initiative_chs_exalted_hero_nur_09	character_to_character_own	25.0000
wh2_main_effect_agent_action_hinder_army_assault_units_buff	wh3_dlc20_character_initiative_chs_exalted_hero_nur_09	character_to_character_own	15.0000
wh2_main_effect_agent_action_hinder_agent_assassinate_buff	wh3_dlc20_character_initiative_chs_exalted_hero_nur_10	character_to_character_own	15.0000
wh2_main_effect_agent_action_passive_spread_public_order_buff	wh3_dlc20_character_initiative_chs_exalted_hero_nur_10	character_to_character_own	2.0000
wh_main_effect_character_stat_armour	wh3_dlc20_character_initiative_chs_exalted_hero_und_01	character_to_character_own	15.0000
wh_main_effect_character_stat_unit_health	wh3_dlc20_character_initiative_chs_exalted_hero_und_01	character_to_character_own	5.0000
wh3_dlc20_effect_enable_attribute_vanguard_deployment_chs_chaos_knights	wh3_dlc20_character_initiative_chs_exalted_hero_und_02	character_to_force_own_unseen	1.0000
wh_main_effect_attribute_enable_vanguard_deployment	wh3_dlc20_character_initiative_chs_exalted_hero_und_02	character_to_character_own	1.0000
wh_main_effect_character_stat_melee_attack	wh3_dlc20_character_initiative_chs_exalted_hero_und_03	character_to_character_own	5.0000
wh_main_effect_character_stat_weapon_strength	wh3_dlc20_character_initiative_chs_exalted_hero_und_03	character_to_character_own	5.0000
wh3_main_effect_ability_enable_eldritch_aura	wh3_dlc20_character_initiative_chs_exalted_hero_und_04	character_to_character_own	1.0000
wh_main_effect_character_stat_magic_resistance	wh3_dlc20_character_initiative_chs_exalted_hero_und_04	character_to_character_own	15.0000
wh3_main_effect_corruption_chaos_characters	wh3_dlc20_character_initiative_chs_exalted_hero_und_05	character_to_province_any	1.0000
wh_main_effect_public_order_characters	wh3_dlc20_character_initiative_chs_exalted_hero_und_05	character_to_province_own	2.0000
wh_main_effect_character_stat_ward_save	wh3_dlc20_character_initiative_chs_exalted_hero_und_06	character_to_character_own	5.0000
wh3_dlc20_effect_unit_stat_fatigue_resistance_chosen	wh3_dlc20_character_initiative_chs_exalted_hero_und_07	character_to_force_own_alt_text	-50.0000
wh2_main_effect_agent_action_assist_army_training_buff	wh3_dlc20_character_initiative_chs_exalted_hero_und_08	character_to_character_own	25.0000
wh2_main_effect_agent_action_passive_spread_public_order_buff	wh3_dlc20_character_initiative_chs_exalted_hero_und_08	character_to_character_own	2.0000
wh2_main_effect_agent_action_hinder_agent_assassinate_buff	wh3_dlc20_character_initiative_chs_exalted_hero_und_09	character_to_character_own	15.0000
wh2_main_effect_agent_action_hinder_army_assault_units_buff	wh3_dlc20_character_initiative_chs_exalted_hero_und_09	character_to_character_own	15.0000
wh3_main_effect_character_campaign_experience_mod	wh3_dlc20_character_initiative_temp_chaos_undivided	character_to_character_own	25.0000
wh_main_effect_character_stat_weapon_strength	wh3_dlc20_character_initiative_temp_khorne	character_to_character_own	20.0000
wh_main_effect_character_stat_unit_health	wh3_dlc20_character_initiative_temp_nurgle	character_to_character_own	25.0000
wh_main_effect_character_stat_speed	wh3_dlc20_character_initiative_temp_slaanesh	character_to_character_own	20.0000
wh2_dlc12_effect_magic_cooldown_all_lores	wh3_dlc20_character_initiative_temp_tzeentch	character_to_character_own	-15.0000
wh3_dlc20_effect_character_upgrade_dummy	wh3_dlc20_character_upgrade_effects	character_to_character_own	1.0000
wh3_dlc20_effect_character_upgrade_delay_dummy	wh3_dlc20_character_upgrade_reject_ascension	character_to_character_own	1.0000
wh3_main_effect_character_campaign_experience_mod	wh3_dlc20_character_upgrade_reject_ascension	character_to_character_own	25.0000
wh3_dlc20_effect_character_upgrade_delay_dummy	wh3_dlc20_character_upgrade_reject_mark	character_to_character_own	1.0000
wh3_main_effect_character_campaign_experience_mod	wh3_dlc20_character_upgrade_reject_mark	character_to_character_own	25.0000
wh2_dlc11_effect_attrition_immunity_chaos	wh3_dlc20_diplomacy_effect_azazel_to_vassal	faction_to_force_own_unseen	1.0000
wh3_dlc20_effect_corruption_slaanesh_diplomacy	wh3_dlc20_diplomacy_effect_azazel_to_vassal	faction_to_province_own	2.0000
wh_main_effect_attribute_enable_immune_to_psychology	wh3_dlc20_diplomacy_effect_azazel_to_vassal	faction_to_force_own	1.0000
wh2_dlc11_effect_attrition_immunity_chaos	wh3_dlc20_diplomacy_effect_festus_to_vassal	faction_to_force_own_unseen	1.0000
wh3_dlc20_effect_corruption_nurgle_diplomacy	wh3_dlc20_diplomacy_effect_festus_to_vassal	faction_to_province_own	2.0000
wh_main_effect_character_stat_enable_poison_attacks	wh3_dlc20_diplomacy_effect_festus_to_vassal	faction_to_force_own	1.0000
wh2_dlc11_effect_attrition_immunity_chaos	wh3_dlc20_diplomacy_effect_valkia_to_vassal	faction_to_force_own_unseen	1.0000
wh3_dlc20_effect_corruption_khorne_diplomacy	wh3_dlc20_diplomacy_effect_valkia_to_vassal	faction_to_province_own	2.0000
wh_dlc08_effect_ability_enable_frenzy	wh3_dlc20_diplomacy_effect_valkia_to_vassal	faction_to_force_own	1.0000
wh2_dlc11_effect_attrition_immunity_chaos	wh3_dlc20_diplomacy_effect_vilitch_to_vassal	faction_to_force_own_unseen	1.0000
wh3_dlc20_effect_corruption_tzeentch_diplomacy	wh3_dlc20_diplomacy_effect_vilitch_to_vassal	faction_to_province_own	2.0000
wh3_main_effect_battle_barrier_health_add	wh3_dlc20_diplomacy_effect_vilitch_to_vassal	faction_to_force_own	200.0000
wh3_dlc29_effect_pooled_resource_chs_eotg_per_turn_hidden	wh3_dlc20_faction_initiative_chs_5_units_soul_grinders	faction_to_faction_own_unseen	1.0000
wh3_dlc29_effect_pooled_resource_chs_eotg_per_turn_hidden	wh3_dlc20_faction_initiative_chs_khorne_1_army_xp	faction_to_faction_own_unseen	1.0000
wh3_main_effect_character_experience_per_turn	wh3_dlc20_faction_initiative_chs_khorne_1_army_xp	faction_to_character_own	100.0000
wh3_dlc29_effect_pooled_resource_chs_eotg_per_turn_hidden	wh3_dlc20_faction_initiative_chs_khorne_1_economy_post_battle_income	faction_to_faction_own_unseen	1.0000
wh_main_effect_force_all_campaign_post_battle_loot_mod	wh3_dlc20_faction_initiative_chs_khorne_1_economy_post_battle_income	faction_to_character_own_unseen	35.0000
wh_main_effect_force_all_campaign_razing_income	wh3_dlc20_faction_initiative_chs_khorne_1_economy_post_battle_income	faction_to_character_own_unseen	35.0000
wh3_dlc29_effect_pooled_resource_chs_eotg_per_turn_hidden	wh3_dlc20_faction_initiative_chs_khorne_1_units_bloodletters	faction_to_faction_own_unseen	1.0000
wh3_dlc29_effect_pooled_resource_chs_eotg_per_turn_hidden	wh3_dlc20_faction_initiative_chs_khorne_1_units_flesh_hounds	faction_to_faction_own_unseen	1.0000
wh3_dlc20_effect_ability_bloodgreed_khorne_units	wh3_dlc20_faction_initiative_chs_khorne_2_army_upgrades	faction_to_force_own_unseen	1.0000
wh3_dlc20_effect_xp_gain_rate_khorne_units	wh3_dlc20_faction_initiative_chs_khorne_2_army_upgrades	faction_to_force_own_unseen	15.0000
wh3_dlc29_effect_pooled_resource_chs_eotg_per_turn_hidden	wh3_dlc20_faction_initiative_chs_khorne_2_army_upgrades	faction_to_faction_own_unseen	1.0000
wh3_dlc20_effect_ability_trophy_heads_khorne_characters	wh3_dlc20_faction_initiative_chs_khorne_3_characters_marking	faction_to_force_own_unseen	1.0000
wh3_dlc20_effect_armour_khorne_armies	wh3_dlc20_faction_initiative_chs_khorne_3_characters_marking	faction_to_force_own_unseen	10.0000
wh3_dlc20_effect_character_xp_khorne	wh3_dlc20_faction_initiative_chs_khorne_3_characters_marking	faction_to_character_own_unseen	25.0000
wh3_dlc29_effect_pooled_resource_chs_eotg_per_turn_hidden	wh3_dlc20_faction_initiative_chs_khorne_3_characters_marking	faction_to_faction_own_unseen	1.0000
wh3_dlc29_effect_pooled_resource_chs_eotg_per_turn_hidden	wh3_dlc20_faction_initiative_chs_khorne_3_units_skullcannons	faction_to_faction_own_unseen	1.0000
wh3_dlc29_effect_pooled_resource_chs_eotg_per_turn_hidden	wh3_dlc20_faction_initiative_chs_khorne_3_units_warshrine	faction_to_faction_own_unseen	1.0000
wh3_dlc29_effect_pooled_resource_chs_eotg_per_turn_hidden	wh3_dlc20_faction_initiative_chs_khorne_5_units_bloodthirsters	faction_to_faction_own_unseen	1.0000
wh3_dlc29_effect_pooled_resource_chs_eotg_per_turn_hidden	wh3_dlc20_faction_initiative_chs_nurgle_1_army_replenishment	faction_to_faction_own_unseen	1.0000
wh_main_effect_force_army_campaign_enable_replenishment_in_foreign_territory	wh3_dlc20_faction_initiative_chs_nurgle_1_army_replenishment	faction_to_force_own_unseen	1.0000
wh3_dlc29_effect_pooled_resource_chs_eotg_per_turn_hidden	wh3_dlc20_faction_initiative_chs_nurgle_1_economy_growth	faction_to_faction_own_unseen	1.0000
wh3_main_effect_factionwide_growth_from_battle_result	wh3_dlc20_faction_initiative_chs_nurgle_1_economy_growth	faction_to_character_own_unseen	75.0000
wh3_dlc29_effect_pooled_resource_chs_eotg_per_turn_hidden	wh3_dlc20_faction_initiative_chs_nurgle_1_units_beasts_of_nurgle	faction_to_faction_own_unseen	1.0000
wh3_dlc29_effect_pooled_resource_chs_eotg_per_turn_hidden	wh3_dlc20_faction_initiative_chs_nurgle_1_units_plaguebearers	faction_to_faction_own_unseen	1.0000
wh3_dlc20_effect_missile_resistance_nurgle_units	wh3_dlc20_faction_initiative_chs_nurgle_2_army_upgrades	faction_to_force_own_unseen	20.0000
wh3_dlc20_effect_xp_gain_rate_nurgle_units	wh3_dlc20_faction_initiative_chs_nurgle_2_army_upgrades	faction_to_force_own_unseen	15.0000
wh3_dlc29_effect_pooled_resource_chs_eotg_per_turn_hidden	wh3_dlc20_faction_initiative_chs_nurgle_2_army_upgrades	faction_to_faction_own_unseen	1.0000
wh3_dlc20_effect_ability_virulent_contagion_upgraded_nurgle_characters	wh3_dlc20_faction_initiative_chs_nurgle_3_characters_marking	faction_to_force_own_unseen	1.0000
wh3_dlc20_effect_character_xp_nurgle	wh3_dlc20_faction_initiative_chs_nurgle_3_characters_marking	faction_to_character_own_unseen	25.0000
wh3_dlc20_effect_melee_defence_nurgle_armies	wh3_dlc20_faction_initiative_chs_nurgle_3_characters_marking	faction_to_force_own_unseen	10.0000
wh3_dlc29_effect_pooled_resource_chs_eotg_per_turn_hidden	wh3_dlc20_faction_initiative_chs_nurgle_3_characters_marking	faction_to_faction_own_unseen	1.0000
wh3_dlc29_effect_pooled_resource_chs_eotg_per_turn_hidden	wh3_dlc20_faction_initiative_chs_nurgle_3_units_plague_drones	faction_to_faction_own_unseen	1.0000
wh3_dlc29_effect_pooled_resource_chs_eotg_per_turn_hidden	wh3_dlc20_faction_initiative_chs_nurgle_3_units_warshrine	faction_to_faction_own_unseen	1.0000
wh3_dlc29_effect_pooled_resource_chs_eotg_per_turn_hidden	wh3_dlc20_faction_initiative_chs_nurgle_5_units_great_unclean_one	faction_to_faction_own_unseen	1.0000
wh3_dlc29_effect_pooled_resource_chs_eotg_per_turn_hidden	wh3_dlc20_faction_initiative_chs_slaanesh_1_army_movement	faction_to_faction_own_unseen	1.0000
wh3_main_effect_own_reinforcement_time_percentage_mod	wh3_dlc20_faction_initiative_chs_slaanesh_1_army_movement	faction_to_faction_own_unseen	-75.0000
wh_main_effect_force_all_campaign_movement_range	wh3_dlc20_faction_initiative_chs_slaanesh_1_army_movement	faction_to_force_own_unseen	35.0000
wh_main_effect_force_all_campaign_upkeep	wh3_dlc20_faction_initiative_chs_slaanesh_1_army_movement	faction_to_force_own_unseen	15.0000
wh3_dlc29_effect_pooled_resource_chs_eotg_per_turn_hidden	wh3_dlc20_faction_initiative_chs_slaanesh_1_economy_control	faction_to_faction_own_unseen	1.0000
wh_main_effect_economy_gdp_mod_all	wh3_dlc20_faction_initiative_chs_slaanesh_1_economy_control	faction_to_region_own_unseen	35.0000
wh_main_effect_public_order_faction	wh3_dlc20_faction_initiative_chs_slaanesh_1_economy_control	faction_to_province_own	-10.0000
wh3_dlc29_effect_pooled_resource_chs_eotg_per_turn_hidden	wh3_dlc20_faction_initiative_chs_slaanesh_1_units_daemonettes	faction_to_faction_own_unseen	1.0000
wh3_dlc29_effect_pooled_resource_chs_eotg_per_turn_hidden	wh3_dlc20_faction_initiative_chs_slaanesh_1_units_seeker_chariots	faction_to_faction_own_unseen	1.0000
wh3_dlc20_effect_attribute_vanguard_slaanesh_units	wh3_dlc20_faction_initiative_chs_slaanesh_2_army_upgrades	faction_to_force_own_unseen	1.0000
wh3_dlc20_effect_xp_gain_rate_slaanesh_units	wh3_dlc20_faction_initiative_chs_slaanesh_2_army_upgrades	faction_to_force_own_unseen	15.0000
wh3_dlc29_effect_pooled_resource_chs_eotg_per_turn_hidden	wh3_dlc20_faction_initiative_chs_slaanesh_2_army_upgrades	faction_to_faction_own_unseen	1.0000
wh3_dlc20_effect_ability_sonic_boom_slaanesh_characters	wh3_dlc20_faction_initiative_chs_slaanesh_3_characters_marking	faction_to_force_own_unseen	1.0000
wh3_dlc20_effect_character_xp_slaanesh	wh3_dlc20_faction_initiative_chs_slaanesh_3_characters_marking	faction_to_character_own_unseen	25.0000
wh3_dlc20_effect_melee_attack_slaanesh_armies	wh3_dlc20_faction_initiative_chs_slaanesh_3_characters_marking	faction_to_force_own_unseen	10.0000
wh3_dlc29_effect_pooled_resource_chs_eotg_per_turn_hidden	wh3_dlc20_faction_initiative_chs_slaanesh_3_characters_marking	faction_to_faction_own_unseen	1.0000
wh3_dlc29_effect_pooled_resource_chs_eotg_per_turn_hidden	wh3_dlc20_faction_initiative_chs_slaanesh_3_units_fiends	faction_to_faction_own_unseen	1.0000
wh3_dlc29_effect_pooled_resource_chs_eotg_per_turn_hidden	wh3_dlc20_faction_initiative_chs_slaanesh_3_units_warshrine	faction_to_faction_own_unseen	1.0000
wh3_dlc29_effect_pooled_resource_chs_eotg_per_turn_hidden	wh3_dlc20_faction_initiative_chs_slaanesh_5_units_keeper_of_secrets	faction_to_faction_own_unseen	1.0000
wh2_dlc12_effect_magic_cooldown_all_lores	wh3_dlc20_faction_initiative_chs_tzeentch_1_army_winds	faction_to_force_own_unseen	-25.0000
wh3_dlc29_effect_pooled_resource_chs_eotg_per_turn_hidden	wh3_dlc20_faction_initiative_chs_tzeentch_1_army_winds	faction_to_faction_own_unseen	1.0000
wh3_main_effect_battle_barrier_health_mod	wh3_dlc20_faction_initiative_chs_tzeentch_1_army_winds	faction_to_force_own_unseen	25.0000
wh_main_effect_character_stat_miscast	wh3_dlc20_faction_initiative_chs_tzeentch_1_army_winds	faction_to_force_own_unseen	25.0000
wh3_dlc29_effect_pooled_resource_chs_eotg_per_turn_hidden	wh3_dlc20_faction_initiative_chs_tzeentch_1_economy_technology	faction_to_faction_own_unseen	1.0000
wh_main_effect_public_order_faction	wh3_dlc20_faction_initiative_chs_tzeentch_1_economy_technology	faction_to_province_own	-10.0000
wh_main_effect_technology_research_rate_mod	wh3_dlc20_faction_initiative_chs_tzeentch_1_economy_technology	faction_to_faction_own_unseen	35.0000
wh3_dlc29_effect_pooled_resource_chs_eotg_per_turn_hidden	wh3_dlc20_faction_initiative_chs_tzeentch_1_units_blue_horrors	faction_to_faction_own_unseen	1.0000
wh3_dlc29_effect_pooled_resource_chs_eotg_per_turn_hidden	wh3_dlc20_faction_initiative_chs_tzeentch_1_units_screamers	faction_to_faction_own_unseen	1.0000
wh3_dlc20_effect_warpflame_attack_tzeentch_units	wh3_dlc20_faction_initiative_chs_tzeentch_2_army_upgrades	faction_to_force_own_unseen	1.0000
wh3_dlc20_effect_xp_gain_rate_tzeentch_units	wh3_dlc20_faction_initiative_chs_tzeentch_2_army_upgrades	faction_to_force_own_unseen	15.0000
wh3_dlc29_effect_pooled_resource_chs_eotg_per_turn_hidden	wh3_dlc20_faction_initiative_chs_tzeentch_2_army_upgrades	faction_to_faction_own_unseen	1.0000
wh3_dlc20_effect_ability_gaze_of_fate_tzeentch_characters	wh3_dlc20_faction_initiative_chs_tzeentch_3_characters_marking	faction_to_force_own_unseen	1.0000
wh3_dlc20_effect_ammo_tzeentch_armies	wh3_dlc20_faction_initiative_chs_tzeentch_3_characters_marking	faction_to_force_own_unseen	15.0000
wh3_dlc20_effect_character_xp_tzeentch	wh3_dlc20_faction_initiative_chs_tzeentch_3_characters_marking	faction_to_character_own_unseen	25.0000
wh3_dlc29_effect_pooled_resource_chs_eotg_per_turn_hidden	wh3_dlc20_faction_initiative_chs_tzeentch_3_characters_marking	faction_to_faction_own_unseen	1.0000
wh3_dlc29_effect_pooled_resource_chs_eotg_per_turn_hidden	wh3_dlc20_faction_initiative_chs_tzeentch_3_units_flamers	faction_to_faction_own_unseen	1.0000
wh3_dlc29_effect_pooled_resource_chs_eotg_per_turn_hidden	wh3_dlc20_faction_initiative_chs_tzeentch_3_units_warshrine	faction_to_faction_own_unseen	1.0000
wh3_dlc29_effect_pooled_resource_chs_eotg_per_turn_hidden	wh3_dlc20_faction_initiative_chs_tzeentch_5_units_lord_of_Change	faction_to_faction_own_unseen	1.0000
wh3_dlc20_effect_force_stat_melee_attack_chaos_marauders	wh3_dlc20_faction_initiative_chs_undivided_1_army_marauders	faction_to_force_own_unseen	8.0000
wh3_dlc20_effect_replenishment_rate_marauders_all	wh3_dlc20_faction_initiative_chs_undivided_1_army_marauders	faction_to_force_own_unseen	10.0000
wh3_dlc29_effect_pooled_resource_chs_eotg_per_turn_hidden	wh3_dlc20_faction_initiative_chs_undivided_1_army_marauders	faction_to_faction_own_unseen	1.0000
wh2_dlc17_effect_ability_enabled_shatterstone	wh3_dlc20_faction_initiative_chs_undivided_1_economy_building	faction_to_force_own_unseen	1.0000
wh3_dlc29_effect_pooled_resource_chs_eotg_per_turn_hidden	wh3_dlc20_faction_initiative_chs_undivided_1_economy_building	faction_to_faction_own_unseen	1.0000
wh3_main_effect_building_settlement_initial_supply_points	wh3_dlc20_faction_initiative_chs_undivided_1_economy_building	faction_to_region_own_unseen	1000.0000
wh_main_effect_force_stat_missile_resistance	wh3_dlc20_faction_initiative_chs_undivided_1_economy_building	faction_to_force_own_unseen	15.0000
wh3_dlc29_effect_pooled_resource_chs_eotg_per_turn_hidden	wh3_dlc20_faction_initiative_chs_undivided_1_units_furies	faction_to_faction_own_unseen	1.0000
wh3_dlc20_effect_attribute_cause_fear_undivided_units	wh3_dlc20_faction_initiative_chs_undivided_2_army_upgrades	faction_to_force_own_unseen	1.0000
wh3_dlc20_effect_xp_gain_rate_undivided_units	wh3_dlc20_faction_initiative_chs_undivided_2_army_upgrades	faction_to_force_own_unseen	25.0000
wh3_dlc29_effect_pooled_resource_chs_eotg_per_turn_hidden	wh3_dlc20_faction_initiative_chs_undivided_2_army_upgrades	faction_to_faction_own_unseen	1.0000
wh3_dlc20_effect_allegiance_points_mod_norsca	wh3_dlc20_faction_initiative_chs_undivided_2_economy_vassals	faction_to_faction_own_unseen	100.0000
wh3_dlc29_effect_pooled_resource_chs_eotg_per_turn_hidden	wh3_dlc20_faction_initiative_chs_undivided_2_economy_vassals	faction_to_faction_own_unseen	1.0000
wh_main_effect_modify_vassal_income	wh3_dlc20_faction_initiative_chs_undivided_2_economy_vassals	faction_to_faction_own_unseen	100.0000
wh3_dlc20_effect_character_xp_share_leadertext	wh3_dlc20_faction_initiative_chs_undivided_2_xp_sharing	faction_to_faction_leader_unseen	25.0000
wh3_dlc20_effect_pooled_resource_mod_chs_authority_undivided_faction	wh3_dlc20_faction_initiative_chs_undivided_2_xp_sharing	faction_to_force_faction_leader	1.0000
wh3_dlc29_effect_pooled_resource_chs_eotg_per_turn_hidden	wh3_dlc20_faction_initiative_chs_undivided_2_xp_sharing	faction_to_faction_own_unseen	1.0000
wh3_dlc20_effect_ability_portalglyph_undivided_characters	wh3_dlc20_faction_initiative_chs_undivided_3_characters_marking	faction_to_force_own_unseen	1.0000
wh3_dlc20_effect_character_xp_undivided	wh3_dlc20_faction_initiative_chs_undivided_3_characters_marking	faction_to_character_own_unseen	50.0000
wh3_dlc29_effect_pooled_resource_chs_eotg_per_turn_hidden	wh3_dlc20_faction_initiative_chs_undivided_3_characters_marking	faction_to_faction_own_unseen	1.0000
wh3_dlc20_effect_replenishment_rate_marauders_all	wh3_dlc20_faction_initiative_chs_undivided_3_elites	faction_to_force_own_unseen	-100.0000
wh3_dlc20_effect_xp_gain_rate_chosen_warriors_knights_aspiring_champs	wh3_dlc20_faction_initiative_chs_undivided_3_elites	faction_to_force_own_unseen	50.0000
wh3_dlc29_effect_pooled_resource_chs_eotg_per_turn_hidden	wh3_dlc20_faction_initiative_chs_undivided_3_elites	faction_to_faction_own_unseen	1.0000
wh_main_effect_building_upkeep_reduction_chaos_marauders	wh3_dlc20_faction_initiative_chs_undivided_3_elites	faction_to_force_own_unseen	-50.0000
wh3_dlc29_effect_pooled_resource_chs_eotg_per_turn_hidden	wh3_dlc20_faction_initiative_chs_undivided_3_units_hellcannons	faction_to_faction_own_unseen	1.0000
wh3_dlc29_effect_pooled_resource_chs_eotg_per_turn_hidden	wh3_dlc20_faction_initiative_chs_undivided_3_units_warshrine	faction_to_faction_own_unseen	1.0000
wh3_dlc29_effect_pooled_resource_chs_eotg_per_turn_hidden	wh3_dlc20_faction_initiative_chs_undivided_5_units_shaggoths	faction_to_faction_own_unseen	1.0000
wh3_dlc20_effect_pooled_resource_mod_chs_authority_khorne_faction	wh3_dlc20_initiative_upgrade_all_kho_authority	faction_to_force_own	1.0000
wh3_main_effect_corruption_khorne_technology	wh3_dlc20_initiative_upgrade_all_kho_corruption	faction_to_province_own	1.0000
wh3_main_faction_political_diplomacy_mod_technology_khorne	wh3_dlc20_initiative_upgrade_all_kho_diplomacy	faction_to_faction_own_unseen	15.0000
wh_main_effect_force_stat_weapon_strength	wh3_dlc20_initiative_upgrade_all_kho_weapon_strength	faction_to_force_own_unseen	5.0000
wh3_dlc20_effect_pooled_resource_mod_chs_authority_nurgle_faction	wh3_dlc20_initiative_upgrade_all_nur_authority	faction_to_force_own	1.0000
wh3_main_effect_corruption_nurgle_technology	wh3_dlc20_initiative_upgrade_all_nur_corruption	faction_to_province_own	1.0000
wh3_main_faction_political_diplomacy_mod_nurgle	wh3_dlc20_initiative_upgrade_all_nur_diplomacy	faction_to_faction_own_unseen	15.0000
wh3_dlc20_effect_healing_cap_modifier	wh3_dlc20_initiative_upgrade_all_nur_healing_cap	faction_to_force_own_unseen	10.0000
wh3_dlc20_effect_pooled_resource_mod_chs_authority_slaanesh_faction	wh3_dlc20_initiative_upgrade_all_sla_authority	faction_to_force_own	1.0000
wh3_main_effect_corruption_slaanesh_technology	wh3_dlc20_initiative_upgrade_all_sla_corruption	faction_to_province_own	1.0000
wh3_main_faction_political_diplomacy_mod_technology_slaanesh	wh3_dlc20_initiative_upgrade_all_sla_diplomacy	faction_to_faction_own_unseen	15.0000
wh_main_effect_character_stat_speed	wh3_dlc20_initiative_upgrade_all_sla_speed	faction_to_force_own_unseen	5.0000
wh3_dlc20_effect_pooled_resource_mod_chs_authority_tzeentch_faction	wh3_dlc20_initiative_upgrade_all_tze_authority	faction_to_force_own	1.0000
wh3_main_effect_corruption_tzeentch_technology	wh3_dlc20_initiative_upgrade_all_tze_corruption	faction_to_province_own	1.0000
wh3_main_faction_political_diplomacy_mod_tzeentch	wh3_dlc20_initiative_upgrade_all_tze_diplomacy	faction_to_faction_own_unseen	15.0000
wh_main_effect_force_stat_physical_resistance	wh3_dlc20_initiative_upgrade_all_tze_physical_resistance	faction_to_force_own_unseen	3.0000
wh3_main_effect_corruption_chaos_technology	wh3_dlc20_initiative_upgrade_all_und_corruption	faction_to_province_own	2.0000
wh2_main_faction_political_diplomacy_mod_technology_skaven	wh3_dlc20_initiative_upgrade_all_und_diplomacy	faction_to_faction_own_unseen	15.0000
wh_dlc03_faction_political_diplomacy_mod_technology_beastmen	wh3_dlc20_initiative_upgrade_all_und_diplomacy	faction_to_faction_own_unseen	15.0000
wh_main_faction_political_diplomacy_mod_technology_norsca	wh3_dlc20_initiative_upgrade_all_und_diplomacy	faction_to_faction_own_unseen	15.0000
wh_main_effect_agent_action_outcome_parent_army_xp_gain_factionwide	wh3_dlc20_initiative_upgrade_khorne_1_feature_valkia_xp	faction_to_force_own	100.0000
wh3_main_effect_army_ability_enable_summoned_from_beyond_khorne	wh3_dlc20_initiative_upgrade_khorne_1_units_bloodletters	faction_to_force_faction_leader	1.0000
wh2_main_effect_plague_infectivity_mod_good	wh3_dlc20_initiative_upgrade_nurgle_1_feature_festus_plagues	faction_to_force_own	15.0000
wh3_main_effect_army_ability_enable_summoned_from_beyond_nurgle	wh3_dlc20_initiative_upgrade_nurgle_1_units_plaguebearers	faction_to_force_faction_leader	1.0000
wh3_main_effect_pre_battle_bribery_cost_mod	wh3_dlc20_initiative_upgrade_slaanesh_1_feature_azazel_bribes	faction_to_force_own	-20.0000
wh3_main_effect_army_ability_enable_summoned_from_beyond_slaanesh	wh3_dlc20_initiative_upgrade_slaanesh_1_units_daemonettes	faction_to_force_faction_leader	1.0000
wh_main_effect_force_army_campaign_ambush_defence_success_chance	wh3_dlc20_initiative_upgrade_tzeentch_1_feature_vilitch_teleport	faction_to_force_own	25.0000
wh3_main_effect_army_ability_enable_summoned_from_beyond_tzeentch	wh3_dlc20_initiative_upgrade_tzeentch_1_units_blue_horrors	faction_to_force_faction_leader	1.0000
wh3_dlc20_effect_xp_gain_rate_marauders	wh3_dlc20_initiative_upgrade_undivided_1_army_marauders	faction_to_force_own_unseen	25.0000
wh3_main_effect_allied_recruitment_global_pool_cost_percentage_mod	wh3_dlc20_initiative_upgrade_undivided_1_vassals	faction_to_faction_own_unseen	-25.0000
wh3_dlc20_attribute_expendable_marauders_marauder_cav	wh3_dlc20_initiative_upgrade_undivided_3_elites	faction_to_force_own_unseen	1.0000
wh3_dlc20_effect_scale_hidden	wh3_dlc20_kholek_vassal_bonus	faction_to_faction_leader_unseen	0.0100
wh3_main_effect_force_stat_unit_mass_percentage_mod	wh3_dlc20_kholek_vassal_bonus	faction_to_faction_leader_unseen	5.0000
wh_main_effect_force_stat_armour_mult	wh3_dlc20_kholek_vassal_bonus	faction_to_faction_leader_unseen	5.0000
wh_main_effect_force_stat_weapon_strength	wh3_dlc20_kholek_vassal_bonus	faction_to_faction_leader_unseen	5.0000
wh3_dlc20_effect_province_merc_capacity_marauders_sla	wh3_dlc20_rift_azazel_1	province_to_province_own_unseen	4.0000
wh3_main_effect_corruption_slaanesh_rifts	wh3_dlc20_rift_azazel_1	province_to_province_own_unseen	10.0000
wh3_dlc20_effect_province_merc_capacity_marauders_nur	wh3_dlc20_rift_festus_1	province_to_province_own_unseen	4.0000
wh3_main_effect_corruption_nurgle_rifts	wh3_dlc20_rift_festus_1	province_to_province_own_unseen	10.0000
wh3_dlc20_effect_province_merc_capacity_marauders_kho	wh3_dlc20_rift_valkia_1	province_to_province_own_unseen	4.0000
wh3_main_effect_corruption_khorne_rifts	wh3_dlc20_rift_valkia_1	province_to_province_own_unseen	10.0000
wh3_dlc20_effect_province_merc_capacity_marauders_tze	wh3_dlc20_rift_vilitch_1	province_to_province_own_unseen	4.0000
wh3_main_effect_corruption_tzeentch_rifts	wh3_dlc20_rift_vilitch_1	province_to_province_own_unseen	10.0000
wh3_dlc20_effect_pooled_resource_mod_chs_authority_khorne_character	wh3_dlc20_valkia_win_streak_0	force_to_force_own	0.0000
wh3_dlc20_effect_xp_gain_rate_khorne_units	wh3_dlc20_valkia_win_streak_0	force_to_force_own	0.0000
wh3_main_effect_corruption_khorne_characters	wh3_dlc20_valkia_win_streak_0	force_to_province_any	0.0000
wh3_dlc20_effect_pooled_resource_mod_chs_authority_khorne_character	wh3_dlc20_valkia_win_streak_1	force_to_force_own	1.0000
wh3_dlc20_effect_xp_gain_rate_khorne_units	wh3_dlc20_valkia_win_streak_1	force_to_force_own	5.0000
wh3_main_effect_corruption_khorne_characters	wh3_dlc20_valkia_win_streak_1	force_to_province_any	2.0000
wh3_dlc20_effect_pooled_resource_mod_chs_authority_khorne_character	wh3_dlc20_valkia_win_streak_2	force_to_force_own	2.0000
wh3_dlc20_effect_xp_gain_rate_khorne_units	wh3_dlc20_valkia_win_streak_2	force_to_force_own	10.0000
wh3_main_effect_corruption_khorne_characters	wh3_dlc20_valkia_win_streak_2	force_to_province_any	4.0000
wh3_dlc20_effect_pooled_resource_mod_chs_authority_khorne_character	wh3_dlc20_valkia_win_streak_3	force_to_force_own	3.0000
wh3_dlc20_effect_xp_gain_rate_khorne_units	wh3_dlc20_valkia_win_streak_3	force_to_force_own	15.0000
wh3_main_effect_corruption_khorne_characters	wh3_dlc20_valkia_win_streak_3	force_to_province_any	6.0000
wh_main_effect_force_army_campaign_enable_replenishment_in_foreign_territory	wh3_dlc20_valkia_win_streak_3	force_to_force_own	1.0000
wh3_dlc20_effect_pooled_resource_mod_chs_authority_khorne_character	wh3_dlc20_valkia_win_streak_negative	force_to_force_own	0.0000
wh3_dlc20_effect_xp_gain_rate_khorne_units	wh3_dlc20_valkia_win_streak_negative	force_to_force_own	-10.0000
wh3_dlc23_pooled_resource_chd_raw_material_efficiency_post	wh3_dlc23_chd_efficiency_raw_material_mod	province_to_province_own_unseen	-1.0000
wh3_dlc23_pooled_resource_chd_armaments_produced_per_turn	wh3_dlc23_chd_factory_assembly_line_1	province_to_province_own_unseen	50.0000
wh3_dlc23_pooled_resource_chd_raw_materials_consumed	wh3_dlc23_chd_factory_assembly_line_1	province_to_province_own_unseen	-150.0000
wh3_main_effect_corruption_chaos_buildings	wh3_dlc23_chd_factory_assembly_line_1	region_to_region_own	1.0000
wh3_dlc23_pooled_resource_chd_armaments_produced_per_turn	wh3_dlc23_chd_factory_assembly_line_2	province_to_province_own_unseen	100.0000
wh3_dlc23_pooled_resource_chd_raw_materials_consumed	wh3_dlc23_chd_factory_assembly_line_2	province_to_province_own_unseen	-225.0000
wh3_main_effect_corruption_chaos_buildings	wh3_dlc23_chd_factory_assembly_line_2	region_to_region_own	1.0000
wh3_dlc23_pooled_resource_chd_armaments_produced_per_turn	wh3_dlc23_chd_factory_assembly_line_3	province_to_province_own_unseen	150.0000
wh3_dlc23_pooled_resource_chd_raw_materials_consumed	wh3_dlc23_chd_factory_assembly_line_3	province_to_province_own_unseen	-300.0000
wh3_main_effect_corruption_chaos_buildings	wh3_dlc23_chd_factory_assembly_line_3	region_to_region_own	1.0000
wh3_dlc23_pooled_resource_chd_raw_materials_consumed	wh3_dlc23_chd_factory_refinery_1	province_to_province_own_unseen	-150.0000
wh3_main_effect_corruption_chaos_buildings	wh3_dlc23_chd_factory_refinery_1	region_to_region_own	1.0000
wh_main_effect_economy_gdp_manufacture	wh3_dlc23_chd_factory_refinery_1	building_to_building_own	300.0000
wh3_dlc23_pooled_resource_chd_raw_materials_consumed	wh3_dlc23_chd_factory_refinery_2	province_to_province_own_unseen	-225.0000
wh3_main_effect_corruption_chaos_buildings	wh3_dlc23_chd_factory_refinery_2	region_to_region_own	1.0000
wh_main_effect_economy_gdp_manufacture	wh3_dlc23_chd_factory_refinery_2	building_to_building_own	500.0000
wh3_dlc23_pooled_resource_chd_raw_materials_consumed	wh3_dlc23_chd_factory_refinery_3	province_to_province_own_unseen	-300.0000
wh3_main_effect_corruption_chaos_buildings	wh3_dlc23_chd_factory_refinery_3	region_to_region_own	1.0000
wh_main_effect_economy_gdp_manufacture	wh3_dlc23_chd_factory_refinery_3	building_to_building_own	750.0000
wh3_dlc23_effect_public_order_labour	wh3_dlc23_chd_labour_control	province_to_province_own_unseen	-1.0000
wh3_dlc23_effect_technology_gdp_mining_manufacture_mod_chd_resource_gold_gem	wh3_dlc23_chd_resource_gems_1	province_to_region_own	15.0000
wh3_dlc23_pooled_resource_chd_raw_materials_consumed	wh3_dlc23_chd_resource_gems_1	province_to_province_own_unseen	-225.0000
wh3_main_effect_corruption_chaos_buildings	wh3_dlc23_chd_resource_gems_1	region_to_region_own	1.0000
wh_main_effect_economy_gdp_manufacture	wh3_dlc23_chd_resource_gems_1	building_to_building_own	750.0000
wh3_dlc23_pooled_resource_chd_armaments_produced_per_turn	wh3_dlc23_chd_resource_iron_1	province_to_province_own_unseen	250.0000
wh3_dlc23_pooled_resource_chd_raw_materials_consumed	wh3_dlc23_chd_resource_iron_1	province_to_province_own_unseen	-300.0000
wh3_main_effect_corruption_chaos_buildings	wh3_dlc23_chd_resource_iron_1	region_to_region_own	1.0000
wh3_dlc23_pooled_resource_chd_armaments_produced_per_turn	wh3_dlc23_chd_resource_timber_1	province_to_province_own_unseen	150.0000
wh3_dlc23_pooled_resource_chd_raw_materials_consumed	wh3_dlc23_chd_resource_timber_1	province_to_province_own_unseen	-180.0000
wh3_main_effect_corruption_chaos_buildings	wh3_dlc23_chd_resource_timber_1	region_to_region_own	1.0000
wh3_dlc23_effect_ability_enable_strength_from_flesh_chd_bull_centaurs	wh3_dlc23_faction_initiative_chd_category_bull_centaurs_1	faction_to_force_not_garrsion_own_unseen	1.0000
wh3_dlc23_effect_ability_enable_murderous_charge_chd_centaur_taurus	wh3_dlc23_faction_initiative_chd_category_bull_centaurs_2	faction_to_force_not_garrsion_own_unseen	1.0000
wh3_dlc23_effect_enable_attribute_cause_terror_chd_centaur_taurus	wh3_dlc23_faction_initiative_chd_category_bull_centaurs_3	faction_to_force_not_garrsion_own_unseen	1.0000
wh3_dlc23_effect_battle_barrier_health_add_chd_centaur_taurus	wh3_dlc23_faction_initiative_chd_category_bull_centaurs_4	faction_to_force_not_garrsion_own_unseen	800.0000
wh3_dlc23_effect_enable_attribute_devastating_flanker_chd_bull_centaurs	wh3_dlc23_faction_initiative_chd_category_bull_centaurs_5	faction_to_force_not_garrsion_own_unseen	1.0000
wh3_dlc23_effect_attribute_enable_hellforged_chd_bull_centaur	wh3_dlc23_faction_initiative_chd_category_bull_centaurs_6	faction_to_force_not_garrsion_own_unseen	1.0000
wh3_dlc23_effect_attribute_enable_vanguard_chd_centaur_taurus	wh3_dlc23_faction_initiative_chd_category_bull_centaurs_7	faction_to_force_not_garrsion_own_unseen	1.0000
wh3_dlc23_effect_ability_enable_bloodgreed_chd_centaur_taurus	wh3_dlc23_faction_initiative_chd_category_bull_centaurs_8	faction_to_force_not_garrsion_own_unseen	1.0000
wh3_dlc23_effect_enable_vanguard_deployment_chd_flying_beasts	wh3_dlc23_faction_initiative_chd_category_flying_beasts_1	faction_to_force_not_garrsion_own_unseen	1.0000
wh3_dlc23_effect_force_stat_armour_chd_flying_beasts	wh3_dlc23_faction_initiative_chd_category_flying_beasts_2	faction_to_force_not_garrsion_own_unseen	25.0000
wh3_dlc23_effect_ability_enable_frenzy_chd_frenzy	wh3_dlc23_faction_initiative_chd_category_flying_beasts_3	faction_to_force_not_garrsion_own_unseen	1.0000
wh3_dlc23_effect_force_stat_missile_resist_chd_flying_beasts	wh3_dlc23_faction_initiative_chd_category_flying_beasts_4	faction_to_force_not_garrsion_own_unseen	15.0000
wh3_dlc23_effect_force_stat_barrier_chd_flying_beasts	wh3_dlc23_faction_initiative_chd_category_flying_beasts_5	faction_to_force_not_garrsion_own_unseen	800.0000
wh3_dlc23_effect_ability_enable_murderous_charge_chd_flying_beasts	wh3_dlc23_faction_initiative_chd_category_flying_beasts_6	faction_to_force_not_garrsion_own_unseen	1.0000
wh3_dlc23_effect_attribute_enable_stalk_chd_flying_monsters	wh3_dlc23_faction_initiative_chd_category_flying_beasts_7	faction_to_force_not_garrsion_own_unseen	1.0000
wh3_dlc23_effect_ability_enable_strength_from_flesh_chd_flying_beasts	wh3_dlc23_faction_initiative_chd_category_flying_beasts_8	faction_to_force_not_garrsion_own_unseen	1.0000
wh3_dlc23_effect_force_stat_charge_bonus_chd_kdaai	wh3_dlc23_faction_initiative_chd_category_kdaai_1	faction_to_force_not_garrsion_own_unseen	30.0000
wh3_dlc23_effect_battle_barrier_health_add_chd_kdaai	wh3_dlc23_faction_initiative_chd_category_kdaai_2	faction_to_force_not_garrsion_own_unseen	800.0000
wh3_dlc23_effect_ability_replace_burning_bright_upgraded_chd_kdaai	wh3_dlc23_faction_initiative_chd_category_kdaai_3	faction_to_force_not_garrsion_own_unseen	1.0000
wh3_main_effect_attribute_enable_devestating_flanker_chd_kdaai	wh3_dlc23_faction_initiative_chd_category_kdaai_4	faction_to_force_not_garrsion_own_unseen	1.0000
wh3_dlc23_effect_force_stat_missile_block_chance_chd_kdaai	wh3_dlc23_faction_initiative_chd_category_kdaai_5	faction_to_force_not_garrsion_own_unseen	35.0000
wh3_dlc23_effect_force_stat_missile_resist_chd_kdaai	wh3_dlc23_faction_initiative_chd_category_kdaai_6	faction_to_force_not_garrsion_own_unseen	15.0000
wh3_dlc23_effect_attribute_perfect_vigour_chd_kdaai	wh3_dlc23_faction_initiative_chd_category_kdaai_7	faction_to_force_not_garrsion_own_unseen	1.0000
wh3_dlc23_effect_ability_enable_forgefire_chd_kdaai	wh3_dlc23_faction_initiative_chd_category_kdaai_8	faction_to_force_not_garrsion_own_unseen	1.0000
wh3_dlc23_effect_force_stat_physical_resistance_chd_melee_infantry	wh3_dlc23_faction_initiative_chd_category_melee_infantry_1	faction_to_force_not_garrsion_own_unseen	10.0000
wh3_dlc23_effect_ability_enable_frenzy_chd_melee_inf	wh3_dlc23_faction_initiative_chd_category_melee_infantry_2	faction_to_force_not_garrsion_own_unseen	1.0000
wh3_dlc23_effect_ability_enable_glittering_scales_chd_melee_inf	wh3_dlc23_faction_initiative_chd_category_melee_infantry_3	faction_to_force_not_garrsion_own_unseen	1.0000
wh3_dlc23_effect_force_stat_magic_resist_chd_melee_inf	wh3_dlc23_faction_initiative_chd_category_melee_infantry_4	faction_to_force_not_garrsion_own_unseen	25.0000
wh3_dlc23_effect_attribute_enable_causes_fear_chd_melee_inf	wh3_dlc23_faction_initiative_chd_category_melee_infantry_5	faction_to_force_not_garrsion_own_unseen	1.0000
wh3_dlc23_effect_contact_phase_chd_melee_infantry	wh3_dlc23_faction_initiative_chd_category_melee_infantry_6	faction_to_force_not_garrsion_own_unseen	1.0000
wh3_dlc23_effect_immunity_to_contact_effects_chd_melee_inf	wh3_dlc23_faction_initiative_chd_category_melee_infantry_7	faction_to_force_not_garrsion_own_unseen	1.0000
wh3_dlc23_effect_attribute_enable_charge_reflection_chd_melee_inf	wh3_dlc23_faction_initiative_chd_category_melee_infantry_8	faction_to_force_not_garrsion_own_unseen	1.0000
wh3_dlc23_effect_contact_phase_suppressed_chd_missile_inf	wh3_dlc23_faction_initiative_chd_category_missile_infantry_1	faction_to_force_not_garrsion_own_unseen	1.0000
wh3_dlc23_effect_force_stat_enable_magic_attacks_chd_mis_inf	wh3_dlc23_faction_initiative_chd_category_missile_infantry_2	faction_to_force_not_garrsion_own_unseen	1.0000
wh3_dlc23_effect_attribute_enable_vanguard_chd_missile_inf	wh3_dlc23_faction_initiative_chd_category_missile_infantry_3	faction_to_force_not_garrsion_own_unseen	1.0000
wh3_dlc23_effect_ability_enable_extra_reload_chd_missile_inf	wh3_dlc23_faction_initiative_chd_category_missile_infantry_4	faction_to_force_not_garrsion_own_unseen	1.0000
wh3_dlc23_effect_force_stat_magic_resist_chd_missile_inf	wh3_dlc23_faction_initiative_chd_category_missile_infantry_5	faction_to_force_not_garrsion_own_unseen	25.0000
wh3_dlc23_effect_attribute_enable_stalk_chd_missile_infantry	wh3_dlc23_faction_initiative_chd_category_missile_infantry_6	faction_to_force_not_garrsion_own_unseen	1.0000
wh3_dlc23_effect_ability_enable_extra_powder_chd_missile_inf	wh3_dlc23_faction_initiative_chd_category_missile_infantry_7	faction_to_force_not_garrsion_own_unseen	1.0000
wh3_dlc23_effect_force_stat_reload_chd_missile_inf	wh3_dlc23_faction_initiative_chd_category_missile_infantry_8	faction_to_force_not_garrsion_own_unseen	10.0000
wh3_dlc23_effect_ability_enable_forgefire_chd_warmachines	wh3_dlc23_faction_initiative_chd_category_warmachines_1	faction_to_force_not_garrsion_own_unseen	1.0000
wh3_dlc23_effect_battle_barrier_health_add_chd_warmachines_arty	wh3_dlc23_faction_initiative_chd_category_warmachines_2	faction_to_force_not_garrsion_own_unseen	1000.0000
wh3_dlc23_effect_immunity_to_contact_effects_chd_warmachines	wh3_dlc23_faction_initiative_chd_category_warmachines_3	faction_to_force_not_garrsion_own_unseen	1.0000
wh3_dlc23_effect_ability_enable_extra_reload_chd_warmachines_arty	wh3_dlc23_faction_initiative_chd_category_warmachines_4	faction_to_force_not_garrsion_own_unseen	1.0000
wh3_dlc23_effect_ability_enable_blazing_body_chd_warmachines_arty	wh3_dlc23_faction_initiative_chd_category_warmachines_5	faction_to_force_not_garrsion_own_unseen	1.0000
wh3_dlc23_effect_ability_enable_extra_powder_chd_warmachines_arty	wh3_dlc23_faction_initiative_chd_category_warmachines_6	faction_to_force_not_garrsion_own_unseen	1.0000
wh3_dlc23_effect_force_stat_ammunition_chd_warmachines_arty	wh3_dlc23_faction_initiative_chd_category_warmachines_7	faction_to_force_not_garrsion_own_unseen	15.0000
wh3_dlc23_effect_ability_enable_hellbound_chd_warmachines_arty	wh3_dlc23_faction_initiative_chd_category_warmachines_8	faction_to_force_not_garrsion_own_unseen	1.0000
wh3_dlc23_effect_unit_upgrade_unlock_2_carriages_context_dummy	wh3_dlc23_faction_initiative_chd_category_warmachines_carriage_dummy_1	faction_to_force_not_garrsion_own_unseen	0.0000
wh3_dlc23_effect_unit_upgrade_unlock_3_carriages_context_dummy	wh3_dlc23_faction_initiative_chd_category_warmachines_carriage_dummy_2	faction_to_force_not_garrsion_own_unseen	0.0000
wh3_main_effect_province_growth_compass	wh3_dlc24_chaos_compass_power_basin_effect_1	faction_to_province_own_unseen	0.0000
wh3_main_effect_province_growth_compass	wh3_dlc24_chaos_compass_power_basin_effect_2	faction_to_province_own_unseen	6.0000
wh3_main_effect_province_growth_compass	wh3_dlc24_chaos_compass_power_basin_effect_3	faction_to_province_own_unseen	16.0000
wh3_main_effect_province_growth_compass	wh3_dlc24_chaos_compass_power_basin_effect_4	faction_to_province_own_unseen	30.0000
wh3_dlc24_effect_force_all_campaign_experience_base_all_compass	wh3_dlc24_chaos_compass_power_broken_effect_1	faction_to_province_own_unseen	0.0000
wh3_dlc24_effect_force_all_campaign_experience_base_all_compass	wh3_dlc24_chaos_compass_power_broken_effect_2	faction_to_province_own_unseen	2.0000
wh3_dlc24_effect_force_all_campaign_experience_base_all_compass	wh3_dlc24_chaos_compass_power_broken_effect_3	faction_to_province_own_unseen	4.0000
wh3_dlc24_effect_force_all_campaign_experience_base_all_compass	wh3_dlc24_chaos_compass_power_broken_effect_4	faction_to_province_own_unseen	6.0000
wh3_dlc24_effect_dragon_river_dummy	wh3_dlc24_chaos_compass_power_dragon_effect_1	faction_to_faction_own_unseen	1.0000
wh3_dlc24_effect_magic_manipulation_yuan_bo_dummy	wh3_dlc24_chaos_compass_selection_ashshair_effect	faction_to_faction_own_unseen	1.0000
wh3_dlc24_effect_winds_of_magic_compass	wh3_dlc24_chaos_compass_selection_ashshair_effect	faction_to_force_own_unseen	5.0000
wh3_dlc24_effect_building_construction_cost_mod_all_compass	wh3_dlc24_chaos_compass_selection_basin_effect	faction_to_region_own_unseen	-15.0000
wh3_dlc24_effect_building_construction_time_add_mod_all_compass	wh3_dlc24_chaos_compass_selection_basin_effect	faction_to_region_own_unseen	-1.0000
wh3_dlc24_effect_character_campaign_experience_mod_compass	wh3_dlc24_chaos_compass_selection_broken_effect	faction_to_character_own_unseen	50.0000
wh3_dlc24_effect_xp_gain_all_units_compass	wh3_dlc24_chaos_compass_selection_broken_effect	faction_to_force_own_unseen	33.0000
wh3_dlc24_effect_dragon_river_immortal	wh3_dlc24_chaos_compass_selection_dragon_effect	faction_to_character_own_unseen	1.0000
wh_main_effect_force_army_campaign_attrition_all_resistance	wh3_dlc24_chaos_compass_selection_dragon_effect	faction_to_force_own_unseen	-75.0000
wh3_main_effect_battle_barrier_health_add	wh3_dlc24_character_initiative_chs_chaos_lord_tze_01	character_to_character_own	200.0000
wh_main_effect_character_stat_unit_health	wh3_dlc24_character_initiative_chs_chaos_lord_tze_01	character_to_character_own	5.0000
wh3_main_effect_ability_enable_gaze_of_fate	wh3_dlc24_character_initiative_chs_chaos_lord_tze_02	character_to_character_own	1.0000
wh3_main_effect_winds_of_magic_character	wh3_dlc24_character_initiative_chs_chaos_lord_tze_02	character_to_force_own_unseen	2.0000
wh_main_effect_character_stat_melee_attack	wh3_dlc24_character_initiative_chs_chaos_lord_tze_03	character_to_character_own	5.0000
wh_main_effect_character_stat_weapon_strength	wh3_dlc24_character_initiative_chs_chaos_lord_tze_03	character_to_character_own	5.0000
wh3_dlc20_effect_ability_enable_bound_gehennas_golden_hounds	wh3_dlc24_character_initiative_chs_chaos_lord_tze_04	character_to_character_own	1.0000
wh3_main_effect_ability_enable_chaos_armour	wh3_dlc24_character_initiative_chs_chaos_lord_tze_05	character_to_character_own	1.0000
wh_main_effect_character_stat_missile_resistance	wh3_dlc24_character_initiative_chs_chaos_lord_tze_05	character_to_character_own	10.0000
wh_main_effect_character_stat_ward_save	wh3_dlc24_character_initiative_chs_chaos_lord_tze_06	character_to_character_own	5.0000
wh3_main_effect_ability_enable_gate_of_tzeentch	wh3_dlc24_character_initiative_chs_chaos_lord_tze_07	character_to_character_own	1.0000
wh3_dlc20_effect_unit_upgrade_cost	wh3_dlc24_character_initiative_chs_chaos_lord_tze_08	character_to_force_own_alt_text	-10.0000
wh3_dlc20_effect_xp_gain_rate_tzeentch_units	wh3_dlc24_character_initiative_chs_chaos_lord_tze_08	character_to_force_own_alt_text	10.0000
wh3_dlc20_effect_pooled_resource_mod_souls_battle	wh3_dlc24_character_initiative_chs_chaos_lord_tze_09	character_to_force_own_unseen	10.0000
wh_main_effect_force_all_campaign_post_battle_loot_mod	wh3_dlc24_character_initiative_chs_chaos_lord_tze_09	character_to_character_own	10.0000
wh3_main_effect_battle_barrier_health_add	wh3_dlc24_character_initiative_chs_exalted_hero_tze_01	character_to_character_own	200.0000
wh_main_effect_character_stat_unit_health	wh3_dlc24_character_initiative_chs_exalted_hero_tze_01	character_to_character_own	5.0000
wh3_dlc20_effect_enable_attribute_vanguard_deployment_chs_chaos_knights	wh3_dlc24_character_initiative_chs_exalted_hero_tze_02	character_to_force_own_unseen	1.0000
wh_main_effect_attribute_enable_vanguard_deployment	wh3_dlc24_character_initiative_chs_exalted_hero_tze_02	character_to_character_own	1.0000
wh3_main_effect_ability_enable_gaze_of_fate	wh3_dlc24_character_initiative_chs_exalted_hero_tze_03	character_to_character_own	1.0000
wh3_main_effect_winds_of_magic_character	wh3_dlc24_character_initiative_chs_exalted_hero_tze_03	agent_to_parent_army_own	2.0000
wh3_dlc20_effect_ability_enable_bound_gehennas_golden_hounds	wh3_dlc24_character_initiative_chs_exalted_hero_tze_04	character_to_character_own	1.0000
wh_main_effect_character_stat_melee_attack	wh3_dlc24_character_initiative_chs_exalted_hero_tze_05	character_to_character_own	5.0000
wh_main_effect_character_stat_weapon_strength	wh3_dlc24_character_initiative_chs_exalted_hero_tze_05	character_to_character_own	5.0000
wh3_main_effect_ability_enable_eldritch_aura	wh3_dlc24_character_initiative_chs_exalted_hero_tze_06	character_to_character_own	1.0000
wh_main_effect_character_stat_magic_resistance	wh3_dlc24_character_initiative_chs_exalted_hero_tze_06	character_to_character_own	15.0000
wh_main_effect_character_stat_ward_save	wh3_dlc24_character_initiative_chs_exalted_hero_tze_07	character_to_character_own	5.0000
wh3_dlc20_effect_unit_stat_fatigue_resistance_chosen	wh3_dlc24_character_initiative_chs_exalted_hero_tze_08	character_to_force_own_alt_text	-50.0000
wh2_main_effect_agent_action_assist_army_training_buff	wh3_dlc24_character_initiative_chs_exalted_hero_tze_09	character_to_character_own	25.0000
wh2_main_effect_agent_action_passive_spread_public_order_buff	wh3_dlc24_character_initiative_chs_exalted_hero_tze_09	character_to_character_own	2.0000
wh2_main_effect_agent_action_hinder_agent_assassinate_buff	wh3_dlc24_character_initiative_chs_exalted_hero_tze_10	character_to_character_own	15.0000
wh2_main_effect_agent_action_hinder_army_assault_units_buff	wh3_dlc24_character_initiative_chs_exalted_hero_tze_10	character_to_character_own	15.0000
wh3_dlc29_effect_pooled_resource_chs_eotg_per_turn_hidden	wh3_dlc24_faction_initiative_chs_tzeentch_3_units_changebringers	faction_to_faction_own_unseen	1.0000
wh3_dlc29_effect_pooled_resource_chs_eotg_per_turn_hidden	wh3_dlc24_faction_initiative_chs_tzeentch_3_units_cockatrice	faction_to_faction_own_unseen	1.0000
wh3_dlc29_effect_pooled_resource_chs_eotg_per_turn_hidden	wh3_dlc24_faction_initiative_chs_tzeentch_3_units_mutalith_vortex_beast	faction_to_faction_own_unseen	1.0000
wh_main_effect_character_stat_ammunition	wh3_dlc24_ingredient_bones_nehekharan_spine_allied	character_to_character_own_banner	50.0000
wh_main_effect_character_stat_ammunition	wh3_dlc24_ingredient_bones_nehekharan_spine_enemy	character_to_character_own_banner	-50.0000
wh_main_effect_character_stat_range	wh3_dlc24_ingredient_bones_rotting_clavicle_allied	character_to_character_own_banner	15.0000
wh_main_effect_character_stat_range	wh3_dlc24_ingredient_bones_rotting_clavicle_enemy	character_to_character_own_banner	-15.0000
wh_main_effect_character_stat_missile_damage	wh3_dlc24_ingredient_bones_well_gnawed_bone_allied	character_to_character_own_banner	15.0000
wh_main_effect_character_stat_missile_damage	wh3_dlc24_ingredient_bones_well_gnawed_bone_enemy	character_to_character_own_banner	-15.0000
wh_main_effect_attribute_enable_strider	wh3_dlc24_ingredient_horns_dawi_zharr_horn_allied	character_to_character_own_banner	1.0000
wh_main_effect_character_stat_speed	wh3_dlc24_ingredient_horns_dawi_zharr_horn_enemy	character_to_character_own_banner	-20.0000
wh2_dlc10_effect_attribute_enable_perfect_vigour	wh3_dlc24_ingredient_horns_gor_horn_allied	character_to_character_own_banner	1.0000
wh_main_effect_force_stat_vigour_loss_reduction	wh3_dlc24_ingredient_horns_gor_horn_enemy	character_to_character_own_banner	100.0000
wh_main_effect_character_stat_speed	wh3_dlc24_ingredient_horns_horned_one_trophy_allied	character_to_character_own_banner	20.0000
wh_main_effect_character_stat_speed	wh3_dlc24_ingredient_horns_horned_one_trophy_enemy	character_to_character_own_banner	-20.0000
wh_main_effect_character_stat_physical_resistance	wh3_dlc24_ingredient_skulls_daemon_skull_allied	character_to_character_own_banner	15.0000
wh_main_effect_character_stat_physical_resistance	wh3_dlc24_ingredient_skulls_daemon_skull_enemy	character_to_character_own_banner	-15.0000
wh_main_effect_character_stat_magic_resistance	wh3_dlc24_ingredient_skulls_elven_skull_allied	character_to_character_own_banner	25.0000
wh_main_effect_character_stat_magic_resistance	wh3_dlc24_ingredient_skulls_elven_skull_enemy	character_to_character_own_banner	-25.0000
wh2_main_effect_character_stat_enable_flaming_attacks	wh3_dlc24_ingredient_skulls_marauder_skull_allied	character_to_character_own_banner	1.0000
wh2_dlc16_effect_weakness_to_fire	wh3_dlc24_ingredient_skulls_marauder_skull_enemy	character_to_character_own_banner	-30.0000
wh_main_effect_character_stat_armour	wh3_dlc24_ingredient_stone_brynduraz_allied	character_to_character_own_banner	20.0000
wh_main_effect_character_stat_armour	wh3_dlc24_ingredient_stone_brynduraz_enemy	character_to_character_own_banner	-20.0000
wh_main_effect_character_stat_melee_defence	wh3_dlc24_ingredient_stone_stone_dog_ornament_allied	character_to_character_own_banner	10.0000
wh_main_effect_character_stat_melee_defence	wh3_dlc24_ingredient_stone_stone_dog_ornament_enemy	character_to_character_own_banner	-10.0000
wh2_main_effect_force_stat_weapon_strength_base	wh3_dlc24_ingredient_stone_warpstone_fragment_allied	character_to_character_own_banner	-6.0000
wh_main_effect_force_stat_ap_damage	wh3_dlc24_ingredient_stone_warpstone_fragment_allied	character_to_character_own_banner	6.0000
wh2_main_effect_force_stat_weapon_strength_base	wh3_dlc24_ingredient_stone_warpstone_fragment_enemy	character_to_character_own_banner	6.0000
wh_main_effect_force_stat_ap_damage	wh3_dlc24_ingredient_stone_warpstone_fragment_enemy	character_to_character_own_banner	-6.0000
wh_main_effect_character_stat_charge_bonus_pct	wh3_dlc24_ingredient_teeth_cold_ones_fang_allied	character_to_character_own_banner	25.0000
wh_main_effect_character_stat_charge_bonus_pct	wh3_dlc24_ingredient_teeth_cold_ones_fang_enemy	character_to_character_own_banner	-25.0000
wh_main_effect_character_stat_melee_attack	wh3_dlc24_ingredient_teeth_incisor_of_man_allied	character_to_character_own_banner	10.0000
wh_main_effect_character_stat_melee_attack	wh3_dlc24_ingredient_teeth_incisor_of_man_enemy	character_to_character_own_banner	-10.0000
wh_main_effect_character_stat_weapon_strength	wh3_dlc24_ingredient_teeth_orc_molar_allied	character_to_character_own_banner	10.0000
wh_main_effect_character_stat_weapon_strength	wh3_dlc24_ingredient_teeth_orc_molar_enemy	character_to_character_own_banner	-10.0000
wh_main_effect_attribute_enable_vanguard_deployment	wh3_dlc24_ingredient_wood_bark_of_ages_allied	character_to_character_own_banner	1.0000
wh_main_effect_character_stat_speed	wh3_dlc24_ingredient_wood_bark_of_ages_enemy	character_to_character_own_banner	-15.0000
wh_main_effect_attribute_enable_immune_to_psychology	wh3_dlc24_ingredient_wood_branch_of_arden_allied	character_to_character_own_banner	1.0000
wh3_dlc24_effect_ability_enable_remove_fear_and_terror_attribute_hidden_ability	wh3_dlc24_ingredient_wood_branch_of_arden_enemy	character_to_character_own_banner	1.0000
wh_main_effect_character_stat_leadership	wh3_dlc24_ingredient_wood_ursun_totem_allied	character_to_character_own_banner	8.0000
wh_main_effect_character_stat_leadership	wh3_dlc24_ingredient_wood_ursun_totem_enemy	character_to_character_own_banner	-8.0000
wh3_dlc24_effect_ability_enable_agonys_succession	wh3_dlc24_recipe_agonys_succession	character_to_character_own_banner	1.0000
wh3_dlc24_effect_ability_enable_bears_bulwark	wh3_dlc24_recipe_bears_bulwark	character_to_character_own_banner	1.0000
wh3_dlc24_effect_ability_enable_craven_scent	wh3_dlc24_recipe_craven_scent	character_to_character_own_banner	1.0000
wh3_dlc24_effect_ability_enable_deadeyes_sting	wh3_dlc24_recipe_deadeyes_sting	character_to_character_own_banner	1.0000
wh3_dlc24_effect_ability_enable_ember_dread	wh3_dlc24_recipe_ember_dread	character_to_character_own_banner	1.0000
wh3_dlc24_effect_ability_enable_entropous	wh3_dlc24_recipe_entropous	character_to_character_own_banner	1.0000
wh3_dlc24_effect_ability_enable_fragmentii	wh3_dlc24_recipe_fragmentii	character_to_character_own_banner	1.0000
wh3_dlc24_effect_ability_enable_frostwyverns_toil	wh3_dlc24_recipe_frostwyverns_toil	character_to_character_own_banner	1.0000
wh3_dlc24_effect_ability_enable_gait_of_thorns	wh3_dlc24_recipe_gait_of_thorns	character_to_character_own_banner	1.0000
wh3_dlc24_effect_ability_enable_hags_denial	wh3_dlc24_recipe_hags_denial	character_to_character_own_banner	1.0000
wh3_dlc24_effect_ability_enable_harrowing_coil	wh3_dlc24_recipe_harrowing_coil	character_to_character_own_banner	1.0000
wh3_dlc24_effect_ability_enable_hushed_cast	wh3_dlc24_recipe_hushed_cast	character_to_character_own_banner	1.0000
wh3_dlc24_effect_ability_enable_incarnates_wrath	wh3_dlc24_recipe_incarnates_wrath	character_to_character_own_banner	1.0000
wh3_dlc24_effect_ability_enable_inversus	wh3_dlc24_recipe_inversus	character_to_character_own_banner	1.0000
wh3_dlc24_effect_ability_enable_leshys_embrace	wh3_dlc24_recipe_leshys_embrace	character_to_character_own_banner	1.0000
wh3_dlc24_effect_ability_enable_rats_grit	wh3_dlc24_recipe_rats_grit	character_to_character_own_banner	1.0000
wh3_dlc24_effect_ability_enable_spectres_miasma	wh3_dlc24_recipe_spectres_miasma	character_to_character_own_banner	1.0000
wh3_dlc24_effect_ability_enable_spirited_away	wh3_dlc24_recipe_spirited_away	character_to_character_own_banner	1.0000
wh3_dlc24_effect_ability_enable_typhlosis	wh3_dlc24_recipe_typhlosis	character_to_character_own_banner	1.0000
wh3_dlc24_effect_ability_enable_unburdened_step	wh3_dlc24_recipe_unburdened_step	character_to_character_own_banner	1.0000
wh3_dlc24_effect_ability_enable_whiff_of_madness	wh3_dlc24_recipe_whiff_of_madness	character_to_character_own_banner	1.0000
wh3_dlc24_effect_ability_enable_wraith_sight	wh3_dlc24_recipe_wraith_sight	character_to_character_own_banner	1.0000
wh2_main_effect_ability_enable_regeneration	wh3_dlc25_character_initiative_chs_chaos_lord_nur_01	character_to_character_own	1.0000
wh_main_effect_character_stat_unit_health	wh3_dlc25_character_initiative_chs_chaos_lord_nur_01	character_to_character_own	5.0000
wh3_main_effect_ability_enable_blight_swarm	wh3_dlc25_character_initiative_chs_chaos_lord_nur_02	character_to_character_own	1.0000
wh_main_effect_character_stat_melee_defence	wh3_dlc25_character_initiative_chs_chaos_lord_nur_02	character_to_character_own	5.0000
wh_main_effect_character_stat_melee_attack	wh3_dlc25_character_initiative_chs_chaos_lord_nur_03	character_to_character_own	5.0000
wh_main_effect_character_stat_weapon_strength	wh3_dlc25_character_initiative_chs_chaos_lord_nur_03	character_to_character_own	5.0000
wh3_main_effect_corruption_nurgle_characters	wh3_dlc25_character_initiative_chs_chaos_lord_nur_04	character_to_province_any	1.0000
wh_main_effect_province_growth_characters	wh3_dlc25_character_initiative_chs_chaos_lord_nur_04	character_to_province_own	15.0000
wh3_main_effect_ability_enable_chaos_armour	wh3_dlc25_character_initiative_chs_chaos_lord_nur_05	character_to_character_own	1.0000
wh_main_effect_character_stat_missile_resistance	wh3_dlc25_character_initiative_chs_chaos_lord_nur_05	character_to_character_own	10.0000
wh_main_effect_character_stat_ward_save	wh3_dlc25_character_initiative_chs_chaos_lord_nur_06	character_to_character_own	5.0000
wh3_main_effect_ability_enable_gate_of_nurgle	wh3_dlc25_character_initiative_chs_chaos_lord_nur_07	character_to_character_own	1.0000
wh3_dlc20_effect_unit_upgrade_cost	wh3_dlc25_character_initiative_chs_chaos_lord_nur_08	character_to_force_own_alt_text	-15.0000
wh3_dlc20_effect_xp_gain_rate_undivided_units	wh3_dlc25_character_initiative_chs_chaos_lord_nur_08	character_to_force_own_alt_text	15.0000
wh3_dlc20_effect_pooled_resource_mod_souls_battle	wh3_dlc25_character_initiative_chs_chaos_lord_nur_09	character_to_force_own_unseen	15.0000
wh_main_effect_force_all_campaign_post_battle_loot_mod	wh3_dlc25_character_initiative_chs_chaos_lord_nur_09	character_to_character_own	15.0000
wh2_main_effect_ability_enable_regeneration	wh3_dlc25_character_initiative_chs_chaos_sorcerer_nur_01	character_to_character_own	1.0000
wh_main_effect_character_stat_unit_health	wh3_dlc25_character_initiative_chs_chaos_sorcerer_nur_01	character_to_character_own	5.0000
wh2_dlc12_effect_magic_cooldown_all_lores	wh3_dlc25_character_initiative_chs_chaos_sorcerer_nur_02	character_to_character_own	-10.0000
wh2_dlc14_effect_magic_cost_all_lores_percentage	wh3_dlc25_character_initiative_chs_chaos_sorcerer_nur_02	character_to_character_own	-10.0000
wh3_main_effect_ability_enable_eldritch_aura	wh3_dlc25_character_initiative_chs_chaos_sorcerer_nur_03	character_to_character_own	1.0000
wh_main_effect_character_stat_magic_resistance	wh3_dlc25_character_initiative_chs_chaos_sorcerer_nur_03	character_to_character_own	15.0000
wh3_main_effect_corruption_nurgle_characters	wh3_dlc25_character_initiative_chs_chaos_sorcerer_nur_04	character_to_province_any	1.0000
wh_main_effect_province_growth_characters	wh3_dlc25_character_initiative_chs_chaos_sorcerer_nur_04	character_to_province_own	15.0000
wh3_dlc20_effect_ability_enable_bound_stream_of_corruption	wh3_dlc25_character_initiative_chs_chaos_sorcerer_nur_05	character_to_character_own	1.0000
wh3_main_effect_ability_enable_blight_swarm	wh3_dlc25_character_initiative_chs_chaos_sorcerer_nur_06	character_to_character_own	1.0000
wh_main_effect_character_stat_melee_defence	wh3_dlc25_character_initiative_chs_chaos_sorcerer_nur_06	character_to_character_own	5.0000
wh2_dlc11_effect_ability_enable_bound_purple_sun_of_xereus	wh3_dlc25_character_initiative_chs_chaos_sorcerer_nur_07	character_to_character_own	1.0000
wh2_main_effect_agent_action_hinder_agent_wound_buff	wh3_dlc25_character_initiative_chs_chaos_sorcerer_nur_08	character_to_character_own	15.0000
wh2_main_effect_agent_action_hinder_army_block_army_buff	wh3_dlc25_character_initiative_chs_chaos_sorcerer_nur_08	character_to_character_own	-10.0000
wh2_main_effect_agent_action_assist_army_scouting_buff	wh3_dlc25_character_initiative_chs_chaos_sorcerer_nur_09	character_to_character_own	15.0000
wh2_main_effect_agent_action_passive_spread_corruption_buff_chs	wh3_dlc25_character_initiative_chs_chaos_sorcerer_nur_09	character_to_character_own	2.0000
wh3_dlc29_effect_pooled_resource_chs_eotg_per_turn_hidden	wh3_dlc25_faction_initiative_chs_nurgle_3_units_plague_ogres	faction_to_faction_own_unseen	1.0000
wh3_dlc29_effect_pooled_resource_chs_eotg_per_turn_hidden	wh3_dlc25_faction_initiative_chs_nurgle_5_units_toad_dragon	faction_to_faction_own_unseen	1.0000
wh3_dlc25_effect_province_growth_alliances	wh3_dlc25_karl_alliance_bonus	faction_to_province_own_unseen	5.0000
wh3_main_effect_character_campaign_experience_mod	wh3_dlc26_character_initiative_ogr_big_name_bragg_01	character_to_character_own	20.0000
wh_main_effect_character_stat_ward_save	wh3_dlc26_character_initiative_ogr_big_name_bragg_01	character_to_character_own	5.0000
wh3_dlc24_effect_attribute_enable_executor	wh3_dlc26_character_initiative_ogr_big_name_bragg_02	character_to_character_own	1.0000
wh_main_effect_character_stat_ap_damage	wh3_dlc26_character_initiative_ogr_big_name_bragg_02	character_to_character_own	50.0000
wh_main_effect_character_stat_aura_leadership_effect	wh3_dlc26_character_initiative_ogr_big_name_bragg_03	character_to_character_own	4.0000
wh_main_effect_force_stat_leadership_enemy_unit	wh3_dlc26_character_initiative_ogr_big_name_bragg_03	force_to_force_enemy_regionwide	-4.0000
wh2_main_effect_agent_action_hinder_agent_assassinate_buff	wh3_dlc26_character_initiative_ogr_big_name_bragg_04	character_to_character_own	25.0000
wh_main_effect_attribute_enable_unbreakable	wh3_dlc26_character_initiative_ogr_big_name_bragg_04	character_to_character_own	1.0000
wh3_dlc26_effect_name_title_ogr_big_name_coin_counter	wh3_dlc26_character_initiative_ogr_big_name_coin_counter	character_to_character_own	1.0000
wh3_dlc26_paymaster_abilities_cooldown	wh3_dlc26_character_initiative_ogr_big_name_coin_counter	character_to_character_own	-25.0000
wh_main_effect_force_all_campaign_upkeep	wh3_dlc26_character_initiative_ogr_big_name_coin_counter	character_to_force_own_alt_text	-10.0000
wh3_dlc25_effect_ability_enable_bound_burning_head	wh3_dlc26_character_initiative_ogr_big_name_firebelly_marrow_muncher	character_to_character_own	1.0000
wh3_dlc26_effect_name_title_ogr_big_name_marrow_muncher	wh3_dlc26_character_initiative_ogr_big_name_firebelly_marrow_muncher	character_to_character_own	1.0000
wh_main_effect_character_stat_magic_resistance	wh3_dlc26_character_initiative_ogr_big_name_firebelly_marrow_muncher	character_to_character_own	15.0000
wh2_dlc17_effect_ability_enable_rowdy	wh3_dlc26_character_initiative_ogr_big_name_golgfag_01	character_to_character_own	1.0000
wh_main_effect_character_stat_physical_resistance	wh3_dlc26_character_initiative_ogr_big_name_golgfag_01	force_to_force_own	5.0000
wh2_dlc11_cst_increase_sea_encounter	wh3_dlc26_character_initiative_ogr_big_name_golgfag_02	character_to_faction	1.0000
wh_main_effect_force_all_campaign_movement_range	wh3_dlc26_character_initiative_ogr_big_name_golgfag_02	character_to_force_own_unseen	5.0000
wh3_dlc26_effect_ability_enable_strength_from_flesh_vs_humans	wh3_dlc26_character_initiative_ogr_big_name_golgfag_03	character_to_character_own	1.0000
wh_main_effect_character_stat_weapon_strength	wh3_dlc26_character_initiative_ogr_big_name_golgfag_03	character_to_character_own	5.0000
wh3_dlc25_nur_ability_enable_witness_me	wh3_dlc26_character_initiative_ogr_big_name_golgfag_04	character_to_character_own	1.0000
wh_main_faction_political_diplomacy_mod	wh3_dlc26_character_initiative_ogr_big_name_golgfag_04	faction_to_faction_own_unseen	10.0000
wh2_main_effect_grant_immortality_hero	wh3_dlc26_character_initiative_ogr_big_name_gore_drenched	character_to_character_own	1.0000
wh3_dlc26_effect_name_title_ogr_big_name_gore_drenched	wh3_dlc26_character_initiative_ogr_big_name_gore_drenched	character_to_character_own	1.0000
wh_main_effect_character_stat_ward_save	wh3_dlc26_character_initiative_ogr_big_name_gore_drenched	character_to_character_own	5.0000
wh3_dlc26_effect_attribute_enable_devastating_flanker_ogr_gorgers	wh3_dlc26_character_initiative_ogr_big_name_gorger_herder	character_to_force_own	1.0000
wh3_dlc26_effect_name_title_ogr_big_name_gorger_herder	wh3_dlc26_character_initiative_ogr_big_name_gorger_herder	character_to_character_own	1.0000
wh_main_effect_character_stat_ap_damage	wh3_dlc26_character_initiative_ogr_big_name_gorger_herder	character_to_character_own	50.0000
wh3_dlc24_effect_ability_enable_colossal_strike	wh3_dlc26_character_initiative_ogr_big_name_greasus_drakecrush	character_to_character_own	1.0000
wh_main_effect_character_stat_bonus_vs_large	wh3_dlc26_character_initiative_ogr_big_name_greasus_drakecrush	character_to_character_own	10.0000
wh3_dlc26_effect_ability_enable_murderous_charge_crushers	wh3_dlc26_character_initiative_ogr_big_name_groundshaker	character_to_force_own	1.0000
wh3_dlc26_effect_name_title_ogr_big_name_groundshaker	wh3_dlc26_character_initiative_ogr_big_name_groundshaker	character_to_character_own	1.0000
wh_main_effect_character_stat_charge_bonus_add	wh3_dlc26_character_initiative_ogr_big_name_groundshaker	character_to_character_own	15.0000
wh3_dlc26_effect_name_title_ogr_big_name_impenetrable_gut	wh3_dlc26_character_initiative_ogr_big_name_impenetrable_gut	character_to_character_own	1.0000
wh_main_effect_character_stat_armour	wh3_dlc26_character_initiative_ogr_big_name_impenetrable_gut	character_to_character_own	15.0000
wh_main_effect_character_stat_missile_resistance	wh3_dlc26_character_initiative_ogr_big_name_impenetrable_gut	character_to_character_own	10.0000
wh2_dlc10_effect_ability_enable_guardian	wh3_dlc26_character_initiative_ogr_big_name_kin_guard	character_to_character_own	1.0000
wh3_dlc26_effect_name_title_ogr_big_name_kin_guard	wh3_dlc26_character_initiative_ogr_big_name_kin_guard	character_to_character_own	1.0000
wh_main_effect_character_stat_physical_resistance	wh3_dlc26_character_initiative_ogr_big_name_kin_guard	character_to_character_own	5.0000
wh2_dlc12_effect_magic_cooldown_all_lores	wh3_dlc26_character_initiative_ogr_big_name_magic_feaster	character_to_character_own	-10.0000
wh2_dlc14_effect_magic_cost_all_lores_percentage	wh3_dlc26_character_initiative_ogr_big_name_magic_feaster	character_to_character_own	-10.0000
wh3_dlc26_effect_name_title_ogr_big_name_magic_feaster	wh3_dlc26_character_initiative_ogr_big_name_magic_feaster	character_to_character_own	1.0000
wh3_dlc26_effect_ability_enable_bonecrusher_bound	wh3_dlc26_character_initiative_ogr_big_name_marrow_muncher	character_to_character_own	1.0000
wh3_dlc26_effect_name_title_ogr_big_name_marrow_muncher	wh3_dlc26_character_initiative_ogr_big_name_marrow_muncher	character_to_character_own	1.0000
wh_main_effect_character_stat_magic_resistance	wh3_dlc26_character_initiative_ogr_big_name_marrow_muncher	character_to_character_own	15.0000
wh3_dlc26_effect_name_title_ogr_big_name_unstoppable	wh3_dlc26_character_initiative_ogr_big_name_unstoppable	character_to_character_own	1.0000
wh_main_effect_attribute_enable_unbreakable	wh3_dlc26_character_initiative_ogr_big_name_unstoppable	character_to_character_own	1.0000
wh_main_effect_character_stat_leadership_aura_size	wh3_dlc26_character_initiative_ogr_big_name_unstoppable	character_to_character_own	25.0000
wh3_dlc26_effect_force_campaign_stance_tunnelling_movement	wh3_dlc26_character_initiative_ogr_maw_offering_1	character_to_force_own_unseen	1.0000
wh3_dlc26_pooled_resource_path_of_the_butcher_generated	wh3_dlc26_character_initiative_ogr_maw_offering_1	character_to_faction_when_on_map_unseen	1.0000
wh_main_effect_force_all_campaign_movement_range	wh3_dlc26_character_initiative_ogr_maw_offering_1	character_to_force_own_unseen	10.0000
wh3_dlc26_effect_enable_attrition_offerings_to_the_maw	wh3_dlc26_character_initiative_ogr_maw_offering_2	force_to_force_enemy_provincewide	1.0000
wh3_dlc26_pooled_resource_path_of_the_butcher_generated	wh3_dlc26_character_initiative_ogr_maw_offering_2	character_to_faction_when_on_map_unseen	1.0000
wh_main_effect_force_all_campaign_raid_income	wh3_dlc26_character_initiative_ogr_maw_offering_2	character_to_force_own_unseen	20.0000
wh3_dlc26_effect_ability_enable_bone_to_pot	wh3_dlc26_character_initiative_ogr_maw_offering_3	agent_to_parent_army_general_own	1.0000
wh3_dlc26_pooled_resource_path_of_the_butcher_generated	wh3_dlc26_character_initiative_ogr_maw_offering_3	character_to_faction_when_on_map_unseen	1.0000
wh3_main_effect_winds_of_magic_character	wh3_dlc26_character_initiative_ogr_maw_offering_3	character_to_force_own_unseen	2.0000
wh3_dlc26_effect_ability_enable_feasting_frenzy	wh3_dlc26_character_initiative_ogr_maw_offering_4	agent_to_parent_army_general_own	1.0000
wh3_dlc26_pooled_resource_path_of_the_butcher_generated	wh3_dlc26_character_initiative_ogr_maw_offering_4	character_to_faction_when_on_map_unseen	1.0000
wh_main_effect_force_stat_melee_attack	wh3_dlc26_character_initiative_ogr_maw_offering_4	character_to_force_own	5.0000
wh3_dlc29_effect_pooled_resource_chs_eotg_per_turn_hidden	wh3_dlc26_faction_initiative_chs_khorne_3_units_bloodbeast	faction_to_faction_own_unseen	1.0000
wh3_dlc29_effect_pooled_resource_chs_eotg_per_turn_hidden	wh3_dlc26_faction_initiative_chs_khorne_5_units_slaughterbrute	faction_to_faction_own_unseen	1.0000
wh3_dlc26_effect_ability_enable_khornes_wrath	wh3_dlc26_faction_initiative_kho_arbaal_01	faction_to_force_own	1.0000
wh3_dlc26_effect_arbaal_battle_khorne_favour	wh3_dlc26_faction_initiative_kho_arbaal_02	faction_to_force_own_unseen	100.0000
wh3_dlc26_effect_arbaal_challenge_debuff	wh3_dlc26_faction_initiative_kho_arbaal_02	faction_to_faction_own_unseen	1.0000
wh3_dlc26_effect_arbaal_challenge_khorne_favour	wh3_dlc26_faction_initiative_kho_arbaal_02	faction_to_faction_own_unseen	5.0000
wh3_dlc26_effect_arbaal_battle_khorne_favour	wh3_dlc26_faction_initiative_kho_arbaal_03	faction_to_force_own_unseen	100.0000
wh3_dlc26_effect_arbaal_challenge_buff	wh3_dlc26_faction_initiative_kho_arbaal_03	faction_to_faction_own_unseen	1.0000
wh3_dlc26_effect_arbaal_challenge_khorne_favour	wh3_dlc26_faction_initiative_kho_arbaal_03	faction_to_faction_own_unseen	5.0000
wh3_dlc26_effect_arbaal_battle_corruption	wh3_dlc26_faction_initiative_kho_arbaal_04	faction_to_faction_own_unseen	8.0000
wh3_dlc26_effect_arbaal_challenge_corruption	wh3_dlc26_faction_initiative_kho_arbaal_04	faction_to_faction_own_unseen	15.0000
wh3_dlc26_effect_arbaal_battle_blood_host	wh3_dlc26_faction_initiative_kho_arbaal_05	faction_to_faction_own_unseen	20.0000
wh3_dlc26_effect_arbaal_challenge_blood_host	wh3_dlc26_faction_initiative_kho_arbaal_05	faction_to_faction_own_unseen	1.0000
wh3_dlc26_effect_arbaal_battle_cult	wh3_dlc26_faction_initiative_kho_arbaal_06	faction_to_faction_own_unseen	20.0000
wh3_dlc26_effect_arbaal_challenge_cult	wh3_dlc26_faction_initiative_kho_arbaal_06	faction_to_faction_own_unseen	1.0000
wh3_dlc26_effect_force_all_campaign_movement_range_arbaal_factionwide	wh3_dlc26_faction_initiative_kho_arbaal_07	faction_to_force_own	8.0000
wh_main_effect_force_all_campaign_movement_range	wh3_dlc26_faction_initiative_kho_arbaal_07	faction_to_force_faction_leader	25.0000
wh3_dlc26_effect_force_all_campaign_upkeep_arbaal_factionwide	wh3_dlc26_faction_initiative_kho_arbaal_08	faction_to_force_own	-8.0000
wh_main_effect_force_all_campaign_upkeep	wh3_dlc26_faction_initiative_kho_arbaal_08	faction_to_force_faction_leader	-25.0000
wh3_dlc26_effect_ability_enable_alpha_hammer	wh3_dlc26_force_initiative_grn_da_plan_alpha_amma	character_to_force_own_unseen	1.0000
wh3_dlc26_effect_attribute_grn_orc_infantry	wh3_dlc26_force_initiative_grn_da_plan_alpha_amma	character_to_force_own_unseen	1.0000
wh3_dlc26_effect_force_stat_charge_bonus_add_wolf_riders	wh3_dlc26_force_initiative_grn_da_plan_alpha_amma	character_to_force_own_unseen	10.0000
wh_main_effect_force_stat_speed_wolf_riders	wh3_dlc26_force_initiative_grn_da_plan_alpha_amma	character_to_force_own_unseen	15.0000
wh3_dlc26_effect_ability_enable_arrer_catcha	wh3_dlc26_force_initiative_grn_da_plan_arrer_catcha	character_to_force_own_unseen	1.0000
wh3_dlc26_effect_force_stat_missile_block_chance_grn_goblin_infantry	wh3_dlc26_force_initiative_grn_da_plan_arrer_catcha	character_to_force_own_unseen	25.0000
wh3_dlc26_effect_ability_enable_block_and_smash_orc	wh3_dlc26_force_initiative_grn_da_plan_block_an_smash	character_to_force_own_unseen	1.0000
wh3_dlc26_effect_ability_enable_block_and_smash_troll	wh3_dlc26_force_initiative_grn_da_plan_block_an_smash	character_to_force_own_unseen	1.0000
wh3_dlc26_effect_attribute_grn_orc_infantry	wh3_dlc26_force_initiative_grn_da_plan_block_an_smash	character_to_force_own_unseen	1.0000
wh3_dlc26_effect_attribute_grn_trolls	wh3_dlc26_force_initiative_grn_da_plan_block_an_smash	character_to_force_own_unseen	1.0000
wh3_dlc26_effect_ability_enable_broodmothers	wh3_dlc26_force_initiative_grn_da_plan_broodmothers	character_to_force_own_unseen	1.0000
wh3_dlc26_effect_force_stat_leadership_spider	wh3_dlc26_force_initiative_grn_da_plan_broodmothers	character_to_force_own_unseen	10.0000
wh3_dlc26_effect_ability_enable_cheerleadaz	wh3_dlc26_force_initiative_grn_da_plan_cheerleadaz	character_to_force_own_unseen	1.0000
wh3_dlc26_effect_attribute_grn_goblin_infantry	wh3_dlc26_force_initiative_grn_da_plan_cheerleadaz	character_to_force_own_unseen	1.0000
wh3_main_effect_character_campaign_experience_mod	wh3_dlc26_force_initiative_grn_da_plan_cheerleadaz	character_to_character_own	300.0000
wh3_dlc26_effect_ability_enable_cut_da_chains	wh3_dlc26_force_initiative_grn_da_plan_cut_da_chains	character_to_force_own_unseen	1.0000
wh3_dlc26_effect_remove_rampage_grn_feral_wyvern	wh3_dlc26_force_initiative_grn_da_plan_cut_da_chains	character_to_force_own_unseen	1.0000
wh3_dlc26_effect_ability_enable_immovable_bulwark	wh3_dlc26_force_initiative_grn_da_plan_da_black_bastion	character_to_force_own_unseen	1.0000
wh3_dlc26_effect_ability_enable_unstoppable_choppas	wh3_dlc26_force_initiative_grn_da_plan_da_black_bastion	character_to_force_own_unseen	1.0000
wh2_dlc10_effect_attribute_enable_perfect_vigour	wh3_dlc26_force_initiative_grn_da_plan_da_greatest_warlord	character_to_character_own	1.0000
wh3_dlc25_grn_waaagh_gained_per_turn	wh3_dlc26_force_initiative_grn_da_plan_da_greatest_warlord	character_to_faction_unseen	3.0000
wh_main_effect_character_stat_ward_save	wh3_dlc26_force_initiative_grn_da_plan_da_greatest_warlord	character_to_character_own	10.0000
wh3_main_effect_force_all_campaign_movement_range_post_battle_win	wh3_dlc26_force_initiative_grn_da_plan_drag_da_wagonz	character_to_character_own	25.0000
wh3_main_effect_force_all_campaign_movement_range_post_raze_bonus	wh3_dlc26_force_initiative_grn_da_plan_drag_da_wagonz	character_to_character_own	50.0000
wh_main_effect_force_all_campaign_razing_income	wh3_dlc26_force_initiative_grn_da_plan_drag_da_wagonz	character_to_character_own	35.0000
wh3_dlc26_effect_ability_cooldown_pump_harder	wh3_dlc26_force_initiative_grn_da_plan_drink_an_drive	character_to_force_own_unseen	-50.0000
wh3_dlc26_effect_attribute_perfect_vigour_pump_wagons	wh3_dlc26_force_initiative_grn_da_plan_drink_an_drive	character_to_force_own_unseen	1.0000
wh3_dlc26_effect_ability_enable_earthquake	wh3_dlc26_force_initiative_grn_da_plan_earthquake	character_to_force_own_unseen	1.0000
wh3_dlc26_effect_ability_enable_eat_da_runts	wh3_dlc26_force_initiative_grn_da_plan_eat_da_runts	character_to_force_own_unseen	1.0000
wh3_dlc26_effect_attribute_grn_goblin_infantry	wh3_dlc26_force_initiative_grn_da_plan_eat_da_runts	character_to_force_own_unseen	1.0000
wh3_dlc26_effect_force_stat_bonus_vs_infantry_grn_giant	wh3_dlc26_force_initiative_grn_da_plan_eat_da_runts	character_to_force_own_unseen	10.0000
wh3_dlc26_effect_force_stat_ward_grn_giant	wh3_dlc26_force_initiative_grn_da_plan_eat_da_runts	character_to_force_own_unseen	30.0000
wh3_dlc26_effect_cause_fear_black_orcs	wh3_dlc26_force_initiative_grn_da_plan_eavy_metal_marchin	character_to_force_own_unseen	1.0000
wh_main_effect_force_stat_armour_black_orcs	wh3_dlc26_force_initiative_grn_da_plan_eavy_metal_marchin	character_to_force_own_unseen	25.0000
wh3_dlc26_effect_ability_enable_erd_mantality	wh3_dlc26_force_initiative_grn_da_plan_erd_mentality	character_to_force_own_unseen	1.0000
wh3_dlc26_effect_attribute_grn_squig_herds	wh3_dlc26_force_initiative_grn_da_plan_erd_mentality	character_to_force_own_unseen	1.0000
wh_dlc06_effect_upkeep_decrease_squigs	wh3_dlc26_force_initiative_grn_da_plan_erd_mentality	character_to_force_own_unseen	-5.0000
wh3_dlc26_effect_ability_enable_fly_at_da_smoke	wh3_dlc26_force_initiative_grn_da_plan_fly_at_da_smoke	character_to_force_own_unseen	1.0000
wh3_dlc26_effect_force_stat_range_doom_diver_catapult	wh3_dlc26_force_initiative_grn_da_plan_fly_at_da_smoke	character_to_force_own_unseen	10.0000
wh3_dlc26_effect_force_campaign_stance_tunnelling_attack_movement	wh3_dlc26_force_initiative_grn_da_plan_get_dem_from_below	character_to_force_own_unseen	1.0000
wh_main_effect_force_army_campaign_ambush_attack_success_chance	wh3_dlc26_force_initiative_grn_da_plan_get_dem_from_below	character_to_force_own_unseen	25.0000
wh_main_effect_general_mod_tunnel_interception_chance	wh3_dlc26_force_initiative_grn_da_plan_get_dem_from_below	character_to_character_own	20.0000
wh3_dlc26_effect_ability_enable_goin_commando	wh3_dlc26_force_initiative_grn_da_plan_goin_commando	character_to_force_own_unseen	1.0000
wh3_dlc26_effect_ability_enable_smoke_bomb	wh3_dlc26_force_initiative_grn_da_plan_goin_commando	character_to_force_own_unseen	1.0000
wh3_dlc26_effect_attribute_enable_stalk_grn_characters	wh3_dlc26_force_initiative_grn_da_plan_goin_commando	character_to_force_own_unseen	1.0000
wh3_dlc26_effect_attribute_enable_vanguard_grn_characters	wh3_dlc26_force_initiative_grn_da_plan_goin_commando	character_to_force_own_unseen	1.0000
wh3_dlc26_effect_passive_ability_enable_keep_bossin	wh3_dlc26_force_initiative_grn_da_plan_keep_bossin	character_to_force_own_unseen	1.0000
wh_main_effect_character_stat_aura_leadership_effect	wh3_dlc26_force_initiative_grn_da_plan_keep_bossin	character_to_force_own_unseen	5.0000
wh_main_effect_character_stat_leadership_aura_size	wh3_dlc26_force_initiative_grn_da_plan_keep_bossin	character_to_force_own_unseen	25.0000
wh3_dlc26_effect_ability_enable_keep_em_ungry	wh3_dlc26_force_initiative_grn_da_plan_keep_em_ungry	character_to_force_own_unseen	1.0000
wh3_dlc26_effect_upkeep_goblin_squig_wolf_boar_units	wh3_dlc26_force_initiative_grn_da_plan_keep_em_ungry	character_to_force_own_unseen	-50.0000
wh3_dlc26_effect_ability_enable_lead_da_charge	wh3_dlc26_force_initiative_grn_da_plan_lead_da_charge	character_to_force_own_unseen	1.0000
wh3_dlc26_effect_attribute_grn_boars	wh3_dlc26_force_initiative_grn_da_plan_lead_da_charge	character_to_force_own_unseen	1.0000
wh3_dlc26_effect_force_stat_mass_boars	wh3_dlc26_force_initiative_grn_da_plan_lead_da_charge	character_to_force_own_unseen	25.0000
wh3_dlc26_effect_contact_phase_flammable_grn_squig_herd	wh3_dlc26_force_initiative_grn_da_plan_light_em_up	character_to_force_own_unseen	1.0000
wh3_dlc26_effect_flaming_attack_grn_archers	wh3_dlc26_force_initiative_grn_da_plan_light_em_up	character_to_force_own_unseen	1.0000
wh3_dlc20_effect_attribute_immune_to_contact_stat_effects	wh3_dlc26_force_initiative_grn_da_plan_little_wont_urt	character_to_force_own	1.0000
wh_main_effect_force_army_campaign_attrition_all_resistance	wh3_dlc26_force_initiative_grn_da_plan_little_wont_urt	character_to_force_own	-25.0000
wh3_dlc26_effect_ability_enable_load_yerself	wh3_dlc26_force_initiative_grn_da_plan_load_yerself	character_to_force_own_unseen	1.0000
wh3_dlc26_effect_force_stat_weapon_strength_rogue_idol	wh3_dlc26_force_initiative_grn_da_plan_load_yerself	character_to_force_own_unseen	15.0000
wh2_dlc16_effect_force_enable_attribute_guerrilla_deployment_all	wh3_dlc26_force_initiative_grn_da_plan_master_planner	character_to_force_own	1.0000
wh3_dlc26_effect_passive_ability_enable_da_master_planner	wh3_dlc26_force_initiative_grn_da_plan_master_planner	character_to_character_own	1.0000
wh2_dlc11_effect_force_stat_missile_damage_grn_all_ranged_cavalry_chariots	wh3_dlc26_force_initiative_grn_da_plan_netted_targets	character_to_force_own_unseen	15.0000
wh3_dlc26_effect_ability_enable_goblin_nets	wh3_dlc26_force_initiative_grn_da_plan_netted_targets	character_to_force_own_unseen	1.0000
wh3_dlc26_effect_ability_enable_gorbads_boyz	wh3_dlc26_force_initiative_grn_da_plan_orcs_are_da_best	character_to_force_own_unseen	1.0000
wh3_dlc26_effect_upkeep_reduction_boyz_boar_boyz	wh3_dlc26_force_initiative_grn_da_plan_orcs_are_da_best	character_to_force_own_unseen	-5.0000
wh3_dlc26_effect_ability_cooldown_little_big_waaagh	wh3_dlc26_force_initiative_grn_da_plan_power_of_da_waaagh	character_to_force_own_unseen	-25.0000
wh3_dlc26_effect_ability_cost_little_big_waaagh	wh3_dlc26_force_initiative_grn_da_plan_power_of_da_waaagh	character_to_force_own_unseen	-20.0000
wh3_main_effect_winds_of_magic_pool_cap	wh3_dlc26_force_initiative_grn_da_plan_power_of_da_waaagh	character_to_force_own_unseen	5.0000
wh2_main_effect_force_all_campaign_sacking_income	wh3_dlc26_force_initiative_grn_da_plan_raidin_parties	character_to_character_own	25.0000
wh_main_effect_force_all_campaign_raid_income	wh3_dlc26_force_initiative_grn_da_plan_raidin_parties	character_to_force_own_unseen	50.0000
wh_main_effect_force_all_campaign_movement_range	wh3_dlc26_force_initiative_grn_da_plan_regimental	character_to_force_own_unseen	10.0000
wh_main_effect_force_all_campaign_upkeep	wh3_dlc26_force_initiative_grn_da_plan_regimental	character_to_force_own	-15.0000
wh_main_effect_force_stat_vigour_loss_reduction	wh3_dlc26_force_initiative_grn_da_plan_regimental	character_to_force_own	-30.0000
wh3_dlc26_effect_ability_enable_shoot_da_runts	wh3_dlc26_force_initiative_grn_da_plan_shoot_da_runts	character_to_force_own_unseen	1.0000
wh_main_effect_force_stat_ammunition	wh3_dlc26_force_initiative_grn_da_plan_shoot_da_runts	character_to_force_own	10.0000
wh3_dlc26_effect_ability_enable_shot_in_da_dark	wh3_dlc26_force_initiative_grn_da_plan_shot_in_da_dark	character_to_force_own_unseen	1.0000
wh3_dlc26_effect_attribute_enable_unspottable_grn_night_goblin_archers	wh3_dlc26_force_initiative_grn_da_plan_shot_in_da_dark	character_to_force_own_unseen	1.0000
wh3_dlc26_effect_attribute_grn_night_goblin_archers	wh3_dlc26_force_initiative_grn_da_plan_shot_in_da_dark	character_to_force_own_unseen	1.0000
wh3_dlc26_effect_ability_enable_splode_da_big_one	wh3_dlc26_force_initiative_grn_da_plan_splode_da_big_one	character_to_force_own_unseen	1.0000
wh3_main_effect_winds_of_magic_pool_cap	wh3_dlc26_force_initiative_grn_da_plan_splode_da_big_one	character_to_force_own_unseen	15.0000
wh3_dlc26_anti_large_grn_spear_infantry	wh3_dlc26_force_initiative_grn_da_plan_stick_em_like_pigs	character_to_force_own_unseen	5.0000
wh3_dlc26_effect_passive_ability_enable_stick_em_like_pigs	wh3_dlc26_force_initiative_grn_da_plan_stick_em_like_pigs	character_to_force_own_unseen	1.0000
wh3_dlc26_effect_ability_enable_overwhelming_odour_upgraded	wh3_dlc26_force_initiative_grn_da_plan_stinkee_arrers	character_to_force_own_unseen	1.0000
wh3_dlc26_effect_arrer_boyz_stinkee_arrers_projectile_switch	wh3_dlc26_force_initiative_grn_da_plan_stinkee_arrers	character_to_force_own_unseen	1.0000
wh3_dlc26_effect_army_ability_enable_foot_of_gork	wh3_dlc26_force_initiative_grn_da_plan_stompin_ground	character_to_force_own_unseen	1.0000
wh3_main_effect_winds_of_magic_pool_cap	wh3_dlc26_force_initiative_grn_da_plan_stompin_ground	character_to_force_own_unseen	10.0000
wh3_dlc26_effect_ability_enable_suprise_savagry	wh3_dlc26_force_initiative_grn_da_plan_suprise_savagery	character_to_force_own_unseen	1.0000
wh3_dlc26_effect_attribute_enable_vanguard_deployment_savage_orcs	wh3_dlc26_force_initiative_grn_da_plan_suprise_savagery	character_to_force_own_unseen	1.0000
wh3_dlc26_effect_attribute_grn_nasty_skulkers	wh3_dlc26_force_initiative_grn_da_plan_suprise_savagery	character_to_force_own_unseen	1.0000
wh3_dlc26_effect_force_stat_physical_resistance_skulkers	wh3_dlc26_force_initiative_grn_da_plan_suprise_savagery	character_to_force_own_unseen	25.0000
wh2_main_effect_force_enemy_campaign_movement_range	wh3_dlc26_force_initiative_grn_da_plan_webweavin	force_to_force_enemy_regionwide_hidden	-30.0000
wh3_dlc26_effect_ability_enable_webweavin	wh3_dlc26_force_initiative_grn_da_plan_webweavin	character_to_force_own_unseen	1.0000
wh3_dlc26_effect_attribute_grn_spiders	wh3_dlc26_force_initiative_grn_da_plan_webweavin	character_to_force_own_unseen	1.0000
wh_main_effect_force_army_campaign_ambush_attack_success_chance	wh3_dlc26_force_initiative_grn_da_plan_webweavin	character_to_force_own_unseen	50.0000
wh3_dlc26_effect_ability_cooldown_spinning_loons	wh3_dlc26_force_initiative_grn_fungus_farms	character_to_force_own_unseen	-25.0000
wh3_dlc26_effect_ability_uses_spinning_loons	wh3_dlc26_force_initiative_grn_fungus_farms	character_to_force_own_unseen	3.0000
wh3_dlc27_effect_initiative_cost_reduction_asur_domination_colonies	wh3_dlc27_asur_domination_focus_colonies_01_effect_list	faction_to_faction_own_unseen	20.0001
wh3_main_effect_allegiance_points_mod	wh3_dlc27_asur_domination_focus_colonies_01_effect_list	faction_to_faction_own_unseen	30.0000
wh3_main_effect_allied_recruitment_global_pool_cost_percentage_mod	wh3_dlc27_asur_domination_focus_colonies_01_effect_list	faction_to_faction_own_unseen	-50.0000
wh_main_faction_political_diplomacy_mod	wh3_dlc27_asur_domination_focus_colonies_01_effect_list	faction_to_faction_own_unseen	10.0000
wh3_dlc27_effect_initiative_cost_reduction_asur_domination_colonies	wh3_dlc27_asur_domination_focus_colonies_02_effect_list	faction_to_faction_own_unseen	20.0001
wh_main_effect_economy_gdp_mod_trade_sea	wh3_dlc27_asur_domination_focus_colonies_02_effect_list	faction_to_region_own	20.0000
wh3_dlc27_effect_initiative_cost_reduction_asur_domination_colonies	wh3_dlc27_asur_domination_focus_colonies_03_effect_list	faction_to_faction_own_unseen	20.0001
wh_main_effect_economy_gdp_mod_all	wh3_dlc27_asur_domination_focus_colonies_03_effect_list	faction_to_region_own	10.0000
wh3_dlc27_effect_elven_colony_asur_domination	wh3_dlc27_asur_domination_focus_colonies_04_effect_list	faction_to_faction_own_unseen	1.0000
wh3_dlc27_effect_initiative_cost_reduction_asur_domination_colonies	wh3_dlc27_asur_domination_focus_colonies_04_effect_list	faction_to_faction_own_unseen	20.0001
wh_main_effect_building_construction_cost_mod	wh3_dlc27_asur_domination_focus_colonies_04_effect_list	faction_to_region_own	-5.0000
wh3_dlc27_effect_initiative_cost_reduction_asur_domination_colonies	wh3_dlc27_asur_domination_focus_colonies_05_effect_list	faction_to_faction_own_unseen	20.0001
wh_main_effect_public_order_events	wh3_dlc27_asur_domination_focus_colonies_05_effect_list	faction_to_province_own	3.0000
wh3_dlc27_effect_initiative_cost_reduction_asur_domination_colonies	wh3_dlc27_asur_domination_focus_colonies_06_effect_list	faction_to_faction_own_unseen	20.0001
wh_main_effect_economy_trade_good_commodity_mod	wh3_dlc27_asur_domination_focus_colonies_06_effect_list	faction_to_faction_own_unseen	10.0000
wh_main_effect_economy_trade_tariff_mod	wh3_dlc27_asur_domination_focus_colonies_06_effect_list	faction_to_faction_own	100.0000
wh2_main_effect_force_all_campaign_sacking_income	wh3_dlc27_asur_domination_focus_colonies_07_effect_list	faction_to_character_own_factionwide_armytext	20.0000
wh3_dlc27_effect_initiative_cost_reduction_asur_domination_colonies	wh3_dlc27_asur_domination_focus_colonies_07_effect_list	faction_to_faction_own_unseen	20.0001
wh3_dlc27_effect_building_construction_time_add_mod_all	wh3_dlc27_asur_domination_focus_colonies_08_effect_list	faction_to_region_own	-1.0000
wh3_dlc27_effect_elven_colony_asur_domination	wh3_dlc27_asur_domination_focus_colonies_08_effect_list	faction_to_faction_own_unseen	1.0000
wh3_dlc27_effect_initiative_cost_reduction_asur_domination_colonies	wh3_dlc27_asur_domination_focus_colonies_08_effect_list	faction_to_faction_own_unseen	20.0001
wh3_dlc27_effect_initiative_cost_reduction_asur_domination_dragonships	wh3_dlc27_asur_domination_focus_dragonships_01_effect_list	faction_to_faction_own_unseen	20.0001
wh_main_effect_force_all_campaign_recruitment_cost_all	wh3_dlc27_asur_domination_focus_dragonships_01_effect_list	faction_to_force_own	-10.0000
wh3_dlc27_effect_initiative_cost_reduction_asur_domination_dragonships	wh3_dlc27_asur_domination_focus_dragonships_02_effect_list	faction_to_faction_own_unseen	20.0001
wh3_main_effect_ap_replenish_after_sea_lane	wh3_dlc27_asur_domination_focus_dragonships_02_effect_list	faction_to_faction_own_unseen	50.0000
wh3_dlc27_effect_initiative_cost_reduction_asur_domination_dragonships	wh3_dlc27_asur_domination_focus_dragonships_03_effect_list	faction_to_faction_own_unseen	20.0001
wh_main_effect_force_all_campaign_replenishment_rate_horde	wh3_dlc27_asur_domination_focus_dragonships_03_effect_list	faction_to_character_own_dragonships	5.0000
wh2_main_effect_agent_recruitment_xp_all_agents_and_lords	wh3_dlc27_asur_domination_focus_dragonships_04_effect_list	faction_to_force_own	2.0000
wh3_dlc27_effect_initiative_cost_reduction_asur_domination_dragonships	wh3_dlc27_asur_domination_focus_dragonships_04_effect_list	faction_to_faction_own_unseen	20.0001
wh3_main_effect_character_campaign_experience_mod	wh3_dlc27_asur_domination_focus_dragonships_04_effect_list	faction_to_character_own	5.0000
wh3_dlc27_effect_initiative_cost_reduction_asur_domination_dragonships	wh3_dlc27_asur_domination_focus_dragonships_05_effect_list	faction_to_faction_own_unseen	20.0001
wh_main_effect_force_all_campaign_upkeep	wh3_dlc27_asur_domination_focus_dragonships_05_effect_list	faction_to_force_own	-5.0000
wh3_dlc27_effect_initiative_cost_reduction_asur_domination_dragonships	wh3_dlc27_asur_domination_focus_dragonships_06_effect_list	faction_to_faction_own_unseen	20.0001
wh_main_effect_force_all_campaign_experience_base_all	wh3_dlc27_asur_domination_focus_dragonships_06_effect_list	faction_to_force_own	1.0000
wh3_dlc27_effect_building_construction_cost_mod_dragonships_all	wh3_dlc27_asur_domination_focus_dragonships_07_effect_list	faction_to_force_own_dragonships	-5.0000
wh3_dlc27_effect_dragonship_growth_core	wh3_dlc27_asur_domination_focus_dragonships_07_effect_list	faction_to_force_own	2.0000
wh3_dlc27_effect_initiative_cost_reduction_asur_domination_dragonships	wh3_dlc27_asur_domination_focus_dragonships_07_effect_list	faction_to_faction_own_unseen	20.0001
wh3_dlc27_effect_initiative_cost_reduction_asur_domination_dragonships	wh3_dlc27_asur_domination_focus_dragonships_08_effect_list	faction_to_faction_own_unseen	20.0001
wh3_dlc27_effect_unlock_recruitment_hef_dragonship_admiral_4_dummy	wh3_dlc27_asur_domination_focus_dragonships_08_effect_list	faction_to_faction_own_unseen	1.0000
wh_main_effect_force_all_campaign_upkeep	wh3_dlc27_asur_domination_focus_dragonships_08_effect_list	faction_to_force_own	2.0000
wh_main_effect_force_stat_physical_resistance	wh3_dlc27_asur_domination_focus_dragonships_08_effect_list	faction_to_force_own	5.0000
wh3_dlc27_effect_initiative_cost_reduction_asur_domination_outposts	wh3_dlc27_asur_domination_focus_outposts_01_effect_list	faction_to_faction_own_unseen	20.0001
wh_main_effect_technology_research_points	wh3_dlc27_asur_domination_focus_outposts_01_effect_list	faction_to_faction_own_unseen	20.0000
wh3_dlc27_effect_initiative_cost_reduction_asur_domination_outposts	wh3_dlc27_asur_domination_focus_outposts_02_effect_list	faction_to_faction_own_unseen	20.0001
wh3_main_effect_corruption_reduction_buildings	wh3_dlc27_asur_domination_focus_outposts_02_effect_list	faction_to_province_own	-5.0000
wh3_dlc27_effect_initiative_cost_reduction_asur_domination_outposts	wh3_dlc27_asur_domination_focus_outposts_03_effect_list	faction_to_faction_own_unseen	20.0001
wh3_main_effect_winds_of_magic_pool_cap	wh3_dlc27_asur_domination_focus_outposts_03_effect_list	faction_to_force_own	10.0000
wh3_dlc27_effect_initiative_cost_reduction_asur_domination_outposts	wh3_dlc27_asur_domination_focus_outposts_04_effect_list	faction_to_faction_own_unseen	20.0001
wh_main_effect_force_all_campaign_post_battle_loot_mod	wh3_dlc27_asur_domination_focus_outposts_04_effect_list	faction_to_faction_own	20.0000
wh3_dlc27_effect_initiative_cost_reduction_asur_domination_outposts	wh3_dlc27_asur_domination_focus_outposts_05_effect_list	faction_to_faction_own_unseen	20.0001
wh_main_effect_force_stat_leadership	wh3_dlc27_asur_domination_focus_outposts_05_effect_list	faction_to_force_own	4.0000
wh_main_effect_force_stat_vigour_loss_reduction	wh3_dlc27_asur_domination_focus_outposts_05_effect_list	faction_to_force_own	-5.0000
wh3_dlc27_effect_initiative_cost_reduction_asur_domination_outposts	wh3_dlc27_asur_domination_focus_outposts_06_effect_list	faction_to_faction_own_unseen	20.0001
wh_main_effect_agent_action_success_chance	wh3_dlc27_asur_domination_focus_outposts_06_effect_list	faction_to_character_own	10.0000
wh_main_effect_agent_action_success_chance_enemy	wh3_dlc27_asur_domination_focus_outposts_06_effect_list	faction_to_character_own	-20.0000
wh2_main_faction_political_diplomacy_mod_high_elves	wh3_dlc27_asur_domination_focus_outposts_07_effect_list	faction_to_faction_own_unseen	30.0000
wh3_dlc27_effect_hef_elven_trade_asur_domination	wh3_dlc27_asur_domination_focus_outposts_07_effect_list	faction_to_faction_own_unseen	100.0000
wh3_dlc27_effect_initiative_cost_reduction_asur_domination_outposts	wh3_dlc27_asur_domination_focus_outposts_07_effect_list	faction_to_faction_own_unseen	20.0001
wh3_dlc27_effect_building_construction_cost_mod_outposts	wh3_dlc27_asur_domination_focus_outposts_08_effect_list	faction_to_foreign_building_unseen	-5.0000
wh3_dlc27_effect_initiative_cost_reduction_asur_domination_outposts	wh3_dlc27_asur_domination_focus_outposts_08_effect_list	faction_to_faction_own_unseen	20.0001
wh_main_effect_province_growth_events	wh3_dlc27_asur_domination_focus_outposts_08_effect_list	faction_to_province_own	20.0000
wh_main_effect_character_stat_physical_resistance	wh3_dlc27_character_initiative_chs_chaos_sorcerer_lord_sla_01	character_to_character_own	5.0000
wh_main_effect_character_stat_unit_health	wh3_dlc27_character_initiative_chs_chaos_sorcerer_lord_sla_01	character_to_character_own	5.0000
wh3_main_effect_character_stat_enable_soporific_musk	wh3_dlc27_character_initiative_chs_chaos_sorcerer_lord_sla_02	character_to_character_own	1.0000
wh_main_effect_character_stat_ap_damage	wh3_dlc27_character_initiative_chs_chaos_sorcerer_lord_sla_02	character_to_character_own	50.0000
wh3_main_effect_ability_enable_feasting_on_fear	wh3_dlc27_character_initiative_chs_chaos_sorcerer_lord_sla_03	character_to_character_own	1.0000
wh_main_effect_attribute_enable_causes_terror	wh3_dlc27_character_initiative_chs_chaos_sorcerer_lord_sla_03	character_to_character_own	1.0000
wh3_main_effect_ability_enable_chaos_armour	wh3_dlc27_character_initiative_chs_chaos_sorcerer_lord_sla_04	character_to_character_own	1.0000
wh_main_effect_character_stat_missile_resistance	wh3_dlc27_character_initiative_chs_chaos_sorcerer_lord_sla_04	character_to_character_own	10.0000
wh_main_effect_character_stat_ward_save	wh3_dlc27_character_initiative_chs_chaos_sorcerer_lord_sla_05	character_to_character_own	5.0000
wh3_dlc20_effect_pooled_resource_mod_souls_battle	wh3_dlc27_character_initiative_chs_chaos_sorcerer_lord_sla_06	character_to_force_own_unseen	10.0000
wh_main_effect_force_all_campaign_post_battle_loot_mod	wh3_dlc27_character_initiative_chs_chaos_sorcerer_lord_sla_06	character_to_character_own	10.0000
wh2_dlc12_effect_magic_cooldown_all_lores	wh3_dlc27_character_initiative_chs_chaos_sorcerer_lord_sla_07	character_to_character_own	-10.0000
wh2_dlc14_effect_magic_cost_all_lores_percentage	wh3_dlc27_character_initiative_chs_chaos_sorcerer_lord_sla_07	character_to_character_own	-10.0000
wh3_main_effect_attribute_enable_devestating_flanker	wh3_dlc27_character_initiative_chs_chaos_sorcerer_lord_sla_08	character_to_character_own	1.0000
wh3_main_effect_force_stat_charge_bonus_add_sla_hellstriders	wh3_dlc27_character_initiative_chs_chaos_sorcerer_lord_sla_08	character_to_force_own_alt_text	10.0000
wh3_main_effect_ability_enable_eldritch_aura	wh3_dlc27_character_initiative_chs_chaos_sorcerer_lord_sla_09	character_to_character_own	1.0000
wh_main_effect_character_stat_magic_resistance	wh3_dlc27_character_initiative_chs_chaos_sorcerer_lord_sla_09	character_to_character_own	15.0000
wh_main_effect_character_stat_melee_defence	wh3_dlc27_character_initiative_chs_exalted_hero_sla_01	character_to_character_own	5.0000
wh_main_effect_character_stat_unit_health	wh3_dlc27_character_initiative_chs_exalted_hero_sla_01	character_to_character_own	5.0000
wh3_dlc20_effect_enable_attribute_vanguard_deployment_chs_chaos_knights	wh3_dlc27_character_initiative_chs_exalted_hero_sla_02	character_to_force_own_unseen	1.0000
wh_main_effect_attribute_enable_vanguard_deployment	wh3_dlc27_character_initiative_chs_exalted_hero_sla_02	character_to_character_own	1.0000
wh3_main_effect_ability_enable_chaos_armour	wh3_dlc27_character_initiative_chs_exalted_hero_sla_03	character_to_character_own	1.0000
wh_main_effect_character_stat_missile_resistance	wh3_dlc27_character_initiative_chs_exalted_hero_sla_03	character_to_character_own	10.0000
wh3_main_effect_ability_enable_feasting_on_fear	wh3_dlc27_character_initiative_chs_exalted_hero_sla_04	character_to_character_own	1.0000
wh_main_effect_attribute_enable_causes_terror	wh3_dlc27_character_initiative_chs_exalted_hero_sla_04	character_to_character_own	1.0000
wh_main_effect_character_stat_melee_attack	wh3_dlc27_character_initiative_chs_exalted_hero_sla_05	character_to_character_own	5.0000
wh_main_effect_character_stat_weapon_strength	wh3_dlc27_character_initiative_chs_exalted_hero_sla_05	character_to_character_own	5.0000
wh3_main_effect_ability_enable_eldritch_aura	wh3_dlc27_character_initiative_chs_exalted_hero_sla_06	character_to_character_own	1.0000
wh_main_effect_character_stat_magic_resistance	wh3_dlc27_character_initiative_chs_exalted_hero_sla_06	character_to_character_own	15.0000
wh_main_effect_character_stat_ward_save	wh3_dlc27_character_initiative_chs_exalted_hero_sla_07	character_to_character_own	5.0000
wh3_dlc20_effect_unit_stat_fatigue_resistance_chosen	wh3_dlc27_character_initiative_chs_exalted_hero_sla_08	character_to_force_own_alt_text	-50.0000
wh2_main_effect_agent_action_assist_army_training_buff	wh3_dlc27_character_initiative_chs_exalted_hero_sla_09	character_to_character_own	25.0000
wh2_main_effect_agent_action_passive_spread_public_order_buff	wh3_dlc27_character_initiative_chs_exalted_hero_sla_09	character_to_character_own	2.0000
wh2_main_effect_agent_action_hinder_agent_assassinate_buff	wh3_dlc27_character_initiative_chs_exalted_hero_sla_10	character_to_character_own	15.0000
wh2_main_effect_agent_action_hinder_army_assault_units_buff	wh3_dlc27_character_initiative_chs_exalted_hero_sla_10	character_to_character_own	15.0000
wh3_dlc20_effect_scale_hidden	wh3_dlc27_dechala_master_bonus	faction_to_faction_leader_unseen	0.0100
wh3_dlc27_sla_dechala_thralls_vassals	wh3_dlc27_dechala_master_bonus	faction_to_faction_own_unseen	25.0000
wh_main_effect_force_stat_melee_defence	wh3_dlc27_eternal_dance_of_elves_tempo_1_variation_1	general_to_force_own	-3.0000
wh_main_effect_force_stat_missile_resistance	wh3_dlc27_eternal_dance_of_elves_tempo_1_variation_1	general_to_force_own	10.0000
wh_main_effect_character_stat_missile_block	wh3_dlc27_eternal_dance_of_elves_tempo_1_variation_2	general_to_force_own	20.0000
wh_main_effect_force_stat_charge_bonus_pct	wh3_dlc27_eternal_dance_of_elves_tempo_1_variation_2	general_to_force_own	-6.0000
wh3_dlc24_effect_force_stat_melee_attack_lords_heroes	wh3_dlc27_eternal_dance_of_elves_tempo_1_variation_3	general_to_force_own	-5.0000
wh3_main_effect_spell_mastery	wh3_dlc27_eternal_dance_of_elves_tempo_1_variation_3	general_to_force_own	30.0000
wh2_dlc12_effect_magic_cooldown_all_lores	wh3_dlc27_eternal_dance_of_elves_tempo_1_variation_4	general_to_force_own	-33.0000
wh2_dlc14_effect_magic_cost_all_lores_percentage	wh3_dlc27_eternal_dance_of_elves_tempo_1_variation_4	general_to_force_own	-20.0000
wh_main_effect_force_stat_armour_lords_heroes	wh3_dlc27_eternal_dance_of_elves_tempo_1_variation_4	general_to_force_own	-20.0000
wh3_dlc27_enemy_leadership_pct	wh3_dlc27_eternal_dance_of_elves_tempo_2_variation_1	character_to_force_enemy_regionwide	-10.0000
wh_main_effect_force_campaign_stance_begin_fatigued_3_winded	wh3_dlc27_eternal_dance_of_elves_tempo_2_variation_1	general_to_force_own	3.0000
wh3_dlc27_effect_ability_feasting_on_fear_all_units	wh3_dlc27_eternal_dance_of_elves_tempo_2_variation_2	general_to_force_own	1.0000
wh_main_effect_force_stat_speed	wh3_dlc27_eternal_dance_of_elves_tempo_2_variation_2	general_to_force_own	-6.0000
wh3_dlc27_effect_ability_enable_relish_the_pain_all_units	wh3_dlc27_eternal_dance_of_elves_tempo_2_variation_3	general_to_force_own	1.0000
wh_main_effect_force_stat_armour	wh3_dlc27_eternal_dance_of_elves_tempo_2_variation_3	general_to_force_own	-10.0000
wh3_dlc27_effect_enable_contact_effect_euphoria_all_units	wh3_dlc27_eternal_dance_of_elves_tempo_2_variation_4	general_to_force_own	1.0000
wh3_dlc27_effect_force_stat_physical_resistance_monsters_lords_heroes	wh3_dlc27_eternal_dance_of_elves_tempo_2_variation_4	general_to_force_own	-5.0000
wh3_dlc27_eternal_dance_tempo_3_ability_masters_ascendancy	wh3_dlc27_eternal_dance_of_elves_tempo_3_variation_1	general_to_force_own	1.0000
wh3_dlc27_eternal_dance_tempo_3_ability_consuming_waltz	wh3_dlc27_eternal_dance_of_elves_tempo_3_variation_2	general_to_force_own	1.0000
wh3_dlc27_eternal_dance_tempo_3_ability_fate_of_desperation	wh3_dlc27_eternal_dance_of_elves_tempo_3_variation_3	character_to_force_own_unseen	1.0000
wh3_dlc27_eternal_dance_tempo_3_ability_footsteps_of_sorrow	wh3_dlc27_eternal_dance_of_elves_tempo_3_variation_4	general_to_force_own	1.0000
wh3_dlc27_eternal_dance_tempo_4_dance_enable_ritual_masque_of_displacement	wh3_dlc27_eternal_dance_of_elves_tempo_4_ritual	character_to_faction_unseen	1.0000
wh3_dlc27_eternal_dance_tempo_4_dance_enable_ritual_of_elves_dummy	wh3_dlc27_eternal_dance_of_elves_tempo_4_ritual	character_to_faction_unseen	1.0000
wh_main_effect_character_stat_bonus_vs_large	wh3_dlc27_eternal_dance_of_final_battle_tempo_1_variation_1	general_to_force_own	12.0000
wh_main_effect_force_stat_speed	wh3_dlc27_eternal_dance_of_final_battle_tempo_1_variation_1	general_to_force_own	-12.0000
wh_main_effect_force_stat_armour	wh3_dlc27_eternal_dance_of_final_battle_tempo_1_variation_2	general_to_force_own	-10.0000
wh_main_effect_force_stat_speed	wh3_dlc27_eternal_dance_of_final_battle_tempo_1_variation_2	general_to_force_own	12.0000
wh_main_effect_force_stat_melee_defence	wh3_dlc27_eternal_dance_of_final_battle_tempo_1_variation_3	general_to_force_own	-6.0000
wh_main_effect_force_stat_weapon_strength	wh3_dlc27_eternal_dance_of_final_battle_tempo_1_variation_3	general_to_force_own	12.0000
wh3_dlc27_effect_force_stat_physical_resistance_attacking	wh3_dlc27_eternal_dance_of_final_battle_tempo_1_variation_4	general_to_force_own	10.0000
wh3_dlc27_effect_force_stat_physical_resistance_defending	wh3_dlc27_eternal_dance_of_final_battle_tempo_1_variation_4	general_to_force_own	-10.0000
wh2_dlc16_effect_character_stat_enable_dampening_attacks	wh3_dlc27_eternal_dance_of_final_battle_tempo_2_variation_1	general_to_force_own	1.0000
wh2_dlc17_effect_force_army_battle_enemy_unit_melee_defence	wh3_dlc27_eternal_dance_of_final_battle_tempo_2_variation_1	character_to_force_enemy_regionwide	-5.0000
wh_main_effect_force_stat_weapon_strength	wh3_dlc27_eternal_dance_of_final_battle_tempo_2_variation_1	general_to_force_own	-6.0000
wh3_dlc27_effect_ability_enable_giver_of_glory_lords_heroes	wh3_dlc27_eternal_dance_of_final_battle_tempo_2_variation_2	general_to_force_own	1.0000
wh_main_effect_force_stat_leadership	wh3_dlc27_eternal_dance_of_final_battle_tempo_2_variation_2	general_to_force_own	-5.0000
wh_main_effect_force_stat_melee_defence_infantry	wh3_dlc27_eternal_dance_of_final_battle_tempo_2_variation_2	general_to_force_own	4.0000
wh3_dlc27_effect_ability_enable_soulscent_all_units	wh3_dlc27_eternal_dance_of_final_battle_tempo_2_variation_3	general_to_force_own	1.0000
wh_main_effect_force_stat_leadership_enemy_unit	wh3_dlc27_eternal_dance_of_final_battle_tempo_2_variation_3	character_to_force_enemy_regionwide	-5.0000
wh_main_effect_force_stat_physical_resistance	wh3_dlc27_eternal_dance_of_final_battle_tempo_2_variation_3	general_to_force_own	-5.0000
wh3_dlc27_effect_attribute_enable_immune_to_flanking_cavalry_chariots_infantry	wh3_dlc27_eternal_dance_of_final_battle_tempo_2_variation_4	general_to_force_own	1.0000
wh3_dlc27_effect_force_stat_bonus_vs_large_monsters_lords_heroes	wh3_dlc27_eternal_dance_of_final_battle_tempo_2_variation_4	general_to_force_own	20.0000
wh_pro01_effect_force_stat_melee_defence_defending	wh3_dlc27_eternal_dance_of_final_battle_tempo_2_variation_4	general_to_force_own	-6.0000
wh3_dlc27_eternal_dance_tempo_3_ability_tempest_of_depravity	wh3_dlc27_eternal_dance_of_final_battle_tempo_3_variation_1	character_to_force_own_unseen	1.0000
wh3_dlc27_eternal_dance_tempo_3_ability_streams_of_euphoria	wh3_dlc27_eternal_dance_of_final_battle_tempo_3_variation_2	character_to_force_own_unseen	1.0000
wh3_dlc27_eternal_dance_tempo_3_ability_revelry_and_madness	wh3_dlc27_eternal_dance_of_final_battle_tempo_3_variation_3	character_to_force_own_unseen	1.0000
wh3_dlc27_eternal_dance_tempo_3_ability_carver_of_ways	wh3_dlc27_eternal_dance_of_final_battle_tempo_3_variation_4	character_to_force_own_unseen	1.0000
wh3_dlc27_eternal_dance_tempo_4_dance_enable_ritual_masque_of_attraction	wh3_dlc27_eternal_dance_of_final_battle_tempo_4_ritual	character_to_faction_unseen	1.0000
wh3_dlc27_eternal_dance_tempo_4_dance_enable_ritual_of_final_battle_dummy	wh3_dlc27_eternal_dance_of_final_battle_tempo_4_ritual	character_to_faction_unseen	1.0000
wh_main_effect_force_stat_melee_attack	wh3_dlc27_eternal_dance_of_khorne_tempo_1_variation_1	general_to_force_own	6.0000
wh_main_effect_force_stat_melee_defence	wh3_dlc27_eternal_dance_of_khorne_tempo_1_variation_1	general_to_force_own	-3.0000
wh_main_effect_force_stat_physical_resistance	wh3_dlc27_eternal_dance_of_khorne_tempo_1_variation_2	general_to_force_own	-3.0000
wh_main_effect_force_stat_weapon_strength	wh3_dlc27_eternal_dance_of_khorne_tempo_1_variation_2	general_to_force_own	8.0000
wh_main_effect_character_stat_bonus_vs_infantry	wh3_dlc27_eternal_dance_of_khorne_tempo_1_variation_3	general_to_force_own	6.0000
wh_main_effect_force_stat_leadership	wh3_dlc27_eternal_dance_of_khorne_tempo_1_variation_3	general_to_force_own	-5.0000
wh_main_effect_force_stat_armour	wh3_dlc27_eternal_dance_of_khorne_tempo_1_variation_4	general_to_force_own	-10.0000
wh_main_effect_force_stat_charge_bonus_pct	wh3_dlc27_eternal_dance_of_khorne_tempo_1_variation_4	general_to_force_own	10.0000
wh3_dlc27_effect_ability_enable_frenzy_all	wh3_dlc27_eternal_dance_of_khorne_tempo_2_variation_1	general_to_force_own	1.0000
wh_main_effect_force_stat_speed	wh3_dlc27_eternal_dance_of_khorne_tempo_2_variation_1	general_to_force_own	-6.0000
wh3_dlc27_effect_ability_enable_berserk_all_units	wh3_dlc27_eternal_dance_of_khorne_tempo_2_variation_2	general_to_force_own	1.0000
wh_main_effect_force_stat_armour	wh3_dlc27_eternal_dance_of_khorne_tempo_2_variation_2	general_to_force_own	-10.0000
wh3_dlc27_effect_attribute_enable_glorious_charge_all_units	wh3_dlc27_eternal_dance_of_khorne_tempo_2_variation_3	general_to_force_own	1.0000
wh3_main_effect_force_stat_unit_mass_percentage_mod	wh3_dlc27_eternal_dance_of_khorne_tempo_2_variation_3	general_to_force_own	15.0000
wh_main_effect_force_stat_physical_resistance	wh3_dlc27_eternal_dance_of_khorne_tempo_2_variation_3	general_to_force_own	-3.0000
wh3_dlc27_effect_ability_enable_pleasure_through_pain_all_units	wh3_dlc27_eternal_dance_of_khorne_tempo_2_variation_4	general_to_force_own	1.0000
wh_main_effect_force_stat_leadership	wh3_dlc27_eternal_dance_of_khorne_tempo_2_variation_4	general_to_force_own	4.0000
wh_pro01_effect_force_stat_melee_defence_defending	wh3_dlc27_eternal_dance_of_khorne_tempo_2_variation_4	general_to_force_own	-8.0000
wh3_dlc27_eternal_dance_tempo_3_ability_insidious_allure	wh3_dlc27_eternal_dance_of_khorne_tempo_3_variation_1	character_to_force_own_unseen	1.0000
wh3_dlc27_eternal_dance_tempo_3_ability_jesters_laughter	wh3_dlc27_eternal_dance_of_khorne_tempo_3_variation_2	character_to_force_own_unseen	1.0000
wh3_dlc27_eternal_dance_tempo_3_ability_nectar_of_the_daemonette	wh3_dlc27_eternal_dance_of_khorne_tempo_3_variation_3	character_to_force_own_unseen	1.0000
wh3_dlc27_eternal_dance_tempo_3_ability_poisonous_aroma	wh3_dlc27_eternal_dance_of_khorne_tempo_3_variation_4	character_to_force_own_unseen	1.0000
wh3_dlc27_eternal_dance_tempo_4_dance_enable_ritual_masque_of_reforging	wh3_dlc27_eternal_dance_of_khorne_tempo_4_ritual	character_to_faction_unseen	25.0000
wh3_dlc27_eternal_dance_tempo_4_dance_enable_ritual_of_khorne_dummy	wh3_dlc27_eternal_dance_of_khorne_tempo_4_ritual	character_to_faction_unseen	100.0000
wh_main_effect_force_stat_physical_resistance	wh3_dlc27_eternal_dance_of_nurgle_tempo_1_variation_1	general_to_force_own	-5.0000
wh_main_effect_force_stat_ward_save	wh3_dlc27_eternal_dance_of_nurgle_tempo_1_variation_1	general_to_force_own	8.0000
wh_main_effect_force_stat_melee_attack	wh3_dlc27_eternal_dance_of_nurgle_tempo_1_variation_2	general_to_force_own	-3.0000
wh_main_effect_force_stat_melee_defence	wh3_dlc27_eternal_dance_of_nurgle_tempo_1_variation_2	general_to_force_own	6.0000
wh_main_effect_force_stat_armour	wh3_dlc27_eternal_dance_of_nurgle_tempo_1_variation_3	general_to_force_own	30.0000
wh_main_effect_force_stat_speed	wh3_dlc27_eternal_dance_of_nurgle_tempo_1_variation_3	general_to_force_own	-6.0000
wh2_main_effect_character_stat_enable_flaming_attacks	wh3_dlc27_eternal_dance_of_nurgle_tempo_1_variation_4	general_to_force_own	1.0000
wh_main_effect_force_stat_charge_bonus_pct	wh3_dlc27_eternal_dance_of_nurgle_tempo_1_variation_4	general_to_force_own	-6.0000
wh_main_effect_force_stat_fire_resistance	wh3_dlc27_eternal_dance_of_nurgle_tempo_1_variation_4	general_to_force_own	20.0000
wh2_dlc12_effect_force_stat_melee_attack_attacking	wh3_dlc27_eternal_dance_of_nurgle_tempo_2_variation_1	general_to_force_own	-4.0000
wh2_dlc16_effect_force_enable_attribute_guerrilla_deployment_all	wh3_dlc27_eternal_dance_of_nurgle_tempo_2_variation_1	general_to_force_own	1.0000
wh_main_effect_force_stat_missile_resistance	wh3_dlc27_eternal_dance_of_nurgle_tempo_2_variation_1	general_to_force_own	10.0000
wh3_dlc20_effect_healing_cap_modifier	wh3_dlc27_eternal_dance_of_nurgle_tempo_2_variation_2	general_to_force_own	25.0000
wh3_dlc27_effect_ability_enable_giver_of_abundant_glory	wh3_dlc27_eternal_dance_of_nurgle_tempo_2_variation_2	character_to_character_own	1.0000
wh_main_effect_force_stat_speed	wh3_dlc27_eternal_dance_of_nurgle_tempo_2_variation_2	general_to_force_own	-6.0000
wh3_dlc27_effect_attribute_enable_perfect_vigour_attacking	wh3_dlc27_eternal_dance_of_nurgle_tempo_2_variation_3	general_to_force_own	1.0000
wh3_dlc27_effect_force_stat_physical_resistance_attacking	wh3_dlc27_eternal_dance_of_nurgle_tempo_2_variation_3	general_to_force_own	5.0000
wh_main_effect_character_stat_weapon_strength_attacking	wh3_dlc27_eternal_dance_of_nurgle_tempo_2_variation_3	general_to_force_own	-6.0000
wh2_dlc14_effect_magic_cost_all_lores_percentage	wh3_dlc27_eternal_dance_of_nurgle_tempo_2_variation_4	general_to_force_own	10.0000
wh_main_effect_attribute_enable_stalk	wh3_dlc27_eternal_dance_of_nurgle_tempo_2_variation_4	general_to_force_own	1.0000
wh_main_effect_force_stat_magic_resistance	wh3_dlc27_eternal_dance_of_nurgle_tempo_2_variation_4	general_to_force_own	30.0000
wh3_dlc27_eternal_dance_tempo_3_ability_needful_caress	wh3_dlc27_eternal_dance_of_nurgle_tempo_3_variation_1	character_to_force_own_unseen	1.0000
wh3_dlc27_eternal_dance_tempo_3_ability_path_of_indulgence	wh3_dlc27_eternal_dance_of_nurgle_tempo_3_variation_2	character_to_force_own_unseen	1.0000
wh3_dlc27_eternal_dance_tempo_3_ability_denial_of_death	wh3_dlc27_eternal_dance_of_nurgle_tempo_3_variation_3	character_to_force_own_unseen	1.0000
wh3_dlc27_eternal_dance_tempo_3_ability_submission_to_the_prince	wh3_dlc27_eternal_dance_of_nurgle_tempo_3_variation_4	character_to_force_own_unseen	1.0000
wh3_dlc27_eternal_dance_tempo_4_dance_enable_ritual_masque_of_destruction	wh3_dlc27_eternal_dance_of_nurgle_tempo_4_ritual	character_to_faction_unseen	1.0000
wh3_dlc27_eternal_dance_tempo_4_dance_enable_ritual_of_nurgle_dummy	wh3_dlc27_eternal_dance_of_nurgle_tempo_4_ritual	character_to_faction_unseen	1.0000
wh3_dlc29_effect_pooled_resource_chs_eotg_per_turn_hidden	wh3_dlc27_faction_initiative_chs_slaanesh_3_units_champions_of_slaanesh	faction_to_faction_own_unseen	1.0000
wh3_dlc29_effect_pooled_resource_chs_eotg_per_turn_hidden	wh3_dlc27_faction_initiative_chs_slaanesh_3_units_pleasureseekers	faction_to_faction_own_unseen	1.0000
wh3_dlc27_effect_force_stat_leadership_sla_non_daemonic	wh3_dlc27_force_initiative_dechala_daemonette_1_attraction	character_to_force_own	3.0000
wh3_dlc27_effect_force_stat_vigour_loss_reduction_sla_non_daemonic	wh3_dlc27_force_initiative_dechala_exalted_chariot_attraction	character_to_force_own	-5.0000
wh3_dlc27_effect_force_stat_weapon_strength_sla_non_daemonic	wh3_dlc27_force_initiative_dechala_fiends_attraction	character_to_force_own	3.0000
wh3_dlc27_effect_force_stat_charge_bonus_sla_non_daemonic_all	wh3_dlc27_force_initiative_dechala_furies_attraction	character_to_force_own	4.0000
wh3_dlc27_effect_force_stat_speed_sla_non_daemonic	wh3_dlc27_force_initiative_dechala_heartseekers_attraction	character_to_force_own	3.0000
wh3_dlc27_effect_force_stat_physical_resistance_sla_non_daemonic_all	wh3_dlc27_force_initiative_dechala_keeper_of_secrets_attraction	character_to_force_own	3.0000
wh3_dlc27_effect_force_stat_missile_block_chance_sla_non_daemonic	wh3_dlc27_force_initiative_dechala_pleasureseekers_attraction	character_to_force_own	3.0000
wh3_dlc27_sla_dechala_corrupt_units_cost_per_tier	wh3_dlc27_gift_of_slaanesh_dechala_character	character_to_force_enemy_provincewide	-10.0000
wh3_main_effect_corruption_slaanesh_gift_of_slaanesh	wh3_dlc27_gift_of_slaanesh_dechala_character	character_to_province_any	5.0000
wh3_dlc27_sla_dechala_thralls_gifts	wh3_dlc27_gift_of_slaanesh_dechala_faction_upgraded	faction_to_faction_own_unseen	25.0000
wh3_dlc27_sla_dechala_thralls_gifts	wh3_dlc27_gift_of_slaanesh_dechala_faction	faction_to_faction_own_unseen	5.0000
wh3_main_effect_corruption_slaanesh_gift_of_slaanesh	wh3_dlc27_gift_of_slaanesh_masque_character	character_to_province_any	5.0000
wh3_main_effect_pre_battle_bribery_cost_mod	wh3_dlc27_gift_of_slaanesh_masque_character	character_to_force_enemy_provincewide	-10.0000
wh3_main_effect_sla_devotees_gift_of_slaanesh	wh3_dlc27_gift_of_slaanesh_masque_faction_upgraded	faction_to_faction_own_unseen	25.0000
wh3_main_effect_sla_devotees_gift_of_slaanesh	wh3_dlc27_gift_of_slaanesh_masque_faction	faction_to_faction_own_unseen	5.0000
wh3_dlc27_effect_hef_dragonship_supplies	wh3_dlc27_hef_colony_dragonship_supplies_income_1	province_to_province_own_unseen	50.0000
wh3_dlc27_effect_hef_elven_trade_converted_dummy	wh3_dlc27_hef_colony_dragonship_supplies_income_1	province_to_province_own_unseen	-100.0000
wh3_dlc27_effect_hef_elven_trade_converted_hidden	wh3_dlc27_hef_colony_dragonship_supplies_income_1	province_to_province_own_unseen	-100.0000
wh3_dlc27_effect_hef_dragonship_supplies	wh3_dlc27_hef_colony_dragonship_supplies_income_2a	province_to_province_own_unseen	100.0000
wh3_dlc27_effect_hef_elven_trade_converted_dummy	wh3_dlc27_hef_colony_dragonship_supplies_income_2a	province_to_province_own_unseen	-250.0000
wh3_dlc27_effect_hef_elven_trade_converted_hidden	wh3_dlc27_hef_colony_dragonship_supplies_income_2a	province_to_province_own_unseen	-250.0000
wh3_dlc27_effect_hef_dragonship_supplies	wh3_dlc27_hef_colony_dragonship_supplies_income_2b	province_to_province_own_unseen	150.0000
wh3_dlc27_effect_hef_elven_trade_converted_dummy	wh3_dlc27_hef_colony_dragonship_supplies_income_2b	province_to_province_own_unseen	-200.0000
wh3_dlc27_effect_hef_elven_trade_converted_hidden	wh3_dlc27_hef_colony_dragonship_supplies_income_2b	province_to_province_own_unseen	-200.0000
wh3_dlc27_effect_hef_dragonship_supplies	wh3_dlc27_hef_colony_dragonship_supplies_income_3a	province_to_province_own_unseen	200.0000
wh3_dlc27_effect_hef_elven_trade_converted_dummy	wh3_dlc27_hef_colony_dragonship_supplies_income_3a	province_to_province_own_unseen	-500.0000
wh3_dlc27_effect_hef_elven_trade_converted_hidden	wh3_dlc27_hef_colony_dragonship_supplies_income_3a	province_to_province_own_unseen	-500.0000
wh3_dlc27_effect_hef_dragonship_supplies	wh3_dlc27_hef_colony_dragonship_supplies_income_3b	province_to_province_own_unseen	300.0000
wh3_dlc27_effect_hef_elven_trade_converted_dummy	wh3_dlc27_hef_colony_dragonship_supplies_income_3b	province_to_province_own_unseen	-400.0000
wh3_dlc27_effect_hef_elven_trade_converted_hidden	wh3_dlc27_hef_colony_dragonship_supplies_income_3b	province_to_province_own_unseen	-400.0000
wh3_dlc27_effect_hef_elven_trade_converted_dummy	wh3_dlc27_hef_colony_economy_market_1	province_to_province_own_unseen	-300.0000
wh3_dlc27_effect_hef_elven_trade_converted_hidden	wh3_dlc27_hef_colony_economy_market_1	province_to_province_own_unseen	-300.0000
wh_main_effect_economy_gdp_trade_sea	wh3_dlc27_hef_colony_economy_market_1	building_to_building_own	500.0000
wh3_dlc27_effect_hef_elven_trade_converted_dummy	wh3_dlc27_hef_colony_economy_market_2	province_to_province_own_unseen	-600.0000
wh3_dlc27_effect_hef_elven_trade_converted_hidden	wh3_dlc27_hef_colony_economy_market_2	province_to_province_own_unseen	-600.0000
wh_main_effect_economy_gdp_trade_sea	wh3_dlc27_hef_colony_economy_market_2	building_to_building_own	1000.0000
wh3_dlc27_effect_hef_elven_trade_converted_dummy	wh3_dlc27_hef_colony_economy_market_3	province_to_province_own_unseen	-900.0000
wh3_dlc27_effect_hef_elven_trade_converted_hidden	wh3_dlc27_hef_colony_economy_market_3	province_to_province_own_unseen	-900.0000
wh_main_effect_economy_gdp_trade_sea	wh3_dlc27_hef_colony_economy_market_3	building_to_building_own	1500.0000
wh3_dlc27_effect_hef_elven_trade_converted_dummy	wh3_dlc27_hef_colony_economy_trade_1	province_to_province_own_unseen	-300.0000
wh3_dlc27_effect_hef_elven_trade_converted_hidden	wh3_dlc27_hef_colony_economy_trade_1	province_to_province_own_unseen	-300.0000
wh_main_effect_economy_trade_tariff_mod	wh3_dlc27_hef_colony_economy_trade_1	faction_to_faction_own_unseen	30.0000
wh_main_effect_region_resource_furs_production	wh3_dlc27_hef_colony_economy_trade_1	building_to_building_own	5.0000
wh_main_effect_region_resource_medicine_production	wh3_dlc27_hef_colony_economy_trade_1	building_to_building_own	5.0000
wh_main_effect_region_resource_spices_production	wh3_dlc27_hef_colony_economy_trade_1	building_to_building_own	5.0000
wh_main_effect_region_resource_wine_production	wh3_dlc27_hef_colony_economy_trade_1	building_to_building_own	5.0000
wh3_dlc27_effect_hef_elven_trade_converted_dummy	wh3_dlc27_hef_colony_economy_trade_2	province_to_province_own_unseen	-400.0000
wh3_dlc27_effect_hef_elven_trade_converted_hidden	wh3_dlc27_hef_colony_economy_trade_2	province_to_province_own_unseen	-400.0000
wh_main_effect_economy_trade_tariff_mod	wh3_dlc27_hef_colony_economy_trade_2	faction_to_faction_own_unseen	60.0000
wh_main_effect_region_resource_furs_production	wh3_dlc27_hef_colony_economy_trade_2	building_to_building_own	12.0000
wh_main_effect_region_resource_medicine_production	wh3_dlc27_hef_colony_economy_trade_2	building_to_building_own	12.0000
wh_main_effect_region_resource_spices_production	wh3_dlc27_hef_colony_economy_trade_2	building_to_building_own	12.0000
wh_main_effect_region_resource_wine_production	wh3_dlc27_hef_colony_economy_trade_2	building_to_building_own	12.0000
wh3_dlc27_effect_hef_elven_trade_converted_dummy	wh3_dlc27_hef_colony_economy_trade_3	province_to_province_own_unseen	-500.0000
wh3_dlc27_effect_hef_elven_trade_converted_hidden	wh3_dlc27_hef_colony_economy_trade_3	province_to_province_own_unseen	-500.0000
wh_main_effect_economy_trade_tariff_mod	wh3_dlc27_hef_colony_economy_trade_3	faction_to_faction_own_unseen	100.0000
wh_main_effect_region_resource_furs_production	wh3_dlc27_hef_colony_economy_trade_3	building_to_building_own	25.0000
wh_main_effect_region_resource_medicine_production	wh3_dlc27_hef_colony_economy_trade_3	building_to_building_own	25.0000
wh_main_effect_region_resource_spices_production	wh3_dlc27_hef_colony_economy_trade_3	building_to_building_own	25.0000
wh_main_effect_region_resource_wine_production	wh3_dlc27_hef_colony_economy_trade_3	building_to_building_own	25.0000
wh3_dlc27_effect_hef_dragonship_supplies_upkeep_dummy	wh3_dlc27_hef_dragonship_extra_1	faction_to_faction_own_unseen	-50.0000
wh3_dlc27_effect_hef_dragonship_supplies_upkeep_hidden	wh3_dlc27_hef_dragonship_extra_1	faction_to_faction_own_unseen	-50.0000
wh3_main_effect_allegiance_points_mod	wh3_dlc27_hef_dragonship_extra_1	faction_to_faction_own	5.0000
wh3_main_effect_allied_recruitment_global_pool_cost_percentage_mod	wh3_dlc27_hef_dragonship_extra_1	faction_to_faction_own	-5.0000
wh_main_faction_political_diplomacy_mod	wh3_dlc27_hef_dragonship_extra_1	faction_to_faction_own_unseen	10.0000
wh2_main_effect_agent_recruitment_xp_all_agents_and_lords	wh3_dlc27_hef_dragonship_extra_2a	faction_to_force_own	5.0000
wh2_main_effect_agent_recruitment_xp_all_agents_and_lords_hidden	wh3_dlc27_hef_dragonship_extra_2a	faction_to_province_own	5.0000
wh3_dlc27_effect_hef_dragonship_supplies_upkeep_dummy	wh3_dlc27_hef_dragonship_extra_2a	faction_to_faction_own_unseen	-100.0000
wh3_dlc27_effect_hef_dragonship_supplies_upkeep_hidden	wh3_dlc27_hef_dragonship_extra_2a	faction_to_faction_own_unseen	-100.0000
wh_dlc05_effect_building_army_xp_gain	wh3_dlc27_hef_dragonship_extra_2a	force_to_force_own_all_units_dragonship	100.0000
wh_main_effect_force_all_campaign_experience_base_all	wh3_dlc27_hef_dragonship_extra_2a	force_to_force_own	1.0000
wh3_dlc27_effect_hef_dragonship_supplies_upkeep_dummy	wh3_dlc27_hef_dragonship_extra_2b	faction_to_faction_own_unseen	-100.0000
wh3_dlc27_effect_hef_dragonship_supplies_upkeep_hidden	wh3_dlc27_hef_dragonship_extra_2b	faction_to_faction_own_unseen	-100.0000
wh3_main_effect_allegiance_points_mod	wh3_dlc27_hef_dragonship_extra_2b	faction_to_faction_own	10.0000
wh3_main_effect_allied_recruitment_global_pool_cost_percentage_mod	wh3_dlc27_hef_dragonship_extra_2b	faction_to_faction_own	-10.0000
wh3_main_effect_recruitment_cap_allied_units	wh3_dlc27_hef_dragonship_extra_2b	faction_to_faction_own	1.0000
wh_main_faction_political_diplomacy_mod	wh3_dlc27_hef_dragonship_extra_2b	faction_to_faction_own_unseen	25.0000
wh3_dlc27_effect_hef_dragonship_supplies_upkeep_dummy	wh3_dlc27_hef_dragonship_extra_2c	faction_to_faction_own_unseen	-100.0000
wh3_dlc27_effect_hef_dragonship_supplies_upkeep_hidden	wh3_dlc27_hef_dragonship_extra_2c	faction_to_faction_own_unseen	-100.0000
wh3_main_effect_region_resource_ivory_production	wh3_dlc27_hef_dragonship_extra_2c	building_to_building_own	5.0000
wh_main_effect_economy_trade_tariff_mod	wh3_dlc27_hef_dragonship_extra_2c	faction_to_faction_own	100.0000
wh_main_effect_region_resource_animals_production	wh3_dlc27_hef_dragonship_extra_2c	building_to_building_own	10.0000
wh_main_effect_region_resource_gem_production	wh3_dlc27_hef_dragonship_extra_2c	building_to_building_own	15.0000
wh3_dlc27_effect_hef_dragonship_supplies_upkeep_dummy	wh3_dlc27_hef_dragonship_main_building_2	faction_to_faction_own_unseen	-5.0000
wh3_dlc27_effect_hef_dragonship_supplies_upkeep_hidden	wh3_dlc27_hef_dragonship_main_building_2	faction_to_faction_own_unseen	-5.0000
wh_main_effect_force_all_campaign_upkeep	wh3_dlc27_hef_dragonship_main_building_2	force_to_force_own_all_units_dragonship	-5.0000
wh3_dlc27_effect_hef_dragonship_supplies_upkeep_dummy	wh3_dlc27_hef_dragonship_main_building_3	faction_to_faction_own_unseen	-10.0000
wh3_dlc27_effect_hef_dragonship_supplies_upkeep_hidden	wh3_dlc27_hef_dragonship_main_building_3	faction_to_faction_own_unseen	-10.0000
wh_main_effect_force_all_campaign_upkeep	wh3_dlc27_hef_dragonship_main_building_3	force_to_force_own_all_units_dragonship	-10.0000
wh3_dlc27_effect_hef_dragonship_supplies_upkeep_dummy	wh3_dlc27_hef_dragonship_main_building_4	faction_to_faction_own_unseen	-15.0000
wh3_dlc27_effect_hef_dragonship_supplies_upkeep_hidden	wh3_dlc27_hef_dragonship_main_building_4	faction_to_faction_own_unseen	-15.0000
wh_main_effect_force_all_campaign_upkeep	wh3_dlc27_hef_dragonship_main_building_4	force_to_force_own_all_units_dragonship	-15.0000
wh3_dlc27_effect_hef_dragonship_supplies_upkeep_dummy	wh3_dlc27_hef_dragonship_main_building_5	faction_to_faction_own_unseen	-20.0000
wh3_dlc27_effect_hef_dragonship_supplies_upkeep_hidden	wh3_dlc27_hef_dragonship_main_building_5	faction_to_faction_own_unseen	-20.0000
wh_main_effect_force_all_campaign_upkeep	wh3_dlc27_hef_dragonship_main_building_5	force_to_force_own_all_units_dragonship	-20.0000
wh3_dlc27_effect_hef_dragonship_supplies_upkeep_dummy	wh3_dlc27_hef_dragonship_main_building_aislinn_2	faction_to_faction_own_unseen	-5.0000
wh3_dlc27_effect_hef_dragonship_supplies_upkeep_hidden	wh3_dlc27_hef_dragonship_main_building_aislinn_2	faction_to_faction_own_unseen	-5.0000
wh_main_effect_force_all_campaign_upkeep	wh3_dlc27_hef_dragonship_main_building_aislinn_2	force_to_force_own_all_units_dragonship	-20.0000
wh3_dlc27_effect_hef_dragonship_supplies_upkeep_dummy	wh3_dlc27_hef_dragonship_main_building_aislinn_3	faction_to_faction_own_unseen	-10.0000
wh3_dlc27_effect_hef_dragonship_supplies_upkeep_hidden	wh3_dlc27_hef_dragonship_main_building_aislinn_3	faction_to_faction_own_unseen	-10.0000
wh_main_effect_force_all_campaign_upkeep	wh3_dlc27_hef_dragonship_main_building_aislinn_3	force_to_force_own_all_units_dragonship	-35.0000
wh3_dlc27_effect_hef_dragonship_supplies_upkeep_dummy	wh3_dlc27_hef_dragonship_main_building_aislinn_4	faction_to_faction_own_unseen	-15.0000
wh3_dlc27_effect_hef_dragonship_supplies_upkeep_hidden	wh3_dlc27_hef_dragonship_main_building_aislinn_4	faction_to_faction_own_unseen	-15.0000
wh_main_effect_force_all_campaign_upkeep	wh3_dlc27_hef_dragonship_main_building_aislinn_4	force_to_force_own_all_units_dragonship	-50.0000
wh3_dlc27_effect_hef_dragonship_supplies_upkeep_dummy	wh3_dlc27_hef_dragonship_main_building_aislinn_5	faction_to_faction_own_unseen	-20.0000
wh3_dlc27_effect_hef_dragonship_supplies_upkeep_hidden	wh3_dlc27_hef_dragonship_main_building_aislinn_5	faction_to_faction_own_unseen	-20.0000
wh_main_effect_force_all_campaign_upkeep	wh3_dlc27_hef_dragonship_main_building_aislinn_5	force_to_force_own_all_units_dragonship	-70.0000
wh3_dlc27_effect_hef_dragonship_supplies_upkeep_dummy	wh3_dlc27_hef_dragonship_treasury_1	faction_to_faction_own_unseen	-10.0000
wh3_dlc27_effect_hef_dragonship_supplies_upkeep_hidden	wh3_dlc27_hef_dragonship_treasury_1	faction_to_faction_own_unseen	-10.0000
wh_main_effect_force_all_campaign_recruitment_cost	wh3_dlc27_hef_dragonship_treasury_1	force_to_force_own	-10.0000
wh_main_effect_force_all_campaign_upkeep	wh3_dlc27_hef_dragonship_treasury_1	force_to_force_own_all_units_dragonship	-10.0000
wh3_dlc27_effect_hef_dragonship_supplies_upkeep_dummy	wh3_dlc27_hef_dragonship_treasury_2	faction_to_faction_own_unseen	-20.0000
wh3_dlc27_effect_hef_dragonship_supplies_upkeep_hidden	wh3_dlc27_hef_dragonship_treasury_2	faction_to_faction_own_unseen	-20.0000
wh_main_effect_force_all_campaign_recruitment_cost	wh3_dlc27_hef_dragonship_treasury_2	force_to_force_own	-20.0000
wh_main_effect_force_all_campaign_upkeep	wh3_dlc27_hef_dragonship_treasury_2	force_to_force_own_all_units_dragonship	-20.0000
wh3_dlc27_effect_hef_dragonship_supplies_upkeep_dummy	wh3_dlc27_hef_dragonship_treasury_3a	faction_to_faction_own_unseen	-30.0000
wh3_dlc27_effect_hef_dragonship_supplies_upkeep_hidden	wh3_dlc27_hef_dragonship_treasury_3a	faction_to_faction_own_unseen	-30.0000
wh_main_effect_force_all_campaign_recruitment_cost	wh3_dlc27_hef_dragonship_treasury_3a	force_to_force_own	-30.0000
wh_main_effect_force_all_campaign_upkeep	wh3_dlc27_hef_dragonship_treasury_3a	force_to_force_own_all_units_dragonship	-30.0000
wh3_dlc27_effect_hef_dragonship_supplies_upkeep_dummy	wh3_dlc27_hef_dragonship_treasury_3b	faction_to_faction_own_unseen	-30.0000
wh3_dlc27_effect_hef_dragonship_supplies_upkeep_hidden	wh3_dlc27_hef_dragonship_treasury_3b	faction_to_faction_own_unseen	-30.0000
wh_main_effect_force_all_campaign_recruitment_cost	wh3_dlc27_hef_dragonship_treasury_3b	force_to_force_own	-20.0000
wh_main_effect_force_all_campaign_upkeep	wh3_dlc27_hef_dragonship_treasury_3b	force_to_force_own_all_units_dragonship	-20.0000
wh_main_effect_force_stat_ammunition	wh3_dlc27_hef_dragonship_treasury_3b	force_to_force_own_all_units_dragonship	30.0000
wh_main_effect_force_stat_reload_time_reduction	wh3_dlc27_hef_dragonship_treasury_3b	force_to_force_own_all_units_dragonship	20.0000
wh3_dlc27_effect_ability_enable_recipe_mark_of_vindictiveness_ascendancy_iii	wh3_dlc27_recipe_mark_of_vindictiveness_ascendancy_iii	character_to_character_own	1.0000
wh3_dlc27_effect_ability_enable_recipe_mark_of_vindictiveness_ascendancy_ii	wh3_dlc27_recipe_mark_of_vindictiveness_ascendancy_ii	character_to_character_own	1.0000
wh3_dlc27_effect_ability_enable_recipe_mark_of_vindictiveness_ascendancy	wh3_dlc27_recipe_mark_of_vindictiveness_ascendancy	character_to_character_own	1.0000
wh3_dlc27_effect_ability_enable_recipe_mark_of_vindictiveness_denial_iii	wh3_dlc27_recipe_mark_of_vindictiveness_denial_iii	character_to_character_own	1.0000
wh3_dlc27_effect_ability_enable_recipe_mark_of_vindictiveness_denial_ii	wh3_dlc27_recipe_mark_of_vindictiveness_denial_ii	character_to_character_own	1.0000
wh3_dlc27_effect_ability_enable_recipe_mark_of_vindictiveness_denial	wh3_dlc27_recipe_mark_of_vindictiveness_denial	character_to_character_own	1.0000
wh3_dlc27_effect_ability_enable_recipe_mark_of_vindictiveness_despair_iii	wh3_dlc27_recipe_mark_of_vindictiveness_despair_iii	character_to_character_own	1.0000
wh3_dlc27_effect_ability_enable_recipe_mark_of_vindictiveness_despair_ii	wh3_dlc27_recipe_mark_of_vindictiveness_despair_ii	character_to_character_own	1.0000
wh3_dlc27_effect_ability_enable_recipe_mark_of_vindictiveness_despair	wh3_dlc27_recipe_mark_of_vindictiveness_despair	character_to_character_own	1.0000
wh3_dlc27_effect_ability_enable_recipe_mark_of_vindictiveness_indolence_iii	wh3_dlc27_recipe_mark_of_vindictiveness_indolence_iii	character_to_character_own	1.0000
wh3_dlc27_effect_ability_enable_recipe_mark_of_vindictiveness_indolence_ii	wh3_dlc27_recipe_mark_of_vindictiveness_indolence_ii	character_to_character_own	1.0000
wh3_dlc27_effect_ability_enable_recipe_mark_of_vindictiveness_indolence	wh3_dlc27_recipe_mark_of_vindictiveness_indolence	character_to_character_own	1.0000
wh3_dlc27_effect_ability_enable_recipe_mark_of_vindictiveness_lash_iii	wh3_dlc27_recipe_mark_of_vindictiveness_lash_iii	character_to_character_own	1.0000
wh3_dlc27_effect_ability_enable_recipe_mark_of_vindictiveness_lash_ii	wh3_dlc27_recipe_mark_of_vindictiveness_lash_ii	character_to_character_own	1.0000
wh3_dlc27_effect_ability_enable_recipe_mark_of_vindictiveness_lash	wh3_dlc27_recipe_mark_of_vindictiveness_lash	character_to_character_own	1.0000
wh3_dlc27_effect_ability_enable_recipe_mark_of_vindictiveness_pain_iii	wh3_dlc27_recipe_mark_of_vindictiveness_pain_iii	character_to_character_own	1.0000
wh3_dlc27_effect_ability_enable_recipe_mark_of_vindictiveness_pain_ii	wh3_dlc27_recipe_mark_of_vindictiveness_pain_ii	character_to_character_own	1.0000
wh3_dlc27_effect_ability_enable_recipe_mark_of_vindictiveness_pain	wh3_dlc27_recipe_mark_of_vindictiveness_pain	character_to_character_own	1.0000
wh3_main_effect_force_stat_melee_defence_mult	wh3_dlc27_sla_dechala_corrupt_units	character_to_character_own_banner_unseen	-20.0000
wh_main_effect_character_stat_missile_damage	wh3_dlc27_sla_dechala_corrupt_units	character_to_character_own_banner_unseen	-25.0000
wh_main_effect_character_stat_speed	wh3_dlc27_sla_dechala_corrupt_units	character_to_character_own_banner_unseen	-25.0000
wh_main_effect_character_stat_weapon_strength	wh3_dlc27_sla_dechala_corrupt_units	character_to_character_own_banner_unseen	-25.0000
wh_main_effect_force_stat_leadership_pct	wh3_dlc27_sla_dechala_corrupt_units	character_to_character_own_banner_unseen	-33.0000
wh_main_effect_force_stat_melee_attack_pct	wh3_dlc27_sla_dechala_corrupt_units	character_to_character_own_banner_unseen	-20.0000
wh3_dlc27_effect_economy_gdp_trollkin	wh3_dlc27_throgg_monster_den_1	building_to_building_own	75.0000
wh3_dlc27_effect_nor_spoils_resource	wh3_dlc27_throgg_monster_den_1	building_to_faction_own	15.0000
wh3_dlc27_pooled_resource_nor_trollkin_buildings_used	wh3_dlc27_throgg_monster_den_1	province_to_province_own_unseen	-5.0000
wh_main_effect_region_resource_animals_production	wh3_dlc27_throgg_monster_den_1	building_to_building_own	15.0000
wh3_dlc27_effect_economy_gdp_trollkin	wh3_dlc27_throgg_monster_den_2	building_to_building_own	150.0000
wh3_dlc27_effect_nor_spoils_resource	wh3_dlc27_throgg_monster_den_2	building_to_faction_own	30.0000
wh3_dlc27_pooled_resource_nor_trollkin_buildings_used	wh3_dlc27_throgg_monster_den_2	province_to_province_own_unseen	-10.0000
wh_main_effect_region_resource_animals_production	wh3_dlc27_throgg_monster_den_2	building_to_building_own	30.0000
wh3_dlc29_effect_attribute_enable_stalk_tmb_archer_horse_chariot	wh3_dlc29_black_pyramid_archers_1	faction_to_force_own	1.0000
wh3_dlc29_effect_gravecall_unlock_horse_chariot_archer	wh3_dlc29_black_pyramid_archers_1	faction_to_force_own_unseen	1.0000
wh3_dlc29_effect_force_stat_speed_nag_archer_horsemen_chariots	wh3_dlc29_black_pyramid_archers_2	faction_to_force_own	10.0000
wh3_dlc29_effect_force_stat_vigour_nag_archer_horsemen_chariots	wh3_dlc29_black_pyramid_archers_2	faction_to_force_own	-20.0000
wh3_dlc29_effect_flaming_attacks_nag_archers	wh3_dlc29_black_pyramid_archers_3	faction_to_force_own	1.0000
wh3_dlc29_effect_force_stat_missile_strength_tmb_archers	wh3_dlc29_black_pyramid_archers_3	faction_to_force_own	5.0000
wh3_dlc29_effect_force_stat_reload_time_reduction_tmb_archers	wh3_dlc29_black_pyramid_archers_4	faction_to_force_own	15.0000
wh3_dlc29_effect_force_recruit_cost_nag_archer_tmb_bow	wh3_dlc29_black_pyramid_archers_5	faction_to_force_own	-15.0000
wh3_dlc29_effect_force_upkeep_nag_archer_tmb_bow	wh3_dlc29_black_pyramid_archers_5	faction_to_force_own	-5.0000
wh3_dlc29_effect_force_stat_magic_attacks_nag_archers	wh3_dlc29_black_pyramid_archers_6	faction_to_force_own	1.0000
wh3_dlc29_effect_force_stat_range_nag_archers	wh3_dlc29_black_pyramid_archers_6	faction_to_force_own	10.0000
wh3_dlc29_effect_force_stat_mass_nag_ushabti_bow	wh3_dlc29_black_pyramid_archers_7	faction_to_force_own	15.0000
wh3_dlc29_effect_force_stat_morale_nag_ushabti_bow	wh3_dlc29_black_pyramid_archers_7	faction_to_force_own	5.0000
wh3_dlc29_effect_enable_poison_nag_archers	wh3_dlc29_black_pyramid_archers_8	faction_to_force_own	1.0000
wh3_dlc29_effect_force_stat_ammo_tmb_archers	wh3_dlc29_black_pyramid_archers_8	faction_to_force_own	20.0000
wh3_dlc29_effect_ability_range_befalling_curse	wh3_dlc29_black_pyramid_arkhan_1	faction_to_character_arkhan	500.0000
wh3_dlc29_effect_ability_range_the_curse	wh3_dlc29_black_pyramid_arkhan_1	faction_to_character_arkhan	500.0000
wh3_dlc29_effect_ability_recharge_liber_mortis	wh3_dlc29_black_pyramid_arkhan_2	faction_to_character_arkhan	-20.0000
wh3_dlc29_effect_ability_uses_liber_mortis	wh3_dlc29_black_pyramid_arkhan_2	faction_to_character_arkhan	2.0000
wh3_dlc29_effect_enable_arkhan_transported_army_dummy	wh3_dlc29_black_pyramid_arkhan_3	faction_to_character_arkhan	1.0000
wh3_dlc29_effect_ritual_cost_ritual_of_undeath	wh3_dlc29_black_pyramid_arkhan_3	faction_to_faction_own_unseen	10.0000
wh3_dlc29_effect_force_stat_missile_resistance_carrion_fellbats	wh3_dlc29_black_pyramid_beasts_1	faction_to_force_own	10.0000
wh3_dlc29_effect_gravecall_unlock_carrion_fellbats	wh3_dlc29_black_pyramid_beasts_1	faction_to_force_own_unseen	1.0000
wh3_dlc29_effect_recruitment_cost_reduction_nag_bats_carrion	wh3_dlc29_black_pyramid_beasts_2	faction_to_force_own	-40.0000
wh3_dlc29_effect_upkeep_cost_reduction_carrion_bats	wh3_dlc29_black_pyramid_beasts_2	faction_to_force_own	-25.0000
wh3_dlc29_effect_attribute_enable_stalk_carrions_bats	wh3_dlc29_black_pyramid_beasts_3	faction_to_force_own	1.0000
wh3_dlc29_effect_force_stat_speed_bonus_carrion_fellbats	wh3_dlc29_black_pyramid_beasts_3	faction_to_force_own	15.0000
wh3_dlc29_effect_force_stat_charge_bonus_wolves_spirit_host	wh3_dlc29_black_pyramid_beasts_4	faction_to_force_own	5.0000
wh3_dlc29_effect_gravecall_unlock_dire_wolves_spirit_host	wh3_dlc29_black_pyramid_beasts_4	faction_to_force_own_unseen	1.0000
wh3_dlc29_effect_force_stat_leadership_wolves_spirit_host	wh3_dlc29_black_pyramid_beasts_5	faction_to_force_own	5.0000
wh3_dlc29_effect_recruitment_rank_mod_wolves_spirit_host	wh3_dlc29_black_pyramid_beasts_5	faction_to_force_own	1.0000
wh3_dlc29_effect_ability_enable_frenzy_wolves_spirit_host	wh3_dlc29_black_pyramid_beasts_6	faction_to_force_own	5.0000
wh2_dlc09_effect_force_stat_ap_damage_carrion_wolves_fellbats	wh3_dlc29_black_pyramid_beasts_7	faction_to_force_own	3.0000
wh3_dlc29_effect_contact_phase_poison_direwolves_bats_carrion	wh3_dlc29_black_pyramid_beasts_7	faction_to_force_own	1.0000
wh3_dlc29_effect_ability_enable_books_of_nagash_death_2	wh3_dlc29_black_pyramid_books_lore_of_death_1	faction_to_faction_own_unseen	-1.0000
wh3_dlc29_effect_ability_enable_books_of_nagash_death_2_dummy	wh3_dlc29_black_pyramid_books_lore_of_death_1	faction_to_force_own	0.0000
wh3_dlc29_effect_ability_uses_nag_death_passive_doom_and_darkness	wh3_dlc29_black_pyramid_books_lore_of_death_2	faction_to_faction_leader_alt_nagash	1.0000
wh3_dlc29_effect_ability_uses_nag_death_passive_spirit_leech	wh3_dlc29_black_pyramid_books_lore_of_death_2	faction_to_faction_leader_alt_nagash	2.0000
wh3_main_effect_spell_mastery	wh3_dlc29_black_pyramid_books_lore_of_death_3	faction_to_faction_leader_alt_nagash	20.0000
wh3_dlc29_effect_ability_enable_books_of_nagash_death_3	wh3_dlc29_black_pyramid_books_lore_of_death_4	faction_to_faction_own_unseen	-1.0000
wh3_dlc29_effect_ability_enable_books_of_nagash_death_3_dummy	wh3_dlc29_black_pyramid_books_lore_of_death_4	faction_to_force_own	0.0000
wh3_dlc29_effect_ability_enable_books_of_nagash_light_2	wh3_dlc29_black_pyramid_books_lore_of_light_1	faction_to_faction_own_unseen	-1.0000
wh3_dlc29_effect_ability_enable_books_of_nagash_light_2_dummy	wh3_dlc29_black_pyramid_books_lore_of_light_1	faction_to_force_own	0.0000
wh3_dlc29_effect_ability_uses_nag_light_passive_light_of_battle	wh3_dlc29_black_pyramid_books_lore_of_light_2	faction_to_faction_leader_alt_nagash	2.0000
wh3_dlc29_effect_ability_uses_nag_light_passive_shems_burning_gaze	wh3_dlc29_black_pyramid_books_lore_of_light_2	faction_to_faction_leader_alt_nagash	1.0000
wh3_main_effect_spell_mastery	wh3_dlc29_black_pyramid_books_lore_of_light_3	faction_to_faction_leader_alt_nagash	20.0000
wh3_dlc29_effect_ability_enable_books_of_nagash_light_3	wh3_dlc29_black_pyramid_books_lore_of_light_4	faction_to_faction_own_unseen	-1.0000
wh3_dlc29_effect_ability_enable_books_of_nagash_light_3_dummy	wh3_dlc29_black_pyramid_books_lore_of_light_4	faction_to_force_own	0.0000
wh3_dlc29_effect_ability_enable_books_of_nagash_nehekhara_2	wh3_dlc29_black_pyramid_books_lore_of_nehekhara_1	faction_to_faction_own_unseen	-1.0000
wh3_dlc29_effect_ability_enable_books_of_nagash_nehekhara_2_dummy	wh3_dlc29_black_pyramid_books_lore_of_nehekhara_1	faction_to_force_own	0.0000
wh3_dlc29_effect_ability_uses_nag_nehekhara_passive_protection	wh3_dlc29_black_pyramid_books_lore_of_nehekhara_2	faction_to_faction_leader_alt_nagash	2.0000
wh3_dlc29_effect_ability_uses_nag_nehekhara_passive_vengeance	wh3_dlc29_black_pyramid_books_lore_of_nehekhara_2	faction_to_faction_leader_alt_nagash	1.0000
wh3_main_effect_spell_mastery	wh3_dlc29_black_pyramid_books_lore_of_nehekhara_3	faction_to_faction_leader_alt_nagash	20.0000
wh3_dlc29_effect_ability_enable_books_of_nagash_nehekhara_3	wh3_dlc29_black_pyramid_books_lore_of_nehekhara_4	faction_to_faction_own_unseen	-1.0000
wh3_dlc29_effect_ability_enable_books_of_nagash_nehekhara_3_dummy	wh3_dlc29_black_pyramid_books_lore_of_nehekhara_4	faction_to_force_own	0.0000
wh3_dlc29_effect_ability_enable_books_of_nagash_vampire_3	wh3_dlc29_black_pyramid_books_lore_of_vampires_1	faction_to_faction_own_unseen	-1.0000
wh3_dlc29_effect_ability_enable_books_of_nagash_vampire_3_dummy	wh3_dlc29_black_pyramid_books_lore_of_vampires_1	faction_to_force_own	0.0000
wh3_dlc29_effect_ability_uses_nag_vampire_passive_curse_of_years	wh3_dlc29_black_pyramid_books_lore_of_vampires_2	faction_to_faction_leader_alt_nagash	2.0000
wh3_dlc29_effect_ability_uses_nag_vampire_passive_gaze_of_nagash	wh3_dlc29_black_pyramid_books_lore_of_vampires_2	faction_to_faction_leader_alt_nagash	1.0000
wh3_main_effect_spell_mastery	wh3_dlc29_black_pyramid_books_lore_of_vampires_3	faction_to_faction_leader_alt_nagash	20.0000
wh3_dlc29_effect_ability_enable_books_of_nagash_vampire_2	wh3_dlc29_black_pyramid_books_lore_of_vampires_4	faction_to_faction_own_unseen	-1.0000
wh3_dlc29_effect_ability_enable_books_of_nagash_vampire_2_dummy	wh3_dlc29_black_pyramid_books_lore_of_vampires_4	faction_to_force_own	0.0000
wh3_dlc29_effect_force_recruitment_cost_tmb_chariots	wh3_dlc29_black_pyramid_chariots_1	faction_to_force_own	-15.0000
wh3_dlc29_effect_gravecall_unlock_wh2_dlc09_tmb_veh_skeleton_chariots_all_dummy	wh3_dlc29_black_pyramid_chariots_1	faction_to_force_own_unseen	1.0000
wh3_dlc29_effect_force_stat_charge_bonus_add_skeleton_chariots	wh3_dlc29_black_pyramid_chariots_2	faction_to_force_own	10.0000
wh3_dlc29_effect_force_stat_speed_tmb_chariots	wh3_dlc29_black_pyramid_chariots_2	faction_to_force_own	15.0000
wh3_dlc29_effect_force_stat_missile_damage_tmb_chariots	wh3_dlc29_black_pyramid_chariots_3	faction_to_force_own	10.0000
wh3_dlc29_effect_force_stat_weapon_strength_tmb_chariots	wh3_dlc29_black_pyramid_chariots_3	faction_to_force_own	15.0000
wh3_dlc29_effect_force_stat_armour_nag_chariots	wh3_dlc29_black_pyramid_chariots_4	faction_to_force_own	20.0000
wh3_dlc29_effect_force_stat_unit_mass_nag_chariots	wh3_dlc29_black_pyramid_chariots_4	faction_to_force_own	25.0000
wh3_dlc29_effect_attribute_enable_glorious_charge_chariot_and_mount_units_rank7	wh3_dlc29_black_pyramid_chariots_5	faction_to_force_own	1.0000
wh3_dlc29_effect_force_start_leadership_hierotitan_warsphinx_necrosphinx	wh3_dlc29_black_pyramid_construct_monsters_1	faction_to_force_own	10.0000
wh3_dlc29_effect_gravecall_unlock_wh2_dlc09_tmb_mon_heirotitan_warsphinx_necrosphinx	wh3_dlc29_black_pyramid_construct_monsters_1	faction_to_force_own_unseen	1.0000
wh3_dlc29_effect_recruitment_cost_construct_monsters	wh3_dlc29_black_pyramid_construct_monsters_2	faction_to_force_own	-15.0000
wh3_dlc29_effect_upkeep_construct_monsters	wh3_dlc29_black_pyramid_construct_monsters_2	faction_to_force_own	-10.0000
wh3_dlc29_effect_force_stat_armour_construct_monsters	wh3_dlc29_black_pyramid_construct_monsters_3	faction_to_force_own	20.0000
wh3_dlc29_effect_force_stat_physical_resistance_nag_construct_monsters	wh3_dlc29_black_pyramid_construct_monsters_3	faction_to_force_own	10.0000
wh3_dlc29_effect_contact_phase_dazed_nag_construct_monsters	wh3_dlc29_black_pyramid_construct_monsters_4	faction_to_force_own	1.0000
wh3_dlc29_effect_force_stat_weapon_strength_nag_construct_monsters	wh3_dlc29_black_pyramid_construct_monsters_4	faction_to_force_own	10.0000
wh3_dlc29_effect_force_campaign_replenishment_rate_construct_monsters	wh3_dlc29_black_pyramid_construct_monsters_5	faction_to_force_own	10.0000
wh3_dlc29_effect_post_battle_unit_saving_chance_hp_construct_monsters	wh3_dlc29_black_pyramid_construct_monsters_5	faction_to_force_own	5.0000
wh3_dlc29_effect_ability_uses_shems_burning_gaze_hierotitan	wh3_dlc29_black_pyramid_construct_monsters_6	faction_to_force_own	1.0000
wh3_dlc29_effect_ability_uses_spirit_leech_hierotitan	wh3_dlc29_black_pyramid_construct_monsters_6	faction_to_force_own	1.0000
wh3_main_effect_ability_cooldown_bound_hierotitan	wh3_dlc29_black_pyramid_construct_monsters_6	faction_to_force_own	-20.0000
wh3_dlc29_effect_ability_enable_regeneration_construct_monsters_rank7	wh3_dlc29_black_pyramid_construct_monsters_7	faction_to_force_own	1.0000
wh3_dlc29_effect_ability_cooldown_gaze_of_dust_khemric_titan	wh3_dlc29_black_pyramid_construct_monsters_8	faction_to_force_own	-20.0000
wh3_dlc29_effect_ability_uses_gaze_of_dust_khemric_titan	wh3_dlc29_black_pyramid_construct_monsters_8	faction_to_force_own	2.0000
wh3_dlc29_effect_ability_uses_flesh_eating_scarabs_khemric_titan	wh3_dlc29_black_pyramid_construct_monsters_9	faction_to_force_own	2.0000
wh3_dlc29_effect_gravecall_unlock_wh3_dlc29_tmb_mon_khemric_titan	wh3_dlc29_black_pyramid_construct_monsters_9	faction_to_force_own_unseen	1.0000
wh3_dlc29_effect_force_recruitment_rank_nag_tomb_scorpion	wh3_dlc29_black_pyramid_construct_monstrous_1	faction_to_force_own	2.0000
wh3_dlc29_effect_gravecall_unlock_wh2_dlc09_tmb_mon_tomb_scorpion_0	wh3_dlc29_black_pyramid_construct_monstrous_1	faction_to_force_own_unseen	1.0000
wh3_dlc29_effect_force_stat_armour_nag_constructs	wh3_dlc29_black_pyramid_construct_monstrous_2	faction_to_force_own	15.0000
wh3_dlc29_effect_force_stat_missile_resistance_nag_constructs	wh3_dlc29_black_pyramid_construct_monstrous_2	faction_to_force_own	10.0000
wh3_dlc29_effect_force_stat_melee_attack_nag_constructs	wh3_dlc29_black_pyramid_construct_monstrous_3	faction_to_force_own	5.0000
wh3_dlc29_effect_force_stat_weapon_strength_nag_constructs	wh3_dlc29_black_pyramid_construct_monstrous_3	faction_to_force_own	10.0000
wh3_dlc29_effect_force_stat_enable_contact_imune_nag_scorpions	wh3_dlc29_black_pyramid_construct_monstrous_4	faction_to_force_own	1.0000
wh3_dlc29_effect_force_stat_enable_improved_poison_scorpions	wh3_dlc29_black_pyramid_construct_monstrous_4	faction_to_force_own	1.0000
wh3_dlc29_effect_ability_enable_perfect_vigour_nag_constructs_ushabti_stalkers_rank7	wh3_dlc29_black_pyramid_construct_monstrous_5	faction_to_force_own	1.0000
wh3_dlc29_effect_dead_rise_again_chance_nag_constructs	wh3_dlc29_black_pyramid_construct_monstrous_6	faction_to_force_own	10.0000
wh3_dlc29_effect_force_stat_bonus_vs_large_nag_sepulchral_stalker	wh3_dlc29_black_pyramid_construct_monstrous_7	faction_to_force_own	5.0000
wh3_dlc29_effect_gravecall_unlock_wh2_dlc09_tmb_mon_sepulchral_stalkers_0	wh3_dlc29_black_pyramid_construct_monstrous_7	faction_to_force_own_unseen	1.0000
wh3_dlc29_effect_upkeep_cost_nag_constructs	wh3_dlc29_black_pyramid_construct_monstrous_8	faction_to_force_own	-15.0000
wh3_dlc29_effect_force_stat_bonus_vs_infantry_nag_ushabti	wh3_dlc29_black_pyramid_construct_monstrous_9	faction_to_force_own	5.0000
wh3_dlc29_effect_gravecall_unlock_wh2_dlc09_tmb_mon_ushabti_all_dummy	wh3_dlc29_black_pyramid_construct_monstrous_9	faction_to_force_own_unseen	1.0000
wh2_main_effect_force_all_campaign_sacking_income	wh3_dlc29_black_pyramid_cst_II_1	faction_to_character_own_factionwide_armytext	20.0000
wh3_dlc29_effect_recruitment_cost_reduction_vampire_coast	wh3_dlc29_black_pyramid_cst_II_2	faction_to_force_own	-10.0000
wh3_dlc29_nag_cst_recruitment_points	wh3_dlc29_black_pyramid_cst_II_2	faction_to_province_own	1.0000
wh3_dlc29_effect_gravecall_recruitment_cost_cst	wh3_dlc29_black_pyramid_cst_II_3	faction_to_force_own	-10.0000
wh3_dlc29_effect_gravecall_recruitment_rank_mod	wh3_dlc29_black_pyramid_cst_II_3	faction_to_force_own	1.0000
wh3_dlc29_effect_nag_ryze_the_grave_call_necrofex_colossus	wh3_dlc29_black_pyramid_cst_II_4	faction_to_force_own_cst_unseen	1.0000
wh3_dlc29_effect_army_ability_enable_norse_roar	wh3_dlc29_black_pyramid_cst_II_5	faction_to_force_own_cst_unseen	1.0000
wh3_dlc29_effect_settlement_walls_damage_when_sieged_scripted_cst	wh3_dlc29_black_pyramid_cst_II_5	faction_to_character_own_cst_unseen	1.0000
wh3_dlc29_nag_cst_recruitment_points	wh3_dlc29_black_pyramid_cst_I_1	faction_to_province_own	1.0000
wh_main_effect_character_mod_ancillary_steal	wh3_dlc29_black_pyramid_cst_I_2	faction_to_character_own	15.0000
wh_main_effect_economy_trade_tariff_mod	wh3_dlc29_black_pyramid_cst_I_2	faction_to_faction_own_unseen	20.0000
wh3_dlc29_effect_nag_recruit_rank_cst_heroes_lords	wh3_dlc29_black_pyramid_cst_I_3	faction_to_province_own	4.0000
wh3_dlc29_effect_commandment_wh3_dlc29_edict_nag_cst_port_income	wh3_dlc29_black_pyramid_cst_I_4	faction_to_province_own	15.0000
wh3_dlc29_effect_commandment_wh3_dlc29_edict_nag_cst_raze_income	wh3_dlc29_black_pyramid_cst_I_4	faction_to_province_own	1.0000
wh3_dlc29_effect_nag_ryze_the_grave_call_mournguls	wh3_dlc29_black_pyramid_cst_I_5	faction_to_force_own_cst_unseen	1.0000
wh3_dlc29_effect_post_battle_unit_saving_chance_all	wh3_dlc29_black_pyramid_dead_rise_chance_1	faction_to_army_own	3.0000
wh3_dlc29_effect_post_battle_unit_saving_chance_all	wh3_dlc29_black_pyramid_dead_rise_chance_2	faction_to_army_own	3.0000
wh3_dlc29_effect_post_battle_unit_saving_chance_all	wh3_dlc29_black_pyramid_dead_rise_chance_3	faction_to_army_own	3.0000
wh3_dlc29_effect_post_battle_unit_saving_hp_all	wh3_dlc29_black_pyramid_dead_rise_hp_1	faction_to_army_own	3.0000
wh3_dlc29_effect_post_battle_unit_saving_hp_all	wh3_dlc29_black_pyramid_dead_rise_hp_2	faction_to_army_own	3.0000
wh3_dlc29_effect_post_battle_unit_saving_hp_all	wh3_dlc29_black_pyramid_dead_rise_hp_3	faction_to_army_own	3.0000
wh3_dlc29_effect_force_stat_ammo_deck_droppers	wh3_dlc29_black_pyramid_deck_droppers_1	faction_to_army_own	15.0000
wh3_dlc29_effect_gravecall_unlock_wh2_dlc11_cst_cav_deck_droppers_dummy	wh3_dlc29_black_pyramid_deck_droppers_1	faction_to_force_own_unseen	1.0000
wh2_dlc29_effect_attribute_enable_vanguard_deployment_deck_droppers	wh3_dlc29_black_pyramid_deck_droppers_2	faction_to_army_own	1.0000
wh3_dlc29_effect_force_stat_speed_deck_droppers	wh3_dlc29_black_pyramid_deck_droppers_2	faction_to_army_own	10.0000
wh2_dlc29_effect_force_stat_missile_resistance_deck_droppers	wh3_dlc29_black_pyramid_deck_droppers_3	faction_to_army_own	10.0000
wh3_dlc29_effect_force_stat_reload_time_reduction_deck_doppers	wh3_dlc29_black_pyramid_deck_droppers_4	faction_to_army_own	20.0000
wh2_dlc11_effect_force_stat_missile_damage_deck_droppers	wh3_dlc29_black_pyramid_deck_droppers_5	faction_to_army_own	10.0000
wh2_dlc29_effect_force_stat_range_deck_droppers	wh3_dlc29_black_pyramid_deck_droppers_5	faction_to_army_own	10.0000
wh3_dlc29_effect_force_stat_explosion_radius_mod_deck_dropper_bombs	wh3_dlc29_black_pyramid_deck_droppers_6	faction_to_army_own	20.0000
wh3_dlc29_effect_force_stat_explosive_damage_deck_dropper_bombs	wh3_dlc29_black_pyramid_deck_droppers_6	faction_to_army_own	50.0000
wh3_main_effect_ability_cst_enable_undeath_from_above	wh3_dlc29_black_pyramid_deck_droppers_7	faction_to_army_own	1.0000
wh3_dlc29_effect_ability_cooldown_doom_lord	wh3_dlc29_black_pyramid_dieter_1	faction_to_character_dieter	-25.0000
wh3_dlc29_effect_ability_duration_doom_lord	wh3_dlc29_black_pyramid_dieter_1	faction_to_character_dieter	20.0000
wh3_dlc29_effect_ability_cooldown_raise_dead_dieter	wh3_dlc29_black_pyramid_dieter_2	faction_to_character_dieter	-20.0000
wh3_main_effect_spell_mastery	wh3_dlc29_black_pyramid_dieter_2	faction_to_character_dieter	20.0000
wh3_dlc29_effect_ability_enable_summon_morghast_archai_dieter	wh3_dlc29_black_pyramid_dieter_3	faction_to_character_dieter	1.0000
wh3_dlc29_effect_force_stat_bonus_vs_infantry_dual_wield	wh3_dlc29_black_pyramid_dual_wield_1	faction_to_force_own	5.0000
wh3_dlc29_effect_force_stat_melee_attack_dual_wield	wh3_dlc29_black_pyramid_dual_wield_2	faction_to_force_own	10.0000
wh3_dlc29_effect_force_stat_missile_resistance_dual_wield	wh3_dlc29_black_pyramid_dual_wield_3	faction_to_force_own	15.0000
wh3_dlc29_effect_force_stat_melee_defence_dual_wield	wh3_dlc29_black_pyramid_dual_wield_4	faction_to_force_own	10.0000
wh3_dlc29_effect_force_stat_weapon_strength_dual_wield	wh3_dlc29_black_pyramid_dual_wield_5	faction_to_force_own	10.0000
wh3_dlc29_effect_poison_attacks_dual_wield	wh3_dlc29_black_pyramid_dual_wield_6	faction_to_force_own	1.0000
wh3_dlc29_effect_recruit_rank_dual_wield	wh3_dlc29_black_pyramid_dual_wield_6	faction_to_force_own	1.0000
wh3_dlc29_effect_gravecall_recruitment_cost_all	wh3_dlc29_black_pyramid_gravecall_recruitment_1	faction_to_army_own	-5.0000
wh3_dlc29_effect_gravecall_recruitment_rank_mod	wh3_dlc29_black_pyramid_gravecall_recruitment_2	faction_to_army_own	1.0000
wh_main_effect_force_all_campaign_upkeep	wh3_dlc29_black_pyramid_gravecall_recruitment_3	faction_to_army_own	-3.0000
wh3_dlc29_effect_force_stat_armour_piercing_great_weapons	wh3_dlc29_black_pyramid_great_weapons_1	faction_to_force_own	10.0000
wh3_dlc29_effect_force_stat_melee_attack_great_weapons	wh3_dlc29_black_pyramid_great_weapons_2	faction_to_force_own	10.0000
wh3_dlc29_effect_force_stat_physical_resistance_great_weapons	wh3_dlc29_black_pyramid_great_weapons_3	faction_to_force_own	10.0000
wh3_dlc29_effect_force_stat_charge_bonus_great_weapons	wh3_dlc29_black_pyramid_great_weapons_4	faction_to_force_own	10.0000
wh3_dlc29_effect_force_stat_leadership_great_weapons	wh3_dlc29_black_pyramid_great_weapons_4	faction_to_force_own	5.0000
wh3_dlc29_effect_force_stat_bonus_vs_infantry_great_weapons	wh3_dlc29_black_pyramid_great_weapons_5	faction_to_force_own	5.0000
wh3_dlc29_effect_force_stat_armour_sundering_great_weapons	wh3_dlc29_black_pyramid_great_weapons_6	faction_to_force_own	1.0000
wh3_dlc29_effect_force_stat_weapon_strength_great_weapons	wh3_dlc29_black_pyramid_great_weapons_6	faction_to_force_own	10.0000
wh3_dlc29_effect_force_dead_rise_again_chance_nag_guards	wh3_dlc29_black_pyramid_guards_1	faction_to_force_own	5.0000
wh3_dlc29_effect_replenishment_nag_guards	wh3_dlc29_black_pyramid_guards_1	faction_to_force_own	10.0000
wh3_dlc29_effect_force_stat_leadership_nag_guards	wh3_dlc29_black_pyramid_guards_2	faction_to_force_own	15.0000
wh3_dlc29_effect_force_stat_mass_nag_guards	wh3_dlc29_black_pyramid_guards_2	faction_to_force_own	30.0000
wh3_dlc29_effect_force_stat_armour_nag_guards	wh3_dlc29_black_pyramid_guards_3	faction_to_force_own	15.0000
wh3_dlc29_effect_force_stat_melee_defence_nag_guards	wh3_dlc29_black_pyramid_guards_3	faction_to_force_own	7.0000
wh3_dlc29_effect_force_stat_block_chance_nag_tomb_guards	wh3_dlc29_black_pyramid_guards_4	faction_to_force_own	15.0000
wh3_dlc29_effect_gravecall_unlock_wh2_dlc09_tmb_inf_tomb_guard_1	wh3_dlc29_black_pyramid_guards_4	faction_to_force_own_unseen	1.0000
wh3_dlc29_effect_force_stat_melee_attack_nag_guards	wh3_dlc29_black_pyramid_guards_5	faction_to_force_own	7.0000
wh3_dlc29_effect_force_stat_weapon_strength_nag_guards	wh3_dlc29_black_pyramid_guards_5	faction_to_force_own	10.0000
wh3_dlc29_effect_force_stat_ap_weapon_strength_nag_grave_guards	wh3_dlc29_black_pyramid_guards_6	faction_to_force_own	10.0000
wh3_dlc29_effect_gravecall_unlock_wh_main_vmp_inf_grave_guard_all_dummy	wh3_dlc29_black_pyramid_guards_6	faction_to_force_own_unseen	1.0000
wh3_dlc29_effect_force_start_ward_save_nag_guard	wh3_dlc29_black_pyramid_guards_7	faction_to_force_own	5.0000
wh3_dlc29_effect_ability_enable_undeathly_will_guards_rank7	wh3_dlc29_black_pyramid_guards_8	faction_to_force_own	1.0000
wh3_dlc29_effect_force_stat_recruit_rank_nag_gunpowder_artilleries	wh3_dlc29_black_pyramid_gunpowder_artillery_1	faction_to_force_own	1.0000
wh3_dlc29_effect_gravecall_unlock_wh2_dlc11_cst_art_all_dummy	wh3_dlc29_black_pyramid_gunpowder_artillery_1	faction_to_force_own_unseen	1.0000
wh3_dlc29_effect_force_stat_leadership_nag_gunpowder_artilleries	wh3_dlc29_black_pyramid_gunpowder_artillery_2	faction_to_force_own	5.0000
wh3_dlc29_effect_force_stat_missile_resistance_nag_gunpowder_artilleries	wh3_dlc29_black_pyramid_gunpowder_artillery_2	faction_to_force_own	15.0000
wh3_dlc29_effect_range_nag_gunpowder_artillery	wh3_dlc29_black_pyramid_gunpowder_artillery_3	faction_to_force_own	10.0000
wh3_dlc29_effect_force_stat_reload_time_reduction_nag_gunpowder_artilleries	wh3_dlc29_black_pyramid_gunpowder_artillery_4	faction_to_force_own	10.0000
wh3_dlc29_effect_force_stat_ammunition_nag_mortar_queen_bess	wh3_dlc29_black_pyramid_gunpowder_artillery_5	faction_to_force_own	15.0000
wh3_dlc29_effect_force_stat_explosive_damage_nag_mortar_queen_bess	wh3_dlc29_black_pyramid_gunpowder_artillery_5	faction_to_force_own	20.0000
wh3_dlc29_effect_contact_effect_nag_mortar_queen_bess_dazed	wh3_dlc29_black_pyramid_gunpowder_artillery_6	faction_to_force_own	1.0000
wh3_dlc29_effect_force_stat_explosive_radius_nag_mortar_queen_bess	wh3_dlc29_black_pyramid_gunpowder_artillery_6	faction_to_force_own	20.0000
wh3_dlc29_effect_force_stat_ammuition_nag_carronade_necrofex	wh3_dlc29_black_pyramid_gunpowder_artillery_7	faction_to_force_own	15.0000
wh3_dlc29_effect_force_stat_missile_ap_nag_carronade_necrofex	wh3_dlc29_black_pyramid_gunpowder_artillery_7	faction_to_force_own	20.0000
wh3_dlc29_effect_force_stat_magic_attacks_nag_carronade_necrofex_rank7	wh3_dlc29_black_pyramid_gunpowder_artillery_8	faction_to_force_own	1.0000
wh3_dlc29_effect_nag_carronades_upgrade_grape_shot	wh3_dlc29_black_pyramid_gunpowder_artillery_8	faction_to_force_own	1.0000
wh2_dlc11_cst_recruit_rank_gunnery_mobs	wh3_dlc29_black_pyramid_guns_1	faction_to_force_own	1.0000
wh3_dlc29_effect_gravecall_unlock_wh2_dlc11_cst_inf_zombie_gunnery_mob_all_dummy	wh3_dlc29_black_pyramid_guns_1	faction_to_force_own_unseen	1.0000
wh3_dlc29_effect_force_stat_leadership_nag_gun_units	wh3_dlc29_black_pyramid_guns_2	faction_to_force_own	5.0000
wh3_dlc29_effect_force_stat_vigour_nag_gun_units	wh3_dlc29_black_pyramid_guns_2	faction_to_force_own	-15.0000
wh3_dlc29_effect_ability_enable_dig_in_gunnery_mob	wh3_dlc29_black_pyramid_guns_3	faction_to_force_own	1.0000
wh3_dlc29_effect_force_stat_ammo_nag_gun_units	wh3_dlc29_black_pyramid_guns_4	faction_to_force_own	20.0000
wh3_dlc29_effect_upkeep_gun_nag_units	wh3_dlc29_black_pyramid_guns_4	faction_to_force_own	-10.0000
wh3_dlc29_effect_force_stat_missile_damage_cst_gun_infantry	wh3_dlc29_black_pyramid_guns_5	faction_to_force_own	10.0000
wh3_dlc29_effect_ability_enable_extra_reload_nag_guns	wh3_dlc29_black_pyramid_guns_6	faction_to_force_own	1.0000
wh3_dlc29_effect_force_stat_reload_time_reduction_gunnery_mob	wh3_dlc29_black_pyramid_guns_7	faction_to_force_own	15.0000
wh3_dlc29_effect_attribute_snipe_deck_gunners	wh3_dlc29_black_pyramid_guns_8	faction_to_force_own	1.0000
wh3_dlc29_effect_attribute_stalk_deck_gunners_rank7	wh3_dlc29_black_pyramid_guns_8	faction_to_force_own	1.0000
wh3_dlc29_effect_gravecall_unlock_wh2_dlc11_cst_inf_deck_gunners_0	wh3_dlc29_black_pyramid_guns_8	faction_to_force_own_unseen	1.0000
wh2_main_effect_agent_action_hinder_agent_assassinate_buff	wh3_dlc29_black_pyramid_hero_1	faction_to_character_own_heroes_only	5.0000
wh2_main_effect_agent_action_hinder_army_assault_units_buff	wh3_dlc29_black_pyramid_hero_1	faction_to_character_own_heroes_only	5.0000
wh_main_effect_character_stat_charge_bonus_add	wh3_dlc29_black_pyramid_hero_2	faction_to_character_own_heroes_only	10.0000
wh_main_effect_character_stat_melee_attack	wh3_dlc29_black_pyramid_hero_2	faction_to_character_own_heroes_only	5.0000
wh2_dlc10_effect_ability_enable_guardian	wh3_dlc29_black_pyramid_hero_3	faction_to_character_own_heroes_only	1.0000
wh3_dlc29_effect_agent_cap_increase_nag_champion	wh3_dlc29_black_pyramid_hero_4	faction_to_faction_own_unseen	2.0000
wh3_dlc29_effect_agent_cap_increase_nag_monstrous	wh3_dlc29_black_pyramid_hero_4	faction_to_faction_own_unseen	2.0000
wh2_main_effect_agent_action_assist_army_replenish_troops_buff	wh3_dlc29_black_pyramid_hero_5	faction_to_character_own_heroes_only	5.0000
wh3_dlc29_effect_agent_action_vmp_necromancer_army_assist_2_buff	wh3_dlc29_black_pyramid_hero_5	faction_to_character_own_heroes_only	3.0000
wh_main_effect_character_stat_melee_defence	wh3_dlc29_black_pyramid_hero_6	faction_to_character_own_heroes_only	5.0000
wh_main_effect_character_stat_physical_resistance	wh3_dlc29_black_pyramid_hero_6	faction_to_character_own_heroes_only	5.0000
wh2_dlc29_effect_force_stat_weapon_strength_nag_legendary_heroes	wh3_dlc29_black_pyramid_hero_7	faction_to_character_own	10.0000
wh3_dlc25_effect_enable_disrupted_attacks_legendary_heroes	wh3_dlc29_black_pyramid_hero_7	faction_to_character_own	1.0000
wh3_dlc29_effect_agent_cap_increase_nag_support	wh3_dlc29_black_pyramid_hero_8	faction_to_faction_own_unseen	2.0000
wh3_dlc29_effect_agent_cap_increase_nag_vampire	wh3_dlc29_black_pyramid_hero_8	faction_to_faction_own_unseen	2.0000
wh3_dlc29_effect_agent_cap_increase_nag_wizard	wh3_dlc29_black_pyramid_hero_8	faction_to_faction_own_unseen	2.0000
wh3_dlc29_effect_gravecall_unlock_horsemen_dummy	wh3_dlc29_black_pyramid_horsemen_1	faction_to_force_own_unseen	1.0000
wh3_dlc29_effect_unit_xp_levels_skeleton_horsemen	wh3_dlc29_black_pyramid_horsemen_1	faction_to_force_own	1.0000
wh2_dlc09_effect_force_stat_missile_damage_tmb_horsemen	wh3_dlc29_black_pyramid_horsemen_2	faction_to_force_own	15.0000
wh3_dlc29_effect_force_stat_weapon_strength_nag_horsemen	wh3_dlc29_black_pyramid_horsemen_2	faction_to_force_own	10.0000
wh3_dlc29_effect_force_stat_melee_attack_nag_horsemen	wh3_dlc29_black_pyramid_horsemen_3	faction_to_force_own	4.0000
wh3_dlc29_effect_force_stat_melee_defence_nag_horsemen	wh3_dlc29_black_pyramid_horsemen_3	faction_to_force_own	4.0000
wh3_dlc29_attribute_enable_vanguard_nag_nehekhara	wh3_dlc29_black_pyramid_horsemen_4	faction_to_force_own	1.0000
wh3_dlc29_effect_force_start_leadership_nehekharan_horsemen	wh3_dlc29_black_pyramid_horsemen_4	faction_to_force_own	5.0000
wh3_dlc29_effect_force_stat_charge_bonus_add_nag_horsemen	wh3_dlc29_black_pyramid_horsemen_5	faction_to_force_own	10.0000
wh3_dlc29_effect_force_stat_mass_nag_horsemen	wh3_dlc29_black_pyramid_horsemen_5	faction_to_force_own	15.0000
wh3_dlc29_effect_force_attribute_enable_strider_skeleton_horsemen	wh3_dlc29_black_pyramid_horsemen_6	faction_to_force_own	1.0000
wh3_dlc29_effect_force_stat_speed_skeleton_horsemen	wh3_dlc29_black_pyramid_horsemen_6	faction_to_force_own	10.0000
wh3_dlc29_effect_attribute_perfect_vigour_black_knights_rank7	wh3_dlc29_black_pyramid_horsemen_7	faction_to_force_own	1.0000
wh3_dlc29_effect_gravecall_unlock_wh_main_vmp_cav_black_knights_all_dummy	wh3_dlc29_black_pyramid_horsemen_7	faction_to_force_own_unseen	1.0000
wh3_dlc29_effect_force_stat_armour_nag_knights	wh3_dlc29_black_pyramid_knights_1	faction_to_force_own	15.0000
wh3_dlc29_effect_force_stat_melee_defence_nag_knights	wh3_dlc29_black_pyramid_knights_1	faction_to_force_own	5.0000
wh3_dlc29_effect_force_stat_charge_bonus_nag_knights	wh3_dlc29_black_pyramid_knights_2	faction_to_force_own	15.0000
wh3_dlc29_effect_force_stat_speed_nag_knights	wh3_dlc29_black_pyramid_knights_2	faction_to_force_own	10.0000
wh3_dlc29_effect_force_stat_bonus_vs_large_nag_knight_lances	wh3_dlc29_black_pyramid_knights_3	faction_to_force_own	10.0000
wh3_dlc29_effect_force_stat_leadership_nag_knight_lances	wh3_dlc29_black_pyramid_knights_3	faction_to_force_own	8.0000
wh3_dlc29_effect_attribute_enable_strider_nag_drakenhof_templars	wh3_dlc29_black_pyramid_knights_4	faction_to_force_own	15.0000
wh3_dlc29_effect_gravecall_unlock_wh3_dlc29_vmp_cav_drakenhof_templars	wh3_dlc29_black_pyramid_knights_4	faction_to_force_own_unseen	1.0000
wh3_dlc29_effect_force_stat_bonus_vs_infantry_nag_sword_knights	wh3_dlc29_black_pyramid_knights_5	faction_to_force_own	10.0000
wh3_dlc29_effect_force_stat_mass_nag_sword_knights	wh3_dlc29_black_pyramid_knights_5	faction_to_force_own	15.0000
wh3_dlc29_effect_force_stat_physical_resist_necropolis_knights	wh3_dlc29_black_pyramid_knights_6	faction_to_force_own	10.0000
wh3_dlc29_effect_gravecall_unlock_wh2_dlc09_tmb_cav_necropolis_knights_all_dummy	wh3_dlc29_black_pyramid_knights_6	faction_to_force_own_unseen	1.0000
wh3_dlc29_effect_force_stat_weapon_strength_undead_knights	wh3_dlc29_black_pyramid_knights_7	faction_to_force_own	15.0000
wh3_dlc29_effect_tech_unit_xp_levels_nag_knights	wh3_dlc29_black_pyramid_knights_7	faction_to_force_own	2.0000
wh3_dlc29_effect_attribute_enable_devastating_flanker_nag_knights_lance_rank7	wh3_dlc29_black_pyramid_knights_8	faction_to_force_own	1.0000
wh3_dlc29_effect_attribute_enable_frenzy_nag_knights_swords_rank7	wh3_dlc29_black_pyramid_knights_8	faction_to_force_own	1.0000
wh3_dlc29_effect_force_stat_melee_attack_krell	wh3_dlc29_black_pyramid_krell_1	faction_to_character_krell	10.0000
wh_main_effect_character_stat_melee_defence	wh3_dlc29_black_pyramid_krell_1	faction_to_character_krell	10.0000
wh3_dlc29_effect_ability_enable_frenzy_wight_kings	wh3_dlc29_black_pyramid_krell_2	faction_to_character_own_unseen	1.0000
wh3_dlc29_effect_agent_rank_wight_king	wh3_dlc29_black_pyramid_krell_2	faction_to_province_own_unseen	5.0000
wh3_dlc25_contact_phase_armour_sundering_krell	wh3_dlc29_black_pyramid_krell_3	faction_to_character_krell	1.0000
wh_main_effect_character_stat_weapon_strength	wh3_dlc29_black_pyramid_krell_3	faction_to_character_krell	20.0000
wh_main_effect_force_all_campaign_recruitment_cost_all	wh3_dlc29_black_pyramid_local_recruitment_1	faction_to_army_own	-5.0000
wh_main_effect_force_all_campaign_experience_base_all	wh3_dlc29_black_pyramid_local_recruitment_2	faction_to_army_own	1.0000
wh_main_effect_force_all_campaign_upkeep	wh3_dlc29_black_pyramid_local_recruitment_3	faction_to_army_own	-3.0000
wh3_dlc29_black_pyramid_lock_dummy	wh3_dlc29_black_pyramid_lock_1	faction_to_faction_own_unseen	10.0000
wh3_dlc29_effect_nag_necromancy_cost_mod_all	wh3_dlc29_black_pyramid_lock_1	faction_to_faction_own_unseen	-5.0000
wh3_dlc29_black_pyramid_lock_dummy	wh3_dlc29_black_pyramid_lock_2	faction_to_faction_own_unseen	50.0000
wh3_dlc29_effect_nag_necromancy_cost_mod_all	wh3_dlc29_black_pyramid_lock_2	faction_to_faction_own_unseen	-5.0000
wh3_dlc29_black_pyramid_lock_dummy	wh3_dlc29_black_pyramid_lock_3	faction_to_faction_own_unseen	100.0000
wh3_dlc29_effect_nag_necromancy_cost_mod_all	wh3_dlc29_black_pyramid_lock_3	faction_to_faction_own_unseen	-5.0000
wh3_dlc20_effect_healing_cap_modifier	wh3_dlc29_black_pyramid_lord_1	faction_to_lords_own	10.0000
wh_main_effect_force_all_campaign_replenishment_rate	wh3_dlc29_black_pyramid_lord_1	faction_to_force_own_unseen_neferata	5.0000
wh3_main_effect_character_campaign_experience_mod	wh3_dlc29_black_pyramid_lord_2	faction_to_lords_own	15.0000
wh_main_faction_xp_increase_generals	wh3_dlc29_black_pyramid_lord_2	faction_to_province_own_factionwide	3.0000
wh_main_faction_xp_increase_generals_hidden	wh3_dlc29_black_pyramid_lord_2	faction_to_force_own	3.0000
wh_main_effect_attribute_enable_causes_terror	wh3_dlc29_black_pyramid_lord_3	faction_to_lords_own	1.0000
wh_main_effect_character_stat_melee_attack	wh3_dlc29_black_pyramid_lord_4	faction_to_lords_own	10.0000
wh_main_effect_character_stat_weapon_strength	wh3_dlc29_black_pyramid_lord_4	faction_to_lords_own	5.0000
wh_main_effect_character_stat_aura_leadership_effect	wh3_dlc29_black_pyramid_lord_5	faction_to_lords_own	7.0000
wh_main_effect_character_stat_leadership_aura_size	wh3_dlc29_black_pyramid_lord_5	faction_to_lords_own	20.0000
wh_main_effect_force_all_campaign_movement_range	wh3_dlc29_black_pyramid_lord_6	faction_to_force_own	5.0000
wh3_dlc29_effect_ability_disable_wounds_legendary_lord	wh3_dlc29_black_pyramid_lord_7	faction_to_force_own_unseen	1.0000
wh3_dlc29_effect_ability_regeneration_legendary_lord	wh3_dlc29_black_pyramid_lord_7	faction_to_force_own_unseen	1.0000
wh_main_effect_character_stat_melee_defence	wh3_dlc29_black_pyramid_lord_8	faction_to_lords_own	10.0000
wh_main_effect_character_stat_ward_save	wh3_dlc29_black_pyramid_lord_8	faction_to_lords_own	5.0000
wh3_main_effect_ability_wom_cost_pct_death_spells	wh3_dlc29_black_pyramid_lore_of_death_1	faction_to_character_own	-5.0000
wh_main_effect_ability_cooldown_lore_of_death	wh3_dlc29_black_pyramid_lore_of_death_2	faction_to_character_own	-10.0000
wh3_dlc29_effect_attribute_enable_causes_terror_knights	wh3_dlc29_black_pyramid_lore_of_death_3	faction_to_force_own	1.0000
wh3_dlc29_effect_force_stat_magic_attacks_knights	wh3_dlc29_black_pyramid_lore_of_death_3	faction_to_force_own	1.0000
wh3_dlc29_effect_ability_enable_life_leeching_nagash	wh3_dlc29_black_pyramid_lore_of_death_4	faction_to_faction_leader_alt_nagash	1.0000
wh3_dlc29_effect_ability_wom_cost_pct_deep_spells	wh3_dlc29_black_pyramid_lore_of_deep_1	faction_to_character_own	-5.0000
wh3_dlc29_effect_ability_cooldown_lore_of_deep	wh3_dlc29_black_pyramid_lore_of_deep_2	faction_to_character_own	-10.0000
wh3_dlc29_effect_ability_enable_bound_fog_of_the_damned_nag_mourngul_haunters	wh3_dlc29_black_pyramid_lore_of_deep_3	faction_to_character_own	1.0000
wh3_dlc29_effect_ability_cooldown_ghost_ship_and_upgraded	wh3_dlc29_black_pyramid_lore_of_deep_4	faction_to_character_own	-10.0000
wh3_dlc29_effect_ability_wom_cost_ghost_ship_and_upgraded	wh3_dlc29_black_pyramid_lore_of_deep_4	faction_to_character_own	-4.0000
wh3_main_effect_ability_wom_cost_pct_light_spells	wh3_dlc29_black_pyramid_lore_of_light_1	faction_to_character_own	-5.0000
wh3_main_effect_ability_cooldown_lore_of_light	wh3_dlc29_black_pyramid_lore_of_light_2	faction_to_character_own	-10.0000
wh3_dlc29_effect_battle_barrier_health_add_nagash	wh3_dlc29_black_pyramid_lore_of_light_3	faction_to_light_casters_or_nagash	100.0000
wh3_dlc29_effect_ability_enable_nagash_exorcism	wh3_dlc29_black_pyramid_lore_of_light_4	faction_to_faction_leader_alt_nagash	1.0000
wh3_dlc29_effect_ability_enable_books_of_nagash_light_1	wh3_dlc29_black_pyramid_lore_of_light_5	faction_to_faction_own_unseen	-1.0000
wh3_dlc29_effect_ability_enable_books_of_nagash_light_1_dummy	wh3_dlc29_black_pyramid_lore_of_light_5	faction_to_force_own	0.0000
wh3_main_effect_ability_wom_cost_pct_nehekhara_spells	wh3_dlc29_black_pyramid_lore_of_nehekhara_1	faction_to_character_own	-5.0000
wh3_main_effect_ability_cooldown_nehekharan_spells	wh3_dlc29_black_pyramid_lore_of_nehekhara_2	faction_to_character_own	-10.0000
wh3_dlc29_effect_ability_enable_wrath_of_ptra	wh3_dlc29_black_pyramid_lore_of_nehekhara_3	faction_to_faction_leader_alt_nagash	1.0000
wh3_dlc29_effect_ability_enable_the_restless_dead_nagash	wh3_dlc29_black_pyramid_lore_of_nehekhara_4	faction_to_faction_leader_alt_nagash	1.0000
wh3_main_effect_ability_wom_cost_pct_shadows_spells	wh3_dlc29_black_pyramid_lore_of_shadows_1	faction_to_character_own	-5.0000
wh2_dlc16_effect_battle_magic_lore_of_shadows_cooldown_rate	wh3_dlc29_black_pyramid_lore_of_shadows_2	faction_to_character_own	-10.0000
wh3_dlc29_effect_character_stat_enable_nag_lesser_withering_attacks	wh3_dlc29_black_pyramid_lore_of_shadows_3	faction_to_character_own	1.0000
wh3_dlc29_effect_ability_cooldown_pit_of_shades_and_upgraded	wh3_dlc29_black_pyramid_lore_of_shadows_4	faction_to_character_own	-10.0000
wh3_dlc29_effect_ability_wom_cost_pit_of_shades_and_upgraded	wh3_dlc29_black_pyramid_lore_of_shadows_4	faction_to_character_own	-4.0000
wh3_dlc29_effect_magic_undeath_reduce_wom_cost_all	wh3_dlc29_black_pyramid_lore_of_undeath_1	faction_to_character_own	-5.0000
wh3_dlc29_effect_ability_cooldown_lore_of_undeath	wh3_dlc29_black_pyramid_lore_of_undeath_2	faction_to_character_own	-10.0000
wh3_dlc29_spell_intensity_undeath	wh3_dlc29_black_pyramid_lore_of_undeath_3	faction_to_character_own	10.0000
wh3_dlc29_effect_ability_cooldown_harbringer	wh3_dlc29_black_pyramid_lore_of_undeath_4	faction_to_character_own	-10.0000
wh3_dlc29_effect_ability_wom_cost_harbringer	wh3_dlc29_black_pyramid_lore_of_undeath_4	faction_to_character_own	-4.0000
wh3_dlc29_effect_magic_undeath_reduce_wom_cost_all	wh3_dlc29_black_pyramid_lore_of_undeath_5	faction_to_character_own	-5.0000
wh3_dlc29_effect_ability_cooldown_lore_of_undeath	wh3_dlc29_black_pyramid_lore_of_undeath_6	faction_to_character_own	-10.0000
wh3_dlc29_spell_intensity_undeath	wh3_dlc29_black_pyramid_lore_of_undeath_7	faction_to_character_own	10.0000
wh3_dlc29_effect_ability_cooldown_dark_raiders_and_upgraded	wh3_dlc29_black_pyramid_lore_of_undeath_8	faction_to_character_own	-10.0000
wh3_dlc29_effect_ability_wom_cost_akararan_the_dark_riders_and_upgraded	wh3_dlc29_black_pyramid_lore_of_undeath_8	faction_to_character_own	-4.0000
wh2_dlc17_effect_magic__reduce_wom_cost_vampires_percentage	wh3_dlc29_black_pyramid_lore_of_vampires_1	faction_to_character_own	-5.0000
wh_main_effect_ability_cooldown_lore_of_vampires	wh3_dlc29_black_pyramid_lore_of_vampires_2	faction_to_character_own	-10.0000
wh3_dlc29_effect_enable_bound_spell_raise_dead	wh3_dlc29_black_pyramid_lore_of_vampires_3	faction_to_character_own	1.0000
wh3_dlc29_effect_ability_enable_nagash_curse_of_undeath	wh3_dlc29_black_pyramid_lore_of_vampires_4	faction_to_faction_leader_alt_nagash	1.0000
wh3_dlc29_effect_ability_enable_books_of_nagash_vampire_1	wh3_dlc29_black_pyramid_lore_of_vampires_5	faction_to_faction_own_unseen	-1.0000
wh3_dlc29_effect_ability_enable_books_of_nagash_vampire_1_dummy	wh3_dlc29_black_pyramid_lore_of_vampires_5	faction_to_force_own	0.0000
wh2_dlc11_cst_ship_growth_character	wh3_dlc29_black_pyramid_luthor_1	faction_to_force_own	15.0000
wh2_twa03_attrition_immunity_high_seas_reef_storm	wh3_dlc29_black_pyramid_luthor_1	faction_to_force_own	1.0000
wh_dlc29_effect_character_stat_missile_damage_luthor	wh3_dlc29_black_pyramid_luthor_2	faction_to_character_luthor	20.0000
wh_main_effect_character_stat_range	wh3_dlc29_black_pyramid_luthor_2	faction_to_character_luthor	15.0000
wh3_dlc29_effect_ability_enable_abandon_ship_upgraded	wh3_dlc29_black_pyramid_luthor_3	faction_to_force_own	1.0000
wh3_dlc29_effect_dead_rise_again_chance_hit_points_necrofex	wh3_dlc29_black_pyramid_luthor_3	faction_to_force_own	15.0000
wh3_dlc29_effect_force_stat_leadership_screaming_skull_casket_of_souls	wh3_dlc29_black_pyramid_magic_artillery_1	faction_to_force_own	8.0000
wh3_dlc29_effect_gravecall_unlock_wh2_dlc09_tmb_art_all_dummy	wh3_dlc29_black_pyramid_magic_artillery_1	faction_to_force_own_unseen	1.0000
wh2_dlc09_effect_force_stat_missile_damage_tmb_skull_catapult_casket	wh3_dlc29_black_pyramid_magic_artillery_2	faction_to_force_own	10.0000
wh3_main_effect_force_stat_explosive_damage_tmb_artillery	wh3_dlc29_black_pyramid_magic_artillery_2	faction_to_force_own	20.0000
wh3_dlc29_effect_force_stat_reload_time_reduction_tmb_casket	wh3_dlc29_black_pyramid_magic_artillery_3	faction_to_force_own	10.0000
wh3_dlc29_effect_force_stat_range_tmb_skull_catapult	wh3_dlc29_black_pyramid_magic_artillery_4	faction_to_force_own	10.0000
wh2_dlc29_effect_force_stat_melee_defence_casket_of_souls	wh3_dlc29_black_pyramid_magic_artillery_5	faction_to_force_own	5.0000
wh3_dlc29_effect_force_stat_physical_resistance_casket_of_souls	wh3_dlc29_black_pyramid_magic_artillery_5	faction_to_force_own	10.0000
wh3_dlc29_effect_ability_enable_last_rites_tmb_casket_of_souls	wh3_dlc29_black_pyramid_magic_artillery_6	faction_to_force_own	1.0000
wh2_dlc29_effect_unit_recruit_cost_screaming_skull_catapult	wh3_dlc29_black_pyramid_magic_artillery_7	faction_to_force_own	-15.0000
wh2_dlc29_effect_unit_xp_levels_screaming_skull_catapult	wh3_dlc29_black_pyramid_magic_artillery_7	faction_to_force_own	1.0000
wh3_dlc29_projectile_replacement_tmb_art_screaming_skull_catapult_homing	wh3_dlc29_black_pyramid_magic_artillery_8	faction_to_force_own	1.0000
wh3_dlc29_effect_force_stat_upkeep_nag_corpse_carts_all_black_coach	wh3_dlc29_black_pyramid_magic_vehicles_1	faction_to_force_own	-5.0000
wh3_dlc29_effect_gravecall_unlock_wh_dlc04_vmp_veh_corpse_carts_all_black_coach_dummy	wh3_dlc29_black_pyramid_magic_vehicles_1	faction_to_force_own_unseen	1.0000
wh3_dlc29_effect_force_stat_leadership_nag_magical_vehicles	wh3_dlc29_black_pyramid_magic_vehicles_2	faction_to_force_own	5.0000
wh3_dlc29_effect_force_stat_unit_mass_nag_magical_vehicles	wh3_dlc29_black_pyramid_magic_vehicles_2	faction_to_force_own	25.0000
wh3_dlc29_effect_physical_resistance_nag_carts_mortis_coach_coven_thrones	wh3_dlc29_black_pyramid_magic_vehicles_3	faction_to_force_own	10.0000
wh3_dlc26_effect_force_stat_barrier_magical_vehicles	wh3_dlc29_black_pyramid_magic_vehicles_4	faction_to_force_own	250.0000
wh3_dlc29_effect_spell_resistance_vmp_carts_mortis_coach_coven_thrones	wh3_dlc29_black_pyramid_magic_vehicles_4	faction_to_force_own	15.0000
wh3_dlc29_effect_ability_enable_black_nimbus_upgraded	wh3_dlc29_black_pyramid_magic_vehicles_5	faction_to_force_own	1.0000
wh3_dlc29_effect_ability_enable_vigour_mortis_upgraded	wh3_dlc29_black_pyramid_magic_vehicles_5	faction_to_force_own	1.0000
wh3_dlc29_effect_ability_enable_bound_hand_of_dust	wh3_dlc29_black_pyramid_mannfred_1	faction_to_character_mannfred	1.0000
wh_dlc29_effect_character_stat_magic_resistance_mannfred	wh3_dlc29_black_pyramid_mannfred_1	faction_to_character_mannfred	15.0000
wh3_main_effect_winds_of_magic_other	wh3_dlc29_black_pyramid_mannfred_2	faction_to_force_mannfred	2.0000
wh3_main_effect_winds_of_magic_pool_cap	wh3_dlc29_black_pyramid_mannfred_2	faction_to_force_mannfred	20.0000
wh3_dlc29_effect_ability_enable_bound_abyssal_swarm	wh3_dlc29_black_pyramid_mannfred_3	faction_to_character_mannfred	1.0000
wh3_dlc29_effect_spell_mastery_mannfred	wh3_dlc29_black_pyramid_mannfred_3	faction_to_character_mannfred	25.0000
wh3_dlc29_effect_force_stat_missile_resistance_necrofex_colossus	wh3_dlc29_black_pyramid_missile_artillery_siege_1	faction_to_force_own	15.0000
wh3_dlc29_effect_gravecall_unlock_wh2_dlc11_cst_mon_necrofex_colossus_0	wh3_dlc29_black_pyramid_missile_artillery_siege_1	faction_to_force_own_unseen	1.0000
wh3_dlc29_effect_force_stat_explosive_damage_mod_bone_giant	wh3_dlc29_black_pyramid_missile_artillery_siege_2	faction_to_force_own	20.0000
wh3_dlc29_effect_gravecall_unlock_wh2_pro06_tmb_mon_bone_giant_0	wh3_dlc29_black_pyramid_missile_artillery_siege_2	faction_to_force_own_unseen	1.0000
wh3_dlc29_effect_force_stat_leadership_missile_artillery	wh3_dlc29_black_pyramid_missile_artillery_siege_3	faction_to_force_own	10.0000
wh3_dlc29_force_recruit_rank_nag_missile_artillery	wh3_dlc29_black_pyramid_missile_artillery_siege_3	faction_to_force_own	1.0000
wh3_dlc29_effect_force_stat_missile_damage_nag_missile_units_artillery	wh3_dlc29_black_pyramid_missile_artillery_siege_4	faction_to_force_own	10.0000
wh3_dlc29_effect_contact_effect_monstrous_impact_bone_giant_necrofex_colossus	wh3_dlc29_black_pyramid_missile_artillery_siege_5	faction_to_force_own	1.0000
wh3_dlc29_effect_force_stat_range_missile_artillery_siege_monsters	wh3_dlc29_black_pyramid_missile_artillery_siege_6	faction_to_force_own	10.0000
wh3_dlc29_effect_contact_phase_suppressed_cst_deck_gunners	wh3_dlc29_black_pyramid_missile_artillery_siege_7	faction_to_force_own	1.0000
wh3_dlc29_effect_force_stat_reload_time_reduction_gunnery_mob	wh3_dlc29_black_pyramid_missile_artillery_siege_7	faction_to_force_own	10.0000
wh3_dlc29_effect_force_stat_ward_save_missiles_artillery	wh3_dlc29_black_pyramid_missile_artillery_siege_8	faction_to_force_own	5.0000
wh3_dlc29_effect_contact_phase_flammable_khemrian_warsphinx	wh3_dlc29_black_pyramid_missile_artillery_siege_9	faction_to_force_own	1.0000
wh3_dlc29_effect_flaming_attacks_khemrian_warsphinx	wh3_dlc29_black_pyramid_missile_artillery_siege_9	faction_to_force_own	1.0000
wh3_dlc29_effect_force_stat_ward_save_morghast_archai	wh3_dlc29_black_pyramid_morghasts_10	faction_to_force_own	10.0000
wh3_dlc29_effect_force_attribute_enable_perfect_vigour_morghast	wh3_dlc29_black_pyramid_morghasts_11	faction_to_force_own	1.0000
wh3_dlc29_effect_force_upkeep_morghasts	wh3_dlc29_black_pyramid_morghasts_11	faction_to_force_own	-10.0000
wh3_dlc29_effect_ability_enable_heralds_of_the_accursed_one_morghast	wh3_dlc29_black_pyramid_morghasts_12	faction_to_force_own	1.0000
wh3_dlc29_effect_force_upkeep_morghasts	wh3_dlc29_black_pyramid_morghasts_12	faction_to_force_own	-15.0000
wh3_dlc29_effect_force_stat_melee_defence_morghast_harbingers	wh3_dlc29_black_pyramid_morghasts_1	faction_to_force_own	7.0000
wh3_dlc29_effect_gravecall_unlock_wh3_dlc29_vmp_mon_morghast_harbingers	wh3_dlc29_black_pyramid_morghasts_1	faction_to_force_own_unseen	1.0000
wh3_dlc29_effect_force_stat_bonus_vs_infantry_morghast_harbingers	wh3_dlc29_black_pyramid_morghasts_2	faction_to_force_own	8.0000
wh3_dlc29_effect_force_stat_weapon_strength_morghast_harbinger	wh3_dlc29_black_pyramid_morghasts_2	faction_to_force_own	15.0000
wh3_dlc29_effect_force_stat_ward_save_morghast_harbinger	wh3_dlc29_black_pyramid_morghasts_4	faction_to_force_own	15.0000
wh3_dlc29_effect_force_stat_armour_morghast_archai	wh3_dlc29_black_pyramid_morghasts_5	faction_to_force_own	25.0000
wh3_dlc29_effect_gravecall_unlock_wh3_dlc29_vmp_mon_morghast_archai	wh3_dlc29_black_pyramid_morghasts_5	faction_to_force_own_unseen	1.0000
wh3_dlc29_effect_force_stat_bonus_vs_large_morghast_archai	wh3_dlc29_black_pyramid_morghasts_6	faction_to_force_own	8.0000
wh3_dlc29_effect_force_stat_weapon_strength_morghast_archai	wh3_dlc29_black_pyramid_morghasts_6	faction_to_force_own	15.0000
wh3_dlc29_effect_force_stat_leadership_morghast_archai	wh3_dlc29_black_pyramid_morghasts_8	faction_to_force_own	15.0000
wh3_dlc29_effect_force_stat_melee_attack_morghast_archai	wh3_dlc29_black_pyramid_morghasts_8	faction_to_force_own	10.0000
wh3_dlc29_effect_attribute_vanguard_deploy_morghast_harbingers	wh3_dlc29_black_pyramid_morghasts_9	faction_to_force_own	1.0000
wh3_dlc29_effect_force_stat_speed_morghast_harbingers	wh3_dlc29_black_pyramid_morghasts_9	faction_to_force_own	15.0000
wh_main_effect_character_stat_magic_resistance	wh3_dlc29_black_pyramid_movement_1	faction_to_faction_leader_alt_nagash	10.0000
wh_main_effect_force_stat_armour	wh3_dlc29_black_pyramid_movement_1	faction_to_faction_leader_alt_nagash	15.0000
wh3_dlc29_effect_magic_undeath_reduce_wom_cost_all_overcast	wh3_dlc29_black_pyramid_movement_2	faction_to_faction_leader_alt_nagash	-10.0000
wh_main_effect_character_stat_miscast	wh3_dlc29_black_pyramid_movement_2	faction_to_faction_leader_alt_nagash	-15.0000
wh3_dlc26_effect_attribute_enable_immune_to_flanking	wh3_dlc29_black_pyramid_movement_3	faction_to_faction_leader_alt_nagash	1.0000
wh_main_effect_character_stat_melee_defence	wh3_dlc29_black_pyramid_movement_3	faction_to_faction_leader_alt_nagash	7.0000
wh_main_effect_character_stat_weapon_strength	wh3_dlc29_black_pyramid_movement_4	faction_to_faction_leader_alt_nagash	10.0000
wh_main_effect_force_stat_vigour_loss_reduction	wh3_dlc29_black_pyramid_movement_4	faction_to_faction_leader_alt_nagash	-25.0000
wh_main_effect_character_stat_charge_bonus_add	wh3_dlc29_black_pyramid_movement_5	faction_to_faction_leader_alt_nagash	20.0000
wh_main_effect_character_stat_speed	wh3_dlc29_black_pyramid_movement_5	faction_to_faction_leader_alt_nagash	10.0000
wh3_main_effect_attribute_unyielding_assault	wh3_dlc29_black_pyramid_movement_6	faction_to_faction_leader_alt_nagash	1.0000
wh_main_effect_character_stat_melee_attack	wh3_dlc29_black_pyramid_movement_6	faction_to_faction_leader_alt_nagash	7.0000
wh_main_effect_force_all_campaign_movement_range	wh3_dlc29_black_pyramid_nagash_early_1	faction_to_force_faction_leader_alt_nagash	5.0000
wh_main_effect_force_all_campaign_upkeep	wh3_dlc29_black_pyramid_nagash_early_2	faction_to_force_faction_leader_alt_nagash	-10.0000
wh3_dlc29_effect_economy_gdp_mod_necropolis	wh3_dlc29_black_pyramid_nagash_early_3	faction_to_region_own	5.0000
wh3_dlc29_pooled_resource_necromantic_energy_battle_mod	wh3_dlc29_black_pyramid_nagash_early_3	faction_to_force_faction_leader_alt_nagash	5.0000
wh_main_effect_character_stat_melee_attack	wh3_dlc29_black_pyramid_nagash_early_4	faction_to_faction_leader_alt_nagash	5.0000
wh_main_effect_character_stat_weapon_strength	wh3_dlc29_black_pyramid_nagash_early_4	faction_to_faction_leader_alt_nagash	5.0000
wh3_dlc29_effect_necropolis_capacity	wh3_dlc29_black_pyramid_nagash_early_5	faction_to_faction_own_unseen	1.0000
wh3_dlc29_effect_nag_ryze_the_grave_call_rotting_prometheans	wh3_dlc29_black_pyramid_nagash_early_6	faction_to_force_faction_leader_alt_nagash	1.0000
wh3_dlc29_effect_army_ability_uses_ryze_grave_guard	wh3_dlc29_black_pyramid_nagash_late_10	faction_to_force_faction_leader_alt_nagash	3.0000
wh3_dlc29_effect_army_ability_uses_ryze_rotting_rometheans	wh3_dlc29_black_pyramid_nagash_late_10	faction_to_force_faction_leader_alt_nagash	2.0000
wh3_dlc29_effect_nag_ryze_the_grave_call_khemric_titan	wh3_dlc29_black_pyramid_nagash_late_11	faction_to_force_faction_leader_alt_nagash	1.0000
wh3_dlc29_effect_building_construction_cost_mod_necropolis	wh3_dlc29_black_pyramid_nagash_late_12	faction_to_region_own_regions	-5.0000
wh3_dlc29_effect_necropolis_capacity	wh3_dlc29_black_pyramid_nagash_late_12	faction_to_faction_own_unseen	1.0000
wh3_dlc29_effect_nagash_rush_construction_unlock_dummy	wh3_dlc29_black_pyramid_nagash_late_13	faction_to_faction_own_unseen	1.0000
wh3_dlc29_effect_ability_enable_summon_archai	wh3_dlc29_black_pyramid_nagash_late_14	faction_to_faction_leader_alt_nagash	1.0000
wh3_dlc29_effect_ability_uses_summon_morghast_archai	wh3_dlc29_black_pyramid_nagash_late_14	faction_to_faction_leader_alt_nagash	1.0000
wh3_dlc29_effect_ability_uses_nag_books_of_nagash_all	wh3_dlc29_black_pyramid_nagash_late_15	faction_to_faction_leader_alt_nagash	1.0000
wh3_main_effect_winds_of_magic_other	wh3_dlc29_black_pyramid_nagash_late_15	faction_to_force_faction_leader_alt_nagash	2.0000
wh3_dlc29_effect_force_nag_ashes_and_dust_dummy	wh3_dlc29_black_pyramid_nagash_late_16	faction_to_force_faction_leader_alt_nagash	1.0000
wh3_dlc29_effect_ritual_cost_ritual_of_undeath	wh3_dlc29_black_pyramid_nagash_late_16	faction_to_faction_own_unseen	20.0000
wh3_dlc29_effect_force_recruit_rank_all_including_merc	wh3_dlc29_black_pyramid_nagash_late_1	faction_to_force_faction_leader_alt_nagash	1.0000
wh_main_effect_force_all_campaign_upkeep	wh3_dlc29_black_pyramid_nagash_late_1	faction_to_force_faction_leader_alt_nagash	-15.0000
wh_main_effect_character_stat_melee_defence	wh3_dlc29_black_pyramid_nagash_late_2	faction_to_faction_leader_alt_nagash	10.0000
wh_main_effect_force_stat_armour	wh3_dlc29_black_pyramid_nagash_late_2	faction_to_faction_leader_alt_nagash	15.0000
wh_main_effect_character_stat_ward_save	wh3_dlc29_black_pyramid_nagash_late_3	faction_to_faction_leader_alt_nagash	15.0000
wh3_dlc24_effect_attribute_enable_360_missile_block	wh3_dlc29_black_pyramid_nagash_late_4	faction_to_faction_leader_alt_nagash	1.0000
wh3_dlc29_effect_attribute_enable_ballistic_plating	wh3_dlc29_black_pyramid_nagash_late_4	faction_to_faction_leader_alt_nagash	1.0000
wh_main_effect_character_stat_missile_block	wh3_dlc29_black_pyramid_nagash_late_4	faction_to_faction_leader_alt_nagash	25.0000
wh_main_effect_force_stat_speed	wh3_dlc29_black_pyramid_nagash_late_5	faction_to_faction_leader_alt_nagash	15.0000
wh_main_effect_force_stat_vigour_loss_reduction	wh3_dlc29_black_pyramid_nagash_late_5	faction_to_faction_leader_alt_nagash	-20.0000
wh2_dlc17_effect_ability_enable_wayfarer	wh3_dlc29_black_pyramid_nagash_late_6	faction_to_faction_leader_alt_nagash	1.0000
wh3_main_effect_character_stat_unit_mass_percentage_mod	wh3_dlc29_black_pyramid_nagash_late_6	faction_to_faction_leader_alt_nagash	10.0000
wh3_main_effect_force_all_campaign_movement_range_post_battle_win	wh3_dlc29_black_pyramid_nagash_late_7	faction_to_faction_leader_alt_nagash	40.0000
wh_main_effect_force_all_campaign_movement_range	wh3_dlc29_black_pyramid_nagash_late_7	faction_to_force_faction_leader_alt_nagash	10.0000
wh3_dlc29_effect_post_battle_unit_saving_chance_hp_all	wh3_dlc29_black_pyramid_nagash_late_8	faction_to_force_faction_leader_alt_nagash	5.0000
wh_main_effect_force_all_campaign_replenishment_rate	wh3_dlc29_black_pyramid_nagash_late_8	faction_to_force_faction_leader_alt_nagash	5.0000
wh3_main_effect_replenish_cap_override	wh3_dlc29_black_pyramid_nagash_late_9	faction_to_faction_own	100.0000
wh_main_effect_force_army_campaign_attrition_all_immunity	wh3_dlc29_black_pyramid_nagash_late_9	faction_to_force_faction_leader_alt_nagash	1.0000
wh3_dlc20_effect_healing_cap_modifier	wh3_dlc29_black_pyramid_nagash_mid_1	faction_to_faction_leader_alt_nagash	25.0000
wh3_dlc29_effect_stat_incoming_healing_mod_debuff	wh3_dlc29_black_pyramid_nagash_mid_1	faction_to_faction_leader_alt_nagash	25.0000
wh3_dlc29_effect_necropolis_capacity	wh3_dlc29_black_pyramid_nagash_mid_2	faction_to_faction_own_unseen	1.0000
wh3_dlc29_effect_ritual_cost_ritual_of_undeath	wh3_dlc29_black_pyramid_nagash_mid_2	faction_to_faction_own_unseen	-10.0000
wh_main_effect_character_stat_melee_attack	wh3_dlc29_black_pyramid_nagash_mid_3	faction_to_faction_leader_alt_nagash	10.0000
wh_main_effect_character_stat_weapon_strength	wh3_dlc29_black_pyramid_nagash_mid_3	faction_to_faction_leader_alt_nagash	10.0000
wh3_dlc26_effect_force_all_campaign_replenishment_rate	wh3_dlc29_black_pyramid_nagash_mid_4	faction_to_force_faction_leader_alt_nagash	5.0000
wh3_dlc29_effect_post_battle_unit_saving_chance_hp_all	wh3_dlc29_black_pyramid_nagash_mid_4	faction_to_force_faction_leader_alt_nagash	10.0000
wh3_dlc29_effect_commandment_wh3_dlc29_edict_nag_land_of_the_dead_gravecall	wh3_dlc29_black_pyramid_nagash_mid_5	faction_to_province_own	-5.0000
wh3_dlc29_effect_commandment_wh3_dlc29_edict_nag_land_of_the_dead_necromantic_energy	wh3_dlc29_black_pyramid_nagash_mid_5	faction_to_province_own	10.0000
wh3_dlc29_effect_commandment_wh3_dlc29_edict_nag_land_of_the_dead_recruit_rank	wh3_dlc29_black_pyramid_nagash_mid_5	faction_to_province_own	1.0000
wh_main_effect_character_stat_melee_defence	wh3_dlc29_black_pyramid_nagash_mid_6	faction_to_faction_leader_alt_nagash	10.0000
wh_main_effect_character_stat_ward_save	wh3_dlc29_black_pyramid_nagash_mid_6	faction_to_faction_leader_alt_nagash	10.0000
wh2_dlc14_effect_character_stat_enable_spirit_leech_attacks	wh3_dlc29_black_pyramid_nagash_mid_7	faction_to_faction_leader_alt_nagash	1.0000
wh3_dlc29_effect_magic_undeath_reduce_wom_cost_nag_nagash	wh3_dlc29_black_pyramid_nagash_mid_7	faction_to_faction_leader_alt_nagash	-5.0000
wh3_dlc29_effect_enable_black_pyramid_nagashizzar_portal_dummy	wh3_dlc29_black_pyramid_nagash_mid_8	faction_to_faction_own_unseen	1.0000
wh3_dlc29_effect_force_nag_shambling_horde_dummy	wh3_dlc29_black_pyramid_nagash_shambling_horde_1	faction_to_faction_leader_unseen	1.0000
wh3_dlc29_effect_ritual_cost_ritual_of_undeath	wh3_dlc29_black_pyramid_nagash_shambling_horde_1	faction_to_faction_own_unseen	10.0000
wh3_dlc29_effect_nagash_shambling_army_unit_min_dummy	wh3_dlc29_black_pyramid_nagash_shambling_horde_2	faction_to_force_own_unseen	1.0000
wh3_dlc29_effect_ritual_cost_ritual_of_undeath	wh3_dlc29_black_pyramid_nagash_shambling_horde_2	faction_to_faction_own_unseen	1.0000
wh3_dlc29_effect_nagash_shambling_army_unit_max_dummy	wh3_dlc29_black_pyramid_nagash_shambling_horde_3	faction_to_force_own_unseen	1.0000
wh3_dlc29_effect_ritual_cost_ritual_of_undeath	wh3_dlc29_black_pyramid_nagash_shambling_horde_3	faction_to_faction_own_unseen	1.0000
wh3_dlc29_effect_force_nag_shambling_horde_lord_upgrade_dummy	wh3_dlc29_black_pyramid_nagash_shambling_horde_4	faction_to_force_own_unseen	1.0000
wh3_dlc29_effect_ritual_cost_ritual_of_undeath	wh3_dlc29_black_pyramid_nagash_shambling_horde_4	faction_to_faction_own_unseen	3.0000
wh3_dlc29_effect_nagash_shambling_army_unit_max_dummy	wh3_dlc29_black_pyramid_nagash_shambling_horde_5	faction_to_force_own_unseen	2.0000
wh3_dlc29_effect_nagash_shambling_army_unit_min_dummy	wh3_dlc29_black_pyramid_nagash_shambling_horde_5	faction_to_force_own_unseen	1.0000
wh3_dlc29_effect_ritual_cost_ritual_of_undeath	wh3_dlc29_black_pyramid_nagash_shambling_horde_5	faction_to_faction_own_unseen	2.0000
wh3_dlc29_effect_nagash_shambling_army_duration_dummy	wh3_dlc29_black_pyramid_nagash_shambling_horde_6	faction_to_force_own_unseen	1.0000
wh3_dlc29_effect_ritual_cost_ritual_of_undeath	wh3_dlc29_black_pyramid_nagash_shambling_horde_6	faction_to_faction_own_unseen	3.0000
wh3_dlc29_effect_nagash_shambling_army_unit_max_dummy	wh3_dlc29_black_pyramid_nagash_shambling_horde_7	faction_to_force_own_unseen	2.0000
wh3_dlc29_effect_nagash_shambling_army_unit_min_dummy	wh3_dlc29_black_pyramid_nagash_shambling_horde_7	faction_to_force_own_unseen	1.0000
wh3_dlc29_effect_ritual_cost_ritual_of_undeath	wh3_dlc29_black_pyramid_nagash_shambling_horde_7	faction_to_faction_own_unseen	2.0000
wh3_dlc29_effect_nagash_shambling_army_duration_dummy	wh3_dlc29_black_pyramid_nagash_shambling_horde_8	faction_to_force_own_unseen	1.0000
wh3_dlc29_effect_ritual_cost_ritual_of_undeath	wh3_dlc29_black_pyramid_nagash_shambling_horde_8	faction_to_faction_own_unseen	3.0000
wh3_dlc29_effect_enable_nagash_transported_army_dummy	wh3_dlc29_black_pyramid_nagash_transported_army_1	faction_to_force_faction_leader_alt_nagash	1.0000
wh3_dlc29_effect_ritual_cost_ritual_of_undeath	wh3_dlc29_black_pyramid_nagash_transported_army_1	faction_to_faction_own_unseen	10.0000
wh3_dlc29_effect_nagash_transported_army_unit_count_dummy	wh3_dlc29_black_pyramid_nagash_transported_army_2	faction_to_force_faction_leader_alt_nagash	1.0000
wh3_dlc29_effect_ritual_cost_ritual_of_undeath	wh3_dlc29_black_pyramid_nagash_transported_army_2	faction_to_faction_own_unseen	1.0000
wh3_dlc29_effect_nagash_transported_army_unit_count_dummy	wh3_dlc29_black_pyramid_nagash_transported_army_3	faction_to_force_faction_leader_alt_nagash	1.0000
wh3_dlc29_effect_ritual_cost_ritual_of_undeath	wh3_dlc29_black_pyramid_nagash_transported_army_3	faction_to_faction_own_unseen	1.0000
wh3_dlc29_effect_nagash_transported_army_duration_dummy	wh3_dlc29_black_pyramid_nagash_transported_army_4	faction_to_force_faction_leader_alt_nagash	1.0000
wh3_dlc29_effect_ritual_cost_ritual_of_undeath	wh3_dlc29_black_pyramid_nagash_transported_army_4	faction_to_faction_own_unseen	3.0000
wh3_dlc29_effect_nagash_transported_army_duration_dummy	wh3_dlc29_black_pyramid_nagash_transported_army_5	faction_to_force_faction_leader_alt_nagash	1.0000
wh3_dlc29_effect_ritual_cost_ritual_of_undeath	wh3_dlc29_black_pyramid_nagash_transported_army_5	faction_to_faction_own_unseen	3.0000
wh3_dlc29_effect_nagash_transported_army_unit_count_dummy	wh3_dlc29_black_pyramid_nagash_transported_army_6	faction_to_force_faction_leader_alt_nagash	2.0000
wh3_dlc29_effect_ritual_cost_ritual_of_undeath	wh3_dlc29_black_pyramid_nagash_transported_army_6	faction_to_faction_own_unseen	2.0000
wh3_dlc29_effect_nagash_transported_army_duration_dummy	wh3_dlc29_black_pyramid_nagash_transported_army_7	faction_to_force_faction_leader_alt_nagash	1.0000
wh3_dlc29_effect_ritual_cost_ritual_of_undeath	wh3_dlc29_black_pyramid_nagash_transported_army_7	faction_to_faction_own_unseen	3.0000
wh3_dlc29_effect_nagash_transported_army_unit_count_dummy	wh3_dlc29_black_pyramid_nagash_transported_army_8	faction_to_force_faction_leader_alt_nagash	2.0000
wh3_dlc29_effect_ritual_cost_ritual_of_undeath	wh3_dlc29_black_pyramid_nagash_transported_army_8	faction_to_faction_own_unseen	2.0000
wh3_dlc29_effect_nameless_possession_budget	wh3_dlc29_black_pyramid_nameless_1	faction_to_force_own	100.0000
wh3_dlc29_effect_nameless_possession_budget	wh3_dlc29_black_pyramid_nameless_2	faction_to_force_own	100.0000
wh3_dlc29_effect_nameless_possession_hero_possession	wh3_dlc29_black_pyramid_nameless_3	faction_to_faction_own_unseen	1.0000
wh3_dlc29_effect_nameless_possession_cost	wh3_dlc29_black_pyramid_nameless_4	faction_to_force_own	-10.0000
wh3_dlc29_effect_nameless_possession_budget	wh3_dlc29_black_pyramid_nameless_5	faction_to_force_own	100.0000
wh3_dlc29_effect_nameless_possession_cap_increase	wh3_dlc29_black_pyramid_nameless_6	faction_to_faction_own_unseen	2.0000
wh3_dlc29_effect_nameless_possession_cost	wh3_dlc29_black_pyramid_nameless_7	faction_to_force_own	-10.0000
wh3_dlc29_effect_nameless_possession_budget	wh3_dlc29_black_pyramid_nameless_8	faction_to_force_own	100.0000
wh3_dlc29_effect_nameless_possession_cap_increase	wh3_dlc29_black_pyramid_nameless_9	faction_to_faction_own_unseen	2.0000
wh_main_effect_agent_action_success_chance	wh3_dlc29_black_pyramid_neferata_1	faction_to_character_own	15.0000
wh_main_effect_agent_recruitment_cost_mod	wh3_dlc29_black_pyramid_neferata_1	faction_to_province_own_factionwide	-20.0000
wh_main_faction_political_diplomacy_mod_technology	wh3_dlc29_black_pyramid_neferata_2	faction_to_faction_own_unseen	50.0000
wh3_dlc29_effect_enable_stance_stalk_neferata	wh3_dlc29_black_pyramid_neferata_3	faction_to_force_own_unseen_neferata	1.0000
wh_main_effect_force_army_campaign_ambush_attack_success_chance	wh3_dlc29_black_pyramid_neferata_3	faction_to_force_own	10.0000
wh3_dlc29_effect_post_battle_unit_saving_chance_all	wh3_dlc29_black_pyramid_post_battle_1	faction_to_force_own	5.0000
wh3_dlc29_effect_post_battle_unit_saving_hp_all	wh3_dlc29_black_pyramid_post_battle_1	faction_to_force_own	5.0000
wh3_dlc27_effect_force_replenish_post_battle	wh3_dlc29_black_pyramid_post_battle_2	faction_to_force_own	5.0000
wh_main_effect_force_all_campaign_captives	wh3_dlc29_black_pyramid_post_battle_2	faction_to_force_own	10.0000
wh_main_effect_character_mod_ancillary_steal	wh3_dlc29_black_pyramid_post_battle_3	faction_to_character_own	10.0000
wh_main_effect_force_all_campaign_post_battle_loot_mod	wh3_dlc29_black_pyramid_post_battle_3	faction_to_faction_own_unseen	10.0000
wh3_dlc29_pooled_resource_necromantic_energy_battle_mod	wh3_dlc29_black_pyramid_post_battle_4	faction_to_force_own	10.0000
wh3_main_effect_force_all_campaign_movement_range_post_battle_win	wh3_dlc29_black_pyramid_post_battle_4	faction_to_character_own	15.0000
wh3_main_effect_corruption_vampiric_technology	wh3_dlc29_black_pyramid_settlements_1	faction_to_province_own	2.0000
wh3_main_effect_public_order_control_level	wh3_dlc29_black_pyramid_settlements_1	faction_to_province_own	5.0000
wh3_dlc29_pooled_resource_necromantic_energy_buildings_mod	wh3_dlc29_black_pyramid_settlements_2	faction_to_faction_own_unseen	10.0000
wh_main_effect_economy_gdp_mod_all	wh3_dlc29_black_pyramid_settlements_2	faction_to_region_own	10.0000
wh2_main_effect_building_construction_time_mod_all	wh3_dlc29_black_pyramid_settlements_3	faction_to_region_own	-25.0000
wh_main_effect_building_construction_cost_mod_all	wh3_dlc29_black_pyramid_settlements_3	faction_to_region_own	-10.0000
wh3_dlc29_effect_necropolis_capacity	wh3_dlc29_black_pyramid_settlements_4	faction_to_faction_own_unseen	1.0000
wh3_dlc29_effect_force_stat_weapon_strength_nehekharan_warriors	wh3_dlc29_black_pyramid_skeleton_10	faction_to_force_own	5.0000
wh3_dlc29_effect_gravecall_unlock_wh2_dlc09_tmb_inf_nehekhara_warriors_0	wh3_dlc29_black_pyramid_skeleton_10	faction_to_force_own_unseen	1.0000
wh3_dlc29_effect_force_stat_missile_resistance_skeletons_tmb_vmp	wh3_dlc29_black_pyramid_skeleton_1	faction_to_force_own	10.0000
wh3_dlc29_effect_gravecall_unlock_skeleton_warriors_spearmen_archers	wh3_dlc29_black_pyramid_skeleton_2	faction_to_force_own_unseen	1.0000
wh3_dlc29_effect_recruitment_cost_reduction_skeletons	wh3_dlc29_black_pyramid_skeleton_2	faction_to_force_own	-15.0000
wh3_dlc29_effect_force_stat_melee_attack_skeleton_melee_infantry	wh3_dlc29_black_pyramid_skeleton_3	faction_to_force_own	3.0000
wh3_dlc29_effect_force_stat_melee_defence_skeleton_melee_infantry	wh3_dlc29_black_pyramid_skeleton_3	faction_to_force_own	3.0000
wh3_dlc29_effect_force_stat_bonus_vs_infantry_skeleton_melee_infantry	wh3_dlc29_black_pyramid_skeleton_4	faction_to_force_own	5.0000
wh3_dlc29_effect_force_start_armour_nag_skeleton_spearmen_tomb_guard_grave_guard_halberd	wh3_dlc29_black_pyramid_skeleton_5	faction_to_force_own	15.0000
wh3_dlc29_effect_force_start_leadership_skeleton_infantry	wh3_dlc29_black_pyramid_skeleton_5	faction_to_force_own	10.0000
wh3_dlc29_effect_force_stat_bonus_vs_large_nag_skeleton_spearmen_halberds	wh3_dlc29_black_pyramid_skeleton_6	faction_to_force_own	5.0000
wh3_dlc29_effect_post_battle_unit_saving_hp_tmb_vmp_skeleton_infantry	wh3_dlc29_black_pyramid_skeleton_7	faction_to_force_own	5.0000
wh3_dlc29_effect_unit_xp_levels_skeleton_infantry	wh3_dlc29_black_pyramid_skeleton_7	faction_to_force_own	1.0000
wh3_dlc29_effect_tech_upkeep_reduction_skeleton_nehekharan_warriors	wh3_dlc29_black_pyramid_skeleton_8	faction_to_force_own	-5.0000
wh3_dlc29_effect_attribute_enable_encourage_grave_tomb_guard_swords	wh3_dlc29_black_pyramid_skeleton_9	faction_to_force_own	1.0000
wh3_dlc29_effect_unit_enable_attribute_expert_charge_defence_nag_skeleton_spearmen	wh3_dlc29_black_pyramid_skeleton_9	faction_to_force_own	1.0000
wh3_dlc29_effect_force_stat_leadership_spears_polearms	wh3_dlc29_black_pyramid_spears_1	faction_to_force_own	5.0000
wh3_dlc29_effect_force_stat_vigour_loss_reduction_spears_polearms	wh3_dlc29_black_pyramid_spears_1	faction_to_force_own	-15.0000
wh3_dlc29_effect_force_stat_melee_attack_spears_polearms	wh3_dlc29_black_pyramid_spears_2	faction_to_force_own	5.0000
wh3_dlc29_effect_force_stat_weapon_strength_spears_polearms	wh3_dlc29_black_pyramid_spears_3	faction_to_force_own	10.0000
wh3_dlc29_effect_force_stat_melee_defence_spears_polearms	wh3_dlc29_black_pyramid_spears_4	faction_to_force_own	5.0000
wh3_dlc29_effect_force_stat_bonus_vs_large_spears_polearms	wh3_dlc29_black_pyramid_spears_5	faction_to_force_own	5.0000
wh3_dlc29_effect_attribute_contact_immune_spears_polearms	wh3_dlc29_black_pyramid_spears_6	faction_to_force_own	1.0000
wh3_dlc29_effect_force_stat_mass_spears_polearms	wh3_dlc29_black_pyramid_spears_6	faction_to_force_own	20.0000
wh3_dlc29_effect_force_stat_leadership_sword_shield	wh3_dlc29_black_pyramid_sword_shield_1	faction_to_force_own	5.0000
wh3_dlc29_effect_force_stat_recruit_cost_sword_shield	wh3_dlc29_black_pyramid_sword_shield_1	faction_to_force_own	-5.0000
wh3_dlc29_effect_force_stat_melee_defence_sword_shield	wh3_dlc29_black_pyramid_sword_shield_2	faction_to_force_own	5.0000
wh3_dlc29_effect_force_stat_armour_sword_shield	wh3_dlc29_black_pyramid_sword_shield_3	faction_to_force_own	15.0000
wh3_dlc29_effect_force_stat_melee_attack_sword_shield	wh3_dlc29_black_pyramid_sword_shield_4	faction_to_force_own	5.0000
wh3_dlc29_effect_force_stat_missile_block_sword_shield	wh3_dlc29_black_pyramid_sword_shield_5	faction_to_force_own	10.0000
wh3_dlc29_effect_attribute_360_block_sword_shield	wh3_dlc29_black_pyramid_sword_shield_6	faction_to_force_own	1.0000
wh3_dlc29_effect_force_stat_unit_mass_nag_thrones	wh3_dlc29_black_pyramid_thrones_1	faction_to_force_own	25.0000
wh3_dlc29_effect_gravecall_unlock_coven_throne_mortis_engine_all_dummy	wh3_dlc29_black_pyramid_thrones_1	faction_to_force_own_unseen	1.0000
wh3_dlc29_effect_force_stat_morale_nag_thrones	wh3_dlc29_black_pyramid_thrones_2	faction_to_force_own_unseen	7.0000
wh3_dlc29_effect_recruit_rank_nag_thrones	wh3_dlc29_black_pyramid_thrones_2	faction_to_force_own_unseen	1.0000
wh3_dlc26_effect_force_stat_barrier_nag_mortis	wh3_dlc29_black_pyramid_thrones_3	faction_to_force_own	500.0000
wh3_dlc29_effect_force_stat_physical_resist_nag_coven_throne	wh3_dlc29_black_pyramid_thrones_3	faction_to_force_own	10.0000
wh3_dlc29_effect_force_stat_melee_attack_nag_thrones	wh3_dlc29_black_pyramid_thrones_4	faction_to_force_own	7.0000
wh3_dlc29_effect_force_stat_weapon_strength_nag_thrones	wh3_dlc29_black_pyramid_thrones_4	faction_to_force_own	15.0000
wh3_dlc29_effect_ability_cooldown_battle_of_wills_nag_coven_throne	wh3_dlc29_black_pyramid_thrones_5	faction_to_force_own_unseen	-30.0000
wh3_dlc29_effect_ability_effect_range_nag_reliquary_corruption	wh3_dlc29_black_pyramid_thrones_5	faction_to_force_own_unseen	25.0000
wh3_main_effect_public_order_control_level	wh3_dlc29_black_pyramid_tmb_II_1	faction_to_province_own	5.0000
wh_main_effect_building_construction_cost_mod	wh3_dlc29_black_pyramid_tmb_II_1	faction_to_region_own	-5.0000
wh3_dlc29_effect_recruitment_cost_reduction_tomb_kings	wh3_dlc29_black_pyramid_tmb_II_2	faction_to_force_own	-10.0000
wh3_dlc29_nag_tmb_recruitment_points	wh3_dlc29_black_pyramid_tmb_II_2	faction_to_province_own	1.0000
wh3_dlc29_effect_gravecall_recruitment_cost_tmb	wh3_dlc29_black_pyramid_tmb_II_3	faction_to_force_own	-10.0000
wh3_dlc29_effect_gravecall_recruitment_rank_mod	wh3_dlc29_black_pyramid_tmb_II_3	faction_to_force_own	1.0000
wh3_dlc29_effect_nag_ryze_the_grave_call_khemrian_warsphinx	wh3_dlc29_black_pyramid_tmb_II_4	faction_to_force_own_tmb_unseen	1.0000
wh2_dlc09_effect_ability_disable_my_will_be_done	wh3_dlc29_black_pyramid_tmb_II_5	faction_to_character_own_tmb_unseen	1.0000
wh3_dlc29_effect_ability_enable_my_will_be_done_upgraded	wh3_dlc29_black_pyramid_tmb_II_5	faction_to_character_own_tmb_unseen	1.0000
wh3_dlc29_nag_tmb_recruitment_points	wh3_dlc29_black_pyramid_tmb_I_1	faction_to_province_own	1.0000
wh3_dlc29_effect_recruitment_cost_reduction_tomb_kings	wh3_dlc29_black_pyramid_tmb_I_2	faction_to_force_own	-5.0000
wh3_main_effect_public_order_control_level	wh3_dlc29_black_pyramid_tmb_I_2	faction_to_province_own	2.0000
wh3_dlc29_effect_nag_recruit_rank_tmb_heroes_lords	wh3_dlc29_black_pyramid_tmb_I_3	faction_to_province_own	4.0000
wh3_dlc29_effect_commandment_wh3_dlc29_edict_nag_tmb_construction_cost	wh3_dlc29_black_pyramid_tmb_I_4	faction_to_province_own	-10.0000
wh3_dlc29_effect_commandment_wh3_dlc29_edict_nag_tmb_control	wh3_dlc29_black_pyramid_tmb_I_4	faction_to_province_own	3.0000
wh3_dlc29_effect_nag_ryze_the_grave_call_ushabti	wh3_dlc29_black_pyramid_tmb_I_5	faction_to_force_own_tmb_unseen	1.0000
wh3_dlc20_effect_healing_cap_modifier	wh3_dlc29_black_pyramid_transit	faction_to_faction_leader_alt_nagash	3.0000
wh3_main_effect_battle_barrier_health_add	wh3_dlc29_black_pyramid_transit	faction_to_faction_leader_alt_nagash	15.0000
wh3_main_effect_winds_of_magic_pool_cap	wh3_dlc29_black_pyramid_transit	faction_to_force_faction_leader_alt_nagash	1.0000
wh3_dlc29_effect_force_stat_ward_save_terrorgheist_zombie_dragon_rotting_leviathan	wh3_dlc29_black_pyramid_undead_monsters_1	faction_to_force_own	5.0000
wh3_dlc29_effect_gravecall_unlock_wh3_dlc29_vmp_mon_zombie_dragon_rotting_leviathan_terrorgheist	wh3_dlc29_black_pyramid_undead_monsters_1	faction_to_force_own_unseen	1.0000
wh3_dlc29_effect_force_stat_melee_defence_flying_undead_monsters	wh3_dlc29_black_pyramid_undead_monsters_2	faction_to_force_own	5.0000
wh3_dlc29_effect_force_stat_missile_resistance_flying_undead_monsters	wh3_dlc29_black_pyramid_undead_monsters_2	faction_to_force_own	15.0000
wh3_dlc29_ability_enable_frenzy_flying_undead_monsters	wh3_dlc29_black_pyramid_undead_monsters_3	faction_to_force_own	1.0000
wh3_dlc29_effect_ability_uses_death_shriek_terrorgheist	wh3_dlc29_black_pyramid_undead_monsters_4	faction_to_force_own	2.0000
wh3_main_effect_ability_num_uses_pestilential_breath	wh3_dlc29_black_pyramid_undead_monsters_4	faction_to_force_own	2.0000
wh3_dlc29_effect_force_stat_melee_attack_undead_monsters	wh3_dlc29_black_pyramid_undead_monsters_5	faction_to_force_own	8.0000
wh3_dlc29_effect_force_stat_weapon_strength_undead_monsters	wh3_dlc29_black_pyramid_undead_monsters_5	faction_to_force_own	10.0000
wh3_dlc29_effect_force_stat_armour_rotting_leviathan_necrofex_colossus	wh3_dlc29_black_pyramid_undead_monsters_6	faction_to_force_own	20.0000
wh3_dlc29_effect_force_stat_physical_resistance_rotting_leviathan_necrofex_colossus	wh3_dlc29_black_pyramid_undead_monsters_6	faction_to_force_own	5.0000
wh3_dlc29_attribute_enable_ballistic_plating_rotting_leviathan	wh3_dlc29_black_pyramid_undead_monsters_7	faction_to_force_own	1.0000
wh3_dlc29_effect_attribute_enable_360_missile_block_rotting_leviathan	wh3_dlc29_black_pyramid_undead_monsters_7	faction_to_force_own	1.0000
wh3_dlc29_effect_force_stat_missile_block_rotting_leviathan	wh3_dlc29_black_pyramid_undead_monsters_7	faction_to_force_own	20.0000
wh3_dlc29_effect_leadership_nag_undead_monsters	wh3_dlc29_black_pyramid_undead_monsters_8	faction_to_force_own	10.0000
wh3_dlc29_effect_upkeep_nag_undead_monsters	wh3_dlc29_black_pyramid_undead_monsters_8	faction_to_force_own	-15.0000
wh3_dlc29_effect_attribute_enable_unbreakable_nag_undead_monsters_rank7	wh3_dlc29_black_pyramid_undead_monsters_9	faction_to_force_own	1.0000
wh3_dlc29_effect_attribute_unyielding_assault_nag_varghulf	wh3_dlc29_black_pyramid_undead_monstrous_1	faction_to_force_own	1.0000
wh3_dlc29_effect_gravecall_unlock_wh_main_vmp_mon_varghulf	wh3_dlc29_black_pyramid_undead_monstrous_1	faction_to_force_own_unseen	1.0000
wh3_dlc29_effect_charge_bonus_nag_undead_monster_monstrous	wh3_dlc29_black_pyramid_undead_monstrous_2	faction_to_force_own	15.0000
wh3_dlc29_effect_weapon_strength_nag_undead_monster_monstrous	wh3_dlc29_black_pyramid_undead_monstrous_2	faction_to_force_own	10.0000
wh3_dlc29_effect_leadership_nag_undead_monster_monstrous	wh3_dlc29_black_pyramid_undead_monstrous_3	faction_to_force_own	5.0000
wh3_dlc29_effect_recruit_cost_nag_undead_monster_monstrous	wh3_dlc29_black_pyramid_undead_monstrous_3	faction_to_force_own	-10.0000
wh3_dlc29_effect_force_stat_bonus_vs_infantry_vargheists_crypt_horrors	wh3_dlc29_black_pyramid_undead_monstrous_4	faction_to_force_own	7.0000
wh3_dlc29_effect_gravecall_unlock_wh_main_vmp_mon_crypt_horrors_vargheists_all_dummy	wh3_dlc29_black_pyramid_undead_monstrous_4	faction_to_force_own_unseen	1.0000
wh3_dlc29_effect_armour_cost_nag_monstrous_infantry	wh3_dlc29_black_pyramid_undead_monstrous_5	faction_to_force_own	15.0000
wh3_dlc29_effect_gravecall_unlock_wh2_dlc11_cst_mon_rotting_prometheans_all_dummy	wh3_dlc29_black_pyramid_undead_monstrous_5	faction_to_force_own_unseen	1.0000
wh3_dlc29_effect_melee_defence_cost_nag_undead_monster_monstrous	wh3_dlc29_black_pyramid_undead_monstrous_6	faction_to_force_own	10.0000
wh3_dlc29_effect_barrier_cost_nag_monstrous_infantry	wh3_dlc29_black_pyramid_undead_monstrous_7	faction_to_force_own	500.0000
wh3_dlc29_effect_physical_resist_nag_undead_monster_monstrous	wh3_dlc29_black_pyramid_undead_monstrous_7	faction_to_force_own	5.0000
wh3_dlc29_effect_melee_attack_nag_undead_monster_monstrous	wh3_dlc29_black_pyramid_undead_monstrous_8	faction_to_force_own	10.0000
wh3_dlc29_effect_dead_rise_again_chance_nag_monstrous_infantry	wh3_dlc29_black_pyramid_undead_monstrous_9	faction_to_force_own	25.0000
wh3_dlc29_effect_lesser_noxious_disintegration_monstrous_infantry	wh3_dlc29_black_pyramid_undead_monstrous_9	faction_to_force_own	1.0000
wh3_dlc29_nag_effect_force_replenishment_rate_vampires	wh3_dlc29_black_pyramid_vampires_1	faction_to_force_own	5.0000
wh3_dlc29_nag_effect_healing_vampires	wh3_dlc29_black_pyramid_vampires_1	faction_to_force_own	20.0000
wh3_dlc29_effect_force_stat_leadership_vampires	wh3_dlc29_black_pyramid_vampires_2	faction_to_force_own	5.0000
wh3_dlc29_effect_post_battle_unit_saving_chance_hp_vampires	wh3_dlc29_black_pyramid_vampires_2	faction_to_force_own	5.0000
wh3_dlc29_effect_force_start_ward_save_depth_guard	wh3_dlc29_black_pyramid_vampires_3	faction_to_force_own	10.0000
wh3_dlc29_effect_gravecall_unlock_depth_guard_gravecall_dummy	wh3_dlc29_black_pyramid_vampires_3	faction_to_force_own_unseen	1.0000
wh3_dlc29_effect_force_stat_melee_attack_vampires	wh3_dlc29_black_pyramid_vampires_4	faction_to_force_own	7.0000
wh3_dlc29_effect_force_stat_melee_defence_vampires	wh3_dlc29_black_pyramid_vampires_4	faction_to_force_own	7.0000
wh3_dlc29_effect_force_contact_effect_charmed_attacks_vampires	wh3_dlc29_black_pyramid_vampires_5	faction_to_force_own	1.0000
wh3_dlc29_effect_force_stat_ap_damage_vampires	wh3_dlc29_black_pyramid_vampires_6	faction_to_force_own	20.0000
wh3_dlc29_effect_force_stat_speed_vampires	wh3_dlc29_black_pyramid_vampires_6	faction_to_force_own	10.0000
wh3_dlc29_effect_force_attribute_terror_vampires	wh3_dlc29_black_pyramid_vampires_7	faction_to_force_own	1.0000
wh3_dlc29_effect_force_stat_upkeep_vampires	wh3_dlc29_black_pyramid_vampires_8	faction_to_force_own	-10.0000
wh3_dlc29_effect_force_stat_vigour_loss_reduction_vampires	wh3_dlc29_black_pyramid_vampires_8	faction_to_force_own	-25.0000
wh3_dlc29_effect_ability_uses_okkams_mindrazor_lahmian	wh3_dlc29_black_pyramid_vampires_9	faction_to_force_own	1.0000
wh3_dlc29_effect_ability_uses_soulblight_lahmian	wh3_dlc29_black_pyramid_vampires_9	faction_to_force_own	1.0000
wh3_dlc20_effect_healing_cap_modifier	wh3_dlc29_black_pyramid_vlad_1	faction_to_character_vlad	20.0000
wh3_dlc29_effect_character_stat_mod_ward_save_vlad	wh3_dlc29_black_pyramid_vlad_1	faction_to_character_vlad	10.0000
wh3_dlc29_effect_agent_rank_nag_dignitary	wh3_dlc29_black_pyramid_vlad_2	faction_to_province_own_factionwide	5.0000
wh3_dlc29_effect_attribute_enable_glorious_charge_nag_drakenhof_templars_rank7	wh3_dlc29_black_pyramid_vlad_2	faction_to_force_own	1.0000
wh3_dlc29_effect_attribute_executor_vlad	wh3_dlc29_black_pyramid_vlad_3	faction_to_character_vlad	1.0000
wh3_dlc29_effect_post_battle_unit_saving_chance_hp_all	wh3_dlc29_black_pyramid_vmp_II_1	faction_to_force_own	5.0000
wh3_main_effect_corruption_vampiric_technology	wh3_dlc29_black_pyramid_vmp_II_1	faction_to_province_own	3.0000
wh3_dlc29_effect_recruitment_cost_reduction_vampire_counts	wh3_dlc29_black_pyramid_vmp_II_2	faction_to_force_own	-10.0000
wh3_dlc29_nag_vmp_recruitment_points	wh3_dlc29_black_pyramid_vmp_II_2	faction_to_province_own	1.0000
wh3_dlc29_effect_gravecall_recruitment_cost_vmp	wh3_dlc29_black_pyramid_vmp_II_3	faction_to_force_own	-10.0000
wh3_dlc29_effect_gravecall_recruitment_rank_mod	wh3_dlc29_black_pyramid_vmp_II_3	faction_to_force_own	1.0000
wh3_dlc29_effect_nag_ryze_the_grave_call_terrorgheist	wh3_dlc29_black_pyramid_vmp_II_4	faction_to_force_own_vmp_unseen	1.0000
wh3_dlc29_effect_ability_enable_greater_hunger	wh3_dlc29_black_pyramid_vmp_II_5	faction_to_force_own_vmp_unseen	1.0000
wh3_dlc29_effect_healing_cap_modifier_vampire_count_lords	wh3_dlc29_black_pyramid_vmp_II_5	faction_to_force_own_vmp_unseen	20.0000
wh3_dlc29_nag_vmp_recruitment_points	wh3_dlc29_black_pyramid_vmp_I_1	faction_to_province_own	1.0000
wh3_dlc29_effect_post_battle_unit_saving_chance_vmp	wh3_dlc29_black_pyramid_vmp_I_2	faction_to_region_own_regions	5.0000
wh3_main_effect_corruption_vampiric_technology	wh3_dlc29_black_pyramid_vmp_I_2	faction_to_province_own	2.0000
wh3_dlc29_effect_nag_recruit_rank_vmp_heroes_lords	wh3_dlc29_black_pyramid_vmp_I_3	faction_to_province_own	4.0000
wh3_dlc29_effect_commandment_wh3_dlc29_edict_nag_vmp_corruption	wh3_dlc29_black_pyramid_vmp_I_4	faction_to_province_own	3.0000
wh3_dlc29_effect_commandment_wh3_dlc29_edict_nag_vmp_income	wh3_dlc29_black_pyramid_vmp_I_4	faction_to_province_own	3.0000
wh3_dlc29_effect_nag_ryze_the_grave_call_crypt_horrors	wh3_dlc29_black_pyramid_vmp_I_5	faction_to_force_own_vmp_unseen	1.0000
wh3_dlc29_effect_ability_enable_lance_formation_blood_knights	wh3_dlc29_black_pyramid_walach_1	faction_to_force_own	1.0000
wh3_dlc29_effect_attribute_enable_encourage_blood_knights	wh3_dlc29_black_pyramid_walach_2	faction_to_force_own	1.0000
wh3_dlc29_effect_attribute_enable_vanguard_blood_knights	wh3_dlc29_black_pyramid_walach_2	faction_to_force_own	1.0000
wh3_main_effect_attribute_enable_devestating_flanker	wh3_dlc29_black_pyramid_walach_3	faction_to_character_walach	1.0000
wh_main_effect_character_stat_charge_bonus_pct_walach	wh3_dlc29_black_pyramid_walach_3	faction_to_character_walach	50.0000
wh3_main_effect_winds_of_magic_enemy_other	wh3_dlc29_black_pyramid_winds_of_magic_10	faction_to_force_enemy_region_text	-2.0000
wh3_main_effect_winds_of_magic_pool_cap	wh3_dlc29_black_pyramid_winds_of_magic_1	faction_to_force_own_alt_text	10.0000
wh3_main_effect_winds_of_magic_other	wh3_dlc29_black_pyramid_winds_of_magic_2	faction_to_force_own_alt_text	1.0000
wh3_main_effect_winds_of_magic_increase_chance_mod	wh3_dlc29_black_pyramid_winds_of_magic_3	faction_to_region_own	10.0000
wh3_main_effect_winds_of_magic_enemy_other	wh3_dlc29_black_pyramid_winds_of_magic_5	faction_to_force_enemy_region_text	-2.0000
wh3_main_effect_winds_of_magic_pool_cap	wh3_dlc29_black_pyramid_winds_of_magic_6	faction_to_force_own_alt_text	10.0000
wh3_main_effect_winds_of_magic_other	wh3_dlc29_black_pyramid_winds_of_magic_7	faction_to_force_own_alt_text	1.0000
wh3_main_effect_winds_of_magic_increase_chance_mod	wh3_dlc29_black_pyramid_winds_of_magic_8	faction_to_region_own	10.0000
wh3_dlc29_effect_force_stat_leadership_wraiths_syreens	wh3_dlc29_black_pyramid_wraith_1	faction_to_force_own	10.0000
wh3_dlc29_effect_gravecall_unlock_ethereal_all_dummy	wh3_dlc29_black_pyramid_wraith_1	faction_to_force_own_unseen	1.0000
wh3_dlc29_effect_ability_enable_regeneration_banshees	wh3_dlc29_black_pyramid_wraith_2	faction_to_character_own	1.0000
wh3_dlc29_effect_barrier_strength_ethereal	wh3_dlc29_black_pyramid_wraith_3	faction_to_force_own	500.0000
wh3_dlc29_effect_force_stat_physical_resistance_ethereal	wh3_dlc29_black_pyramid_wraith_3	faction_to_force_own	10.0000
wh3_dlc29_effect_force_stat_melee_attack_ethereal	wh3_dlc29_black_pyramid_wraith_4	faction_to_force_own	10.0000
wh3_dlc29_effect_force_stat_weapon_damage_ethereal	wh3_dlc29_black_pyramid_wraith_4	faction_to_force_own	15.0000
wh3_dlc29_attribute_enable_stalk_nag_ethereal	wh3_dlc29_black_pyramid_wraith_5	faction_to_force_own	1.0000
wh3_dlc29_attribute_enable_vanguard_nag_ethereal	wh3_dlc29_black_pyramid_wraith_5	faction_to_force_own	1.0000
wh3_dlc298_effect_force_stat_vigour_loss_reduction_crypt_ghoul_bloated_animated_hulks	wh3_dlc29_black_pyramid_zombies_10	faction_to_force_own	-20.0000
wh3_dlc29_effect_gravecall_unlock_crypt_ghouls_animated_hulks	wh3_dlc29_black_pyramid_zombies_10	faction_to_force_own_unseen	1.0000
wh3_dlc29_effect_physical_resistance_zombie_crypt_ghouls_bloated_corpse_animated_hulk	wh3_dlc29_black_pyramid_zombies_1	faction_to_force_own	5.0000
wh3_dlc29_effect_force_stat_leadership_zombie_deckhand_bloated_corpse	wh3_dlc29_black_pyramid_zombies_2	faction_to_force_own	5.0000
wh3_dlc29_effect_gravecall_unlock_deckhands_mob_bloated_corpse	wh3_dlc29_black_pyramid_zombies_2	faction_to_force_own_unseen	1.0000
wh3_dlc29_effect_attribute_enable_expendable_zombies_bloated_corpse	wh3_dlc29_black_pyramid_zombies_3	faction_to_force_own	1.0000
wh3_dlc29_effect_healing_cap_zombie_infantry	wh3_dlc29_black_pyramid_zombies_4	faction_to_force_own	50.0000
wh3_dlc29_effect_undead_post_battle_unit_saving_chance_zombie_infantry	wh3_dlc29_black_pyramid_zombies_4	faction_to_force_own	20.0000
wh3_dlc29_effect_force_start_leadership_crypt_ghouls_animated_hulks	wh3_dlc29_black_pyramid_zombies_5	faction_to_force_own	5.0000
wh3_dlc29_effect_force_stat_melee_attack_crypt_ghouls_animated_hulks	wh3_dlc29_black_pyramid_zombies_5	faction_to_force_own	5.0000
wh3_dlc29_effect_force_stat_ap_damage_crypt_ghouls_animated_hulks	wh3_dlc29_black_pyramid_zombies_6	faction_to_force_own	4.0000
wh3_dlc29_effect_unit_all_zombie_infantry_crypt_ghouls_animated_hulks_bloated_corpse_campaign_replenishment_rate	wh3_dlc29_black_pyramid_zombies_7	faction_to_force_own	5.0000
wh3_dlc29_effect_unit_recruitment_cost_zombies_crypt_ghouls_animated_hulks_bloated_corpse	wh3_dlc29_black_pyramid_zombies_7	faction_to_force_own	-15.0000
wh3_dlc29_effect_upkeep_cost_zombie_infantry_crypt_ghouls_animated_hulks_bloated_corpse	wh3_dlc29_black_pyramid_zombies_8	faction_to_force_own	-10.0000
wh3_dlc29_effect_attribute_enable_stalk_bloated_corpses	wh3_dlc29_black_pyramid_zombies_9	faction_to_force_own	1.0000
wh3_dlc29_effect_attribute_enable_unspottable_crypt_ghouls	wh3_dlc29_black_pyramid_zombies_9	faction_to_force_own	1.0000
wh3_dlc29_effect_passive_spell_nehekhara_nerus_incantation_of_protection	wh3_dlc29_book_of_nagash_10	faction_to_faction_leader_alt_nagash	1.0000
wh3_dlc29_effect_passive_spell_nehekhara_sakhmets_incantation_of_the_skullstorm	wh3_dlc29_book_of_nagash_11	faction_to_faction_leader_alt_nagash	1.0000
wh3_dlc29_effect_passive_spell_nehekhara_usirians_incantation_of_vengeance	wh3_dlc29_book_of_nagash_12	faction_to_faction_leader_alt_nagash	1.0000
wh3_dlc29_effect_passive_spell_death_doom_and_darkness	wh3_dlc29_book_of_nagash_1	faction_to_faction_leader_alt_nagash	1.0000
wh3_dlc29_effect_passive_spell_death_spirit_leech	wh3_dlc29_book_of_nagash_2	faction_to_faction_leader_alt_nagash	1.0000
wh3_dlc29_effect_passive_spell_death_purple_sun_of_xereus	wh3_dlc29_book_of_nagash_3	faction_to_faction_leader_alt_nagash	1.0000
wh3_dlc29_effect_passive_spell_light_banishment	wh3_dlc29_book_of_nagash_4	faction_to_faction_leader_alt_nagash	1.0000
wh3_dlc29_effect_passive_spell_light_light_of_battle	wh3_dlc29_book_of_nagash_5	faction_to_faction_leader_alt_nagash	1.0000
wh3_dlc29_effect_passive_spell_light_shems_burning_gaze	wh3_dlc29_book_of_nagash_6	faction_to_faction_leader_alt_nagash	1.0000
wh3_dlc29_effect_passive_spell_vampires_gaze_of_nagash	wh3_dlc29_book_of_nagash_7	faction_to_faction_leader_alt_nagash	1.0000
wh3_dlc29_effect_passive_spell_vampires_invocation_of_nehek	wh3_dlc29_book_of_nagash_8	faction_to_faction_leader_alt_nagash	1.0000
wh3_dlc29_effect_passive_spell_vampires_curse_of_years	wh3_dlc29_book_of_nagash_9	faction_to_faction_leader_alt_nagash	1.0000
wh3_dlc29_effect_pooled_resource_chs_eotg_per_turn_hidden	wh3_dlc29_faction_initiative_chs_undivided_5_units_chaos_siege_giant	faction_to_faction_own_unseen	1.0000
wh3_dlc29_effect_glottkin_nurgle_marks_set_lords_capacity_mod	wh3_dlc29_marks_of_nurgle_1_level_0	character_to_character_own	1.0000
wh3_dlc29_effect_glottkin_razing_spawn_low_army_dummy	wh3_dlc29_marks_of_nurgle_1_level_0	general_to_force_own_unseen	1.0000
wh3_dlc29_effect_recruitment_cap_garden_units	wh3_dlc29_marks_of_nurgle_1_level_0	general_to_force_own	3.0000
wh3_dlc29_effect_ability_enable_mark_of_the_plague_spawned_host_1	wh3_dlc29_marks_of_nurgle_1_level_1	general_to_force_own	1.0000
wh3_dlc29_effect_glottkin_nurgle_marks_set_lords_capacity_mod	wh3_dlc29_marks_of_nurgle_1_level_1	character_to_character_own	1.0000
wh3_dlc29_effect_glottkin_razing_spawn_regular_army_dummy	wh3_dlc29_marks_of_nurgle_1_level_1	general_to_force_own_unseen	1.0000
wh3_dlc29_effect_recruitment_cap_garden_units	wh3_dlc29_marks_of_nurgle_1_level_1	general_to_force_own	3.0000
wh3_dlc29_effect_ability_enable_mark_of_the_plague_spawned_host_1	wh3_dlc29_marks_of_nurgle_1_level_2	general_to_force_own	1.0000
wh3_dlc29_effect_glottkin_nurgle_marks_set_lords_capacity_mod	wh3_dlc29_marks_of_nurgle_1_level_2	character_to_character_own	1.0000
wh3_dlc29_effect_glottkin_razing_spawn_regular_army_dummy	wh3_dlc29_marks_of_nurgle_1_level_2	general_to_force_own_unseen	1.0000
wh3_dlc29_effect_recruitment_cap_garden_units	wh3_dlc29_marks_of_nurgle_1_level_2	general_to_force_own	6.0000
wh3_dlc26_effect_daemon_nur_post_battle_unit_saving_chance	wh3_dlc29_marks_of_nurgle_1_level_3	general_to_force_own	30.0000
wh3_dlc26_effect_daemon_nur_post_battle_unit_saving_hp	wh3_dlc29_marks_of_nurgle_1_level_3	general_to_force_own	20.0000
wh3_dlc29_effect_ability_enable_mark_of_the_plague_spawned_host_1	wh3_dlc29_marks_of_nurgle_1_level_3	general_to_force_own	1.0000
wh3_dlc29_effect_glottkin_nurgle_marks_set_lords_capacity_mod	wh3_dlc29_marks_of_nurgle_1_level_3	character_to_character_own	1.0000
wh3_dlc29_effect_glottkin_razing_spawn_high_army_dummy	wh3_dlc29_marks_of_nurgle_1_level_3	general_to_force_own_unseen	1.0000
wh3_dlc29_effect_recruitment_cap_garden_units	wh3_dlc29_marks_of_nurgle_1_level_3	general_to_force_own	6.0000
wh3_dlc29_effect_glottkin_nurgle_marks_set_hybrid_capacity_mod	wh3_dlc29_marks_of_nurgle_2_level_0	character_to_character_own	1.0000
wh3_dlc29_effect_province_set_winds_strong	wh3_dlc29_marks_of_nurgle_2_level_0	force_to_region_any	1.0000
wh_main_effect_character_stat_miscast_good	wh3_dlc29_marks_of_nurgle_2_level_0	character_to_enemy_character_in_region	20.0000
wh3_dlc29_effect_ability_enable_mark_of_the_filth_seer_1	wh3_dlc29_marks_of_nurgle_2_level_1	character_to_character_own	1.0000
wh3_dlc29_effect_glottkin_nurgle_marks_set_hybrid_capacity_mod	wh3_dlc29_marks_of_nurgle_2_level_1	character_to_character_own	1.0000
wh3_dlc29_effect_province_set_winds_strong	wh3_dlc29_marks_of_nurgle_2_level_1	force_to_region_any	1.0000
wh3_main_effect_winds_of_magic_pool_cap	wh3_dlc29_marks_of_nurgle_2_level_1	character_to_force_own_alt_text	10.0000
wh_main_effect_character_stat_miscast_good	wh3_dlc29_marks_of_nurgle_2_level_1	character_to_enemy_character_in_region	20.0000
wh3_dlc29_effect_ability_enable_mark_of_the_filth_seer_1	wh3_dlc29_marks_of_nurgle_2_level_2	character_to_character_own	1.0000
wh3_dlc29_effect_glottkin_nurgle_marks_set_hybrid_capacity_mod	wh3_dlc29_marks_of_nurgle_2_level_2	character_to_character_own	1.0000
wh3_dlc29_effect_province_set_winds_tempestous	wh3_dlc29_marks_of_nurgle_2_level_2	force_to_region_any	1.0000
wh3_main_effect_winds_of_magic_pool_cap	wh3_dlc29_marks_of_nurgle_2_level_2	character_to_force_own_alt_text	10.0000
wh_main_effect_character_stat_miscast_good	wh3_dlc29_marks_of_nurgle_2_level_2	character_to_enemy_character_in_region	20.0000
wh3_dlc27_nor_sayl_storm_of_magic	wh3_dlc29_marks_of_nurgle_2_level_3	character_to_character_own	1.0000
wh3_dlc29_effect_ability_enable_mark_of_the_filth_seer_1	wh3_dlc29_marks_of_nurgle_2_level_3	character_to_character_own	1.0000
wh3_dlc29_effect_glottkin_nurgle_marks_set_hybrid_capacity_mod	wh3_dlc29_marks_of_nurgle_2_level_3	character_to_character_own	1.0000
wh3_dlc29_effect_province_set_winds_magic_storm	wh3_dlc29_marks_of_nurgle_2_level_3	force_to_region_any	1.0000
wh3_main_effect_spell_mastery	wh3_dlc29_marks_of_nurgle_2_level_3	character_to_force_own_alt_text	15.0000
wh3_main_effect_winds_of_magic_pool_cap	wh3_dlc29_marks_of_nurgle_2_level_3	character_to_force_own_alt_text	10.0000
wh_main_effect_character_stat_miscast_good	wh3_dlc29_marks_of_nurgle_2_level_3	character_to_enemy_character_in_region	20.0000
wh3_dlc29_effect_glottkin_nurgle_marks_set_lords_capacity_mod	wh3_dlc29_marks_of_nurgle_3_level_0	character_to_character_own	1.0000
wh3_dlc29_effect_mark_of_nurgle_lords_constant_plague_tier_0_dummy	wh3_dlc29_marks_of_nurgle_3_level_0	character_to_character_own_text	1.0000
wh3_dlc29_effect_plague_souls_on_spread_to_enemies	wh3_dlc29_marks_of_nurgle_3_level_0	faction_to_faction_own_unseen	25.0000
wh3_dlc25_effect_force_stat_melee_attack_vs_plagued	wh3_dlc29_marks_of_nurgle_3_level_1	character_to_force_own_alt_text	5.0000
wh3_dlc29_effect_glottkin_nurgle_marks_set_lords_capacity_mod	wh3_dlc29_marks_of_nurgle_3_level_1	character_to_character_own	1.0000
wh3_dlc29_effect_mark_of_nurgle_lords_constant_plague_extra_symptom_dummy	wh3_dlc29_marks_of_nurgle_3_level_1	character_to_character_own	1.0000
wh3_dlc29_effect_mark_of_nurgle_lords_constant_plague_tier_1_dummy	wh3_dlc29_marks_of_nurgle_3_level_1	character_to_character_own	1.0000
wh3_dlc29_effect_plague_souls_on_spread_to_enemies	wh3_dlc29_marks_of_nurgle_3_level_1	faction_to_faction_own_unseen	25.0000
wh3_dlc25_effect_force_stat_melee_attack_vs_plagued	wh3_dlc29_marks_of_nurgle_3_level_2	character_to_force_own_alt_text	5.0000
wh3_dlc25_effect_plague_infectivity_nurgle_mark_mod_dummy	wh3_dlc29_marks_of_nurgle_3_level_2	faction_to_faction_own_unseen	50.0000
wh3_dlc25_effect_plague_lifetime_nurgle_mark_mod_dummy	wh3_dlc29_marks_of_nurgle_3_level_2	faction_to_faction_own_unseen	2.0000
wh3_dlc29_effect_glottkin_nurgle_marks_set_lords_capacity_mod	wh3_dlc29_marks_of_nurgle_3_level_2	character_to_character_own	1.0000
wh3_dlc29_effect_mark_of_nurgle_lords_constant_plague_tier_2_dummy	wh3_dlc29_marks_of_nurgle_3_level_2	character_to_character_own	1.0000
wh3_dlc29_effect_plague_immunity_nurgle_mark_mod_bad	wh3_dlc29_marks_of_nurgle_3_level_2	faction_to_faction_own_unseen	-2.0000
wh3_dlc29_effect_plague_souls_on_spread_to_enemies	wh3_dlc29_marks_of_nurgle_3_level_2	faction_to_faction_own_unseen	25.0000
wh3_dlc25_effect_force_stat_melee_attack_vs_plagued	wh3_dlc29_marks_of_nurgle_3_level_3	character_to_force_own_alt_text	5.0000
wh3_dlc25_effect_force_stat_physical_resist_vs_plagued	wh3_dlc29_marks_of_nurgle_3_level_3	character_to_force_own_alt_text	15.0000
wh3_dlc25_effect_plague_infectivity_nurgle_mark_mod_dummy	wh3_dlc29_marks_of_nurgle_3_level_3	faction_to_faction_own_unseen	50.0000
wh3_dlc25_effect_plague_lifetime_nurgle_mark_mod_dummy	wh3_dlc29_marks_of_nurgle_3_level_3	faction_to_faction_own_unseen	2.0000
wh3_dlc29_effect_glottkin_nurgle_marks_set_lords_capacity_mod	wh3_dlc29_marks_of_nurgle_3_level_3	character_to_character_own	1.0000
wh3_dlc29_effect_mark_of_nurgle_lords_constant_plague_tier_3_dummy	wh3_dlc29_marks_of_nurgle_3_level_3	character_to_character_own_text	1.0000
wh3_dlc29_effect_plague_immunity_nurgle_mark_mod_bad	wh3_dlc29_marks_of_nurgle_3_level_3	faction_to_faction_own_unseen	-2.0000
wh3_dlc29_effect_plague_souls_on_spread_to_enemies	wh3_dlc29_marks_of_nurgle_3_level_3	faction_to_faction_own_unseen	25.0000
wh3_dlc20_effect_pooled_resource_mod_chs_authority_nurgle_character	wh3_dlc29_marks_of_nurgle_4_level_0	general_to_force_own	2.0000
wh3_dlc29_effect_glottkin_nurgle_marks_set_lords_capacity_mod	wh3_dlc29_marks_of_nurgle_4_level_0	character_to_character_own	1.0000
wh3_dlc29_effect_mark_of_nurgle_lords_unit_level_up_dummy	wh3_dlc29_marks_of_nurgle_4_level_0	general_to_force_own	0.0000
wh3_dlc20_effect_pooled_resource_mod_chs_authority_nurgle_character	wh3_dlc29_marks_of_nurgle_4_level_1	general_to_force_own	2.0000
wh3_dlc29_effect_force_replenish_after_rankup	wh3_dlc29_marks_of_nurgle_4_level_1	general_to_force_own	7.0000
wh3_dlc29_effect_glottkin_nurgle_marks_set_lords_capacity_mod	wh3_dlc29_marks_of_nurgle_4_level_1	character_to_character_own	1.0000
wh3_dlc29_effect_mark_of_nurgle_lords_unit_level_up_dummy	wh3_dlc29_marks_of_nurgle_4_level_1	general_to_force_own	0.0000
wh3_dlc20_effect_pooled_resource_mod_chs_authority_nurgle_character	wh3_dlc29_marks_of_nurgle_4_level_2	general_to_force_own	2.0000
wh3_dlc20_effect_upgrade_cost_und	wh3_dlc29_marks_of_nurgle_4_level_2	general_to_force_own	-20.0000
wh3_dlc29_effect_force_replenish_after_rankup	wh3_dlc29_marks_of_nurgle_4_level_2	general_to_force_own	7.0000
wh3_dlc29_effect_glottkin_nurgle_marks_set_lords_capacity_mod	wh3_dlc29_marks_of_nurgle_4_level_2	character_to_character_own	1.0000
wh3_dlc29_effect_mark_of_nurgle_lords_unit_level_up_dummy	wh3_dlc29_marks_of_nurgle_4_level_2	general_to_force_own	0.0000
wh3_dlc20_effect_pooled_resource_mod_chs_authority_nurgle_character	wh3_dlc29_marks_of_nurgle_4_level_3	general_to_force_own	2.0000
wh3_dlc20_effect_upgrade_cost_und	wh3_dlc29_marks_of_nurgle_4_level_3	general_to_force_own	-20.0000
wh3_dlc29_effect_force_replenish_after_rankup	wh3_dlc29_marks_of_nurgle_4_level_3	general_to_force_own	7.0000
wh3_dlc29_effect_glottkin_nurgle_marks_set_lords_capacity_mod	wh3_dlc29_marks_of_nurgle_4_level_3	character_to_character_own	1.0000
wh3_dlc29_effect_mark_of_nurgle_lords_unit_level_up_dummy	wh3_dlc29_marks_of_nurgle_4_level_3	general_to_force_own	0.0000
wh3_dlc29_effect_mark_of_nurgle_lords_warband_upgrade_dummy	wh3_dlc29_marks_of_nurgle_4_level_3	general_to_force_own	0.0000
wh3_dlc29_effect_glottkin_nurgle_marks_monsters_add_pool_1_dummy	wh3_dlc29_marks_of_nurgle_5_level_0	character_to_province_any	0.0000
wh3_dlc29_effect_glottkin_nurgle_marks_monsters_pool_1_upkeep_mod	wh3_dlc29_marks_of_nurgle_5_level_0	character_to_force_own_alt_text	-10.0000
wh3_dlc29_effect_glottkin_nurgle_marks_set_hybrid_capacity_mod	wh3_dlc29_marks_of_nurgle_5_level_0	character_to_character_own	1.0000
wh3_dlc29_effect_ability_enable_mark_of_the_monster	wh3_dlc29_marks_of_nurgle_5_level_1	character_to_character_own	1.0000
wh3_dlc29_effect_glottkin_nurgle_marks_monsters_add_pool_1_dummy	wh3_dlc29_marks_of_nurgle_5_level_1	character_to_province_any	0.0000
wh3_dlc29_effect_glottkin_nurgle_marks_monsters_pool_1_upkeep_mod	wh3_dlc29_marks_of_nurgle_5_level_1	character_to_force_own_alt_text	-10.0000
wh3_dlc29_effect_glottkin_nurgle_marks_set_hybrid_capacity_mod	wh3_dlc29_marks_of_nurgle_5_level_1	character_to_character_own	1.0000
wh3_dlc29_effect_ability_enable_mark_of_the_monster	wh3_dlc29_marks_of_nurgle_5_level_2	character_to_character_own	1.0000
wh3_dlc29_effect_glottkin_nurgle_marks_monsters_add_pool_2_dummy	wh3_dlc29_marks_of_nurgle_5_level_2	character_to_province_any	0.0000
wh3_dlc29_effect_glottkin_nurgle_marks_monsters_pool_2_upkeep_mod	wh3_dlc29_marks_of_nurgle_5_level_2	character_to_force_own_alt_text	-10.0000
wh3_dlc29_effect_glottkin_nurgle_marks_set_hybrid_capacity_mod	wh3_dlc29_marks_of_nurgle_5_level_2	character_to_character_own	1.0000
wh3_dlc29_effect_province_merc_replenishment_nurgle_marks_monsters_pool_2	wh3_dlc29_marks_of_nurgle_5_level_2	character_to_province_any	15.0000
wh3_dlc29_effect_ability_enable_mark_of_the_monster	wh3_dlc29_marks_of_nurgle_5_level_3	character_to_character_own	1.0000
wh3_dlc29_effect_glottkin_nurgle_marks_monsters_add_pool_2_dummy	wh3_dlc29_marks_of_nurgle_5_level_3	character_to_province_any	0.0000
wh3_dlc29_effect_glottkin_nurgle_marks_monsters_pool_2_upkeep_mod	wh3_dlc29_marks_of_nurgle_5_level_3	character_to_force_own_alt_text	-10.0000
wh3_dlc29_effect_glottkin_nurgle_marks_set_hybrid_capacity_mod	wh3_dlc29_marks_of_nurgle_5_level_3	character_to_character_own	1.0000
wh3_dlc29_effect_province_merc_replenishment_nurgle_marks_monsters_pool_2	wh3_dlc29_marks_of_nurgle_5_level_3	character_to_province_any	15.0000
wh3_dlc29_effect_stat_missile_resistance_nurgle_mark	wh3_dlc29_marks_of_nurgle_5_level_3	character_to_force_own_alt_text	25.0000
wh3_dlc29_effect_agent_action_enable_all_hinder_agent_convert_lord_to_nurgle	wh3_dlc29_marks_of_nurgle_6_level_0	character_to_character_own_text	1.0000
wh3_dlc29_effect_agent_action_enable_all_hinder_settlement_convert_garrison_to_nur_mercenary	wh3_dlc29_marks_of_nurgle_6_level_0	character_to_character_own_text	1.0000
wh3_dlc29_effect_glottkin_nurgle_marks_set_heroes_capacity_mod	wh3_dlc29_marks_of_nurgle_6_level_0	character_to_character_own	1.0000
wh3_dlc29_effect_ability_enable_mark_of_the_blight_squire	wh3_dlc29_marks_of_nurgle_6_level_1	character_to_character_own	1.0000
wh3_dlc29_effect_agent_action_enable_all_hinder_agent_convert_lord_to_nurgle	wh3_dlc29_marks_of_nurgle_6_level_1	character_to_character_own_text	1.0000
wh3_dlc29_effect_agent_action_enable_all_hinder_settlement_convert_garrison_to_nur_mercenary	wh3_dlc29_marks_of_nurgle_6_level_1	character_to_character_own_text	1.0000
wh3_dlc29_effect_glottkin_nurgle_marks_set_heroes_capacity_mod	wh3_dlc29_marks_of_nurgle_6_level_1	character_to_character_own	1.0000
wh3_dlc29_woc_agent_action_success_chance_glottkin_nur_marked_hero	wh3_dlc29_marks_of_nurgle_6_level_1	character_to_character_own_text	20.0000
wh3_dlc29_effect_ability_enable_mark_of_the_blight_squire	wh3_dlc29_marks_of_nurgle_6_level_2	character_to_character_own	1.0000
wh3_dlc29_effect_agent_action_enable_all_hinder_agent_convert_lord_to_nurgle	wh3_dlc29_marks_of_nurgle_6_level_2	character_to_character_own_text	1.0000
wh3_dlc29_effect_agent_action_enable_all_hinder_settlement_convert_garrison_to_nur_mercenary	wh3_dlc29_marks_of_nurgle_6_level_2	character_to_character_own_text	1.0000
wh3_dlc29_effect_glottkin_nurgle_marks_set_heroes_capacity_mod	wh3_dlc29_marks_of_nurgle_6_level_2	character_to_character_own	1.0000
wh3_dlc29_effect_instant_replenish_nurgle_marked_hero_dummy	wh3_dlc29_marks_of_nurgle_6_level_2	character_to_character_own_text	50.0000
wh3_dlc29_woc_agent_action_success_chance_glottkin_nur_marked_hero	wh3_dlc29_marks_of_nurgle_6_level_2	character_to_character_own_text	20.0000
wh3_dlc29_effect_ability_enable_mark_of_the_blight_squire	wh3_dlc29_marks_of_nurgle_6_level_3	character_to_character_own	1.0000
wh3_dlc29_effect_agent_action_enable_all_hinder_agent_convert_lord_to_nurgle	wh3_dlc29_marks_of_nurgle_6_level_3	character_to_character_own_text	1.0000
wh3_dlc29_effect_agent_action_enable_all_hinder_settlement_convert_garrison_to_nur_mercenary	wh3_dlc29_marks_of_nurgle_6_level_3	character_to_character_own_text	1.0000
wh3_dlc29_effect_glottkin_nurgle_marks_set_heroes_capacity_mod	wh3_dlc29_marks_of_nurgle_6_level_3	character_to_character_own	1.0000
wh3_dlc29_effect_instant_replenish_nurgle_marked_hero_dummy	wh3_dlc29_marks_of_nurgle_6_level_3	character_to_character_own_text	50.0000
wh3_dlc29_woc_agent_action_cooldown_glottkin_nur_marked_hero	wh3_dlc29_marks_of_nurgle_6_level_3	character_to_character_own_text	-2.0000
wh3_dlc29_woc_agent_action_success_chance_glottkin_nur_marked_hero	wh3_dlc29_marks_of_nurgle_6_level_3	character_to_character_own_text	20.0000
wh3_dlc29_effect_glottkin_nurgle_marks_set_settlements_capacity_mod	wh3_dlc29_marks_of_nurgle_7_level_0	faction_to_region_own	1.0000
wh3_dlc29_effect_mark_of_nurgle_garden_effect_bundle_dummy_1	wh3_dlc29_marks_of_nurgle_7_level_0	wh3_dlc29_faction_to_faction_marked_nurgle_garden_dummy	1.0000
wh3_dlc29_effect_mark_of_nurgle_garden_pop_surplus_dummy	wh3_dlc29_marks_of_nurgle_7_level_0	faction_to_faction_own_unseen	1.0000
wh3_dlc29_effect_glottkin_automatic_plague_creation_time_when_marked_mod_scripted	wh3_dlc29_marks_of_nurgle_7_level_1	wh3_dlc29_region_to_region_own_marked_garden	-2.0000
wh3_dlc29_effect_glottkin_nurgle_marks_set_settlements_capacity_mod	wh3_dlc29_marks_of_nurgle_7_level_1	faction_to_region_own	1.0000
wh3_dlc29_effect_mark_of_nurgle_garden_effect_bundle_dummy_1	wh3_dlc29_marks_of_nurgle_7_level_1	wh3_dlc29_faction_to_faction_marked_nurgle_garden_dummy	1.0000
wh3_dlc29_effect_mark_of_nurgle_garden_pop_surplus_dummy	wh3_dlc29_marks_of_nurgle_7_level_1	faction_to_faction_own_unseen	1.0000
wh3_dlc29_effect_building_cyclical_construction_time_mod_gardens_all	wh3_dlc29_marks_of_nurgle_7_level_2	wh3_dlc29_region_to_region_own_marked_garden	-1.0000
wh3_dlc29_effect_glottkin_automatic_plague_creation_time_when_marked_mod_scripted	wh3_dlc29_marks_of_nurgle_7_level_2	wh3_dlc29_region_to_region_own_marked_garden	-2.0000
wh3_dlc29_effect_glottkin_nurgle_marks_set_settlements_capacity_mod	wh3_dlc29_marks_of_nurgle_7_level_2	faction_to_region_own	1.0000
wh3_dlc29_effect_mark_of_nurgle_garden_effect_bundle_dummy_1	wh3_dlc29_marks_of_nurgle_7_level_2	wh3_dlc29_faction_to_faction_marked_nurgle_garden_dummy	1.0000
wh3_dlc29_effect_mark_of_nurgle_garden_pop_surplus_dummy	wh3_dlc29_marks_of_nurgle_7_level_2	faction_to_faction_own_unseen	1.0000
wh3_dlc29_effect_building_cyclical_construction_time_mod_gardens_all	wh3_dlc29_marks_of_nurgle_7_level_3	wh3_dlc29_region_to_region_own_marked_garden	-1.0000
wh3_dlc29_effect_building_woc_garden_plague_reach_province_dummy	wh3_dlc29_marks_of_nurgle_7_level_3	wh3_dlc29_faction_to_faction_marked_nurgle_garden_dummy	1.0000
wh3_dlc29_effect_glottkin_automatic_plague_creation_time_when_marked_mod_scripted	wh3_dlc29_marks_of_nurgle_7_level_3	wh3_dlc29_region_to_region_own_marked_garden	-2.0000
wh3_dlc29_effect_glottkin_nurgle_marks_set_settlements_capacity_mod	wh3_dlc29_marks_of_nurgle_7_level_3	faction_to_region_own	1.0000
wh3_dlc29_effect_mark_of_nurgle_garden_effect_bundle_dummy_1	wh3_dlc29_marks_of_nurgle_7_level_3	wh3_dlc29_faction_to_faction_marked_nurgle_garden_dummy	1.0000
wh3_dlc29_effect_mark_of_nurgle_garden_pop_surplus_dummy	wh3_dlc29_marks_of_nurgle_7_level_3	faction_to_faction_own_unseen	1.0000
wh3_dlc29_emp_middenland_priest_replenishment_dummy	wh3_dlc29_middenland_the_great_temple_of_ulric_hall_of_the_flame_level_1	faction_to_faction_own_unseen	1.0000
wh3_dlc29_middenland_effect_priest_of_ulric_xp	wh3_dlc29_middenland_the_great_temple_of_ulric_hall_of_the_flame_level_1	faction_to_character_own_unseen	25.0000
wh3_dlc29_middenland_melee_attack_all_units_dummy	wh3_dlc29_middenland_the_great_temple_of_ulric_hall_of_the_flame_level_1	wh3_dlc29_province_to_force_own_provincewide_cult_of_ulric_dummy	4.0000
wh3_dlc29_emp_fervour_cult_of_ulric_context_dummy	wh3_dlc29_middenland_the_great_temple_of_ulric_hall_of_the_flame_level_2	faction_to_faction_own_unseen	5.0000
wh3_dlc29_emp_middenland_priest_replenishment_dummy	wh3_dlc29_middenland_the_great_temple_of_ulric_hall_of_the_flame_level_2	faction_to_faction_own_unseen	1.0000
wh3_dlc29_middenland_effect_priest_of_ulric_xp	wh3_dlc29_middenland_the_great_temple_of_ulric_hall_of_the_flame_level_2	faction_to_character_own_unseen	50.0000
wh3_dlc29_middenland_melee_attack_all_units_dummy	wh3_dlc29_middenland_the_great_temple_of_ulric_hall_of_the_flame_level_2	wh3_dlc29_province_to_force_own_provincewide_cult_of_ulric_dummy	6.0000
wh3_dlc29_emp_fervour_cult_of_ulric_context_dummy	wh3_dlc29_middenland_the_great_temple_of_ulric_hall_of_the_flame_level_3	faction_to_faction_own_unseen	10.0000
wh3_dlc29_emp_middenland_physical_resistance_all_units_dummy	wh3_dlc29_middenland_the_great_temple_of_ulric_hall_of_the_flame_level_3	wh3_dlc29_province_to_force_own_provincewide_cult_of_ulric_dummy	5.0000
wh3_dlc29_emp_middenland_priest_replenishment_dummy	wh3_dlc29_middenland_the_great_temple_of_ulric_hall_of_the_flame_level_3	faction_to_faction_own_unseen	1.0000
wh3_dlc29_middenland_effect_priest_of_ulric_xp	wh3_dlc29_middenland_the_great_temple_of_ulric_hall_of_the_flame_level_3	faction_to_character_own_unseen	75.0000
wh3_dlc29_middenland_melee_attack_all_units_dummy	wh3_dlc29_middenland_the_great_temple_of_ulric_hall_of_the_flame_level_3	wh3_dlc29_province_to_force_own_provincewide_cult_of_ulric_dummy	8.0000
wh3_dlc29_emp_fervour_cult_of_ulric_context_dummy	wh3_dlc29_middenland_the_great_temple_of_ulric_hall_of_the_flame_level_4	faction_to_faction_own_unseen	15.0000
wh3_dlc29_emp_middenland_physical_resistance_all_units_dummy	wh3_dlc29_middenland_the_great_temple_of_ulric_hall_of_the_flame_level_4	wh3_dlc29_province_to_force_own_provincewide_cult_of_ulric_dummy	10.0000
wh3_dlc29_emp_middenland_priest_replenishment_dummy	wh3_dlc29_middenland_the_great_temple_of_ulric_hall_of_the_flame_level_4	faction_to_faction_own_unseen	1.0000
wh3_dlc29_emp_middenland_reduce_the_cooldown_of_prayers	wh3_dlc29_middenland_the_great_temple_of_ulric_hall_of_the_flame_level_4	faction_to_character_own_priest_of_ulric_unseen	-25.0000
wh3_dlc29_middenland_effect_priest_of_ulric_xp	wh3_dlc29_middenland_the_great_temple_of_ulric_hall_of_the_flame_level_4	faction_to_character_own_unseen	100.0000
wh3_dlc29_middenland_melee_attack_all_units_dummy	wh3_dlc29_middenland_the_great_temple_of_ulric_hall_of_the_flame_level_4	wh3_dlc29_province_to_force_own_provincewide_cult_of_ulric_dummy	10.0000
wh3_dlc29_emp_fervour_settlement_construction_scripted	wh3_dlc29_middenland_the_great_temple_of_ulric_high_altar_of_ulric_level_1	faction_to_region_own_unseen	20.0000
wh3_dlc29_middenland_festival_dilemma_dummy	wh3_dlc29_middenland_the_great_temple_of_ulric_high_altar_of_ulric_level_1	faction_to_faction_own_unseen	1.0000
wh_main_effect_public_order_faction	wh3_dlc29_middenland_the_great_temple_of_ulric_high_altar_of_ulric_level_1	faction_to_province_own	2.0000
wh3_dlc29_effect_commandment_emp_construction_cost	wh3_dlc29_middenland_the_great_temple_of_ulric_high_altar_of_ulric_level_2	faction_to_province_own_unseen	-10.0000
wh3_dlc29_effect_commandment_emp_income_gdp_mod	wh3_dlc29_middenland_the_great_temple_of_ulric_high_altar_of_ulric_level_2	faction_to_province_own_unseen	5.0000
wh3_dlc29_emp_fervour_settlement_construction_scripted	wh3_dlc29_middenland_the_great_temple_of_ulric_high_altar_of_ulric_level_2	faction_to_region_own_unseen	30.0000
wh3_dlc29_middenland_festival_dilemma_dummy	wh3_dlc29_middenland_the_great_temple_of_ulric_high_altar_of_ulric_level_2	faction_to_faction_own_unseen	1.0000
wh_main_effect_public_order_faction	wh3_dlc29_middenland_the_great_temple_of_ulric_high_altar_of_ulric_level_2	faction_to_province_own	3.0000
wh3_dlc29_effect_commandment_emp_construction_cost	wh3_dlc29_middenland_the_great_temple_of_ulric_high_altar_of_ulric_level_3	faction_to_province_own_unseen	-10.0000
wh3_dlc29_effect_commandment_emp_income_gdp_mod	wh3_dlc29_middenland_the_great_temple_of_ulric_high_altar_of_ulric_level_3	faction_to_province_own_unseen	5.0000
wh3_dlc29_emp_fervour_settlement_construction_scripted	wh3_dlc29_middenland_the_great_temple_of_ulric_high_altar_of_ulric_level_3	faction_to_region_own_unseen	40.0000
wh3_dlc29_middenland_fervour_increase_dummy	wh3_dlc29_middenland_the_great_temple_of_ulric_high_altar_of_ulric_level_3	faction_to_faction_own_unseen	10.0000
wh3_dlc29_middenland_festival_dilemma_dummy	wh3_dlc29_middenland_the_great_temple_of_ulric_high_altar_of_ulric_level_3	faction_to_faction_own_unseen	1.0000
wh_main_effect_public_order_faction	wh3_dlc29_middenland_the_great_temple_of_ulric_high_altar_of_ulric_level_3	faction_to_province_own	4.0000
wh3_dlc29_effect_commandment_emp_construction_cost	wh3_dlc29_middenland_the_great_temple_of_ulric_high_altar_of_ulric_level_4	faction_to_province_own_unseen	-10.0000
wh3_dlc29_effect_commandment_emp_income_gdp_mod	wh3_dlc29_middenland_the_great_temple_of_ulric_high_altar_of_ulric_level_4	faction_to_province_own_unseen	5.0000
wh3_dlc29_effect_emp_unbreakable_fervour_scripted	wh3_dlc29_middenland_the_great_temple_of_ulric_high_altar_of_ulric_level_4	faction_to_force_own_unseen	1.0000
wh3_dlc29_emp_fervour_settlement_construction_scripted	wh3_dlc29_middenland_the_great_temple_of_ulric_high_altar_of_ulric_level_4	faction_to_region_own_unseen	50.0000
wh3_dlc29_middenland_fervour_increase_dummy	wh3_dlc29_middenland_the_great_temple_of_ulric_high_altar_of_ulric_level_4	faction_to_faction_own_unseen	20.0000
wh3_dlc29_middenland_festival_dilemma_dummy	wh3_dlc29_middenland_the_great_temple_of_ulric_high_altar_of_ulric_level_4	faction_to_faction_own_unseen	1.0000
wh_main_effect_public_order_faction	wh3_dlc29_middenland_the_great_temple_of_ulric_high_altar_of_ulric_level_4	faction_to_province_own	5.0000
wh3_dlc29_effect_emp_enable_stride_of_the_white_wolf	wh3_dlc29_middenland_the_great_temple_of_ulric_pilgrims_retreat_level_1	faction_to_faction_own_unseen	1.0000
wh3_dlc29_middenland_trespass_immunity_against_empire_factions_dummy	wh3_dlc29_middenland_the_great_temple_of_ulric_pilgrims_retreat_level_1	faction_to_force_own_unseen	1.0000
wh3_main_effect_force_all_campaign_movement_range_post_battle_win	wh3_dlc29_middenland_the_great_temple_of_ulric_pilgrims_retreat_level_1	faction_to_character_own_ulric_lords	10.0000
wh3_dlc29_effect_commandment_emp_trade_tariff_mod	wh3_dlc29_middenland_the_great_temple_of_ulric_pilgrims_retreat_level_2	faction_to_province_own_unseen	5.0000
wh3_dlc29_effect_emp_enable_stride_of_the_white_wolf	wh3_dlc29_middenland_the_great_temple_of_ulric_pilgrims_retreat_level_2	faction_to_faction_own_unseen	1.0000
wh3_dlc29_middenland_trespass_immunity_against_empire_factions_dummy	wh3_dlc29_middenland_the_great_temple_of_ulric_pilgrims_retreat_level_2	faction_to_force_own_unseen	1.0000
wh3_main_effect_force_all_campaign_movement_range_post_battle_win	wh3_dlc29_middenland_the_great_temple_of_ulric_pilgrims_retreat_level_2	faction_to_character_own_ulric_lords	20.0000
wh_main_faction_political_diplomacy_mod_empire	wh3_dlc29_middenland_the_great_temple_of_ulric_pilgrims_retreat_level_2	faction_to_faction_own_unseen	10.0000
wh3_dlc29_effect_commandment_emp_trade_tariff_mod	wh3_dlc29_middenland_the_great_temple_of_ulric_pilgrims_retreat_level_3	faction_to_province_own_unseen	5.0000
wh3_dlc29_effect_emp_enable_stride_of_the_white_wolf_level_2	wh3_dlc29_middenland_the_great_temple_of_ulric_pilgrims_retreat_level_3	faction_to_faction_own_unseen	1.0000
wh3_dlc29_middenland_trespass_immunity_against_empire_factions_dummy	wh3_dlc29_middenland_the_great_temple_of_ulric_pilgrims_retreat_level_3	faction_to_force_own_unseen	1.0000
wh3_main_effect_allied_recruitment_global_pool_cost_percentage_mod	wh3_dlc29_middenland_the_great_temple_of_ulric_pilgrims_retreat_level_3	faction_to_faction_own_unseen	-15.0000
wh3_main_effect_force_all_campaign_movement_range_post_battle_win	wh3_dlc29_middenland_the_great_temple_of_ulric_pilgrims_retreat_level_3	faction_to_character_own_ulric_lords	30.0000
wh_main_faction_political_diplomacy_mod_empire	wh3_dlc29_middenland_the_great_temple_of_ulric_pilgrims_retreat_level_3	faction_to_faction_own_unseen	20.0000
wh3_dlc29_effect_commandment_emp_trade_tariff_mod	wh3_dlc29_middenland_the_great_temple_of_ulric_pilgrims_retreat_level_4	faction_to_province_own_unseen	5.0000
wh3_dlc29_effect_emp_enable_stride_of_the_white_wolf_level_2	wh3_dlc29_middenland_the_great_temple_of_ulric_pilgrims_retreat_level_4	faction_to_faction_own_unseen	1.0000
wh3_dlc29_middenland_allied_recruitment_unit_cap	wh3_dlc29_middenland_the_great_temple_of_ulric_pilgrims_retreat_level_4	faction_to_faction_own_unseen	2.0000
wh3_dlc29_middenland_trespass_immunity_against_empire_factions_dummy	wh3_dlc29_middenland_the_great_temple_of_ulric_pilgrims_retreat_level_4	faction_to_force_own_unseen	1.0000
wh3_main_effect_allied_recruitment_global_pool_cost_percentage_mod	wh3_dlc29_middenland_the_great_temple_of_ulric_pilgrims_retreat_level_4	faction_to_faction_own_unseen	-30.0000
wh3_main_effect_force_all_campaign_movement_range_post_battle_win	wh3_dlc29_middenland_the_great_temple_of_ulric_pilgrims_retreat_level_4	faction_to_character_own_ulric_lords	40.0000
wh_main_faction_political_diplomacy_mod_empire	wh3_dlc29_middenland_the_great_temple_of_ulric_pilgrims_retreat_level_4	faction_to_faction_own_unseen	30.0000
wh3_dlc29_effect_emp_enable_army_buff_1	wh3_dlc29_middenland_the_great_temple_of_ulric_reliquary_of_fangs_level_1	faction_to_faction_own_unseen	1.0000
wh3_dlc29_effect_emp_fervour_on_ulric_unit_death_scripted	wh3_dlc29_middenland_the_great_temple_of_ulric_reliquary_of_fangs_level_1	faction_to_faction_own_unseen	5.0000
wh3_dlc29_effect_force_campaign_replenishment_rate_ulric	wh3_dlc29_middenland_the_great_temple_of_ulric_reliquary_of_fangs_level_1	faction_to_force_own_unseen	3.0000
wh3_dlc29_effect_emp_enable_army_buff_1	wh3_dlc29_middenland_the_great_temple_of_ulric_reliquary_of_fangs_level_2	faction_to_faction_own_unseen	1.0000
wh3_dlc29_effect_emp_fervour_on_ulric_unit_death_scripted	wh3_dlc29_middenland_the_great_temple_of_ulric_reliquary_of_fangs_level_2	faction_to_faction_own_unseen	10.0000
wh3_dlc29_effect_force_campaign_replenishment_rate_ulric	wh3_dlc29_middenland_the_great_temple_of_ulric_reliquary_of_fangs_level_2	faction_to_force_own_unseen	5.0000
wh3_dlc29_middenland_the_great_temple_of_ulric_generate_item_common_dummy	wh3_dlc29_middenland_the_great_temple_of_ulric_reliquary_of_fangs_level_2	faction_to_faction_own_unseen	10.0000
wh3_dlc29_effect_commandment_emp_recruitment_points	wh3_dlc29_middenland_the_great_temple_of_ulric_reliquary_of_fangs_level_3	faction_to_province_own_unseen	1.0000
wh3_dlc29_effect_emp_enable_army_buff_2	wh3_dlc29_middenland_the_great_temple_of_ulric_reliquary_of_fangs_level_3	faction_to_faction_own_unseen	1.0000
wh3_dlc29_effect_emp_fervour_on_ulric_unit_death_scripted	wh3_dlc29_middenland_the_great_temple_of_ulric_reliquary_of_fangs_level_3	faction_to_faction_own_unseen	15.0000
wh3_dlc29_effect_force_campaign_replenishment_rate_ulric	wh3_dlc29_middenland_the_great_temple_of_ulric_reliquary_of_fangs_level_3	faction_to_force_own_unseen	7.0000
wh3_dlc29_middenland_the_great_temple_of_ulric_generate_item_uncommon_dummy	wh3_dlc29_middenland_the_great_temple_of_ulric_reliquary_of_fangs_level_3	faction_to_faction_own_unseen	8.0000
wh3_dlc29_effect_commandment_emp_recruitment_points	wh3_dlc29_middenland_the_great_temple_of_ulric_reliquary_of_fangs_level_4	faction_to_province_own_unseen	1.0000
wh3_dlc29_effect_emp_enable_army_buff_2	wh3_dlc29_middenland_the_great_temple_of_ulric_reliquary_of_fangs_level_4	faction_to_faction_own_unseen	1.0000
wh3_dlc29_effect_emp_fervour_on_ulric_unit_death_scripted	wh3_dlc29_middenland_the_great_temple_of_ulric_reliquary_of_fangs_level_4	faction_to_faction_own_unseen	20.0000
wh3_dlc29_effect_force_campaign_replenishment_rate_ulric	wh3_dlc29_middenland_the_great_temple_of_ulric_reliquary_of_fangs_level_4	faction_to_force_own_unseen	10.0000
wh3_dlc29_effect_force_stat_ward_save_ulric	wh3_dlc29_middenland_the_great_temple_of_ulric_reliquary_of_fangs_level_4	faction_to_force_own_unseen	5.0000
wh3_dlc29_middenland_the_great_temple_of_ulric_generate_item_rare__dummy	wh3_dlc29_middenland_the_great_temple_of_ulric_reliquary_of_fangs_level_4	faction_to_faction_own_unseen	6.0000
wh3_dlc29_effect_emp_enable_lessons_of_the_hunt	wh3_dlc29_middenland_the_great_temple_of_ulric_statue_of_the_white_wolf_level_1	faction_to_faction_own_unseen	1.0000
wh3_dlc29_middenland_chosen_of_ulric_low_tier_units_unlock_dummy	wh3_dlc29_middenland_the_great_temple_of_ulric_statue_of_the_white_wolf_level_1	faction_to_faction_own_unseen	2.0000
wh_main_effect_force_stat_leadership_attacking	wh3_dlc29_middenland_the_great_temple_of_ulric_statue_of_the_white_wolf_level_1	faction_to_force_own_unseen	4.0000
wh3_dlc27_effect_character_stat_charge_bonus_when_attacking	wh3_dlc29_middenland_the_great_temple_of_ulric_statue_of_the_white_wolf_level_2	faction_to_force_own_unseen	10.0000
wh3_dlc29_effect_emp_enable_lessons_of_the_hunt	wh3_dlc29_middenland_the_great_temple_of_ulric_statue_of_the_white_wolf_level_2	faction_to_faction_own_unseen	1.0000
wh3_dlc29_middenland_chosen_of_ulric_low_tier_units_unlock_dummy	wh3_dlc29_middenland_the_great_temple_of_ulric_statue_of_the_white_wolf_level_2	faction_to_faction_own_unseen	2.0000
wh_main_effect_force_stat_leadership_attacking	wh3_dlc29_middenland_the_great_temple_of_ulric_statue_of_the_white_wolf_level_2	faction_to_force_own_unseen	6.0000
wh3_dlc27_effect_character_stat_charge_bonus_when_attacking	wh3_dlc29_middenland_the_great_temple_of_ulric_statue_of_the_white_wolf_level_3	faction_to_force_own_unseen	15.0000
wh3_dlc29_effect_emp_enable_lessons_of_the_hunt_level_2	wh3_dlc29_middenland_the_great_temple_of_ulric_statue_of_the_white_wolf_level_3	faction_to_faction_own_unseen	1.0000
wh3_dlc29_middenland_chosen_of_ulric_low_tier_units_cap	wh3_dlc29_middenland_the_great_temple_of_ulric_statue_of_the_white_wolf_level_3	faction_to_faction_own_unseen	2.0000
wh3_dlc29_middenland_chosen_of_ulric_low_tier_units_unlock_dummy	wh3_dlc29_middenland_the_great_temple_of_ulric_statue_of_the_white_wolf_level_3	faction_to_faction_own_unseen	2.0000
wh_main_effect_force_stat_leadership_attacking	wh3_dlc29_middenland_the_great_temple_of_ulric_statue_of_the_white_wolf_level_3	faction_to_force_own_unseen	8.0000
wh3_dlc27_effect_character_stat_charge_bonus_when_attacking	wh3_dlc29_middenland_the_great_temple_of_ulric_statue_of_the_white_wolf_level_4	faction_to_force_own_unseen	20.0000
wh3_dlc29_effect_emp_enable_lessons_of_the_hunt_level_2	wh3_dlc29_middenland_the_great_temple_of_ulric_statue_of_the_white_wolf_level_4	faction_to_faction_own_unseen	1.0000
wh3_dlc29_effect_emp_frenzy_fervour_scripted	wh3_dlc29_middenland_the_great_temple_of_ulric_statue_of_the_white_wolf_level_4	faction_to_force_own_unseen	1.0000
wh3_dlc29_middenland_chosen_of_ulric_low_tier_units_cap	wh3_dlc29_middenland_the_great_temple_of_ulric_statue_of_the_white_wolf_level_4	faction_to_faction_own_unseen	4.0000
wh3_dlc29_middenland_chosen_of_ulric_low_tier_units_unlock_dummy	wh3_dlc29_middenland_the_great_temple_of_ulric_statue_of_the_white_wolf_level_4	faction_to_faction_own_unseen	2.0000
wh_main_effect_force_stat_leadership_attacking	wh3_dlc29_middenland_the_great_temple_of_ulric_statue_of_the_white_wolf_level_4	faction_to_force_own_unseen	10.0000
wh3_dlc29_effect_emp_enable_call_of_the_teutogen	wh3_dlc29_middenland_the_great_temple_of_ulric_teutogen_bastion_level_1	faction_to_faction_own_unseen	1.0000
wh3_dlc29_middenland_chosen_of_ulric_unlock_high_tier_units_dummy	wh3_dlc29_middenland_the_great_temple_of_ulric_teutogen_bastion_level_1	faction_to_faction_own_unseen	1.0000
wh_pro01_effect_force_stat_melee_defence_defending	wh3_dlc29_middenland_the_great_temple_of_ulric_teutogen_bastion_level_1	faction_to_force_own_unseen	4.0000
wh3_dlc29_effect_emp_enable_call_of_the_teutogen	wh3_dlc29_middenland_the_great_temple_of_ulric_teutogen_bastion_level_2	faction_to_faction_own_unseen	1.0000
wh3_dlc29_middenland_chosen_of_ulric_unlock_high_tier_units_dummy	wh3_dlc29_middenland_the_great_temple_of_ulric_teutogen_bastion_level_2	faction_to_faction_own_unseen	1.0000
wh3_main_effect_building_settlement_initial_supply_points	wh3_dlc29_middenland_the_great_temple_of_ulric_teutogen_bastion_level_2	faction_to_region_own_unseen	500.0000
wh_main_effect_force_stat_armour_defending	wh3_dlc29_middenland_the_great_temple_of_ulric_teutogen_bastion_level_2	faction_to_force_own_unseen	10.0000
wh_pro01_effect_force_stat_melee_defence_defending	wh3_dlc29_middenland_the_great_temple_of_ulric_teutogen_bastion_level_2	faction_to_force_own_unseen	6.0000
wh3_dlc29_effect_emp_enable_call_of_the_teutogen_level_2	wh3_dlc29_middenland_the_great_temple_of_ulric_teutogen_bastion_level_3	faction_to_faction_own_unseen	1.0000
wh3_dlc29_middenland_chosen_of_ulric_high_tier_units_cap	wh3_dlc29_middenland_the_great_temple_of_ulric_teutogen_bastion_level_3	faction_to_faction_own_unseen	2.0000
wh3_dlc29_middenland_chosen_of_ulric_unlock_high_tier_units_dummy	wh3_dlc29_middenland_the_great_temple_of_ulric_teutogen_bastion_level_3	faction_to_faction_own_unseen	1.0000
wh3_main_effect_building_settlement_initial_supply_points	wh3_dlc29_middenland_the_great_temple_of_ulric_teutogen_bastion_level_3	faction_to_region_own_unseen	750.0000
wh_main_effect_force_stat_armour_defending	wh3_dlc29_middenland_the_great_temple_of_ulric_teutogen_bastion_level_3	faction_to_force_own_unseen	15.0000
wh_pro01_effect_force_stat_melee_defence_defending	wh3_dlc29_middenland_the_great_temple_of_ulric_teutogen_bastion_level_3	faction_to_force_own_unseen	8.0000
wh3_dlc29_effect_emp_enable_call_of_the_teutogen_level_2	wh3_dlc29_middenland_the_great_temple_of_ulric_teutogen_bastion_level_4	faction_to_faction_own_unseen	1.0000
wh3_dlc29_effect_upkeep_reduction_emp_teutogen_knights_of_the_white_wolf	wh3_dlc29_middenland_the_great_temple_of_ulric_teutogen_bastion_level_4	faction_to_force_own_unseen	-15.0000
wh3_dlc29_middenland_chosen_of_ulric_high_tier_units_cap	wh3_dlc29_middenland_the_great_temple_of_ulric_teutogen_bastion_level_4	faction_to_faction_own_unseen	4.0000
wh3_dlc29_middenland_chosen_of_ulric_unlock_high_tier_units_dummy	wh3_dlc29_middenland_the_great_temple_of_ulric_teutogen_bastion_level_4	faction_to_faction_own_unseen	1.0000
wh3_main_effect_building_settlement_initial_supply_points	wh3_dlc29_middenland_the_great_temple_of_ulric_teutogen_bastion_level_4	faction_to_region_own_unseen	1000.0000
wh_main_effect_force_stat_armour_defending	wh3_dlc29_middenland_the_great_temple_of_ulric_teutogen_bastion_level_4	faction_to_force_own_unseen	20.0000
wh_pro01_effect_force_stat_melee_defence_defending	wh3_dlc29_middenland_the_great_temple_of_ulric_teutogen_bastion_level_4	faction_to_force_own_unseen	10.0000
wh3_dlc24_effect_building_settlement_initial_supply_points_compass	wh3_main_chaos_compass_power_bastion_effect_1	faction_to_region_own_unseen	0.0000
wh_main_effect_force_all_campaign_replenishment_rate_compass	wh3_main_chaos_compass_power_bastion_effect_1	faction_to_force_own_friendly_territory_unseen	0.0000
wh3_dlc24_effect_building_settlement_initial_supply_points_compass	wh3_main_chaos_compass_power_bastion_effect_2	faction_to_region_own_unseen	500.0000
wh_main_effect_force_all_campaign_replenishment_rate_compass	wh3_main_chaos_compass_power_bastion_effect_2	faction_to_force_own_friendly_territory_unseen	2.0000
wh3_dlc24_effect_building_settlement_initial_supply_points_compass	wh3_main_chaos_compass_power_bastion_effect_3	faction_to_region_own_unseen	1000.0000
wh_main_effect_force_all_campaign_replenishment_rate_compass	wh3_main_chaos_compass_power_bastion_effect_3	faction_to_force_own_friendly_territory_unseen	4.0000
wh3_dlc24_effect_building_settlement_initial_supply_points_compass	wh3_main_chaos_compass_power_bastion_effect_4	faction_to_region_own_unseen	2500.0000
wh_main_effect_force_all_campaign_replenishment_rate_compass	wh3_main_chaos_compass_power_bastion_effect_4	faction_to_force_own_friendly_territory_unseen	10.0000
wh3_dlc24_effect_public_order_compass	wh3_main_chaos_compass_power_lake_effect_1	faction_to_province_own_unseen	0.0000
wh3_dlc24_effect_public_order_compass	wh3_main_chaos_compass_power_lake_effect_2	faction_to_province_own_unseen	2.0000
wh3_dlc24_effect_public_order_compass	wh3_main_chaos_compass_power_lake_effect_3	faction_to_province_own_unseen	3.0000
wh3_dlc24_effect_public_order_compass	wh3_main_chaos_compass_power_lake_effect_4	faction_to_province_own_unseen	4.0000
wh3_main_effect_corruption_reduction_compass	wh3_main_chaos_compass_power_wrath_effect_1	faction_to_province_own_unseen	0.0000
wh3_main_effect_corruption_reduction_compass	wh3_main_chaos_compass_power_wrath_effect_2	faction_to_province_own_unseen	-2.0000
wh3_main_effect_corruption_reduction_compass	wh3_main_chaos_compass_power_wrath_effect_3	faction_to_province_own_unseen	-4.0000
wh3_main_effect_corruption_reduction_compass	wh3_main_chaos_compass_power_wrath_effect_4	faction_to_province_own_unseen	-6.0000
wh3_main_cth_compass_bastion_threat_mod_compass	wh3_main_chaos_compass_selection_bastion_effect	faction_to_region_own_unseen	-2.0000
wh3_main_effect_army_ability_ancestral_warriors	wh3_main_chaos_compass_selection_bastion_effect	faction_to_force_own_friendly_territory_unseen	1.0000
wh_main_effect_force_all_campaign_recruitment_cost_all_compass	wh3_main_chaos_compass_selection_bastion_effect	faction_to_force_own_friendly_territory_unseen	-10.0000
wh3_main_effect_caravan_cargo_capacity	wh3_main_chaos_compass_selection_desert_effect	faction_to_character_own_unseen	20.0000
wh3_main_effect_caravan_cargo_value	wh3_main_chaos_compass_selection_desert_effect	faction_to_character_own_unseen	20.0000
wh3_main_faction_xp_increase_generals_cth_caravan_master	wh3_main_chaos_compass_selection_desert_effect	faction_to_faction_own_unseen	1.0000
wh3_main_effect_winds_of_magic_compass_increase	wh3_main_chaos_compass_selection_lake_effect	faction_to_region_own_unseen	40.0000
wh_main_effect_economy_gdp_mod_all_compass	wh3_main_chaos_compass_selection_lake_effect	faction_to_region_own_unseen	15.0000
wh3_main_cth_compass_emperors_wrath_DUMMY	wh3_main_chaos_compass_selection_wrath_effect	faction_to_faction_own_unseen	1.0000
wh3_main_effect_army_ability_enable_celestial_intervention	wh3_main_chaos_compass_selection_wrath_effect	faction_to_force_own_friendly_territory_unseen	1.0000
wh2_main_effect_ability_overcast_wyssans_wildform	wh3_main_character_initiative_kairos_spells_common_1_beast	character_to_character_own	1.0000
wh2_main_effect_ability_overcast_aspect_of_the_dreadknight	wh3_main_character_initiative_kairos_spells_common_1_death	character_to_character_own	1.0000
wh_main_effect_ability_enable_cascading_fire_cloak	wh3_main_character_initiative_kairos_spells_common_1_fire	character_to_character_own	1.0000
wh2_main_effect_ability_overcast_wind_blast	wh3_main_character_initiative_kairos_spells_common_1_heavens	character_to_character_own	1.0000
wh_dlc05_effect_ability_enable_awakening_of_the_wood	wh3_main_character_initiative_kairos_spells_common_1_life	character_to_character_own	1.0000
wh2_main_effect_ability_overcast_phas_protection	wh3_main_character_initiative_kairos_spells_common_1_light	character_to_character_own	1.0000
wh2_main_effect_ability_overcast_plague_of_rust	wh3_main_character_initiative_kairos_spells_common_1_metal	character_to_character_own	1.0000
wh2_main_effect_ability_overcast_melkoths_mystifying_miasma	wh3_main_character_initiative_kairos_spells_common_1_shadows	character_to_character_own	1.0000
wh3_main_effect_ability_overcast_pink_fire_of_tzeentch	wh3_main_character_initiative_kairos_spells_common_1_tzeentch	character_to_character_own	1.0000
wh2_main_effect_ability_overcast_flock_of_doom	wh3_main_character_initiative_kairos_spells_common_2_beast	character_to_character_own	1.0000
wh2_main_effect_ability_overcast_spirit_leech	wh3_main_character_initiative_kairos_spells_common_2_death	character_to_character_own	1.0000
wh2_main_effect_ability_overcast_fireball	wh3_main_character_initiative_kairos_spells_common_2_fire	character_to_character_own	1.0000
wh2_main_effect_ability_overcast_harmonic_convergence	wh3_main_character_initiative_kairos_spells_common_2_heavens	character_to_character_own	1.0000
wh2_main_effect_ability_overcast_earth_blood	wh3_main_character_initiative_kairos_spells_common_2_life	character_to_character_own	1.0000
wh2_main_effect_ability_overcast_shems_burning_gaze	wh3_main_character_initiative_kairos_spells_common_2_light	character_to_character_own	1.0000
wh2_main_effect_ability_overcast_searing_doom	wh3_main_character_initiative_kairos_spells_common_2_metal	character_to_character_own	1.0000
wh2_main_effect_ability_overcast_melkoths_enfeebling_foe	wh3_main_character_initiative_kairos_spells_common_2_shadows	character_to_character_own	1.0000
wh3_main_effect_ability_overcast_blue_fire_of_tzeentch	wh3_main_character_initiative_kairos_spells_common_2_tzeentch	character_to_character_own	1.0000
wh2_main_effect_ability_overcast_the_curse_of_anraheir	wh3_main_character_initiative_kairos_spells_rare_1_beast	character_to_character_own	1.0000
wh2_main_effect_ability_overcast_the_purple_sun_of_xereus	wh3_main_character_initiative_kairos_spells_rare_1_death	character_to_character_own	1.0000
wh2_main_effect_ability_overcast_piercing_bolts_of_burning	wh3_main_character_initiative_kairos_spells_rare_1_fire	character_to_character_own	1.0000
wh2_main_effect_ability_overcast_comet_of_casandora	wh3_main_character_initiative_kairos_spells_rare_1_heavens	character_to_character_own	1.0000
wh2_main_effect_ability_overcast_regrowth	wh3_main_character_initiative_kairos_spells_rare_1_life	character_to_character_own	1.0000
wh2_main_effect_ability_overcast_bironas_timewarp	wh3_main_character_initiative_kairos_spells_rare_1_light	character_to_character_own	1.0000
wh2_main_effect_ability_overcast_transmutation_of_lead	wh3_main_character_initiative_kairos_spells_rare_1_metal	character_to_character_own	1.0000
wh2_main_effect_ability_overcast_okkams_mindrazor	wh3_main_character_initiative_kairos_spells_rare_1_shadows	character_to_character_own	1.0000
wh3_main_effect_ability_overcast_tzeentchs_firestorm	wh3_main_character_initiative_kairos_spells_rare_1_tzeentch	character_to_character_own	1.0000
wh_dlc03_effect_ability_enable_transformation_of_kadon	wh3_main_character_initiative_kairos_spells_rare_2_beast	character_to_character_own	1.0000
wh_main_effect_ability_enable_the_fate_of_bjuna	wh3_main_character_initiative_kairos_spells_rare_2_death	character_to_character_own	1.0000
wh2_main_effect_ability_overcast_flame_storm	wh3_main_character_initiative_kairos_spells_rare_2_fire	character_to_character_own	1.0000
wh_main_effect_ability_enable_chain_lightning	wh3_main_character_initiative_kairos_spells_rare_2_heavens	character_to_character_own	1.0000
wh2_main_effect_ability_overcast_dwellers_below	wh3_main_character_initiative_kairos_spells_rare_2_life	character_to_character_own	1.0000
wh2_main_effect_ability_overcast_banishment	wh3_main_character_initiative_kairos_spells_rare_2_light	character_to_character_own	1.0000
wh2_main_effect_ability_overcast_final_transmutation	wh3_main_character_initiative_kairos_spells_rare_2_metal	character_to_character_own	1.0000
wh2_main_effect_ability_overcast_pit_of_shades	wh3_main_character_initiative_kairos_spells_rare_2_shadows	character_to_character_own	1.0000
wh3_main_effect_ability_overcast_infernal_gateway	wh3_main_character_initiative_kairos_spells_rare_2_tzeentch	character_to_character_own	1.0000
wh2_main_effect_ability_overcast_the_amber_spear	wh3_main_character_initiative_kairos_spells_uncommon_1_beast	character_to_character_own	1.0000
wh2_main_effect_ability_overcast_doom_and_darkness	wh3_main_character_initiative_kairos_spells_uncommon_1_death	character_to_character_own	1.0000
wh2_main_effect_ability_overcast_flaming_sword_of_rhuin	wh3_main_character_initiative_kairos_spells_uncommon_1_fire	character_to_character_own	1.0000
wh2_main_effect_ability_overcast_urannons_thunderbolt	wh3_main_character_initiative_kairos_spells_uncommon_1_heavens	character_to_character_own	1.0000
wh2_main_effect_ability_overcast_shield_of_thorns	wh3_main_character_initiative_kairos_spells_uncommon_1_life	character_to_character_own	1.0000
wh2_main_effect_ability_overcast_light_of_battle	wh3_main_character_initiative_kairos_spells_uncommon_1_light	character_to_character_own	1.0000
wh2_main_effect_ability_overcast_glittering_robe	wh3_main_character_initiative_kairos_spells_uncommon_1_metal	character_to_character_own	1.0000
wh2_main_effect_ability_overcast_the_withering	wh3_main_character_initiative_kairos_spells_uncommon_1_shadows	character_to_character_own	1.0000
wh3_main_effect_ability_overcast_treason_of_tzeentch	wh3_main_character_initiative_kairos_spells_uncommon_1_tzeentch	character_to_character_own	1.0000
wh2_main_effect_ability_overcast_panns_impenetrable_pelt	wh3_main_character_initiative_kairos_spells_uncommon_2_beast	character_to_character_own	1.0000
wh2_main_effect_ability_overcast_soulblight	wh3_main_character_initiative_kairos_spells_uncommon_2_death	character_to_character_own	1.0000
wh2_main_effect_ability_overcast_the_burning_head	wh3_main_character_initiative_kairos_spells_uncommon_2_fire	character_to_character_own	1.0000
wh2_main_effect_ability_overcast_curse_of_the_midnight_wind	wh3_main_character_initiative_kairos_spells_uncommon_2_heavens	character_to_character_own	1.0000
wh2_main_effect_ability_overcast_flesh_to_stone	wh3_main_character_initiative_kairos_spells_uncommon_2_life	character_to_character_own	1.0000
wh2_main_effect_ability_overcast_net_of_amyntok	wh3_main_character_initiative_kairos_spells_uncommon_2_light	character_to_character_own	1.0000
wh2_main_effect_ability_overcast_gehennas_golden_hounds	wh3_main_character_initiative_kairos_spells_uncommon_2_metal	character_to_character_own	1.0000
wh2_main_effect_ability_overcast_penumbral_pendulum	wh3_main_character_initiative_kairos_spells_uncommon_2_shadows	character_to_character_own	1.0000
wh3_main_effect_ability_overcast_glean_magic	wh3_main_character_initiative_kairos_spells_uncommon_2_tzeentch	character_to_character_own	1.0000
wh3_main_effect_ability_enable_arsebelcher	wh3_main_character_initiative_ogr_big_name_arsebelcher	character_to_character_own	1.0000
wh3_main_effect_corruption_reduction_characters	wh3_main_character_initiative_ogr_big_name_arsebelcher	character_to_province_any	-2.0000
wh3_main_effect_name_title_ogr_big_name_arsebelcher	wh3_main_character_initiative_ogr_big_name_arsebelcher	character_to_character_own	1.0000
wh3_main_effect_name_title_ogr_big_name_beastkiller	wh3_main_character_initiative_ogr_big_name_beastkiller	character_to_character_own	1.0000
wh_main_effect_character_stat_bonus_vs_large	wh3_main_character_initiative_ogr_big_name_beastkiller	character_to_character_own	10.0000
wh_main_effect_character_stat_missile_damage	wh3_main_character_initiative_ogr_big_name_beastkiller	character_to_character_own	10.0000
wh3_main_effect_attribute_enable_perfect_vigour_stonehorn_mount	wh3_main_character_initiative_ogr_big_name_beastrider	character_to_character_own	1.0000
wh3_main_effect_name_title_ogr_big_name_beastrider	wh3_main_character_initiative_ogr_big_name_beastrider	character_to_character_own	1.0000
wh3_main_effect_ability_enable_bellyslapper	wh3_main_character_initiative_ogr_big_name_bellyslapper	character_to_character_own	1.0000
wh3_main_effect_character_stat_unit_mass_percentage_mod	wh3_main_character_initiative_ogr_big_name_bellyslapper	character_to_character_own	20.0000
wh3_main_effect_name_title_ogr_big_name_bellyslapper	wh3_main_character_initiative_ogr_big_name_bellyslapper	character_to_character_own	1.0000
wh3_main_effect_ability_enable_bigbellower	wh3_main_character_initiative_ogr_big_name_bigbellower	character_to_character_own	1.0000
wh3_main_effect_name_title_ogr_big_name_bigbellower	wh3_main_character_initiative_ogr_big_name_bigbellower	character_to_character_own	1.0000
wh3_main_effect_own_reinforcement_time_percentage_mod	wh3_main_character_initiative_ogr_big_name_bigbellower	province_to_force_own_provincewide	-25.0000
wh3_dlc26_effect_ability_uses_savage_predators	wh3_main_character_initiative_ogr_big_name_bonechewer	character_to_character_own	1.0000
wh3_dlc26_effect_attribute_enable_perfect_vigour_ogr_sabretusk	wh3_main_character_initiative_ogr_big_name_bonechewer	character_to_force_own	1.0000
wh3_main_effect_name_title_ogr_big_name_bonechewer	wh3_main_character_initiative_ogr_big_name_bonechewer	character_to_character_own	1.0000
wh3_dlc26_effect_ability_enable_extra_powder_leadbelchers	wh3_main_character_initiative_ogr_big_name_boommaker	character_to_force_own	1.0000
wh3_dlc26_effect_ability_enable_more_powder	wh3_main_character_initiative_ogr_big_name_boommaker	character_to_character_own	1.0000
wh3_main_effect_name_title_ogr_big_name_boommaker	wh3_main_character_initiative_ogr_big_name_boommaker	character_to_character_own	1.0000
wh3_main_effect_name_title_ogr_big_name_brawlerguts	wh3_main_character_initiative_ogr_big_name_brawlerguts	character_to_character_own	1.0000
wh_main_effect_character_stat_armour	wh3_main_character_initiative_ogr_big_name_brawlerguts	character_to_character_own	15.0000
wh_main_effect_character_stat_unit_health	wh3_main_character_initiative_ogr_big_name_brawlerguts	character_to_character_own	5.0000
wh3_main_effect_name_title_ogr_big_name_campmaker	wh3_main_character_initiative_ogr_big_name_campmaker	character_to_character_own	1.0000
wh_main_effect_province_growth_characters	wh3_main_character_initiative_ogr_big_name_campmaker	character_to_province_own	15.0000
wh_main_effect_public_order_characters	wh3_main_character_initiative_ogr_big_name_campmaker	character_to_province_own	2.0000
wh3_main_effect_name_title_ogr_big_name_chaos_slayer	wh3_main_character_initiative_ogr_big_name_chaos_slayer	character_to_character_own	1.0000
wh_main_effect_character_stat_melee_attack_vs_chaos_norsca	wh3_main_character_initiative_ogr_big_name_chaos_slayer	character_to_character_own	12.0000
wh3_main_effect_name_title_ogr_big_name_daemonbreaker	wh3_main_character_initiative_ogr_big_name_daemonbreaker	character_to_character_own	1.0000
wh_main_effect_character_stat_enable_magic_attacks	wh3_main_character_initiative_ogr_big_name_daemonbreaker	character_to_character_own	1.0000
wh_main_effect_character_stat_weapon_strength	wh3_main_character_initiative_ogr_big_name_daemonbreaker	character_to_character_own	5.0000
wh2_main_effect_grant_immortality_lord	wh3_main_character_initiative_ogr_big_name_deathcheater	character_to_character_own	1.0000
wh3_main_effect_ability_enable_deathcheater	wh3_main_character_initiative_ogr_big_name_deathcheater	character_to_character_own	1.0000
wh3_main_effect_name_title_ogr_big_name_deathcheater	wh3_main_character_initiative_ogr_big_name_deathcheater	character_to_character_own	1.0000
wh3_main_effect_name_title_ogr_big_name_dwarfsquasher	wh3_main_character_initiative_ogr_big_name_dwarfsquasher	character_to_character_own	1.0000
wh_main_effect_character_stat_ap_damage	wh3_main_character_initiative_ogr_big_name_dwarfsquasher	character_to_character_own	50.0000
wh_main_effect_character_stat_bonus_vs_infantry	wh3_main_character_initiative_ogr_big_name_dwarfsquasher	character_to_character_own	10.0000
wh3_main_effect_name_title_ogr_big_name_elfmulcher	wh3_main_character_initiative_ogr_big_name_elfmulcher	character_to_character_own	1.0000
wh_main_effect_character_stat_melee_defence	wh3_main_character_initiative_ogr_big_name_elfmulcher	character_to_character_own	5.0000
wh_main_effect_character_stat_missile_resistance	wh3_main_character_initiative_ogr_big_name_elfmulcher	character_to_character_own	10.0000
wh3_main_effect_name_title_ogr_big_name_giantbreaker	wh3_main_character_initiative_ogr_big_name_giantbreaker	character_to_character_own	1.0000
wh_main_effect_attribute_enable_expert_charge_defence	wh3_main_character_initiative_ogr_big_name_giantbreaker	character_to_character_own	1.0000
wh_main_effect_character_stat_melee_defence	wh3_main_character_initiative_ogr_big_name_giantbreaker	character_to_character_own	6.0000
wh3_main_effect_ability_enable_kineater	wh3_main_character_initiative_ogr_big_name_gnoblarkicker	character_to_character_own	1.0000
wh3_main_effect_name_title_ogr_big_name_gnoblarkicker	wh3_main_character_initiative_ogr_big_name_gnoblarkicker	character_to_character_own	1.0000
wh_main_effect_character_stat_leadership_aura_size	wh3_main_character_initiative_ogr_big_name_gnoblarkicker	character_to_character_own	25.0000
wh3_main_effect_name_title_ogr_big_name_goldhoarder	wh3_main_character_initiative_ogr_big_name_goldhoarder	character_to_character_own	1.0000
wh_main_effect_character_stat_aura_leadership_effect	wh3_main_character_initiative_ogr_big_name_goldhoarder	character_to_character_own	5.0000
wh_main_effect_force_all_campaign_sacking_income	wh3_main_character_initiative_ogr_big_name_goldhoarder	character_to_character_own_armytext	15.0000
wh3_main_effect_ability_enable_grandfeaster	wh3_main_character_initiative_ogr_big_name_grandfeaster	character_to_character_own	1.0000
wh3_main_effect_name_title_ogr_big_name_grandfeaster	wh3_main_character_initiative_ogr_big_name_grandfeaster	character_to_character_own	1.0000
wh_main_effect_force_all_campaign_razing_income	wh3_main_character_initiative_ogr_big_name_grandfeaster	character_to_character_own	15.0000
wh3_dlc23_effect_settlement_walls_damage_when_sieged_scripted	wh3_main_character_initiative_ogr_big_name_greasus_gatecrasher	character_to_character_own	1.0000
wh_main_effect_character_stat_weapon_strength	wh3_main_character_initiative_ogr_big_name_greasus_gatecrasher	character_to_character_own	5.0000
wh3_main_effect_ability_enable_hoardmaster	wh3_main_character_initiative_ogr_big_name_greasus_hoardmaster	character_to_character_own	1.0000
wh_main_effect_character_stat_unit_health	wh3_main_character_initiative_ogr_big_name_greasus_hoardmaster	character_to_character_own	5.0000
wh3_main_effect_character_stat_unit_mass_percentage_mod	wh3_main_character_initiative_ogr_big_name_greasus_shockingly_obese	character_to_character_own	30.0000
wh_main_effect_character_stat_melee_defence	wh3_main_character_initiative_ogr_big_name_greasus_shockingly_obese	character_to_character_own	5.0000
wh_main_effect_economy_gdp_mod_all	wh3_main_character_initiative_ogr_big_name_greasus_tradelord	character_to_region_own_provincewide	10.0000
wh_main_effect_economy_trade_tariff_mod	wh3_main_character_initiative_ogr_big_name_greasus_tradelord	character_to_faction_unseen	4.0000
wh3_main_effect_ability_enable_groundbreaker	wh3_main_character_initiative_ogr_big_name_groundbreaker	character_to_character_own	1.0000
wh3_main_effect_name_title_ogr_big_name_groundbreaker	wh3_main_character_initiative_ogr_big_name_groundbreaker	character_to_character_own	1.0000
wh_main_effect_force_all_campaign_raid_income	wh3_main_character_initiative_ogr_big_name_groundbreaker	general_to_force_own	15.0000
wh3_main_effect_name_title_ogr_big_name_gutcrusher	wh3_main_character_initiative_ogr_big_name_gutcrusher	character_to_character_own	1.0000
wh_main_effect_character_stat_melee_attack	wh3_main_character_initiative_ogr_big_name_gutcrusher	character_to_character_own	5.0000
wh_main_effect_character_stat_weapon_strength	wh3_main_character_initiative_ogr_big_name_gutcrusher	character_to_character_own	5.0000
wh3_main_effect_corruption_reduction_characters	wh3_main_character_initiative_ogr_big_name_kineater	character_to_province_any	-2.0000
wh3_main_effect_name_title_ogr_big_name_kineater	wh3_main_character_initiative_ogr_big_name_kineater	character_to_character_own	1.0000
wh_main_effect_public_order_characters	wh3_main_character_initiative_ogr_big_name_kineater	character_to_province_own	2.0000
wh3_main_effect_character_stat_melee_attack_vs_lizardmen	wh3_main_character_initiative_ogr_big_name_lizardstrangler	character_to_character_own	12.0000
wh3_main_effect_name_title_ogr_big_name_lizardstrangler	wh3_main_character_initiative_ogr_big_name_lizardstrangler	character_to_character_own	1.0000
wh2_main_effect_agent_action_hinder_agent_wound_buff	wh3_main_character_initiative_ogr_big_name_longstrider_bruiser	character_to_character_own	15.0000
wh2_main_effect_agent_action_hinder_army_assault_units_buff	wh3_main_character_initiative_ogr_big_name_longstrider_bruiser	character_to_character_own	15.0000
wh3_main_effect_name_title_ogr_big_name_longstrider	wh3_main_character_initiative_ogr_big_name_longstrider_bruiser	character_to_character_own	1.0000
wh2_main_effect_agent_action_hinder_agent_wound_buff	wh3_main_character_initiative_ogr_big_name_longstrider_butcher	character_to_character_own	15.0000
wh2_main_effect_agent_action_hinder_army_hinder_replenishment_buff	wh3_main_character_initiative_ogr_big_name_longstrider_butcher	character_to_character_own	15.0000
wh3_main_effect_name_title_ogr_big_name_longstrider	wh3_main_character_initiative_ogr_big_name_longstrider_butcher	character_to_character_own	1.0000
wh2_main_effect_agent_action_hinder_agent_wound_buff	wh3_main_character_initiative_ogr_big_name_longstrider_firebelly	character_to_character_own	15.0000
wh2_main_effect_agent_action_hinder_army_block_army_buff	wh3_main_character_initiative_ogr_big_name_longstrider_firebelly	character_to_character_own	15.0000
wh3_main_effect_name_title_ogr_big_name_longstrider	wh3_main_character_initiative_ogr_big_name_longstrider_firebelly	character_to_character_own	1.0000
wh2_main_effect_agent_action_hinder_army_assault_units_buff	wh3_main_character_initiative_ogr_big_name_longstrider_hunter	character_to_character_own	15.0000
wh2_main_effect_agent_action_hinder_settlement_assault_garrison_buff	wh3_main_character_initiative_ogr_big_name_longstrider_hunter	character_to_character_own	15.0000
wh3_main_effect_name_title_ogr_big_name_longstrider	wh3_main_character_initiative_ogr_big_name_longstrider_hunter	character_to_character_own	1.0000
wh3_main_effect_name_title_ogr_big_name_magichunter	wh3_main_character_initiative_ogr_big_name_magichunter	character_to_character_own	1.0000
wh_main_effect_public_order_characters	wh3_main_character_initiative_ogr_big_name_magichunter	character_to_province_own	1.0000
wh3_main_effect_character_stat_melee_attack_vs_men	wh3_main_character_initiative_ogr_big_name_maneater	character_to_character_own	12.0000
wh3_main_effect_name_title_ogr_big_name_maneater	wh3_main_character_initiative_ogr_big_name_maneater	character_to_character_own	1.0000
wh3_main_effect_name_title_ogr_big_name_mawseeker	wh3_main_character_initiative_ogr_big_name_mawseeker	character_to_character_own	1.0000
wh_main_effect_character_stat_melee_defence	wh3_main_character_initiative_ogr_big_name_mawseeker	character_to_character_own	10.0000
wh3_dlc26_effect_attribute_enable_directional_armour_thundertusk_stonehorn	wh3_main_character_initiative_ogr_big_name_mountaineater	character_to_force_own	1.0000
wh3_dlc26_effect_force_stat_missile_block_chance_ogr_thundertusk_stonehorn	wh3_main_character_initiative_ogr_big_name_mountaineater	character_to_force_own	30.0000
wh3_main_effect_name_title_ogr_big_name_mountaineater	wh3_main_character_initiative_ogr_big_name_mountaineater	character_to_character_own	1.0000
wh2_dlc10_effect_attribute_enable_snipe	wh3_main_character_initiative_ogr_big_name_mountaintalker	character_to_character_own	1.0000
wh3_main_effect_name_title_ogr_big_name_mountaintalker	wh3_main_character_initiative_ogr_big_name_mountaintalker	character_to_character_own	1.0000
wh_main_effect_attribute_enable_stalk	wh3_main_character_initiative_ogr_big_name_mountaintalker	character_to_character_own	1.0000
wh3_main_effect_character_stat_melee_attack_vs_ogres	wh3_main_character_initiative_ogr_big_name_ogrekiller	character_to_character_own	12.0000
wh3_main_effect_name_title_ogr_big_name_ogrekiller	wh3_main_character_initiative_ogr_big_name_ogrekiller	character_to_character_own	1.0000
wh3_main_effect_name_title_ogr_big_name_orcsplitter	wh3_main_character_initiative_ogr_big_name_orcsplitter	character_to_character_own	1.0000
wh_main_effect_attribute_enable_expert_charge_defence	wh3_main_character_initiative_ogr_big_name_orcsplitter	character_to_character_own	1.0000
wh_main_effect_character_stat_melee_defence	wh3_main_character_initiative_ogr_big_name_orcsplitter	character_to_character_own	5.0000
wh3_dlc26_effect_attribute_enable_immune_to_flanking	wh3_main_character_initiative_ogr_big_name_ratkiller	character_to_character_own	1.0000
wh3_main_effect_name_title_ogr_big_name_ratkiller	wh3_main_character_initiative_ogr_big_name_ratkiller	character_to_character_own	1.0000
wh_main_effect_character_stat_speed	wh3_main_character_initiative_ogr_big_name_ratkiller	character_to_character_own	10.0000
wh3_main_effect_ogr_camp_meat_character	wh3_main_character_initiative_ogr_big_name_skrag_ever_famished	general_to_force_own	5.0000
wh3_main_tech_ogr_postbattle_meat	wh3_main_character_initiative_ogr_big_name_skrag_ever_famished	general_to_force_own	15.0000
wh2_dlc12_effect_magic_cooldown_all_lores	wh3_main_character_initiative_ogr_big_name_skrag_gore_harvester	character_to_character_own	-10.0000
wh3_dlc26_effect_ability_enable_trollguts_bound	wh3_main_character_initiative_ogr_big_name_skrag_gore_harvester	character_to_character_own	1.0000
wh3_dlc26_effect_stat_incoming_healing_mod	wh3_main_character_initiative_ogr_big_name_skrag_maw_that_walks	character_to_character_own	10.0000
wh3_main_effect_ability_enable_ogr_snacks	wh3_main_character_initiative_ogr_big_name_skrag_maw_that_walks	character_to_character_own	1.0000
wh2_dlc14_effect_magic_cost_all_lores_percentage	wh3_main_character_initiative_ogr_big_name_skrag_world_swallower	character_to_character_own	-10.0000
wh3_main_effect_spell_mastery	wh3_main_character_initiative_ogr_big_name_skrag_world_swallower	character_to_character_own	10.0000
wh3_dlc26_effect_ability_enable_balefire	wh3_main_character_initiative_ogr_big_name_staydeader	character_to_character_own	1.0000
wh3_main_effect_name_title_ogr_big_name_staydeader	wh3_main_character_initiative_ogr_big_name_staydeader	character_to_character_own	1.0000
wh_main_effect_attribute_enable_immune_to_psychology	wh3_main_character_initiative_ogr_big_name_staydeader	character_to_force_own	1.0000
wh3_main_effect_character_stat_charge_bonus_pct_siege_battle	wh3_main_character_initiative_ogr_big_name_wallcrusher	character_to_character_own	40.0000
wh2_dlc17_effect_force_all_campaign_upkeep_hidden	wh3_main_effect_orion_war_bonus	faction_to_army_own	-4.0000
wh_dlc08_effect_force_all_campaign_upkeep_hidden	wh3_main_effect_orion_war_bonus	faction_to_force_faction_leader	4.0000
wh_main_effect_force_all_campaign_upkeep	wh3_main_effect_orion_war_bonus	faction_to_force_faction_leader	-8.0000
wh2_dlc11_effect_attrition_immunity_chaos	wh3_main_effect_vassal_of_slaanesh	faction_to_force_own_unseen	1.0000
wh3_main_effect_forced_vassalage_disabled	wh3_main_effect_vassal_of_slaanesh	faction_to_faction_own_unseen	1.0000
wh3_main_effect_forced_vassalage_enabled	wh3_main_effect_vassal_of_slaanesh	faction_to_faction_own_unseen	-1.0000
wh3_main_effect_corruption_slaanesh_gift_of_slaanesh	wh3_main_gift_of_azazel_character	character_to_province_any	5.0000
wh3_main_effect_force_stat_leadership_vs_slaanesh	wh3_main_gift_of_azazel_character	general_to_force_own	-8.0000
wh3_main_effect_pooled_resource_seductive_influence_mark_of_slaanesh	wh3_main_gift_of_azazel_character	faction_to_faction_own_unseen	8.0000
wh3_main_effect_pre_battle_bribery_cost_mod	wh3_main_gift_of_azazel_character	character_to_force_enemy_provincewide	-10.0000
wh3_dlc20_effect_chs_souls_gift_of_azazel	wh3_main_gift_of_azazel_faction_upgraded	faction_to_faction_own_unseen	50.0000
wh3_dlc20_effect_chs_souls_gift_of_azazel	wh3_main_gift_of_azazel_faction	faction_to_faction_own_unseen	25.0000
wh3_main_effect_corruption_slaanesh_gift_of_slaanesh	wh3_main_gift_of_slaanesh_character	character_to_province_any	5.0000
wh3_main_effect_pooled_resource_seductive_influence_mark_of_slaanesh	wh3_main_gift_of_slaanesh_character	faction_to_faction_own_unseen	3.0000
wh3_main_effect_pre_battle_bribery_cost_mod	wh3_main_gift_of_slaanesh_character	character_to_force_enemy_provincewide	-10.0000
wh3_main_effect_sla_devotees_gift_of_slaanesh	wh3_main_gift_of_slaanesh_faction_upgraded	faction_to_faction_own_unseen	25.0000
wh3_main_effect_sla_devotees_gift_of_slaanesh	wh3_main_gift_of_slaanesh_faction	faction_to_faction_own_unseen	5.0000
wh3_main_effect_corruption_khorne_characters	wh3_main_khorne_win_streak_0	force_to_province_any	1.0000
wh_main_effect_force_all_campaign_upkeep	wh3_main_khorne_win_streak_0	force_to_force_own	-10.0000
wh3_main_effect_corruption_khorne_characters	wh3_main_khorne_win_streak_1	force_to_province_any	2.0000
wh_dlc05_effect_building_global_recruitment_duration	wh3_main_khorne_win_streak_1	force_to_force_own	-1.0000
wh_main_effect_force_all_campaign_replenishment_rate	wh3_main_khorne_win_streak_1	force_to_force_own	3.0000
wh_main_effect_force_all_campaign_upkeep	wh3_main_khorne_win_streak_1	force_to_force_own	-20.0000
wh3_main_effect_corruption_khorne_characters	wh3_main_khorne_win_streak_2	force_to_province_any	3.0000
wh_dlc05_effect_building_global_recruitment_duration	wh3_main_khorne_win_streak_2	force_to_force_own	-1.0000
wh_main_effect_force_all_campaign_replenishment_rate	wh3_main_khorne_win_streak_2	force_to_force_own	6.0000
wh_main_effect_force_all_campaign_upkeep	wh3_main_khorne_win_streak_2	force_to_force_own	-30.0000
wh3_main_effect_corruption_khorne_characters	wh3_main_khorne_win_streak_3	force_to_province_any	6.0000
wh_dlc05_effect_building_global_recruitment_duration	wh3_main_khorne_win_streak_3	force_to_force_own	-2.0000
wh_main_effect_force_all_campaign_replenishment_rate	wh3_main_khorne_win_streak_3	force_to_force_own	10.0000
wh_main_effect_force_all_campaign_upkeep	wh3_main_khorne_win_streak_3	force_to_force_own	-40.0000
wh3_dlc26_effect_corruption_khorne_bloodletting	wh3_main_khorne_win_streak_negative	force_to_province_any	-3.0000
wh_main_effect_force_stat_melee_attack	wh3_main_khorne_win_streak_negative	force_to_force_own	-5.0000
wh3_main_effect_corruption_khorne_rifts	wh3_main_rift_kho_10	province_to_province_own_unseen	24.0000
wh3_main_effect_corruption_khorne_rifts	wh3_main_rift_kho_11	province_to_province_own_unseen	26.0000
wh3_main_effect_corruption_khorne_rifts	wh3_main_rift_kho_12	province_to_province_own_unseen	28.0000
wh3_main_effect_corruption_khorne_rifts	wh3_main_rift_kho_13	province_to_province_own_unseen	30.0000
wh3_main_effect_corruption_khorne_rifts	wh3_main_rift_kho_14	province_to_province_own_unseen	34.0000
wh3_main_effect_corruption_khorne_rifts	wh3_main_rift_kho_15	province_to_province_own_unseen	38.0000
wh3_main_effect_corruption_khorne_rifts	wh3_main_rift_kho_16	province_to_province_own_unseen	42.0000
wh3_main_effect_corruption_khorne_rifts	wh3_main_rift_kho_17	province_to_province_own_unseen	46.0000
wh3_main_effect_corruption_khorne_rifts	wh3_main_rift_kho_18	province_to_province_own_unseen	50.0000
wh3_main_effect_corruption_khorne_rifts	wh3_main_rift_kho_1	province_to_province_own_unseen	6.0000
wh3_main_effect_corruption_khorne_rifts	wh3_main_rift_kho_2	province_to_province_own_unseen	8.0000
wh3_main_effect_corruption_khorne_rifts	wh3_main_rift_kho_3	province_to_province_own_unseen	10.0000
wh3_main_effect_corruption_khorne_rifts	wh3_main_rift_kho_4	province_to_province_own_unseen	12.0000
wh3_main_effect_corruption_khorne_rifts	wh3_main_rift_kho_5	province_to_province_own_unseen	14.0000
wh3_main_effect_corruption_khorne_rifts	wh3_main_rift_kho_6	province_to_province_own_unseen	16.0000
wh3_main_effect_corruption_khorne_rifts	wh3_main_rift_kho_7	province_to_province_own_unseen	18.0000
wh3_main_effect_corruption_khorne_rifts	wh3_main_rift_kho_8	province_to_province_own_unseen	20.0000
wh3_main_effect_corruption_khorne_rifts	wh3_main_rift_kho_9	province_to_province_own_unseen	22.0000
wh3_main_effect_corruption_nurgle_rifts	wh3_main_rift_nur_10	province_to_province_own_unseen	24.0000
wh3_main_effect_corruption_nurgle_rifts	wh3_main_rift_nur_11	province_to_province_own_unseen	26.0000
wh3_main_effect_corruption_nurgle_rifts	wh3_main_rift_nur_12	province_to_province_own_unseen	28.0000
wh3_main_effect_corruption_nurgle_rifts	wh3_main_rift_nur_13	province_to_province_own_unseen	30.0000
wh3_main_effect_corruption_nurgle_rifts	wh3_main_rift_nur_14	province_to_province_own_unseen	34.0000
wh3_main_effect_corruption_nurgle_rifts	wh3_main_rift_nur_15	province_to_province_own_unseen	38.0000
wh3_main_effect_corruption_nurgle_rifts	wh3_main_rift_nur_16	province_to_province_own_unseen	42.0000
wh3_main_effect_corruption_nurgle_rifts	wh3_main_rift_nur_17	province_to_province_own_unseen	46.0000
wh3_main_effect_corruption_nurgle_rifts	wh3_main_rift_nur_18	province_to_province_own_unseen	50.0000
wh3_main_effect_corruption_nurgle_rifts	wh3_main_rift_nur_1	province_to_province_own_unseen	6.0000
wh3_main_effect_corruption_nurgle_rifts	wh3_main_rift_nur_2	province_to_province_own_unseen	8.0000
wh3_main_effect_corruption_nurgle_rifts	wh3_main_rift_nur_3	province_to_province_own_unseen	10.0000
wh3_main_effect_corruption_nurgle_rifts	wh3_main_rift_nur_4	province_to_province_own_unseen	12.0000
wh3_main_effect_corruption_nurgle_rifts	wh3_main_rift_nur_5	province_to_province_own_unseen	14.0000
wh3_main_effect_corruption_nurgle_rifts	wh3_main_rift_nur_6	province_to_province_own_unseen	16.0000
wh3_main_effect_corruption_nurgle_rifts	wh3_main_rift_nur_7	province_to_province_own_unseen	18.0000
wh3_main_effect_corruption_nurgle_rifts	wh3_main_rift_nur_8	province_to_province_own_unseen	20.0000
wh3_main_effect_corruption_nurgle_rifts	wh3_main_rift_nur_9	province_to_province_own_unseen	22.0000
wh3_main_effect_corruption_slaanesh_rifts	wh3_main_rift_sla_10	province_to_province_own_unseen	24.0000
wh3_main_effect_corruption_slaanesh_rifts	wh3_main_rift_sla_11	province_to_province_own_unseen	26.0000
wh3_main_effect_corruption_slaanesh_rifts	wh3_main_rift_sla_12	province_to_province_own_unseen	28.0000
wh3_main_effect_corruption_slaanesh_rifts	wh3_main_rift_sla_13	province_to_province_own_unseen	30.0000
wh3_main_effect_corruption_slaanesh_rifts	wh3_main_rift_sla_14	province_to_province_own_unseen	34.0000
wh3_main_effect_corruption_slaanesh_rifts	wh3_main_rift_sla_15	province_to_province_own_unseen	38.0000
wh3_main_effect_corruption_slaanesh_rifts	wh3_main_rift_sla_16	province_to_province_own_unseen	42.0000
wh3_main_effect_corruption_slaanesh_rifts	wh3_main_rift_sla_17	province_to_province_own_unseen	46.0000
wh3_main_effect_corruption_slaanesh_rifts	wh3_main_rift_sla_18	province_to_province_own_unseen	50.0000
wh3_main_effect_corruption_slaanesh_rifts	wh3_main_rift_sla_1	province_to_province_own_unseen	6.0000
wh3_main_effect_corruption_slaanesh_rifts	wh3_main_rift_sla_2	province_to_province_own_unseen	8.0000
wh3_main_effect_corruption_slaanesh_rifts	wh3_main_rift_sla_3	province_to_province_own_unseen	10.0000
wh3_main_effect_corruption_slaanesh_rifts	wh3_main_rift_sla_4	province_to_province_own_unseen	12.0000
wh3_main_effect_corruption_slaanesh_rifts	wh3_main_rift_sla_5	province_to_province_own_unseen	14.0000
wh3_main_effect_corruption_slaanesh_rifts	wh3_main_rift_sla_6	province_to_province_own_unseen	16.0000
wh3_main_effect_corruption_slaanesh_rifts	wh3_main_rift_sla_7	province_to_province_own_unseen	18.0000
wh3_main_effect_corruption_slaanesh_rifts	wh3_main_rift_sla_8	province_to_province_own_unseen	20.0000
wh3_main_effect_corruption_slaanesh_rifts	wh3_main_rift_sla_9	province_to_province_own_unseen	22.0000
wh3_main_effect_corruption_tzeentch_rifts	wh3_main_rift_tze_10	province_to_province_own_unseen	24.0000
wh3_main_effect_corruption_tzeentch_rifts	wh3_main_rift_tze_11	province_to_province_own_unseen	26.0000
wh3_main_effect_corruption_tzeentch_rifts	wh3_main_rift_tze_12	province_to_province_own_unseen	28.0000
wh3_main_effect_corruption_tzeentch_rifts	wh3_main_rift_tze_13	province_to_province_own_unseen	30.0000
wh3_main_effect_corruption_tzeentch_rifts	wh3_main_rift_tze_14	province_to_province_own_unseen	34.0000
wh3_main_effect_corruption_tzeentch_rifts	wh3_main_rift_tze_15	province_to_province_own_unseen	38.0000
wh3_main_effect_corruption_tzeentch_rifts	wh3_main_rift_tze_16	province_to_province_own_unseen	42.0000
wh3_main_effect_corruption_tzeentch_rifts	wh3_main_rift_tze_17	province_to_province_own_unseen	46.0000
wh3_main_effect_corruption_tzeentch_rifts	wh3_main_rift_tze_18	province_to_province_own_unseen	50.0000
wh3_main_effect_corruption_tzeentch_rifts	wh3_main_rift_tze_1	province_to_province_own_unseen	6.0000
wh3_main_effect_corruption_tzeentch_rifts	wh3_main_rift_tze_2	province_to_province_own_unseen	8.0000
wh3_main_effect_corruption_tzeentch_rifts	wh3_main_rift_tze_3	province_to_province_own_unseen	10.0000
wh3_main_effect_corruption_tzeentch_rifts	wh3_main_rift_tze_4	province_to_province_own_unseen	12.0000
wh3_main_effect_corruption_tzeentch_rifts	wh3_main_rift_tze_5	province_to_province_own_unseen	14.0000
wh3_main_effect_corruption_tzeentch_rifts	wh3_main_rift_tze_6	province_to_province_own_unseen	16.0000
wh3_main_effect_corruption_tzeentch_rifts	wh3_main_rift_tze_7	province_to_province_own_unseen	18.0000
wh3_main_effect_corruption_tzeentch_rifts	wh3_main_rift_tze_8	province_to_province_own_unseen	20.0000
wh3_main_effect_corruption_tzeentch_rifts	wh3_main_rift_tze_9	province_to_province_own_unseen	22.0000
wh3_main_effect_army_ability_enable_the_land_awakened	wh3_main_ritual_ksl_winter_dazh_upgraded	faction_to_force_own	1.0000
wh3_main_effect_ksl_followers_gained_dazh	wh3_main_ritual_ksl_winter_dazh_upgraded	faction_to_faction_own_unseen	1.0000
wh_main_effect_economy_gdp_mod_all	wh3_main_ritual_ksl_winter_dazh_upgraded	faction_to_region_own_unseen	12.0000
wh_main_effect_economy_trade_tariff_mod	wh3_main_ritual_ksl_winter_dazh_upgraded	faction_to_faction_own_unseen	20.0000
wh3_main_effect_ksl_followers_gained_dazh	wh3_main_ritual_ksl_winter_dazh	faction_to_faction_own_unseen	1.0000
wh_main_effect_economy_gdp_mod_all	wh3_main_ritual_ksl_winter_dazh	faction_to_region_own_unseen	8.0000
wh_main_effect_economy_trade_tariff_mod	wh3_main_ritual_ksl_winter_dazh	faction_to_faction_own_unseen	15.0000
wh3_main_effect_ksl_followers_gained_salyak	wh3_main_ritual_ksl_winter_salyak_upgraded	faction_to_faction_own_unseen	1.0000
wh3_main_effect_province_growth_motherland	wh3_main_ritual_ksl_winter_salyak_upgraded	faction_to_province_own_unseen	30.0000
wh3_main_effect_public_order_invoking_the_motherland	wh3_main_ritual_ksl_winter_salyak_upgraded	faction_to_province_own_unseen	2.0000
wh_main_effect_force_all_campaign_replenishment_rate	wh3_main_ritual_ksl_winter_salyak_upgraded	faction_to_force_own	15.0000
wh3_main_effect_ksl_followers_gained_salyak	wh3_main_ritual_ksl_winter_salyak	faction_to_faction_own_unseen	1.0000
wh3_main_effect_province_growth_motherland	wh3_main_ritual_ksl_winter_salyak	faction_to_province_own_unseen	20.0000
wh_main_effect_force_all_campaign_replenishment_rate	wh3_main_ritual_ksl_winter_salyak	faction_to_force_own	8.0000
wh3_main_effect_army_ability_enable_wrath_of_the_bear	wh3_main_ritual_ksl_winter_tor_upgraded	faction_to_force_own	1.0000
wh3_main_effect_ksl_followers_gained_tor	wh3_main_ritual_ksl_winter_tor_upgraded	faction_to_faction_own_unseen	2.0000
wh_main_effect_force_stat_melee_attack_pct	wh3_main_ritual_ksl_winter_tor_upgraded	faction_to_force_own	8.0000
wh3_main_effect_army_ability_enable_wrath_of_the_bear	wh3_main_ritual_ksl_winter_tor	faction_to_force_own	1.0000
wh3_main_effect_ksl_followers_gained_tor	wh3_main_ritual_ksl_winter_tor	faction_to_faction_own_unseen	2.0000
wh_main_effect_force_stat_melee_attack_pct	wh3_main_ritual_ksl_winter_tor	faction_to_force_own	5.0000
wh3_main_effect_army_ability_enable_the_bitterness_of_winter	wh3_main_ritual_ksl_winter_ursun_upgraded	faction_to_force_own	1.0000
wh3_main_effect_ksl_followers_gained_ursun	wh3_main_ritual_ksl_winter_ursun_upgraded	faction_to_faction_own_unseen	5.0000
wh3_main_effect_region_enable_kislev_winter_attrition	wh3_main_ritual_ksl_winter_ursun_upgraded	faction_to_region_own_unseen	1.0000
wh_main_effect_force_stat_melee_defence	wh3_main_ritual_ksl_winter_ursun_upgraded	faction_to_force_own	5.0000
wh3_main_effect_army_ability_enable_the_bitterness_of_winter	wh3_main_ritual_ksl_winter_ursun	faction_to_force_own	1.0000
wh3_main_effect_ksl_followers_gained_ursun	wh3_main_ritual_ksl_winter_ursun	faction_to_faction_own_unseen	5.0000
wh3_main_effect_region_enable_kislev_winter_attrition	wh3_main_ritual_ksl_winter_ursun	faction_to_region_own_unseen	1.0000
wh2_dlc10_pooled_resource_oathgold_smelting_dummy	wh3_main_underdeep_dwf_economy_oathgold_1	foreign_building_to_faction_own_unseen	-100.0000
wh2_dlc10_pooled_resource_oathgold_smelting_hidden	wh3_main_underdeep_dwf_economy_oathgold_1	foreign_building_to_faction_own_unseen	-100.0000
wh_main_effect_economy_gdp_manufacture	wh3_main_underdeep_dwf_economy_oathgold_1	foreign_building_to_foreign_building_own	300.0000
wh_main_effect_public_order_base	wh3_main_underdeep_dwf_economy_oathgold_1	foreign_building_to_province_unseen	-5.0000
wh2_dlc10_pooled_resource_oathgold_smelting_dummy	wh3_main_underdeep_dwf_economy_oathgold_2	foreign_building_to_faction_own_unseen	-100.0000
wh2_dlc10_pooled_resource_oathgold_smelting_hidden	wh3_main_underdeep_dwf_economy_oathgold_2	foreign_building_to_faction_own_unseen	-100.0000
wh_main_effect_economy_gdp_manufacture	wh3_main_underdeep_dwf_economy_oathgold_2	foreign_building_to_foreign_building_own	400.0000
wh_main_effect_public_order_base	wh3_main_underdeep_dwf_economy_oathgold_2	foreign_building_to_province_unseen	-5.0000
wh2_dlc10_pooled_resource_oathgold_smelting_dummy	wh3_main_underdeep_dwf_economy_oathgold_3	foreign_building_to_faction_own_unseen	-100.0000
wh2_dlc10_pooled_resource_oathgold_smelting_hidden	wh3_main_underdeep_dwf_economy_oathgold_3	foreign_building_to_faction_own_unseen	-100.0000
wh_main_effect_economy_gdp_manufacture	wh3_main_underdeep_dwf_economy_oathgold_3	foreign_building_to_foreign_building_own	500.0000
wh_main_effect_public_order_base	wh3_main_underdeep_dwf_economy_oathgold_3	foreign_building_to_province_unseen	-4.0000
wh3_main_effect_winds_of_magic_pooled_resource_change_negative	wh3_main_wom_strength_0	character_when_commanding_to_force_own_unseen	-10.0000
wh3_main_effect_winds_of_magic_pooled_resource_change_negative	wh3_main_wom_strength_1	character_when_commanding_to_force_own_unseen	-5.0000
wh3_main_effect_winds_of_magic_pooled_resource_change_positive	wh3_main_wom_strength_3	character_when_commanding_to_force_own_unseen	5.0000
wh3_main_effect_winds_of_magic_pooled_resource_change_positive	wh3_main_wom_strength_4	character_when_commanding_to_force_own_unseen	10.0000
wh3_main_effect_winds_of_magic_pooled_resource_change_positive	wh3_main_wom_strength_5	character_when_commanding_to_force_own_unseen	100.0000
wh_main_effect_character_stat_bonus_vs_large	wh3_pro11_character_initiative_chs_harald_hammerstorm_01	character_to_character_own	8.0000
wh_main_effect_character_stat_leadership_aura_size	wh3_pro11_character_initiative_chs_harald_hammerstorm_01	character_to_character_own	100.0000
wh_main_effect_force_stat_ap_damage	wh3_pro11_character_initiative_chs_harald_hammerstorm_01	character_to_character_own	100.0000
wh2_main_effect_character_stat_melee_attack_vs_undead	wh3_pro11_character_initiative_chs_harald_hammerstorm_02	character_to_force_own	10.0000
wh_main_effect_attribute_enable_immune_to_psychology	wh3_pro11_character_initiative_chs_harald_hammerstorm_02	character_to_force_own	1.0000
wh2_dlc11_faction_political_diplomacy_mod_chaos_beastmen_norsca	wh3_pro11_character_initiative_chs_harald_hammerstorm_03	faction_to_faction_own_unseen	40.0000
wh3_main_effect_corruption_chaos_characters	wh3_pro11_character_initiative_chs_harald_hammerstorm_03	character_to_province_any	5.0000
wh_main_effect_character_stat_ward_save	wh3_pro11_character_initiative_chs_harald_hammerstorm_03	character_to_character_own	15.0000
wh3_dlc27_effect_nor_spoils_resource	wh_main_nor_loot_2b	province_to_province_own_unseen	-50.0000
wh_main_effect_economy_gdp_subsistance	wh_main_nor_loot_2b	building_to_building_own	150.0000
wh3_dlc27_effect_nor_spoils_resource	wh_main_nor_loot_3b	province_to_province_own_unseen	-100.0000
wh_main_effect_economy_gdp_subsistance	wh_main_nor_loot_3b	building_to_building_own	300.0000
wh3_main_effect_economy_gdp_slaves	wh_twa03_special_albion_port_def_1	building_to_building_own	150.0000
wh3_main_pooled_resource_def_slaves_buildings_used	wh_twa03_special_albion_port_def_1	province_to_province_own_unseen	-10.0000
wh3_main_effect_economy_gdp_slaves	wh_twa03_special_albion_port_def_2	building_to_building_own	500.0000
wh3_main_pooled_resource_def_slaves_buildings_used	wh_twa03_special_albion_port_def_2	province_to_province_own_unseen	-30.0000
