key	left_click_down	left_click_up	right_click	mouse_on	mouse_off	drag_start	drag_stop	shortcut	panel_opened	panel_closed	double_left_click	mouse_on_off_cooldown	panel_opened_closed_cooldown
#audio_ui_categories_tables;4;db/audio_ui_categories_tables/data__													
UI_BAT_DOM_Reinforcements_Select	GBL_UI_Click_Small_Down	UI_BAT_DOM_Reinforcements_Select		UI_MSO_Generic_Small			UI_BAT_DOM_Reinforcements_Select	UI_BAT_DOM_Reinforcements_Select				true	true
UI_BAT_HUD_ADC_Hint_Tab	GBL_UI_Click_Small_Down	UI_CLICK_Generic_Small		UI_MSO_Generic_Small			UI_CLICK_Generic_Small	UI_CLICK_Generic_Small				true	true
UI_BAT_HUD_Ability_Button	GBL_UI_Click_Medium_Down			UI_MSO_Generic_Small								true	true
UI_BAT_HUD_Cinematic_Mode	GBL_UI_Click_Small_Down	UI_CLICK_Generic_Small		UI_MSO_Generic_Small			UI_CLICK_Generic_Small	UI_CLICK_Generic_Small				true	true
UI_BAT_HUD_Deployment_End	GBL_UI_Click_Medium_Down	UI_CLICK_Deployment_End		UI_MSO_Generic_Small			UI_CLICK_Deployment_End	UI_CLICK_Deployment_End				true	true
UI_BAT_HUD_Deployment_Gamble	GBL_UI_Click_Medium_Down	UI_CLICK_Deployment_Gamble		UI_MSO_Generic_Small			UI_CLICK_Deployment_Gamble	UI_CLICK_Deployment_Gamble				true	true
UI_BAT_HUD_Deployment_Start	GBL_UI_Click_Medium_Down	UI_CLICK_Deployment_Start		UI_MSO_Generic_Small			UI_CLICK_Deployment_Start	UI_CLICK_Deployment_Start				true	true
UI_BAT_HUD_End_Battle	GBL_UI_Click_Small_Down	UI_CLICK_Generic_Small		UI_MSO_Generic_Small			UI_CLICK_Generic_Small	UI_CLICK_Generic_Small				true	true
UI_BAT_HUD_Gate_Purchase	GBL_UI_Click_Medium_Down	UI_BAT_HUD_Gate_Purchase	UI_BAT_HUD_Gate_Purchase	UI_MSO_Generic_Small			UI_BAT_HUD_Gate_Purchase	UI_BAT_HUD_Gate_Purchase				true	true
UI_BAT_HUD_Generic_Click	GBL_UI_Click_Small_Down	UI_CLICK_Generic_Small		UI_MSO_Generic_Small			UI_CLICK_Generic_Small	UI_CLICK_Generic_Small				true	true
UI_BAT_HUD_Group_Unit_Tab	GBL_UI_Click_Medium_Down	UI_CLICK_Group_Unit_Tab		UI_MSO_Generic_Small			UI_CLICK_Group_Unit_Tab	UI_CLICK_Group_Unit_Tab				true	true
UI_BAT_HUD_Map_Expand_Drag	GBL_UI_Click_Small_Down	UI_CLICK_HUD_Click_01	UI_CLICK_HUD_Click_01	UI_MSO_Generic_Small			UI_CLICK_HUD_Click_01	UI_CLICK_HUD_Click_01				true	true
UI_BAT_HUD_Radial									UI_BAT_HUD_Radial_Open	UI_BAT_HUD_Radial_Close		true	true
UI_BAT_HUD_Radial_Construct_Button	GBL_UI_Click_Small_Down	UI_BAT_HUD_Radial_Construct_Select		UI_MSO_Generic_Small			UI_BAT_HUD_Radial_Construct_Select	UI_BAT_HUD_Radial_Construct_Select				true	true
UI_BAT_HUD_Radial_Dismantle_Button	GBL_UI_Click_Small_Down	UI_BAT_HUD_Radial_Dismantle_Select		UI_MSO_Generic_Small			UI_BAT_HUD_Radial_Dismantle_Select	UI_BAT_HUD_Radial_Dismantle_Select				true	true
UI_BAT_HUD_Reinforcements_Close	GBL_UI_Click_Medium_Down	UI_BAT_HUD_Reinforcements_Close		UI_MSO_Generic_Small			UI_BAT_HUD_Reinforcements_Close	UI_BAT_HUD_Reinforcements_Close				true	true
UI_BAT_HUD_Reinforcements_Confirm	GBL_UI_Click_Medium_Down	UI_BAT_HUD_Reinforcements_Confirm		UI_MSO_Generic_Small			UI_BAT_HUD_Reinforcements_Confirm	UI_BAT_HUD_Reinforcements_Confirm				true	true
UI_BAT_HUD_Reinforcements_Deselect	GBL_UI_Click_Medium_Down	UI_BAT_HUD_Reinforcements_Deselect		UI_MSO_Generic_Small			UI_BAT_HUD_Reinforcements_Deselect	UI_BAT_HUD_Reinforcements_Deselect				true	true
UI_BAT_HUD_Reinforcements_Expand	GBL_UI_Click_Medium_Down	UI_BAT_HUD_Reinforcements_Expand		UI_MSO_Generic_Small			UI_BAT_HUD_Reinforcements_Expand	UI_BAT_HUD_Reinforcements_Expand				true	true
UI_BAT_HUD_Reinforcements_Open	GBL_UI_Click_Medium_Down	UI_BAT_HUD_Reinforcements_Open		UI_MSO_Generic_Small			UI_BAT_HUD_Reinforcements_Open	UI_BAT_HUD_Reinforcements_Open				true	true
UI_BAT_HUD_Reinforcements_Select	GBL_UI_Click_Medium_Down	UI_BAT_HUD_Reinforcements_Select		UI_MSO_Generic_Small			UI_BAT_HUD_Reinforcements_Select	UI_BAT_HUD_Reinforcements_Select				true	true
UI_BAT_HUD_Supplies_Upgrades	GBL_UI_Click_Small_Down			UI_MSO_Generic_Small			UI_BAT_HUD_Supply_Upgrade	UI_BAT_HUD_Supply_Upgrade				true	true
UI_BAT_MSO_ESC_Menu_Open				UI_MSO_Generic_Small								true	true
UI_BAT_POPUP_Generic												true	true
UI_BAT_POPUP_Results										UI_POPUP_Results		true	true
UI_BAT_SoM_Tzeentch_Lore_Select	GBL_UI_Click_Medium_Down	UI_BAT_SoM_Tzeentch_Lore_Select		UI_MSO_Generic_Small			UI_BAT_SoM_Tzeentch_Lore_Select	UI_BAT_SoM_Tzeentch_Lore_Select				true	true
UI_BAT_Spawn_Reinforcements	GBL_UI_Click_Medium_Down	UI_BAT_Spawn_Reinforcements		UI_MSO_Generic_Small			UI_BAT_Spawn_Reinforcements	UI_BAT_Spawn_Reinforcements				true	true
UI_CAM_Button_CP1_Twitch_Rename_Unit	GBL_UI_Click_Large_Down	UI_CAM_Button_Twitch_Rename_Units		UI_MSO_Generic_Medium				UI_CAM_Button_Twitch_Rename_Units				true	true
UI_CAM_Button_DLC27_HEF_Asur_Domination_Dilemma_Activate	GBL_UI_Click_Large_Down	UI_CAM_Button_Hef_Asur_Domination_Dilemma_Activate		UI_MSO_Generic_Medium				UI_CAM_Button_Hef_Asur_Domination_Dilemma_Activate				true	true
UI_CAM_Button_DLC27_HEF_Asur_Domination_Gift_Choice	GBL_UI_Click_Large_Down	UI_CAM_Button_Hef_Asur_Domination_Gift_Choice		UI_MSO_Generic_Medium				UI_CAM_Button_Hef_Asur_Domination_Gift_Choice				true	true
UI_CAM_Button_DLC27_HEF_Asur_Domination_Leaders_Click	GBL_UI_Click_Large_Down	UI_CAM_Button_Hef_Asur_Domination_Leaders_Click		UI_MSO_Generic_Medium				UI_CAM_Button_Hef_Asur_Domination_Leaders_Click				true	true
UI_CAM_Button_DLC27_HEF_Asur_Domination_Settlement_Choice	GBL_UI_Click_Large_Down	UI_CAM_Button_Hef_Asur_Domination_Settlement_Choice		UI_MSO_Generic_Medium				UI_CAM_Button_Hef_Asur_Domination_Settlement_Choice				true	true
UI_CAM_Button_DLC27_HEF_Dragonships_Perform	GBL_UI_Click_Large_Down	UI_CAM_HEF_Dragonships_Perform		UI_MSO_Generic_Medium				UI_CAM_HEF_Dragonships_Perform				true	true
UI_CAM_Button_DLC27_HEF_Intrigue_At_Court_Confederate	GBL_UI_Click_Large_Down	UI_CAM_Btn_Hef_Intrigue_At_Court_Confederate		UI_MSO_Generic_Medium				UI_CAM_Btn_Hef_Intrigue_At_Court_Confederate				true	true
UI_CAM_Button_DLC27_HEF_Intrigue_At_Court_Occupy	GBL_UI_Click_Large_Down	UI_CAM_Btn_Hef_Intrigue_At_Court_Occupy		UI_MSO_Generic_Medium				UI_CAM_Btn_Hef_Intrigue_At_Court_Occupy				true	true
UI_CAM_Button_DLC27_HEF_Intrigue_At_Court_Tribute	GBL_UI_Click_Large_Down	UI_CAM_Btn_Hef_Intrigue_At_Court_Tribute		UI_MSO_Generic_Medium				UI_CAM_Btn_Hef_Intrigue_At_Court_Tribute				true	true
UI_CAM_Button_DLC27_HEF_Secrets_Of_The_White_Tower_AvailableActions	GBL_UI_Click_Large_Down	UI_CAM_HEF_Secrets_Of_The_White_Tower_AvailableActions		UI_MSO_Generic_Medium				UI_CAM_HEF_Secrets_Of_The_White_Tower_AvailableActions				true	true
UI_CAM_Button_DLC27_HEF_Secrets_Of_The_White_Tower_Perform	GBL_UI_Click_Large_Down	UI_CAM_HEF_Secrets_Of_The_White_Tower_Perform		UI_MSO_Generic_Medium				UI_CAM_HEF_Secrets_Of_The_White_Tower_Perform				true	true
UI_CAM_Button_DLC27_HEF_Secrets_Of_The_White_Tower_Spell_School_Tab	GBL_UI_Click_Large_Down	UI_CAM_HEF_Secrets_Of_The_White_Tower_Spell_Schools		UI_MSO_Generic_Medium				UI_CAM_HEF_Secrets_Of_The_White_Tower_Spell_Schools				true	true
UI_CAM_Button_DLC27_HEF_Secrets_Of_The_White_Tower_Unlocks	GBL_UI_Click_Large_Down	UI_CAM_HEF_Secrets_Of_The_White_Tower_Unlocks		UI_MSO_Generic_Medium				UI_CAM_HEF_Secrets_Of_The_White_Tower_Unlocks				true	true
UI_CAM_Button_DLC27_HEF_Valiant_Imperatives_Perform_Click	GBL_UI_Click_Large_Down	UI_CAM_Btn_Hef_Valiant_Imperatives_Perform_Button		UI_MSO_Generic_Medium				UI_CAM_Btn_Hef_Valiant_Imperatives_Perform_Button				true	true
UI_CAM_Button_DLC27_NOR_Altar_PB	GBL_UI_Click_Large_Down	UI_CAM_Button_NOR_Altar_Select		UI_MSO_Generic_Medium				UI_CAM_Button_NOR_Altar_Select				true	true
UI_CAM_Button_DLC27_NOR_Manipulations_Button	GBL_UI_Click_Large_Down	UI_CAM_NOR_Sayl_Manipulations_Perform		UI_MSO_Generic_Medium				UI_CAM_NOR_Sayl_Manipulations_Perform				true	true
UI_CAM_Button_DLC27_NOR_Monstrous_Arcanum_Taming_Hunts				UI_CAM_MSO_NOR_Taming_Hunts								true	true
UI_CAM_Button_DLC27_NOR_Seafang_Teleport	GBL_UI_Click_Large_Down	UI_CAM_Button_NOR_Seafang_Teleport		UI_MSO_Generic_Medium				UI_CAM_Button_NOR_Seafang_Teleport				true	true
UI_CAM_Button_DLC27_SLA_Caress_Button	GBL_UI_Click_Large_Down	UI_CAM_Button_Sla_Caress_Button		UI_MSO_Generic_Medium				UI_CAM_Button_Sla_Caress_Button				true	true
UI_CAM_Button_DLC29_EMP_Action_Contruct	GBL_UI_Click_Large_Down	UI_CAM_EMP_TempleOfUlric_Action_Upgrade		UI_MSO_Generic_Medium				UI_CAM_EMP_TempleOfUlric_Action_Construct				true	true
UI_CAM_Button_DLC29_EMP_Action_Perform	GBL_UI_Click_Large_Down	UI_CAM_EMP_TempleOfUlric_Action_Upgrade		UI_MSO_Generic_Medium				UI_CAM_EMP_TempleOfUlric_Action_Perform				true	true
UI_CAM_Button_DLC29_EMP_Action_Upgrade	GBL_UI_Click_Large_Down	UI_CAM_EMP_TempleOfUlric_Action_Upgrade		UI_MSO_Generic_Medium				UI_CAM_EMP_TempleOfUlric_Action_Upgrade				true	true
UI_CAM_Button_DLC29_NAG_Black_Pyramid_Confirm	GBL_UI_Click_Medium_Down	UI_CAM_NAG_Black_Pyramid_Button_Confirm		UI_MSO_Generic_Medium				UI_CAM_NAG_Black_Pyramid_Button_Confirm				true	true
UI_CAM_Button_DLC29_NAG_Black_Pyramid_Disempower_All	GBL_UI_Click_Medium_Down	UI_CAM_NAG_Black_Pyramid_Disempower_All		UI_MSO_Generic_Medium				UI_CAM_NAG_Black_Pyramid_Disempower_All				true	true
UI_CAM_Button_DLC29_NAG_Black_Pyramid_Disempower_Close	GBL_UI_Click_Medium_Down	UI_CAM_NAG_Black_Pyramid_Disempower_Close		UI_MSO_Generic_Medium				UI_CAM_NAG_Black_Pyramid_Disempower_Close				true	true
UI_CAM_Button_DLC29_NAG_Black_Pyramid_Disempower_Open	GBL_UI_Click_Medium_Down	UI_CAM_NAG_Black_Pyramid_Disempower_Open		UI_MSO_Generic_Medium				UI_CAM_NAG_Black_Pyramid_Disempower_Open				true	true
UI_CAM_Button_DLC29_NAG_Black_Pyramid_Talent_Deselect	GBL_UI_Click_Small_Down	UI_CAM_NAG_Black_Pyramid_Talent_Deselect		UI_MSO_Generic_Small				UI_CAM_NAG_Black_Pyramid_Talent_Deselect				true	true
UI_CAM_Button_DLC29_NAG_Black_Pyramid_Talent_Refund_Select	GBL_UI_Click_Small_Down	UI_CAM_NAG_Black_Pyramid_Talent_Refund_Selection		UI_MSO_Generic_Small				UI_CAM_NAG_Black_Pyramid_Talent_Refund_Selection				true	true
UI_CAM_Button_DLC29_NAG_Black_Pyramid_Talent_Select	GBL_UI_Click_Small_Down	UI_CAM_NAG_Black_Pyramid_Talent_Selection		UI_MSO_Generic_Small				UI_CAM_NAG_Black_Pyramid_Talent_Selection				true	true
UI_CAM_Button_DLC29_NAG_Books_of_Nagash_Select_Book_Active	GBL_UI_Click_Medium_Down	UI_CAM_NAG_Books_of_Nagash_Select_Book_Active		UI_MSO_Generic_Small				UI_CAM_NAG_Books_of_Nagash_Select_Book_Active				true	true
UI_CAM_Button_DLC29_NAG_Books_of_Nagash_Select_Book_Locked	GBL_UI_Click_Medium_Down	UI_CAM_NAG_Books_of_Nagash_Select_Book_Locked		UI_MSO_Generic_Small				UI_CAM_NAG_Books_of_Nagash_Select_Book_Locked				true	true
UI_CAM_Button_DLC29_NAG_Books_of_Nagash_Spell_Activate	GBL_UI_Click_Medium_Down	UI_CAM_NAG_Books_of_Nagash_Spell_Confirm_Anim		UI_MSO_Generic_Small				UI_CAM_NAG_Books_of_Nagash_Spell_Confirm_Anim				true	true
UI_CAM_Button_DLC29_NAG_Books_of_Nagash_Spell_Drag	UI_CAM_NAG_Books_of_Nagash_Spell_Click			UI_MSO_Generic_Small		UI_CAM_NAG_Books_of_Nagash_Spell_Drag_Start	UI_CAM_NAG_Books_of_Nagash_Spell_Drag_Stop					true	true
UI_CAM_Button_DLC29_NAG_Books_of_Nagash_Spell_Remove	GBL_UI_Click_Medium_Down		UI_CAM_NAG_Books_of_Nagash_Spell_Remove	UI_MSO_Generic_Small								true	true
UI_CAM_Button_DLC29_NAG_Mortarchs_Portrait_Select	GBL_UI_Click_Medium_Down	UI_CAM_NAG_Mortarchs_Button_Portrait_Select		UI_MSO_Generic_Medium				UI_CAM_NAG_Mortarchs_Button_Portrait_Select				true	true
UI_CAM_Button_DLC29_NAG_Mortarchs_Subjugate	GBL_UI_Click_Medium_Down	UI_CAM_NAG_Mortarchs_Button_Subjugate		UI_MSO_Generic_Medium				UI_CAM_NAG_Mortarchs_Button_Subjugate				true	true
UI_CAM_Button_DLC29_NAG_Nagash_Portal_Traverse	GBL_UI_Click_Small_Down	UI_CAM_NAG_Traverse_Start		UI_MSO_Generic_Medium								true	true
UI_CAM_Button_DLC29_NAG_Necromancy_Increase_Unit_Capacity	GBL_UI_Click_Small_Down	UI_CAM_NAG_Necromancy_Increase_Unit_Capacity		UI_MSO_Generic_Medium				UI_CAM_NAG_Necromancy_Increase_Unit_Capacity				true	true
UI_CAM_Button_DLC29_NAG_Necromancy_Unit_Tabs	GBL_UI_Click_Small_Down	UI_CAM_NAG_Necromancy_Tab		UI_MSO_Generic_Medium				UI_CAM_NAG_Necromancy_Tab				true	true
UI_CAM_Button_DLC29_VMP_Confederation_Confirm	GBL_UI_Click_Medium_Down	UI_CAM_VMP_Confederation_Button_Confirm		UI_MSO_Generic_Medium				UI_CAM_VMP_Confederation_Button_Confirm				true	true
UI_CAM_Button_DLC29_VMP_Confederation_Portrait_Select	GBL_UI_Click_Medium_Down	UI_CAM_VMP_Confederation_Button_Portrait_Select		UI_MSO_Generic_Medium				UI_CAM_VMP_Confederation_Button_Portrait_Select				true	true
UI_CAM_Button_DLC29_VMP_Web_of_Power_Action_Button	GBL_UI_Click_Medium_Down	UI_CAM_VMP_Web_of_Power_Button_Action		UI_MSO_Generic_Medium				UI_CAM_VMP_Web_of_Power_Button_Action				true	true
UI_CAM_Button_DLC29_VMP_Web_of_Power_Portrait_Select	GBL_UI_Click_Medium_Down	UI_CAM_VMP_Web_of_Power_Button_Portrait_Select		UI_MSO_Generic_Medium				UI_CAM_VMP_Web_of_Power_Button_Portrait_Select				true	true
UI_CAM_Button_DLC29_VMP_Web_of_Power_Slide	GBL_UI_Click_Small_Down	UI_CAM_VMP_Web_of_Power_Button_Slide		UI_MSO_Generic_Small			UI_CAM_VMP_Web_of_Power_Button_Slide	UI_CAM_VMP_Web_of_Power_Button_Slide				true	true
UI_CAM_Button_dlc27_nor_allegiance_crow	GBL_UI_Click_Large_Down	UI_CAM_Button_dlc27_nor_allegiance_crow		UI_MSO_Generic_Medium				UI_CAM_Button_dlc27_nor_allegiance_crow				true	true
UI_CAM_Button_dlc27_nor_allegiance_eagle	GBL_UI_Click_Large_Down	UI_CAM_Button_dlc27_nor_allegiance_eagle		UI_MSO_Generic_Medium				UI_CAM_Button_dlc27_nor_allegiance_eagle				true	true
UI_CAM_Button_dlc27_nor_allegiance_hound	GBL_UI_Click_Large_Down	UI_CAM_Button_dlc27_nor_allegiance_hound		UI_MSO_Generic_Medium				UI_CAM_Button_dlc27_nor_allegiance_hound				true	true
UI_CAM_Button_dlc27_nor_allegiance_serpent	GBL_UI_Click_Large_Down	UI_CAM_Button_dlc27_nor_allegiance_serpent		UI_MSO_Generic_Medium				UI_CAM_Button_dlc27_nor_allegiance_serpent				true	true
UI_CAM_CLICK_Cathay_Spice_Road_Select_Route	GBL_UI_Click_Small_Down	UI_CAM_CLICK_Cathay_Spice_Road_Select_Route		UI_MSO_Generic_Small			UI_CAM_CLICK_Cathay_Spice_Road_Select_Route	UI_CAM_CLICK_Cathay_Spice_Road_Select_Route				true	true
UI_CAM_CLICK_Character_Details_Ancillaries	GBL_UI_Click_Small_Down	UI_CAM_HUD_Ancillaries_Select	UI_CAM_HUD_Ancillaries_Select	UI_MSO_Generic_Small			UI_CAM_HUD_Ancillaries_Drag_Stop	UI_CAM_HUD_Ancillaries_Select			UI_CAM_HUD_Ancillaries_Double_Click	true	true
UI_CAM_CLICK_Character_Details_Magical_Items	GBL_UI_Click_Small_Down	UI_CAM_HUD_Ancillaries_Select	UI_CAM_HUD_Ancillaries_Select	UI_MSO_Generic_Small			UI_CAM_HUD_Ancillaries_Drag_Stop	UI_CAM_HUD_Ancillaries_Select			UI_CAM_HUD_Magical_Item_Double_Click	true	true
UI_CAM_CLICK_DLC16_SoT_World_Roots_Deep_Roots_Travel	GBL_UI_Click_Small_Down	UI_CLICK_DLC16_SoT_World_Roots_Panel_Deep_Roots_Travel		UI_MSO_Generic_Small			UI_CLICK_DLC16_SoT_World_Roots_Panel_Deep_Roots_Travel	UI_CLICK_DLC16_SoT_World_Roots_Panel_Deep_Roots_Travel				true	true
UI_CAM_CLICK_DLC16_SoT_World_Roots_Panel	GBL_UI_Click_Large_Down	UI_CLICK_DLC16_SoT_World_Roots_Panel_Open		UI_MSO_Generic_Medium			UI_CLICK_DLC16_SoT_World_Roots_Panel_Open	UI_CLICK_DLC16_SoT_World_Roots_Panel_Open				true	true
UI_CAM_CLICK_DLC16_SoT_World_Roots_Ritual_Activate	GBL_UI_Click_Small_Down	UI_CLICK_DLC16_SoT_World_Roots_Ritual_Activate		UI_MSO_Generic_Small			UI_CLICK_DLC16_SoT_World_Roots_Ritual_Activate	UI_CLICK_DLC16_SoT_World_Roots_Ritual_Activate				true	true
UI_CAM_CLICK_DLC16_Throt_Augment_Panel									UI_CLICK_DLC16_Throt_Augment_Panel_Open	UI_CLICK_DLC16_Throt_Augment_Panel_Close		true	true
UI_CAM_CLICK_DLC16_Throt_Augment_Panel_Hex_Confirm	GBL_UI_Click_Small_Down	UI_CLICK_DLC16_Throt_Augment_Panel_Augment_Confirm		UI_MSO_Generic_Small			UI_CLICK_DLC16_Throt_Augment_Panel_Augment_Confirm	UI_CLICK_DLC16_Throt_Augment_Panel_Augment_Confirm				true	true
UI_CAM_CLICK_DLC16_Throt_Augment_Panel_Hex_Select	GBL_UI_Click_Small_Down	UI_CLICK_DLC16_Throt_Augment_Panel_Augment_Select		UI_MSO_Generic_Small			UI_CLICK_DLC16_Throt_Augment_Panel_Augment_Select	UI_CLICK_DLC16_Throt_Augment_Panel_Augment_Select				true	true
UI_CAM_CLICK_DLC16_Throt_Augment_Panel_Tab_Select	GBL_UI_Click_Large_Down	UI_CLICK_DLC16_Throt_Augment_Panel_Tab_Select		UI_MSO_Generic_Medium			UI_CLICK_DLC16_Throt_Augment_Panel_Tab_Select	UI_CLICK_DLC16_Throt_Augment_Panel_Tab_Select				true	true
UI_CAM_CLICK_DLC16_Throt_Augment_Panel_Upgrade_Confirm	GBL_UI_Click_Small_Down	UI_CLICK_DLC16_Throt_Augment_Panel_Lab_Upgrade_Confirm		UI_MSO_Generic_Small			UI_CLICK_DLC16_Throt_Augment_Panel_Lab_Upgrade_Confirm	UI_CLICK_DLC16_Throt_Augment_Panel_Lab_Upgrade_Confirm				true	true
UI_CAM_CLICK_DLC16_Throt_Augment_Panel_Upgrade_Select	GBL_UI_Click_Small_Down	UI_CLICK_DLC16_Throt_Augment_Panel_Lab_Upgrade_Select		UI_MSO_Generic_Small			UI_CLICK_DLC16_Throt_Augment_Panel_Lab_Upgrade_Select	UI_CLICK_DLC16_Throt_Augment_Panel_Lab_Upgrade_Select				true	true
UI_CAM_CLICK_DLC16_Throt_Flesh_Lab_Empty_Growth_Vat	GBL_UI_Click_Small_Down	UI_CLICK_DLC16_Throt_Flesh_Lab_Bar_Empty_Growth_Vat		UI_MSO_Generic_Small			UI_CLICK_DLC16_Throt_Flesh_Lab_Bar_Empty_Growth_Vat	UI_CLICK_DLC16_Throt_Flesh_Lab_Bar_Empty_Growth_Vat				true	true
UI_CAM_CLICK_DLC17_Beastmen_Panel_Increase_Unit_Cap	GBL_UI_Click_Small_Down	UI_CLICK_DLC17_Beastmen_Panel_Increase_Unit_Cap		UI_MSO_Generic_Small			UI_CLICK_DLC17_Beastmen_Panel_Increase_Unit_Cap	UI_CLICK_DLC17_Beastmen_Panel_Increase_Unit_Cap				true	true
UI_CAM_CLICK_DLC17_Beastmen_Panel_Spend_Dread_Large	GBL_UI_Click_Large_Down	UI_CLICK_DLC17_Beastmen_Spend_Dread_Large		UI_MSO_Generic_Small			UI_CLICK_DLC17_Beastmen_Spend_Dread_Large	UI_CLICK_DLC17_Beastmen_Spend_Dread_Large				true	true
UI_CAM_CLICK_DLC17_Beastmen_Panel_Tab	GBL_UI_Click_Small_Down	UI_CLICK_DLC17_Beastmen_Panel_Tab		UI_MSO_Generic_Small			UI_CLICK_DLC17_Beastmen_Panel_Tab	UI_CLICK_DLC17_Beastmen_Panel_Tab				true	true
UI_CAM_CLICK_DLC17_Beastmen_Panel_Upgrade	GBL_UI_Click_Small_Down	UI_CLICK_DLC17_Beastmen_Spend_Item_Upgrade		UI_MSO_Generic_Small			UI_CLICK_DLC17_Beastmen_Spend_Item_Upgrade	UI_CLICK_DLC17_Beastmen_Spend_Item_Upgrade				true	true
UI_CAM_CLICK_DLC17_Oxotyl_Silent_Sanctum_Build_Confirm	GBL_UI_Click_Small_Down	UI_CLICK_DLC17_Oxotyl_Silent_Sanctum_Build_Confirm		UI_MSO_Generic_Small			UI_CLICK_DLC17_Oxotyl_Silent_Sanctum_Build_Confirm	UI_CLICK_DLC17_Oxotyl_Silent_Sanctum_Build_Confirm				true	true
UI_CAM_CLICK_DLC17_Oxotyl_Silent_Sanctum_Select	GBL_UI_Click_Small_Down	UI_CLICK_Settlement_Select		UI_MSO_Generic_Small			UI_CLICK_Settlement_Select	UI_CLICK_Settlement_Select				true	true
UI_CAM_CLICK_DLC17_Oxotyl_Silent_Sanctum_Toggle_Close	GBL_UI_Click_Small_Down	UI_CLICK_DLC17_Oxotyl_Silent_Sanctum_Panel_Btn_Toggle_Close		UI_MSO_Generic_Small			UI_CLICK_DLC17_Oxotyl_Silent_Sanctum_Panel_Btn_Toggle_Close	UI_CLICK_DLC17_Oxotyl_Silent_Sanctum_Panel_Btn_Toggle_Close				true	true
UI_CAM_CLICK_DLC17_Oxotyl_Silent_Sanctum_Toggle_Open	GBL_UI_Click_Small_Down	UI_CLICK_DLC17_Oxotyl_Silent_Sanctum_Panel_Btn_Toggle_Open		UI_MSO_Generic_Small			UI_CLICK_DLC17_Oxotyl_Silent_Sanctum_Panel_Btn_Toggle_Open	UI_CLICK_DLC17_Oxotyl_Silent_Sanctum_Panel_Btn_Toggle_Open				true	true
UI_CAM_CLICK_DLC17_Oxotyl_Threat_Map_Close	GBL_UI_Click_Small_Down	UI_CLICK_DLC17_Oxotyl_Threat_Map_Panel_Close										true	true
UI_CAM_CLICK_DLC17_Oxotyl_Threat_Map_Open	GBL_UI_Click_Small_Down	UI_CLICK_DLC17_Oxotyl_Threat_Map_Panel_Open										true	true
UI_CAM_CLICK_DLC17_Oxotyl_Threat_Map_Panel									UI_CLICK_DLC17_Oxotyl_Threat_Map_Panel_Open	UI_CLICK_DLC17_Oxotyl_Threat_Map_Panel_Close		true	true
UI_CAM_CLICK_DLC17_Oxotyl_Threat_Panel_Travel_Confirm	GBL_UI_Click_Small_Down	UI_CLICK_DLC17_Oxotyl_Threat_Map_Panel_Travel_Confirm		UI_MSO_Generic_Small			UI_CLICK_DLC17_Oxotyl_Threat_Map_Panel_Travel_Confirm	UI_CLICK_DLC17_Oxotyl_Threat_Map_Panel_Travel_Confirm				true	true
UI_CAM_CLICK_DLC17_Taurox_Rampage_Panel_Close	GBL_UI_Click_Small_Down	UI_CLICK_DLC17_Taurox_Rampage_Panel_Close		UI_MSO_Generic_Small			UI_CLICK_DLC17_Taurox_Rampage_Panel_Close	UI_CLICK_DLC17_Taurox_Rampage_Panel_Close				true	true
UI_CAM_CLICK_DLC17_Taurox_Rampage_Panel_Open	GBL_UI_Click_Small_Down	UI_CLICK_DLC17_Taurox_Rampage_Panel_Open		UI_MSO_Generic_Small			UI_CLICK_DLC17_Taurox_Rampage_Panel_Open	UI_CLICK_DLC17_Taurox_Rampage_Panel_Open				true	true
UI_CAM_CLICK_DLC17_Taurox_Rampage_Panel_Rwrd_Claim	GBL_UI_Click_Small_Down	UI_CLICK_DLC17_Taurox_Rampage_Panel_Rwrd_Claim		UI_MSO_Generic_Small			UI_CLICK_DLC17_Taurox_Rampage_Panel_Rwrd_Claim	UI_CLICK_DLC17_Taurox_Rampage_Panel_Rwrd_Claim				true	true
UI_CAM_CLICK_DLC17_Taurox_Rampage_Panel_Rwrd_Opt_Btn	GBL_UI_Click_Small_Down	UI_CLICK_DLC17_Taurox_Rampage_Panel_Rwrd_Opt_Btn		UI_MSO_Generic_Small			UI_CLICK_DLC17_Taurox_Rampage_Panel_Rwrd_Opt_Btn	UI_CLICK_DLC17_Taurox_Rampage_Panel_Rwrd_Opt_Btn				true	true
UI_CAM_CLICK_DLC17_Taurox_Rampage_Panel_Rwrd_Tier_Btn	GBL_UI_Click_Small_Down	UI_CLICK_DLC17_Taurox_Rampage_Panel_Rwrd_Tier_Btn		UI_MSO_Generic_Small			UI_CLICK_DLC17_Taurox_Rampage_Panel_Rwrd_Tier_Btn	UI_CLICK_DLC17_Taurox_Rampage_Panel_Rwrd_Tier_Btn				true	true
UI_CAM_CLICK_DLC17_Thorek_Rune_Locator_Btn	GBL_UI_Click_Small_Down	UI_CLICK_DLC17_Thorek_Rune_Locator_Btn		UI_MSO_Generic_Small			UI_CLICK_DLC17_Thorek_Rune_Locator_Btn	UI_CLICK_DLC17_Thorek_Rune_Locator_Btn				true	true
UI_CAM_CLICK_Daemons_Select_Body_Part	GBL_UI_Click_Small_Down	UI_CAM_Click_Daemons_Select_Body_Part					UI_CAM_Click_Daemons_Select_Body_Part	UI_CAM_Click_Daemons_Select_Body_Part				true	true
UI_CAM_CLICK_Def_Slave_Diktats	GBL_UI_Click_Small_Down	UI_CAM_Click_Dark_Elves_Slave_Diktats		UI_MSO_Generic_Small			UI_CAM_Click_Dark_Elves_Slave_Diktats	UI_CAM_Click_Dark_Elves_Slave_Diktats				true	true
UI_CAM_CLICK_Incident_Continue	GBL_UI_Click_Small_Down	UI_CAM_CLICK_Incident_Round_Button		UI_MSO_Generic_Small			UI_CAM_CLICK_Incident_Round_Button	UI_CAM_CLICK_Incident_Round_Button				true	true
UI_CAM_CLICK_Kislev_Atamans_Select_Available_Ataman	GBL_UI_Click_Large_Down	UI_CAM_Click_Kislev_Select_Available_Atamans		UI_MSO_Generic_Medium			UI_CAM_Click_Kislev_Select_Available_Atamans	UI_CAM_Click_Kislev_Select_Available_Atamans				true	true
UI_CAM_CLICK_Kislev_Ice_Court_Select_Ice_Witch_Characteristic	GBL_UI_Click_Large_Down	UI_CAM_Click_Kislev_Ice_Court_Select_Ice_Witch_Character_Select		UI_MSO_Generic_Medium			UI_CAM_Click_Kislev_Ice_Court_Select_Ice_Witch_Character_Select	UI_CAM_Click_Kislev_Ice_Court_Select_Ice_Witch_Character_Select				true	true
UI_CAM_CLICK_Kislev_Ice_Court_Select_Ice_Witch_Lord	GBL_UI_Click_Large_Down	UI_CAM_Click_Kislev_Ice_Court_Select_Ice_Witch_Lord		UI_MSO_Generic_Medium			UI_CAM_Click_Kislev_Ice_Court_Select_Ice_Witch_Lord	UI_CAM_Click_Kislev_Ice_Court_Select_Ice_Witch_Lord				true	true
UI_CAM_CLICK_Kislev_Motherland_Invoke	GBL_UI_Click_Large_Down	UI_CAM_Click_Kislev_Motherland_Invoke		UI_MSO_Generic_Medium			UI_CAM_Click_Kislev_Motherland_Invoke	UI_CAM_Click_Kislev_Motherland_Invoke				true	true
UI_CAM_CLICK_Kislev_The_Motherland_Invoke	GBL_UI_Click_Large_Down	UI_CAM_Click_Kislev_The_Motherland_Invoke		UI_MSO_Generic_Medium			UI_CAM_Click_Kislev_The_Motherland_Invoke	UI_CAM_Click_Kislev_The_Motherland_Invoke				true	true
UI_CAM_CLICK_Ogres_Accept_Contract	GBL_UI_Click_Large_Down	UI_CAM_Click_Ogres_Accept_Contract		UI_MSO_Generic_Medium			UI_CAM_Click_Ogres_Accept_Contract	UI_CAM_Click_Ogres_Accept_Contract				true	true
UI_CAM_CLICK_Ogres_Choose_Name	GBL_UI_Click_Large_Down	UI_CAM_HUD_Ogres_Choose_Name		UI_MSO_Generic_Medium			UI_CAM_HUD_Ogres_Choose_Name	UI_CAM_HUD_Ogres_Choose_Name				true	true
UI_CAM_CLICK_Ogres_Deploy_Camp	GBL_UI_Click_Large_Down	UI_CAM_HUD_Ogres_Deploy_Camp		UI_MSO_Generic_Medium			UI_CAM_HUD_Ogres_Deploy_Camp	UI_CAM_HUD_Ogres_Deploy_Camp				true	true
UI_CAM_CLICK_Ogres_Select_Maw_Bonus	GBL_UI_Click_Large_Down	UI_CAM_HUD_Ogres_Select_Maw_Bonus		UI_MSO_Generic_Medium			UI_CAM_HUD_Ogres_Select_Maw_Bonus	UI_CAM_HUD_Ogres_Select_Maw_Bonus				true	true
UI_CAM_CLICK_Ogres_The_Great_Maw_Make_Offering	GBL_UI_Click_Large_Down	UI_CAM_Click_Ogres_The_Great_Maw_Make_Offer		UI_MSO_Generic_Medium			UI_CAM_Click_Ogres_The_Great_Maw_Make_Offer	UI_CAM_Click_Ogres_The_Great_Maw_Make_Offer				true	true
UI_CAM_CLICK_Rifts_Select_Rift	GBL_UI_Click_Small_Down	UI_CLICK_Settlement_Select		UI_MSO_Generic_Small			UI_CLICK_Settlement_Select	UI_CLICK_Settlement_Select				true	true
UI_CAM_CLICK_Rifts_Traverse	GBL_UI_Click_Small_Down	UI_CLICK_Rifts_Traverse		UI_MSO_Generic_Small			UI_CLICK_Rifts_Traverse	UI_CLICK_Rifts_Traverse				true	true
UI_CAM_CLICK_Shadow_Gate_Enter_Realm	GBL_UI_Click_Large_Down	UI_CAM_Click_Shadow_Gate_Panel_Enter_Realm		UI_MSO_Generic_Medium			UI_CAM_Click_Shadow_Gate_Panel_Enter_Realm	UI_CAM_Click_Shadow_Gate_Panel_Enter_Realm				true	true
UI_CAM_CLICK_Shadow_Gate_Select_Chaos_God	GBL_UI_Click_Large_Down	UI_CAM_Click_Shadow_Gate_Panel_Select_Chaos_God		UI_MSO_Generic_Medium			UI_CAM_Click_Shadow_Gate_Panel_Select_Chaos_God	UI_CAM_Click_Shadow_Gate_Panel_Select_Chaos_God				true	true
UI_CAM_CLICK_Sla_Pleasurable_Acts	GBL_UI_Click_Small_Down	UI_CAM_Click_Slaanesh_Pleasurable_Acts		UI_MSO_Generic_Small			UI_CAM_Click_Slaanesh_Pleasurable_Acts	UI_CAM_Click_Slaanesh_Pleasurable_Acts				true	true
UI_CAM_CLICK_TWA03_Forge_Of_Daith_Confirm	GBL_UI_Click_Large_Down	UI_CLICK_Forge_Of_Daith_Forge_Confirm		UI_MSO_Generic_Medium			UI_CLICK_Forge_Of_Daith_Forge_Confirm	UI_CLICK_Forge_Of_Daith_Forge_Confirm				true	true
UI_CAM_CLICK_Tzeentch_Changing_Of_The_Ways_Perform	GBL_UI_Click_Large_Down	UI_CAM_Click_Tzeentch_Changing_Of_The_Ways_Perform		UI_MSO_Generic_Medium			UI_CAM_Click_Tzeentch_Changing_Of_The_Ways_Perform	UI_CAM_Click_Tzeentch_Changing_Of_The_Ways_Perform				true	true
UI_CAM_CLICK_Tzeentch_Changing_Of_The_Ways_Select	GBL_UI_Click_Large_Down	UI_CAM_Click_Tzeentch_Changing_Of_The_Ways_Select		UI_MSO_Generic_Medium			UI_CAM_Click_Tzeentch_Changing_Of_The_Ways_Select	UI_CAM_Click_Tzeentch_Changing_Of_The_Ways_Select				true	true
UI_CAM_CLICK_Tzeentch_Changing_Of_The_Ways_Settlement	GBL_UI_Click_Small_Down	UI_CAM_Click_Tzeentch_Changing_Of_The_Ways_Settlement		UI_MSO_Generic_Small			UI_CAM_Click_Tzeentch_Changing_Of_The_Ways_Settlement	UI_CAM_Click_Tzeentch_Changing_Of_The_Ways_Settlement				true	true
UI_CAM_CLICK_Tzeentch_Winds_Of_Magic_Manipulation_Toggle	GBL_UI_Click_Large_Down	UI_CAM_Click_Tzeentch_Winds_Of_Magic_Manipulation_Toggle		UI_MSO_Generic_Medium			UI_CAM_Click_Tzeentch_Winds_Of_Magic_Manipulation_Toggle	UI_CAM_Click_Tzeentch_Winds_Of_Magic_Manipulation_Toggle				true	true
UI_CAM_CLICK_Tzeentch_WoM_Manipulation_Decrease	GBL_UI_Click_Large_Down	UI_CAM_Click_Tzeentch_WoM_Manipulation_Decrease		UI_MSO_Generic_Medium			UI_CAM_Click_Tzeentch_WoM_Manipulation_Decrease	UI_CAM_Click_Tzeentch_WoM_Manipulation_Decrease				true	true
UI_CAM_CLICK_Tzeentch_WoM_Manipulation_Increase	GBL_UI_Click_Large_Down	UI_CAM_Click_Tzeentch_WoM_Manipulation_Increase		UI_MSO_Generic_Medium			UI_CAM_Click_Tzeentch_WoM_Manipulation_Increase	UI_CAM_Click_Tzeentch_WoM_Manipulation_Increase				true	true
UI_CAM_Click_DLC17_Beastmen_Bloodgrounds_Ritual	GBL_UI_Click_Small_Down	UI_CLICK_DLC17_Beastmen_Bloodgrounds_Ritual_Perform		UI_MSO_Generic_Small				UI_CLICK_Cam_Faction_Ability_Generic				true	true
UI_CAM_Click_DLC26_Woodelves_Aspects_Upgrade_Button	GBL_UI_Click_Small_Down	UI_CAM_Click_Woodelves_Aspects_Upgrade_Button		UI_MSO_Generic_Small			UI_CAM_Click_Woodelves_Aspects_Upgrade_Button	UI_CAM_Click_Woodelves_Aspects_Upgrade_Button				true	true
UI_CAM_Click_Dae_Progression	GBL_UI_Click_Small_Down			UI_MSO_Generic_Small								true	true
UI_CAM_Click_Slaansh_Force_Vassal	GBL_UI_Click_Small_Down	UI_CAM_Click_Slaansh_Force_Vassal		UI_MSO_Generic_Small			UI_CAM_Click_Slaansh_Force_Vassal	UI_CAM_Click_Slaansh_Force_Vassal				true	true
UI_CAM_Click_Slaansh_Proliferate_Cults	GBL_UI_Click_Small_Down	UI_CAM_Click_Slaansh_Proliferate_Cults		UI_MSO_Generic_Small			UI_CAM_Click_Slaansh_Proliferate_Cults	UI_CAM_Click_Slaansh_Proliferate_Cults				true	true
UI_CAM_Click_Slaansh_Seduce_Units	GBL_UI_Click_Small_Down	UI_CAM_Click_Slaansh_Seduce_Units		UI_MSO_Generic_Small			UI_CAM_Click_Slaansh_Seduce_Units	UI_CAM_Click_Slaansh_Seduce_Units				true	true
UI_CAM_Click_Slaansh_Summon_Disciple_Army	GBL_UI_Click_Small_Down	UI_CAM_Click_Slaansh_Summon_Disciple_Army		UI_MSO_Generic_Small			UI_CAM_Click_Slaansh_Summon_Disciple_Army	UI_CAM_Click_Slaansh_Summon_Disciple_Army				true	true
UI_CAM_DLC24_CTH_JadeCompassDirections_Locked	GBL_UI_Click_Small_Down	UI_CAM_CTH_JadeCompass_Directions_Locked		UI_MSO_Generic_Small			UI_CLICK_Generic_Text_Small	UI_CLICK_Generic_Text_Small				true	true
UI_CAM_DLC24_CTH_JadeCompassDirections_Select	GBL_UI_Click_Small_Down	UI_CAM_CTH_JadeCompass_Directions_Select		UI_MSO_Generic_Small			UI_CLICK_Generic_Text_Small	UI_CLICK_Generic_Text_Small				true	true
UI_CAM_DLC24_CTH_JadeCompass_NeedleMove	GBL_UI_Click_Small_Down	UI_CAM_CTH_JadeCompass_NeedleMove		UI_MSO_Generic_Small			UI_CLICK_Generic_Text_Small	UI_CLICK_Generic_Text_Small				true	true
UI_CAM_DLC24_CTH_JadeCompass_Needle_Idle_Stop										UI_CAM_CTH_JadeCompass_NeedleMove_Idle_End		true	true
UI_CAM_DLC24_CTH_JadeCompass_Screen_Open	GBL_UI_Click_Small_Down	UI_CAM_CTH_JadeCompass_Screen_Open		UI_MSO_Generic_Small			UI_CLICK_Generic_Text_Small	UI_CLICK_Generic_Text_Small				true	true
UI_CAM_DLC24_CTH_JadeCompass_Select	GBL_UI_Click_Small_Down	UI_CAM_CTH_JadeCompass_Select		UI_MSO_Generic_Small			UI_CLICK_Generic_Text_Small	UI_CLICK_Generic_Text_Small				true	true
UI_CAM_DLC24_CTH_MattersOfState_AvailableActions	GBL_UI_Click_Small_Down	UI_CAM_CTH_MattersOfState_AvailableActions		UI_MSO_Generic_Small			UI_CLICK_Generic_Text_Small	UI_CLICK_Generic_Text_Small				true	true
UI_CAM_DLC24_CTH_MattersOfState_Balance	GBL_UI_Click_Small_Down	UI_CAM_CTH_MattersOfState_Balance		UI_MSO_Generic_Small			UI_CLICK_Generic_Text_Small	UI_CLICK_Generic_Text_Small				true	true
UI_CAM_DLC24_CTH_MattersOfState_Metal	GBL_UI_Click_Small_Down	UI_CAM_CTH_MattersOfState_Metal		UI_MSO_Generic_Small			UI_CLICK_Generic_Text_Small	UI_CLICK_Generic_Text_Small				true	true
UI_CAM_DLC24_CTH_MattersOfState_Open	GBL_UI_Click_Small_Down	UI_CAM_CTH_MattersOfState_Open		UI_MSO_Generic_Small			UI_CLICK_Generic_Text_Small	UI_CLICK_Generic_Text_Small				true	true
UI_CAM_DLC24_CTH_MattersOfState_Perform	GBL_UI_Click_Small_Down	UI_CAM_CTH_MattersOfState_Perform		UI_MSO_Generic_Small			UI_CLICK_Generic_Text_Small	UI_CLICK_Generic_Text_Small				true	true
UI_CAM_DLC24_CTH_MattersOfState_Rock	GBL_UI_Click_Small_Down	UI_CAM_CTH_MattersOfState_Rock		UI_MSO_Generic_Small			UI_CLICK_Generic_Text_Small	UI_CLICK_Generic_Text_Small				true	true
UI_CAM_DLC24_KSL_Brew_Hex_Enhance	GBL_UI_Click_Small_Down	UI_CAM_KSL_BrewHex_Enhance		UI_MSO_Generic_Small			UI_CLICK_Generic_Text_Small	UI_CLICK_Generic_Text_Small				true	true
UI_CAM_DLC24_KSL_Brew_Hex_Open	GBL_UI_Click_Large_Down	UI_CAM_KSL_BrewHex_Open		UI_MSO_Generic_Medium			UI_CLICK_Generic_Text_Small	UI_CLICK_Generic_Text_Small				true	true
UI_CAM_DLC24_KSL_Brew_Hex_Perform	GBL_UI_Click_Large_Down	UI_CAM_KSL_BrewHex_Perform		UI_MSO_Generic_Medium			UI_CLICK_Generic_Text_Small	UI_CLICK_Generic_Text_Small				true	true
UI_CAM_DLC24_KSL_WitchesHut_Blessing_Confirm	GBL_UI_Click_Small_Down	UI_CAM_KSL_WitchesHut_Blessing_Confirm		UI_MSO_Generic_Small			UI_CLICK_Generic_Text_Small	UI_CLICK_Generic_Text_Small				true	true
UI_CAM_DLC24_KSL_WitchesHut_Blessing_Select	GBL_UI_Click_Small_Down	UI_CAM_KSL_WitchesHut_Blessing_Select		UI_MSO_Generic_Small			UI_CLICK_Generic_Text_Small	UI_CLICK_Generic_Text_Small				true	true
UI_CAM_DLC24_KSL_WitchesHut_Curse_Confirm	GBL_UI_Click_Small_Down	UI_CAM_KSL_WitchesHut_Curse_Confirm		UI_MSO_Generic_Small			UI_CLICK_Generic_Text_Small	UI_CLICK_Generic_Text_Small				true	true
UI_CAM_DLC24_KSL_WitchesHut_Curse_Select	GBL_UI_Click_Small_Down	UI_CAM_KSL_WitchesHut_Curse_Select		UI_MSO_Generic_Small			UI_CLICK_Generic_Text_Small	UI_CLICK_Generic_Text_Small				true	true
UI_CAM_DLC24_KSL_WitchesHut_HUD_Open	GBL_UI_Click_Small_Down	UI_CAM_KSL_WitchesHut_Screen_Open		UI_MSO_Generic_Small			UI_CLICK_Generic_Text_Small	UI_CLICK_Generic_Text_Small				true	true
UI_CAM_DLC24_KSL_WitchesHut_Panel									UI_CAM_KSL_WitchesHut_Panel_Open	UI_CAM_KSL_WitchesHut_Panel_Close		true	true
UI_CAM_DLC24_KSL_WitchesHut_Runes	GBL_UI_Click_Small_Down	UI_CAM_KSL_WitchesHut_Runes		UI_MSO_Generic_Small			UI_CLICK_Generic_Text_Small	UI_CLICK_Generic_Text_Small				true	true
UI_CAM_DLC24_KSL_WitchesHut_Screen_Open	GBL_UI_Click_Small_Down	UI_CAM_KSL_WitchesHut_Screen_Open		UI_MSO_Generic_Small			UI_CLICK_Generic_Text_Small	UI_CLICK_Generic_Text_Small				true	true
UI_CAM_DLC24_KSL_WitchesHut_Trinkets	GBL_UI_Click_Small_Down	UI_CAM_KSL_WitchesHut_Trinkets_Select		UI_MSO_Generic_Small		UI_CAM_KSL_WitchesHut_Trinkets_Select		UI_CLICK_Generic_Text_Small				true	true
UI_CAM_DLC24_TZE_Foreign_Slots_Parasitic	GBL_UI_Click_Small_Down	UI_CAM_TZE_ForeignSlots_Parasitic		UI_MSO_Generic_Small			UI_CLICK_Generic_Text_Small	UI_CLICK_Generic_Text_Small				true	true
UI_CAM_DLC24_TZE_Foreign_Slots_Symbiotic	GBL_UI_Click_Small_Down	UI_CAM_TZE_ForeignSlots_Symbiotic		UI_MSO_Generic_Small			UI_CLICK_Generic_Text_Small	UI_CLICK_Generic_Text_Small				true	true
UI_CAM_DLC24_TZE_FormlessHorror_Confirm	GBL_UI_Click_Small_Down	UI_CAM_TZE_FormlessHorror_Confirm		UI_MSO_Generic_Small			UI_CLICK_Generic_Text_Small	UI_CLICK_Generic_Text_Small				true	true
UI_CAM_DLC24_TZE_FormlessHorror_Locked	GBL_UI_Click_Small_Down	UI_CAM_TZE_FormlessHorror_Locked		UI_MSO_Generic_Small			UI_CLICK_Generic_Text_Small	UI_CLICK_Generic_Text_Small				true	true
UI_CAM_DLC24_TZE_FormlessHorror_Select	GBL_UI_Click_Small_Down	UI_CAM_TZE_FormlessHorror_Select		UI_MSO_Generic_Small			UI_CLICK_Generic_Text_Small	UI_CLICK_Generic_Text_Small				true	true
UI_CAM_DLC24_TZE_FormlessHorror_Unit	GBL_UI_Click_Small_Down	UI_CAM_TZE_FormlessHorror_Unit		UI_MSO_Generic_Small			UI_CLICK_Generic_Text_Small	UI_CLICK_Generic_Text_Small				true	true
UI_CAM_DLC24_TZE_Infiltration_Millitary	GBL_UI_Click_Small_Down	UI_CAM_TZE_Infiltration_Millitary		UI_MSO_Generic_Small			UI_CLICK_Generic_Text_Small	UI_CLICK_Generic_Text_Small				true	true
UI_CAM_DLC24_TZE_Infiltration_Parasitic	GBL_UI_Click_Small_Down	UI_CAM_TZE_Infiltration_Parasitic		UI_MSO_Generic_Small			UI_CLICK_Generic_Text_Small	UI_CLICK_Generic_Text_Small				true	true
UI_CAM_DLC24_TZE_Infiltration_Symbiotic	GBL_UI_Click_Small_Down	UI_CAM_TZE_Infiltration_Symbiotic		UI_MSO_Generic_Small			UI_CLICK_Generic_Text_Small	UI_CLICK_Generic_Text_Small				true	true
UI_CAM_DLC24_TZE_Schemes_FinalBattle	GBL_UI_Click_Small_Down	UI_CAM_TZE_Schemes_FinalBattle		UI_MSO_Generic_Small			UI_CLICK_Generic_Text_Small	UI_CLICK_Generic_Text_Small				true	true
UI_CAM_DLC24_TZE_Schemes_GrandScheme	GBL_UI_Click_Small_Down	UI_CAM_TZE_Schemes_GrandScheme		UI_MSO_Generic_Small			UI_CLICK_Generic_Text_Small	UI_CLICK_Generic_Text_Small				true	true
UI_CAM_DLC24_TZE_Schemes_Locked	GBL_UI_Click_Small_Down	UI_CAM_TZE_Schemes_Locked		UI_MSO_Generic_Small			UI_CLICK_Generic_Text_Small	UI_CLICK_Generic_Text_Small				true	true
UI_CAM_DLC24_TZE_Schemes_MinorScheme	GBL_UI_Click_Small_Down	UI_CAM_TZE_Schemes_MinorScheme		UI_MSO_Generic_Small			UI_CLICK_Generic_Text_Small	UI_CLICK_Generic_Text_Small				true	true
UI_CAM_DLC24_TZE_Schemes_TheatreOfWar	GBL_UI_Click_Small_Down	UI_CAM_TZE_Schemes_TheatreOfWar		UI_MSO_Generic_Small			UI_CLICK_Generic_Text_Small	UI_CLICK_Generic_Text_Small				true	true
UI_CAM_DLC24_TZE_Schemes_UltimateScheme	GBL_UI_Click_Small_Down	UI_CAM_TZE_Schemes_UltimateScheme		UI_MSO_Generic_Small			UI_CLICK_Generic_Text_Small	UI_CLICK_Generic_Text_Small				true	true
UI_CAM_DLC26_Greenskins_Da_Plan_Equip_Button	GBL_UI_Click_Large_Down	UI_CAM_Click_Greenskins_Da_Plan_Equip_Button		UI_MSO_Generic_Medium			UI_CLICK_Generic_Small	UI_CAM_Click_Greenskins_Da_Plan_Equip_Button				true	true
UI_CAM_DLC26_Khorne_Cloak_Of_Skulls_Empower_Button	GBL_UI_Click_Large_Down	UI_CAM_Click_Khorne_Cloak_Of_Skulls_Empower_Button		UI_MSO_Generic_Medium			UI_CLICK_Generic_Small	UI_CAM_Click_Khorne_Cloak_Of_Skulls_Empower_Button				true	true
UI_CAM_DLC26_Khorne_Cloak_Of_Skulls_Skull_Button	GBL_UI_Click_Small_Down	UI_CAM_Click_Khorne_Cloak_Of_Skulls_Skull_Button		UI_MSO_Generic_Small			UI_CLICK_Generic_Text_Small	UI_CAM_Click_Khorne_Cloak_Of_Skulls_Skull_Button				true	true
UI_CAM_DLC26_Khorne_Cloak_Of_Skulls_Teleport_Button	GBL_UI_Click_Large_Down	UI_CAM_Click_Khorne_Cloak_Of_Skulls_Teleport_Button		UI_MSO_Generic_Medium			UI_CLICK_Generic_Small	UI_CAM_Click_Khorne_Cloak_Of_Skulls_Teleport_Button				true	true
UI_CAM_DLC26_Khorne_Wrath_Of_Khorne_Accept_Button	GBL_UI_Click_Large_Down	UI_CAM_Button_Khorne_Wrath_Of_Khorne_Accept		UI_MSO_Generic_Medium			UI_CLICK_Generic_Small	UI_CAM_Button_Khorne_Wrath_Of_Khorne_Accept				true	true
UI_CAM_DLC26_Khorne_Wrath_Of_Khorne_Travel_Button	GBL_UI_Click_Large_Down	UI_CAM_Button_Khorne_Wrath_Of_Khorne_Travel		UI_MSO_Generic_Medium			UI_CLICK_Generic_Small	UI_CAM_Button_Khorne_Wrath_Of_Khorne_Travel				true	true
UI_CAM_DLC26_Ogres_Meat_Transfer_Button	GBL_UI_Click_Small_Down	UI_CAM_Click_Ogres_Meat_Panel_Button		UI_MSO_Generic_Small			UI_CAM_Click_Ogres_Meat_Panel_Button	UI_CAM_Click_Ogres_Meat_Panel_Button				true	true
UI_CAM_DLC26_Ogres_Meat_Transfer_Button_Confirm	GBL_UI_Click_Small_Down	UI_CAM_Click_Ogres_Meat_Panel_Button_Confirm		UI_MSO_Generic_Small			UI_CAM_Click_Ogres_Meat_Panel_Button_Confirm	UI_CAM_Click_Ogres_Meat_Panel_Button_Confirm				true	true
UI_CAM_DLC26_Ogres_War_Contracts_Accept_Contract_Button	GBL_UI_Click_Large_Down	UI_CAM_Ogres_War_Contracts_Accept_Contract_Button		UI_MSO_Generic_Medium			UI_CLICK_Generic_Small	UI_CAM_Ogres_War_Contracts_Accept_Contract_Button				true	true
UI_CAM_DLC26_Ogres_War_Contracts_Accept_Contract_Dialogue_Button	GBL_UI_Click_Large_Down	UI_CAM_Ogres_War_Contracts_Accept_Contract_Dialogue_Button		UI_MSO_Generic_Medium			UI_CLICK_Generic_Small	UI_CAM_Ogres_War_Contracts_Accept_Contract_Dialogue_Button				true	true
UI_CAM_DLC26_Ogres_War_Contracts_Break_Contract_Button	GBL_UI_Click_Large_Down	UI_CAM_Ogres_War_Contracts_Break_Contract_Button		UI_MSO_Generic_Medium			UI_CLICK_Generic_Small	UI_CAM_Ogres_War_Contracts_Break_Contract_Button				true	true
UI_CAM_HUD_Agent_Raise	GBL_UI_Click_Small_Down	UI_CLICK_Raise_Army		UI_MSO_Generic_Small			UI_CLICK_Raise_Army	UI_CLICK_Raise_Army				true	true
UI_CAM_HUD_Agent_Recruit	GBL_UI_Click_Small_Down	UI_CLICK_Generic_Medium		UI_MSO_Generic_Small			UI_CLICK_Generic_Medium	UI_CLICK_Generic_Medium				true	true
UI_CAM_HUD_Alith_Anar_Assassinate_Target	GBL_UI_Click_Small_Down	UI_CLICK_Alith_Anar_Assassination_Target_Portrait		UI_MSO_Generic_Small				UI_CLICK_Alith_Anar_Assassination_Target_Portrait				true	true
UI_CAM_HUD_Awaken_Unit	GBL_UI_Click_Small_Down	UI_CLICK_Awaken_Unit		UI_MSO_Generic_Small			UI_CLICK_Awaken_Unit	UI_CLICK_Awaken_Unit				true	true
UI_CAM_HUD_Begin_Ritual	GBL_UI_Click_Small_Down	UI_CLICK_Begin_Ritual		UI_MSO_Generic_Small			UI_CLICK_Begin_Ritual	UI_CLICK_Begin_Ritual				true	true
UI_CAM_HUD_Books_Of_Nagash	GBL_UI_Click_Small_Down	UI_CLICK_Books_Of_Nagash_Selection		UI_MSO_Generic_Small			UI_CLICK_Books_Of_Nagash_Selection	UI_CLICK_Books_Of_Nagash_Selection				true	true
UI_CAM_HUD_Bretonnia_Vow_Select	GBL_UI_Click_Small_Down	UI_CLICK_Bretonnia_Vow_Select		UI_MSO_Generic_Small			UI_CLICK_Bretonnia_Vow_Select	UI_CLICK_Bretonnia_Vow_Select				true	true
UI_CAM_HUD_Building_Abandon	GBL_UI_Click_Small_Down	UI_CLICK_Building_Destroy		UI_MSO_Generic_Small			UI_CLICK_Building_Destroy	UI_CLICK_Building_Destroy				true	true
UI_CAM_HUD_Building_Convert	GBL_UI_Click_Small_Down	UI_CLICK_Building_Destroy		UI_MSO_Generic_Small			UI_CLICK_Building_Destroy	UI_CLICK_Building_Destroy				true	true
UI_CAM_HUD_Building_Raze	GBL_UI_Click_Small_Down	UI_CLICK_Building_Destroy		UI_MSO_Generic_Small			UI_CLICK_Building_Destroy	UI_CLICK_Building_Destroy				true	true
UI_CAM_HUD_Building_Repair	GBL_UI_Click_Small_Down	UI_CLICK_Building_Repair		UI_MSO_Generic_Small			UI_CLICK_Building_Repair	UI_CLICK_Building_Repair				true	true
UI_CAM_HUD_CP1_CTH_Shang_Yang_Panel									UI_CAM_Fullscreen_CTH_Shang_Yang_Panel_Open	UI_CAM_Fullscreen_CTH_Shang_Yang_Panel_Close		true	true
UI_CAM_HUD_CP1_CTH_Tiger_Court_Devote_Button	GBL_UI_Click_Large_Down	UI_CAM_Click_CTH_Tiger_Court_Devote_Button		UI_MSO_Generic_Medium				UI_CAM_Click_CTH_Tiger_Court_Devote_Button				true	true
UI_CAM_HUD_CP1_CTH_Tiger_Court_Oath_Purchase_Button	GBL_UI_Click_Large_Down	UI_CAM_Click_CTH_Tiger_Court_Oath_Purchase		UI_MSO_Generic_Medium			UI_CLICK_Generic_Small	UI_CAM_Click_CTH_Tiger_Court_Oath_Purchase				true	true
UI_CAM_HUD_CP1_CTH_Tiger_Court_Oath_Show_Button				UI_MSO_Generic_Medium			UI_CLICK_Generic_Small					true	true
UI_CAM_HUD_CP1_CTH_Tiger_Court_Panel									UI_CAM_Fullscreen_CTH_Tiger_Court_Panel_Open	UI_CAM_Fullscreen_CTH_Tiger_Court_Panel_Close		true	true
UI_CAM_HUD_CP1_CTH_Tiger_Court_Three_Pillars_Banner	GBL_UI_Click_Small_Down	UI_CAM_Click_CTH_Tiger_Court_Banner_Button		UI_CAM_MSO_CTH_Tiger_Court_Banner_Button				UI_CAM_Click_CTH_Tiger_Court_Banner_Button				true	true
UI_CAM_HUD_Cathay_Compass_Browser									UI_CAM_HUD_Cathay_Compass_Panel_Open	UI_CAM_HUD_Cathay_Compass_Panel_Close		true	true
UI_CAM_HUD_Cathay_Compass_Select	GBL_UI_Click_Small_Down	UI_CAM_HUD_Cathay_Select_Compass		UI_MSO_Generic_Small			UI_CAM_HUD_Cathay_Select_Compass	UI_CAM_HUD_Cathay_Select_Compass				true	true
UI_CAM_HUD_Cathay_Spice_Road_Browser									UI_CAM_HUD_Cathay_Spice_Road_Panel_Open	UI_CAM_HUD_Cathay_Spice_Road_Panel_Close		true	true
UI_CAM_HUD_Cathay_Spice_Road_Dispatch	GBL_UI_Click_Small_Down	UI_CAM_HUD_Cathay_Dispatch_Spice_Road		UI_MSO_Generic_Small			UI_CAM_HUD_Cathay_Dispatch_Spice_Road	UI_CAM_HUD_Cathay_Dispatch_Spice_Road				true	true
UI_CAM_HUD_Cathay_Spice_Road_Recruit	GBL_UI_Click_Small_Down	UI_CAM_HUD_Cathay_Recruit_Spice_Road		UI_MSO_Generic_Small			UI_CAM_HUD_Cathay_Recruit_Spice_Road	UI_CAM_HUD_Cathay_Recruit_Spice_Road				true	true
UI_CAM_HUD_Character_Skill_Button	GBL_UI_Click_Small_Down	UI_CLICK_Tab_Skill		UI_MSO_Generic_Small			UI_CLICK_Tab_Skill	UI_CLICK_Tab_Skill				true	true
UI_CAM_HUD_City_Info_Bar	GBL_UI_Click_Small_Down			UI_MSO_Generic_Small								true	true
UI_CAM_HUD_Craft_Item	GBL_UI_Click_Small_Down	UI_CLICK_Craft_Item		UI_MSO_Generic_Small								true	true
UI_CAM_HUD_DLC11_Blood_Lines_Awaken	GBL_UI_Click_Medium_Down	UI_CLICK_DLC11_Bloodlines_Confirm		UI_MSO_Generic_Small			UI_CLICK_DLC11_Bloodlines_Confirm	UI_CLICK_DLC11_Bloodlines_Confirm				true	true
UI_CAM_HUD_DLC11_Pieces_Of_Eight	GBL_UI_Click_Small_Down	UI_CLICK_DLC11_Pieces_Of_Eight_Selection		UI_MSO_Generic_Small			UI_CLICK_DLC11_Pieces_Of_Eight_Selection	UI_CLICK_DLC11_Pieces_Of_Eight_Selection				true	true
UI_CAM_HUD_DLC11_Treasure_Hunt	GBL_UI_Click_Small_Down	UI_CLICK_DLC11_Treasure_Hunt_Selection		UI_MSO_Generic_Small			UI_CLICK_DLC11_Treasure_Hunt_Selection	UI_CLICK_DLC11_Treasure_Hunt_Selection				true	true
UI_CAM_HUD_DLC12_Lizardmen_Sotek_Sacrifice_Select	GBL_UI_Click_Large_Down	UI_CLICK_DLC12_Lizardmen_Sotek_Sacrifice_Select		UI_MSO_Generic_Medium			UI_CLICK_DLC12_Lizardmen_Sotek_Sacrifice_Select	UI_CLICK_DLC12_Lizardmen_Sotek_Sacrifice_Select				true	true
UI_CAM_HUD_DLC12_Skaven_Workshop_Build_Doom_Rocket	GBL_UI_Click_Large_Down	UI_CLICK_DLC12_Skaven_Workshop_Build_Doom_Rocket		UI_MSO_Generic_Medium			UI_CLICK_DLC12_Skaven_Workshop_Build_Doom_Rocket	UI_CLICK_DLC12_Skaven_Workshop_Build_Doom_Rocket				true	true
UI_CAM_HUD_DLC12_Skaven_Workshop_Tab	GBL_UI_Click_Large_Down	UI_CLICK_DLC12_Skaven_Workshop_Tab		UI_MSO_Generic_Medium			UI_CLICK_DLC12_Skaven_Workshop_Tab	UI_CLICK_DLC12_Skaven_Workshop_Tab				true	true
UI_CAM_HUD_DLC12_Skaven_Workshop_Tab_Doomflayer	GBL_UI_Click_Large_Down	UI_CLICK_DLC12_Skaven_Workshop_Tab_Doomflayer		UI_MSO_Generic_Medium			UI_CLICK_DLC12_Skaven_Workshop_Tab_Doomflayer	UI_CLICK_DLC12_Skaven_Workshop_Tab_Doomflayer				true	true
UI_CAM_HUD_DLC12_Skaven_Workshop_Tab_Doomwheel	GBL_UI_Click_Large_Down	UI_CLICK_DLC12_Skaven_Workshop_Tab_Doomwheel		UI_MSO_Generic_Medium			UI_CLICK_DLC12_Skaven_Workshop_Tab_Doomwheel	UI_CLICK_DLC12_Skaven_Workshop_Tab_Doomwheel				true	true
UI_CAM_HUD_DLC12_Skaven_Workshop_Upgrade_Select	GBL_UI_Click_Large_Down	UI_CLICK_DLC12_Skaven_Workshop_Upgrade_Select		UI_MSO_Generic_Medium			UI_CLICK_DLC12_Skaven_Workshop_Upgrade_Select	UI_CLICK_DLC12_Skaven_Workshop_Upgrade_Select				true	true
UI_CAM_HUD_DLC13_Care_Package_Selection_Confirm	GBL_UI_Click_Large_Down	UI_CLICK_DLC13_Emp_Care_Package_Confirm		UI_MSO_Generic_Medium			UI_CLICK_DLC13_Emp_Care_Package_Confirm	UI_CLICK_DLC13_Emp_Care_Package_Confirm				true	true
UI_CAM_HUD_DLC13_Elector_Counts_Panel									UI_POPUP_DLC13_Emp_Summon_The_Elector_Counts_Panel_Open	UI_POPUP_DLC13_Emp_Summon_The_Elector_Counts_Panel_Close		true	true
UI_CAM_HUD_DLC13_Event_Incident_Dilemma_Confirm	GBL_UI_Click_Large_Down	UI_CLICK_DLC13_Emp_Event_Incident_Dilemma_Confirm		UI_MSO_Generic_Medium			UI_CLICK_DLC13_Emp_Event_Incident_Dilemma_Confirm	UI_CLICK_DLC13_Emp_Event_Incident_Dilemma_Confirm				true	true
UI_CAM_HUD_DLC13_Recruit_Hunter_Confirm	GBL_UI_Click_Large_Down	UI_CLICK_DLC13_Emp_Recruit_Hunter_Confirm		UI_MSO_Generic_Medium			UI_CLICK_DLC13_Emp_Recruit_Hunter_Confirm	UI_CLICK_DLC13_Emp_Recruit_Hunter_Confirm				true	true
UI_CAM_HUD_DLC13_Summon_The_Elector_Counts_Confirm	GBL_UI_Click_Large_Down	UI_CLICK_DLC13_Emp_Summon_The_Elector_Counts_Confirm		UI_MSO_Generic_Medium			UI_CLICK_DLC13_Emp_Summon_The_Elector_Counts_Confirm	UI_CLICK_DLC13_Emp_Summon_The_Elector_Counts_Confirm				true	true
UI_CAM_HUD_DLC13_Temple_Of_The_Old_Ones_Buy_Unit	GBL_UI_Click_Large_Down	UI_CLICK_DLC13_Lzd_Temple_Of_Old_Ones_Purchase_Unit		UI_MSO_Generic_Medium			UI_CLICK_DLC13_Lzd_Temple_Of_Old_Ones_Purchase_Unit	UI_CLICK_DLC13_Lzd_Temple_Of_Old_Ones_Purchase_Unit				true	true
UI_CAM_HUD_DLC13_Temple_Of_The_Old_Ones_Panel									UI_POPUP_DLC13_Lzd_Temple_Of_The_Old_Ones_Panel_Open	UI_POPUP_DLC13_Lzd_Temple_Of_The_Old_Ones_Panel_Close		true	true
UI_CAM_HUD_DLC13_Wulfhearts_Hunters_Panel									UI_POPUP_DLC13_Emp_Wulfharts_Hunters_Panel_Open	UI_POPUP_DLC13_Emp_Wulfharts_Hunters_Panel_Close		true	true
UI_CAM_HUD_DLC14_Malus_Insanity_Btn	GBL_UI_Click_Small_Down	UI_CLICK_DLC14_Shadow_Malus_Posession_Insanity_Activate		UI_MSO_Generic_Small			UI_CLICK_DLC14_Shadow_Malus_Posession_Insanity_Activate	UI_CLICK_DLC14_Shadow_Malus_Posession_Insanity_Activate				true	true
UI_CAM_HUD_DLC14_Malus_Posession_Elixir_Btn	GBL_UI_Click_Small_Down	UI_CLICK_DLC14_Shadow_Malus_Posession_Elixir_Activate		UI_MSO_Generic_Small			UI_CLICK_DLC14_Shadow_Malus_Posession_Elixir_Activate	UI_CLICK_DLC14_Shadow_Malus_Posession_Elixir_Activate				true	true
UI_CAM_HUD_DLC14_Snikch_Shadowy_Dealings_Agent_Select	GBL_UI_Click_Small_Down	UI_CLICK_DLC14_Shadow_Snikch_Shadowy_Dealings_Agent_Select		UI_MSO_Generic_Small			UI_CLICK_DLC14_Shadow_Snikch_Shadowy_Dealings_Agent_Select	UI_CLICK_DLC14_Shadow_Snikch_Shadowy_Dealings_Agent_Select				true	true
UI_CAM_HUD_DLC14_Snikch_Shadowy_Dealings_Close	GBL_UI_Click_Small_Down	UI_CAM_POPUP_DLC14_Shadowy_Dealings_Panel_Close		UI_MSO_Generic_Small			UI_CAM_POPUP_DLC14_Shadowy_Dealings_Panel_Close	UI_CAM_POPUP_DLC14_Shadowy_Dealings_Panel_Close				true	true
UI_CAM_HUD_DLC14_Snikch_Shadowy_Dealings_Confirm	GBL_UI_Click_Small_Down	UI_CLICK_DLC14_Shadow_Snikch_Shadowy_Dealings_Confirm		UI_MSO_Generic_Small			UI_CLICK_DLC14_Shadow_Snikch_Shadowy_Dealings_Confirm	UI_CLICK_DLC14_Shadow_Snikch_Shadowy_Dealings_Confirm				true	true
UI_CAM_HUD_DLC14_Snikch_Shadowy_Dealings_Contract_Select	GBL_UI_Click_Small_Down	UI_CLICK_DLC14_Shadow_Snikch_Shadowy_Dealings_Contract_Select		UI_MSO_Generic_Small			UI_CLICK_DLC14_Shadow_Snikch_Shadowy_Dealings_Contract_Select	UI_CLICK_DLC14_Shadow_Snikch_Shadowy_Dealings_Contract_Select				true	true
UI_CAM_HUD_DLC14_Snikch_Shadowy_Dealings_Mission_Select	GBL_UI_Click_Small_Down	UI_CLICK_DLC14_Shadow_Snikch_Shadowy_Dealings_Mission_Select		UI_MSO_Generic_Small			UI_CLICK_DLC14_Shadow_Snikch_Shadowy_Dealings_Mission_Select	UI_CLICK_DLC14_Shadow_Snikch_Shadowy_Dealings_Mission_Select				true	true
UI_CAM_HUD_DLC14_Snikch_Shadowy_Dealings_Targeting_Select	GBL_UI_Click_Small_Down	UI_CLICK_DLC14_Shadow_Snikch_Shadowy_Dealings_Targeting_Confirm		UI_MSO_Generic_Small			UI_CLICK_DLC14_Shadow_Snikch_Shadowy_Dealings_Targeting_Confirm	UI_CLICK_DLC14_Shadow_Snikch_Shadowy_Dealings_Targeting_Confirm				true	true
UI_CAM_HUD_DLC15_Athel_Tamarha_Confirm	GBL_UI_Click_Small_Down	UI_POPUP_DLC15_HighElves_Athel_Tamarha_Panel_Confirm		UI_MSO_Generic_Small			UI_POPUP_DLC15_HighElves_Athel_Tamarha_Panel_Confirm	UI_POPUP_DLC15_HighElves_Athel_Tamarha_Panel_Confirm				true	true
UI_CAM_HUD_DLC15_Athel_Tamarha_Outer_Ring_Select	GBL_UI_Click_Small_Down	UI_POPUP_DLC15_HighElves_Athel_Tamarha_Panel_Outer_Ring_Select		UI_MSO_Generic_Small			UI_POPUP_DLC15_HighElves_Athel_Tamarha_Panel_Outer_Ring_Select	UI_POPUP_DLC15_HighElves_Athel_Tamarha_Panel_Outer_Ring_Select				true	true
UI_CAM_HUD_DLC15_Athel_Tamarha_Prisoner_Execute	GBL_UI_Click_Small_Down	UI_POPUP_DLC15_HighElves_Athel_Tamarha_Panel_Prisoner_Execute		UI_MSO_Generic_Small			UI_POPUP_DLC15_HighElves_Athel_Tamarha_Panel_Prisoner_Execute	UI_POPUP_DLC15_HighElves_Athel_Tamarha_Panel_Prisoner_Execute				true	true
UI_CAM_HUD_DLC15_Athel_Tamarha_Prisoner_Indoctrinate	GBL_UI_Click_Small_Down	UI_POPUP_DLC15_HighElves_Athel_Tamarha_Panel_Prisoner_Indoctrinate		UI_MSO_Generic_Small			UI_POPUP_DLC15_HighElves_Athel_Tamarha_Panel_Prisoner_Indoctrinate	UI_POPUP_DLC15_HighElves_Athel_Tamarha_Panel_Prisoner_Indoctrinate				true	true
UI_CAM_HUD_DLC15_Athel_Tamarha_Prisoner_Interrogate	GBL_UI_Click_Small_Down	UI_POPUP_DLC15_HighElves_Athel_Tamarha_Panel_Prisoner_Interrogate		UI_MSO_Generic_Small			UI_POPUP_DLC15_HighElves_Athel_Tamarha_Panel_Prisoner_Interrogate	UI_POPUP_DLC15_HighElves_Athel_Tamarha_Panel_Prisoner_Interrogate				true	true
UI_CAM_HUD_DLC15_Athel_Tamarha_Prisoner_Select	GBL_UI_Click_Small_Down	UI_POPUP_DLC15_HighElves_Athel_Tamarha_Panel_Prisoner_Select		UI_MSO_Generic_Small			UI_POPUP_DLC15_HighElves_Athel_Tamarha_Panel_Prisoner_Select	UI_POPUP_DLC15_HighElves_Athel_Tamarha_Panel_Prisoner_Select				true	true
UI_CAM_HUD_DLC15_Athel_Tamarha_Prisoner_Select_Empty	GBL_UI_Click_Small_Down	UI_POPUP_DLC15_HighElves_Athel_Tamarha_Panel_Prisoner_Select_Empty		UI_MSO_Generic_Small			UI_POPUP_DLC15_HighElves_Athel_Tamarha_Panel_Prisoner_Select_Empty	UI_POPUP_DLC15_HighElves_Athel_Tamarha_Panel_Prisoner_Select_Empty				true	true
UI_CAM_HUD_DLC15_Athel_Tamarha_Upgrade_Purchase	GBL_UI_Click_Small_Down	UI_POPUP_DLC15_HighElves_Athel_Tamarha_Panel_Upgrade_Purchase		UI_MSO_Generic_Small			UI_POPUP_DLC15_HighElves_Athel_Tamarha_Panel_Upgrade_Purchase	UI_POPUP_DLC15_HighElves_Athel_Tamarha_Panel_Upgrade_Purchase				true	true
UI_CAM_HUD_DLC15_Greenskins_Scrap_Upgrade_Purchase	GBL_UI_Click_Small_Down	UI_Click_DLC15_Greenskins_Unit_Upgrade_Purchase		UI_MSO_Generic_Small			UI_Click_DLC15_Greenskins_Unit_Upgrade_Purchase	UI_Click_DLC15_Greenskins_Unit_Upgrade_Purchase				true	true
UI_CAM_HUD_DLC15_Groms_Call_To_Waaagh_Activate_Button	GBL_UI_Click_Small_Down	UI_Click_DLC15_Greenskins_Groms_Call_To_Waaagh_Activate		UI_MSO_Generic_Small			UI_Click_DLC15_Greenskins_Groms_Call_To_Waaagh_Activate	UI_Click_DLC15_Greenskins_Groms_Call_To_Waaagh_Activate				true	true
UI_CAM_HUD_DLC15_Groms_Call_To_Waaagh_Dedicate_Button	GBL_UI_Click_Small_Down	UI_Click_DLC15_Greenskins_Groms_Call_To_Waaagh_Dedicate		UI_MSO_Generic_Small			UI_Click_DLC15_Greenskins_Groms_Call_To_Waaagh_Dedicate	UI_Click_DLC15_Greenskins_Groms_Call_To_Waaagh_Dedicate				true	true
UI_CAM_HUD_DLC15_Groms_Cauldron_Button	GBL_UI_Click_Small_Down	UI_Click_Generic_Small		UI_MSO_Generic_Small		UI_Click_Generic_Small	UI_CLICK_GBL_Selection_Unavailible					true	true
UI_CAM_HUD_DLC15_Groms_Cauldron_Button_Remove	GBL_UI_Click_Small_Down	UI_Click_Generic_Small	UI_POPUP_DLC15_Greenskins_Groms_Cauldron_Panel_Button_Remove	UI_MSO_Generic_Small		UI_Click_Generic_Small	UI_POPUP_DLC15_Greenskins_Groms_Cauldron_Panel_Button_Add					true	true
UI_CAM_HUD_DLC15_Groms_Cauldron_Cook	GBL_UI_Click_Small_Down	UI_POPUP_DLC15_Greenskins_Groms_Cauldron_Panel_Cook		UI_MSO_Generic_Small			UI_POPUP_DLC15_Greenskins_Groms_Cauldron_Panel_Cook	UI_POPUP_DLC15_Greenskins_Groms_Cauldron_Panel_Cook				true	true
UI_CAM_HUD_DLC15_Groms_Cauldron_Recipe_Book_Close	GBL_UI_Click_Small_Down	UI_POPUP_DLC15_Greenskins_Groms_Cauldron_Panel_Recipe_Book_Close		UI_MSO_Generic_Small			UI_POPUP_DLC15_Greenskins_Groms_Cauldron_Panel_Recipe_Book_Close	UI_POPUP_DLC15_Greenskins_Groms_Cauldron_Panel_Recipe_Book_Close				true	true
UI_CAM_HUD_DLC15_Groms_Cauldron_Recipe_Book_Open	GBL_UI_Click_Small_Down	UI_POPUP_DLC15_Greenskins_Groms_Cauldron_Panel_Recipe_Book_Open		UI_MSO_Generic_Small			UI_POPUP_DLC15_Greenskins_Groms_Cauldron_Panel_Recipe_Book_Open	UI_POPUP_DLC15_Greenskins_Groms_Cauldron_Panel_Recipe_Book_Open				true	true
UI_CAM_HUD_DLC20_War_Coordination_Accept_Mission	GBL_UI_Click_Small_Down	UI_CAM_HUD_WoC_DLC20_War_Coordination_Accept_Mission		UI_MSO_Generic_Small		UI_CAM_HUD_WoC_DLC20_War_Coordination_Accept_Mission	UI_CAM_HUD_WoC_DLC20_War_Coordination_Accept_Mission					true	true
UI_CAM_HUD_DLC20_War_Coordination_Close	GBL_UI_Click_Small_Down	UI_CAM_HUD_WoC_DLC20_War_Coordination_Close_Button		UI_MSO_Generic_Small		UI_CAM_HUD_WoC_DLC20_War_Coordination_Close_Button	UI_CAM_HUD_WoC_DLC20_War_Coordination_Close_Button					true	true
UI_CAM_HUD_DLC20_War_Coordination_Construct_Outpost	GBL_UI_Click_Small_Down	UI_CAM_HUD_WoC_DLC20_War_Coordination_Construct_Outpost		UI_MSO_Generic_Small		UI_CAM_HUD_WoC_DLC20_War_Coordination_Construct_Outpost	UI_CAM_HUD_WoC_DLC20_War_Coordination_Construct_Outpost					true	true
UI_CAM_HUD_DLC20_War_Coordination_Destroy_Outpost	GBL_UI_Click_Small_Down	UI_CAM_HUD_WoC_DLC20_War_Coordination_Destroy_Outpost		UI_MSO_Generic_Small		UI_CAM_HUD_WoC_DLC20_War_Coordination_Destroy_Outpost	UI_CAM_HUD_WoC_DLC20_War_Coordination_Destroy_Outpost					true	true
UI_CAM_HUD_DLC20_War_Coordination_Move_Outpost	GBL_UI_Click_Small_Down	UI_CAM_HUD_WoC_DLC20_War_Coordination_Move_Outpost		UI_MSO_Generic_Small		UI_CAM_HUD_WoC_DLC20_War_Coordination_Move_Outpost	UI_CAM_HUD_WoC_DLC20_War_Coordination_Move_Outpost					true	true
UI_CAM_HUD_DLC20_War_Coordination_Panel									UI_CAM_HUD_WoC_DLC20_War_Coordination_Panel_Open	UI_CAM_HUD_WoC_DLC20_War_Coordination_Panel_Close		true	false
UI_CAM_HUD_DLC20_War_Coordination_Request_Army	GBL_UI_Click_Small_Down	UI_CAM_HUD_WoC_DLC20_War_Coordination_Request_Army		UI_MSO_Generic_Small		UI_CAM_HUD_WoC_DLC20_War_Coordination_Request_Army	UI_CAM_HUD_WoC_DLC20_War_Coordination_Request_Army					true	true
UI_CAM_HUD_DLC20_Warband_Filter_Khorne	GBL_UI_Click_Small_Down	UI_CAM_HUD_WoC_DLC20_Warband_Panel_Filter_Khorne		UI_MSO_Generic_Small		UI_CAM_HUD_WoC_DLC20_Warband_Panel_Filter_Khorne	UI_CAM_HUD_WoC_DLC20_Warband_Panel_Filter_Khorne					true	true
UI_CAM_HUD_DLC20_Warband_Filter_Nurgle	GBL_UI_Click_Small_Down	UI_CAM_HUD_WoC_DLC20_Warband_Panel_Filter_Nurgle		UI_MSO_Generic_Small		UI_CAM_HUD_WoC_DLC20_Warband_Panel_Filter_Nurgle	UI_CAM_HUD_WoC_DLC20_Warband_Panel_Filter_Nurgle					true	true
UI_CAM_HUD_DLC20_Warband_Filter_Slaanesh	GBL_UI_Click_Small_Down	UI_CAM_HUD_WoC_DLC20_Warband_Panel_Filter_Slaanesh		UI_MSO_Generic_Small		UI_CAM_HUD_WoC_DLC20_Warband_Panel_Filter_Slaanesh	UI_CAM_HUD_WoC_DLC20_Warband_Panel_Filter_Slaanesh					true	true
UI_CAM_HUD_DLC20_Warband_Filter_Tzeentch	GBL_UI_Click_Small_Down	UI_CAM_HUD_WoC_DLC20_Warband_Panel_Filter_Tzeentch		UI_MSO_Generic_Small		UI_CAM_HUD_WoC_DLC20_Warband_Panel_Filter_Tzeentch	UI_CAM_HUD_WoC_DLC20_Warband_Panel_Filter_Tzeentch					true	true
UI_CAM_HUD_DLC20_Warband_Filter_Undivided	GBL_UI_Click_Small_Down	UI_CAM_HUD_WoC_DLC20_Warband_Panel_Filter_Undivided		UI_MSO_Generic_Small		UI_CAM_HUD_WoC_DLC20_Warband_Panel_Filter_Undivided	UI_CAM_HUD_WoC_DLC20_Warband_Panel_Filter_Undivided					true	true
UI_CAM_HUD_DLC20_Warband_Panel									UI_CAM_HUD_WoC_DLC20_Warband_Panel_Open	UI_CAM_HUD_WoC_DLC20_Warband_Panel_Close		true	true
UI_CAM_HUD_DLC20_Warband_Upgrade_Unit	GBL_UI_Click_Small_Down	UI_CAM_HUD_WoC_DLC20_Warband_Panel_Upgrade		UI_MSO_Generic_Small		UI_CAM_HUD_WoC_DLC20_Warband_Panel_Upgrade	UI_CAM_HUD_WoC_DLC20_Warband_Panel_Upgrade					true	true
UI_CAM_HUD_DLC23_CHD_Hell_Forge_Panel									UI_CAM_HUD_DLC23_CHD_Hell_Forge_Panel_Open	UI_CAM_HUD_DLC23_CHD_Hell_Forge_Panel_Close		true	false
UI_CAM_HUD_DLC23_CHD_Labour_Economy									UI_CAM_HUD_DLC23_CHD_Labour_Economy_Open	UI_CAM_HUD_DLC23_CHD_Labour_Economy_Close		true	true
UI_CAM_HUD_DLC23_CHD_Military_Convoys_Panel									UI_CAM_HUD_DLC23_CHD_Military_Convoys_Panel_Open	UI_CAM_HUD_DLC23_CHD_Military_Convoys_Panel_Close		true	false
UI_CAM_HUD_DLC23_CHD_Relics_Panel									UI_CAM_HUD_DLC23_CHD_Relics_Panel_Open	UI_CAM_HUD_DLC23_CHD_Relics_Panel_Close		true	false
UI_CAM_HUD_DLC23_CHD_Tower_Of_Zharr_Panel									UI_CAM_HUD_DLC23_CHD_Tower_Of_Zharr_Panel_Open	UI_CAM_HUD_DLC23_CHD_Tower_Of_Zharr_Panel_Close		true	false
UI_CAM_HUD_DLC23_Event_Incident_Dilemma_Confirm	GBL_UI_Click_Large_Down	UI_CLICK_DLC13_Emp_Event_Incident_Dilemma_Confirm		UI_MSO_Generic_Medium			UI_CLICK_DLC13_Emp_Event_Incident_Dilemma_Confirm	UI_CLICK_DLC13_Emp_Event_Incident_Dilemma_Confirm				true	true
UI_CAM_HUD_DLC23_Panel_End_Game_Portal									UI_CAM_HUD_DLC23_CHD_End_Game_Portal_Panel_Open	UI_CAM_HUD_DLC23_CHD_End_Game_Portal_Panel_Closed		true	true
UI_CAM_HUD_DLC23_Panel_End_Game_Portal_Traverse	GBL_UI_Click_Small_Down	UI_CAM_HUD_DLC23_CHD_End_Game_Portal_Panel_Traverse										true	true
UI_CAM_HUD_DLC24_Tzeentch_Eye_Click	GBL_UI_Click_Small_Down	UI_CAM_HUD_WoC_DLC20_Chaos_Gifts_Tzeentch_Eye_Blink_Oneshot										true	true
UI_CAM_HUD_DLC25_DWF_BookOfGrudges_Close	GBL_UI_Click_Small_Down	UI_CAM_DWF_BookOfGrudges_Close		UI_MSO_Generic_Small			UI_CLICK_Generic_Text_Small	UI_CLICK_Generic_Text_Small				true	true
UI_CAM_HUD_DLC25_DWF_BookOfGrudges_Open	GBL_UI_Click_Small_Down	UI_CAM_DWF_BookOfGrudges_Open		UI_MSO_Generic_Small								true	true
UI_CAM_HUD_DLC25_DWF_BookOfGrudges_PageTurn	GBL_UI_Click_Small_Down	UI_CAM_DWF_BookOfGrudges_UnitPack_Page_Turn		UI_MSO_Generic_Small								true	true
UI_CAM_HUD_DLC25_DWF_BookOfGrudges_Panel_State									UI_CAM_EMP_BookOfGrudges_Panel_Open	UI_CAM_EMP_BookOfGrudges_Panel_Close		true	true
UI_CAM_HUD_DLC25_DWF_BookOfGrudges_PurchaseConfederation	GBL_UI_Click_Small_Down	UI_CAM_DWF_BookOfGrudges_Purchase_Confederation										true	true
UI_CAM_HUD_DLC25_DWF_BookOfGrudges_PurchaseUnit	GBL_UI_Click_Small_Down	UI_CAM_DWF_BookOfGrudges_Purchase_Unit										true	true
UI_CAM_HUD_DLC25_DWF_IronAndSteel_FinalMission	GBL_UI_Click_Small_Down	UI_CAM_DWF_IronAndSteel_FinalMission										true	true
UI_CAM_HUD_DLC25_DWF_IronAndSteel_Panel_Close	GBL_UI_Click_Small_Down	UI_CAM_DWF_IronAndSteel_Panel_Close										true	true
UI_CAM_HUD_DLC25_DWF_IronAndSteel_Panel_Open	GBL_UI_Click_Small_Down	UI_CAM_DWF_IronAndSteel_Panel_Open										true	true
UI_CAM_HUD_DLC25_DWF_IronAndSteel_Panel_SidePanel	GBL_UI_Click_Small_Down	UI_CAM_DWF_IronAndSteel_Panel_SidePanel										true	true
UI_CAM_HUD_DLC25_DWF_IronAndSteel_Panel_SidePanelLocked	GBL_UI_Click_Small_Down	UI_CAM_DWF_IronAndSteel_Panel_SidePanel_Locked										true	true
UI_CAM_HUD_DLC25_DWF_IronAndSteel_StartAdventure	GBL_UI_Click_Small_Down	UI_CAM_DWF_IronAndSteel_StartAdventure										true	true
UI_CAM_HUD_DLC25_DWF_IronAndSteel_Teleport	GBL_UI_Click_Large_Down	UI_CAM_DWF_IronAndSteel_Teleport		UI_MSO_Generic_Medium								true	true
UI_CAM_HUD_DLC25_DWF_IronAndSteel_TopSelect	GBL_UI_Click_Small_Down	UI_CAM_DWF_IronAndSteel_TopSelect										true	true
UI_CAM_HUD_DLC25_DWF_SpiritOfGrugni	GBL_UI_Click_Small_Down	UI_CAM_DWF_SpiritOfGrugni										true	true
UI_CAM_HUD_DLC25_Dwarf_Forge_Panel									UI_CAM_DLC25_Dwarf_Forge_Panel_Open	UI_CAM_DLC25_Dwarf_Forge_Panel_Close		true	true
UI_CAM_HUD_DLC25_EMP_CollegeOfMagic_AvailableActions	GBL_UI_Click_Small_Down	UI_CAM_EMP_CollegeOfMagic_AvailableActions										true	true
UI_CAM_HUD_DLC25_EMP_CollegeOfMagic_Close	GBL_UI_Click_Small_Down	UI_CAM_EMP_CollegeOfMagic_Close										true	true
UI_CAM_HUD_DLC25_EMP_CollegeOfMagic_Open	GBL_UI_Click_Small_Down	UI_CAM_EMP_CollegeOfMagic_Open										true	true
UI_CAM_HUD_DLC25_EMP_CollegeOfMagic_Perform	GBL_UI_Click_Small_Down	UI_CAM_EMP_CollegeOfMagic_Perform										true	true
UI_CAM_HUD_DLC25_EMP_CollegeOfMagic_SpellSchools	GBL_UI_Click_Small_Down	UI_CAM_EMP_CollegeOfMagic_Spell_Schools										true	true
UI_CAM_HUD_DLC25_EMP_CollegeOfMagic_Unlocks	GBL_UI_Click_Small_Down	UI_CAM_EMP_CollegeOfMagic_Unlocks										true	true
UI_CAM_HUD_DLC25_EMP_ElectoralMachinations_Actions	GBL_UI_Click_Small_Down	UI_CAM_EMP_ElectoralMachinations_Actions										true	true
UI_CAM_HUD_DLC25_EMP_ElectoralMachinations_Close	GBL_UI_Click_Small_Down	UI_CAM_EMP_ElectoralMachinations_Close										true	true
UI_CAM_HUD_DLC25_EMP_ElectoralMachinations_Diplomatic_Decree	GBL_UI_Click_Small_Down	UI_CAM_EMP_ElectoralMachinations_Diplomatic_Decree										true	true
UI_CAM_HUD_DLC25_EMP_ElectoralMachinations_Diplomatic_Open	GBL_UI_Click_Small_Down	UI_CAM_EMP_ElectoralMachinations_Open										true	true
UI_CAM_HUD_DLC25_EMP_ElectoralMachinations_Perfom	GBL_UI_Click_Small_Down	UI_CAM_EMP_ElectoralMachinations_Perform										true	true
UI_CAM_HUD_DLC25_EMP_GardenOfMorr_Close	GBL_UI_Click_Small_Down	WH3_DLC25_UI_CAM_GardenOfMorr_Close										true	true
UI_CAM_HUD_DLC25_EMP_GardenOfMorr_Elspeth_Army_Travel	GBL_UI_Click_Small_Down	WH3_DLC25_UI_CAM_GardenOfMorr_Elspeth_Army_Travel										true	true
UI_CAM_HUD_DLC25_EMP_GardenOfMorr_Garden_Construct	GBL_UI_Click_Small_Down	WH3_DLC25_UI_CAM_GardenOfMorr_Garden_Construct										true	true
UI_CAM_HUD_DLC25_EMP_GardenOfMorr_Garden_Destroy	GBL_UI_Click_Small_Down	WH3_DLC25_UI_CAM_GardenOfMorr_Garden_Destroy										true	true
UI_CAM_HUD_DLC25_EMP_GardenOfMorr_Garden_Open	GBL_UI_Click_Small_Down	WH3_DLC25_UI_CAM_GardenOfMorr_Open		UI_MSO_Generic_Small								true	true
UI_CAM_HUD_DLC25_EMP_GardenOfMorr_Garden_Select	GBL_UI_Click_Small_Down	WH3_DLC25_UI_CAM_GardenOfMorr_Garden_Select										true	true
UI_CAM_HUD_DLC25_EMP_GardenOfMorr_Panel_State									UI_CAM_EMP_GardenOfMorr_Panel_Open	UI_CAM_EMP_GardenOfMorr_Panel_Close		true	true
UI_CAM_HUD_DLC25_EMP_GardenOfMorr_Tower_Select	GBL_UI_Click_Small_Down	WH3_DLC25_UI_CAM_GardenOfMorr_Tower_Select										true	true
UI_CAM_HUD_DLC25_EMP_GardenOfMorr_Zoom_Open_Panel	GBL_UI_Click_Small_Down	WH3_DLC25_UI_CAM_GardenOfMorr_Zoom_Open_Panel										true	true
UI_CAM_HUD_DLC25_EMP_GunnerySchool_Amethist_Page	GBL_UI_Click_Medium_Down	UI_CAM_EMP_GunnerySchool_Amethist_Page		UI_MSO_Generic_Small								true	true
UI_CAM_HUD_DLC25_EMP_GunnerySchool_Amethist_Purchase	GBL_UI_Click_Medium_Down	UI_CAM_EMP_GunnerySchool_Amethist_Armoury_Purchase		UI_MSO_Generic_Small								true	true
UI_CAM_HUD_DLC25_EMP_GunnerySchool_Amethist_Unit_Select	GBL_UI_Click_Medium_Down	UI_CAM_EMP_GunnerySchool_Amethist_Unit_Select		UI_MSO_Generic_Small								true	true
UI_CAM_HUD_DLC25_EMP_GunnerySchool_Amethist_Upgrade	GBL_UI_Click_Medium_Down	UI_CAM_EMP_GunnerySchool_Amethist_Upgrade		UI_MSO_Generic_Small								true	true
UI_CAM_HUD_DLC25_EMP_GunnerySchool_Close	GBL_UI_Click_Medium_Down	UI_CAM_EMP_GunnerySchool_Close										true	true
UI_CAM_HUD_DLC25_EMP_GunnerySchool_Open	GBL_UI_Click_Medium_Down	UI_CAM_EMP_GunnerySchool_Open		UI_MSO_Generic_Small								true	true
UI_CAM_HUD_DLC25_EMP_GunnerySchool_Page	GBL_UI_Click_Medium_Down	UI_CAM_EMP_GunnerySchool_Gunnery_Page										true	true
UI_CAM_HUD_DLC25_EMP_GunnerySchool_Panel_State									UI_CAM_EMP_GunnerySchool_Panel_Open	UI_CAM_EMP_GunnerySchool_Panel_Close		true	true
UI_CAM_HUD_DLC25_EMP_GunnerySchool_Restock	GBL_UI_Click_Medium_Down	UI_CAM_EMP_GunnerySchool_Gunnery_Restock		UI_MSO_Generic_Small								true	true
UI_CAM_HUD_DLC25_EMP_GunnerySchool_Upgrade	GBL_UI_Click_Medium_Down	UI_CAM_EMP_GunnerySchool_Gunnery_Upgrade		UI_MSO_Generic_Small								true	true
UI_CAM_HUD_DLC25_EMP_GunnerySchool_WeaponHover	GBL_UI_Click_Medium_Down	UI_CAM_EMP_GunnerySchool_Weapon_Hover		UI_MSO_Generic_Small								true	true
UI_CAM_HUD_DLC25_EMP_GunnerySchool_WeaponSelect	GBL_UI_Click_Medium_Down	UI_CAM_EMP_GunnerySchool_Weapon_Select		UI_CAM_EMP_GunnerySchool_Weapon_Hover								true	true
UI_CAM_HUD_DLC25_NUR_Plagues_Click_Generic	GBL_UI_Click_Small_Down	UI_CAM_NUR_Plagues_Click_Generic										true	true
UI_CAM_HUD_DLC25_NUR_TamurkhansChieftains_Activate	GBL_UI_Click_Small_Down	UI_CAM_NUR_TamurkhansChieftains_Activate		UI_MSO_Generic_Small								true	true
UI_CAM_HUD_DLC25_NUR_TamurkhansChieftains_Close	GBL_UI_Click_Small_Down	UI_CAM_NUR_TamurkhansChieftains_Close		UI_MSO_Generic_Small								true	true
UI_CAM_HUD_DLC25_NUR_TamurkhansChieftains_Devote	GBL_UI_Click_Small_Down	UI_CAM_NUR_TamurkhansChieftains_Devote		UI_MSO_Generic_Small								true	true
UI_CAM_HUD_DLC25_NUR_TamurkhansChieftains_GrantBoon	GBL_UI_Click_Small_Down	UI_CAM_NUR_TamurkhansChieftains_GrantBoon		UI_MSO_Generic_Small								true	true
UI_CAM_HUD_DLC25_NUR_TamurkhansChieftains_Open	GBL_UI_Click_Small_Down	UI_CAM_NUR_TamurkhansChieftains_Open		UI_MSO_Generic_Small								true	true
UI_CAM_HUD_DLC25_NUR_TamurkhansChieftains_Purchase	GBL_UI_Click_Small_Down	UI_CAM_NUR_TamurkhansChieftains_Purchase		UI_MSO_Generic_Small								true	true
UI_CAM_HUD_DLC25_NUR_TamurkhansChieftains_SidePanelLocked	GBL_UI_Click_Small_Down	UI_CAM_NUR_TamurkhansChieftains_SidePanelLocked		UI_MSO_Generic_Small								true	true
UI_CAM_HUD_DLC25_NUR_TamurkhansChieftains_SidePanelSelect	GBL_UI_Click_Small_Down	UI_CAM_NUR_TamurkhansChieftains_SidePanelSelect		UI_MSO_Generic_Small								true	true
UI_CAM_HUD_DLC25_NUR_TamurkhansChieftains_Unlock	GBL_UI_Click_Small_Down	UI_CAM_NUR_TamurkhansChieftains_Unlock		UI_MSO_Generic_Small								true	true
UI_CAM_HUD_DLC25_Nemesis_Crown				UI_CAM_Nemesis_Crown_Hover	UI_CAM_Nemesis_Crown_Hover_End							true	true
UI_CAM_HUD_DLC25_Nemesis_Crown_Close	GBL_UI_Click_Small_Down	UI_CAM_Nemesis_Crown_Select_Close										true	true
UI_CAM_HUD_DLC25_Panel_State_Dark									UI_CAM_DLC25_Panel_Open_Dark	UI_CAM_DLC25_Panel_Close_Dark		true	true
UI_CAM_HUD_DLC25_Panel_State_Light									UI_CAM_DLC25_Panel_Open_Light	UI_CAM_DLC25_Panel_Close_Light		true	true
UI_CAM_HUD_DLC26_Greenskins_Scrap_Upgrades_Panel									UI_CAM_HUD_Greenskins_Scrap_Upgrades_Open	UI_CAM_HUD_Greenskins_Scrap_Upgrades_Close		true	true
UI_CAM_HUD_DLC26_Khorne_Cloak_Of_Skulls_Panel									UI_CAM_HUD_Khorne_Cloak_Of_Skulls_Panel_Open	UI_CAM_HUD_Khorne_Cloak_Of_Skulls_Panel_Close		true	true
UI_CAM_HUD_DLC26_Khorne_Wrath_Of_Khorne_Panel									UI_CAM_HUD_Khorne_Wrath_Of_Khorne_Panel_Open	UI_CAM_HUD_Khorne_Wrath_Of_Khorne_Panel_Close		true	true
UI_CAM_HUD_DLC26_Ogres_Meat_Transfer_Panel									UI_CAM_HUD_Ogres_Meat_Panel_Open	UI_CAM_HUD_Ogres_Meat_Panel_Close		true	true
UI_CAM_HUD_DLC26_Ogres_Tyrants_Demands_Panel									UI_CAM_HUD_Ogres_Tyrants_Demands_Panel_Open	UI_CAM_HUD_Ogres_Tyrants_Demands_Panel_Close		true	true
UI_CAM_HUD_DLC26_Ogres_War_Contracts_Panel									UI_CAM_HUD_Ogres_War_Contracts_Panel_Open	UI_CAM_HUD_Ogres_War_Contracts_Panel_Close		true	true
UI_CAM_HUD_DLC27_Book_Of_Generic_Panel									UI_CAM_Fullscreen_Book_Of_Generic_Open	UI_CAM_Fullscreen_Book_Of_Generic_Close		true	true
UI_CAM_HUD_DLC27_HEF_Asur_Domination_Panel									UI_CAM_HUD_Hef_Asur_Domination_Panel_Open	UI_CAM_HUD_Hef_Asur_Domination_Panel_Close		true	true
UI_CAM_HUD_DLC27_HEF_Intrigue_At_Court_Panel									UI_CAM_HUD_Hef_Intrigue_At_Court_Panel_Open	UI_CAM_HUD_Hef_Intrigue_At_Court_Panel_Close		true	true
UI_CAM_HUD_DLC27_HEF_Secrets_Of_The_White_Tower_Panel									UI_CAM_HEF_Secrets_Of_The_White_Tower_Open	UI_CAM_HEF_Secrets_Of_The_White_Tower_Close		true	true
UI_CAM_HUD_DLC27_HEF_Valiant_Imperatives_Panel									UI_CAM_HUD_Hef_Valiant_Imperatives_Panel_Open	UI_CAM_HUD_Hef_Valiant_Imperatives_Panel_Close		true	true
UI_CAM_HUD_DLC27_NOR_Manipulations_Panel									UI_CAM_NOR_Sayl_Manipulations_Open	UI_CAM_NOR_Sayl_Manipulations_Close		true	true
UI_CAM_HUD_DLC27_NOR_Seafang_Panel									UI_CAM_HUD_NOR_Seafang_Panel_Open	UI_CAM_HUD_NOR_Seafang_Panel_Close		true	true
UI_CAM_HUD_DLC27_SLA_Eternal_Dance_Attribute_Confirm_Button	GBL_UI_Click_Large_Down	UI_CAM_Button_Sla_Eternal_Dance_Attribute_Confirm_Button		UI_MSO_Generic_Medium				UI_CAM_Button_Sla_Eternal_Dance_Attribute_Confirm_Button				true	true
UI_CAM_HUD_DLC27_SLA_Eternal_Dance_Perform_Dance_Button	GBL_UI_Click_Large_Down	UI_CAM_Button_Sla_Eternal_Dance_Perform_Dance_Button		UI_MSO_Generic_Medium				UI_CAM_Button_Sla_Eternal_Dance_Perform_Dance_Button				true	true
UI_CAM_HUD_DLC27_SLA_Marks_Of_Cruelty_Imports_Button	GBL_UI_Click_Large_Down	UI_CAM_Button_Sla_Marks_Of_Cruelty_Imports_Button		UI_MSO_Generic_Medium				UI_CAM_Button_Sla_Marks_Of_Cruelty_Imports_Button				true	true
UI_CAM_HUD_DLC27_SLA_Marks_Of_Cruelty_Panel								UI_CAM_HUD_Sla_Marks_Of_Cruelty_Panel_Close	UI_CAM_HUD_Sla_Marks_Of_Cruelty_Panel_Open	UI_CAM_HUD_Sla_Marks_Of_Cruelty_Panel_Close		true	true
UI_CAM_HUD_DLC27_SLA_Marks_Of_Cruelty_Purchase_Button	GBL_UI_Click_Large_Down	UI_CAM_Button_Sla_Marks_Of_Cruelty_Purchase_Button		UI_MSO_Generic_Medium				UI_CAM_Button_Sla_Marks_Of_Cruelty_Purchase_Button				true	true
UI_CAM_HUD_DLC27_SLA_Marks_Of_Cruelty_Upgrade_Button	GBL_UI_Click_Large_Down	UI_CAM_Button_Sla_Marks_Of_Cruelty_Upgrade_Button		UI_MSO_Generic_Medium				UI_CAM_Button_Sla_Marks_Of_Cruelty_Upgrade_Button				true	true
UI_CAM_HUD_DLC27_SLA_Marks_Of_Cruelty_Vindictiveness_Button	GBL_UI_Click_Large_Down	UI_CAM_Button_Sla_Marks_Of_Cruelty_Vindictiveness_Button		UI_MSO_Generic_Medium				UI_CAM_Button_Sla_Marks_Of_Cruelty_Vindictiveness_Button				true	true
UI_CAM_HUD_DLC29_CHS_Blessings_Of_Nurgle_Fields_Tab	GBL_UI_Click_Small_Down	UI_CAM_HUD_DLC29_Blessing_Of_Nurgle_Panel_Tab_Fields_Of_Decay		UI_CAM_NUR_Plagues_Symptom_Hover			UI_CAM_HUD_DLC29_Blessing_Of_Nurgle_Panel_Tab_Fields_Of_Decay	UI_CAM_HUD_DLC29_Blessing_Of_Nurgle_Panel_Tab_Fields_Of_Decay				true	true
UI_CAM_HUD_DLC29_CHS_Blessings_Of_Nurgle_Garden_Tab	GBL_UI_Click_Small_Down	UI_CAM_HUD_DLC29_Blessing_Of_Nurgle_Panel_Tab_Gardens_Of_Nurgle		UI_CAM_NUR_Plagues_Symptom_Hover			UI_CAM_HUD_DLC29_Blessing_Of_Nurgle_Panel_Tab_Gardens_Of_Nurgle	UI_CAM_HUD_DLC29_Blessing_Of_Nurgle_Panel_Tab_Gardens_Of_Nurgle				true	true
UI_CAM_HUD_DLC29_CHS_Blessings_Of_Nurgle_Mark_Confirm	GBL_UI_Click_Large_Down	UI_CAM_HUD_DLC29_Blessing_Of_Nurgle_Panel_Mark_Nurgle_Confirm		UI_MSO_Generic_Medium				UI_CAM_HUD_DLC29_Blessing_Of_Nurgle_Panel_Mark_Nurgle_Confirm				true	true
UI_CAM_HUD_DLC29_CHS_Blessings_Of_Nurgle_Mark_Tab	GBL_UI_Click_Small_Down	UI_CAM_HUD_DLC29_Blessing_Of_Nurgle_Panel_Tab_Mark_Of_Nurgle		UI_CAM_NUR_Plagues_Symptom_Hover			UI_CAM_HUD_DLC29_Blessing_Of_Nurgle_Panel_Tab_Mark_Of_Nurgle	UI_CAM_HUD_DLC29_Blessing_Of_Nurgle_Panel_Tab_Mark_Of_Nurgle				true	true
UI_CAM_HUD_DLC29_CHS_Blessings_Of_Nurgle_Panel	GBL_UI_Click_Small_Down	UI_CAM_HUD_DLC29_Blessing_Of_Nurgle_Panel_Close						UI_CAM_HUD_DLC29_Blessing_Of_Nurgle_Panel_Close	UI_CAM_HUD_DLC29_Blessing_Of_Nurgle_Panel_Open	UI_CAM_HUD_DLC29_Blessing_Of_Nurgle_Panel_Close		true	false
UI_CAM_HUD_DLC29_CHS_Blessings_Of_Nurgle_Perform	GBL_UI_Click_Small_Down	UI_CAM_HUD_DLC29_Blessing_Of_Nurgle_Panel_Perform		UI_CAM_NUR_Plagues_Symptom_Hover				UI_CAM_HUD_DLC29_Blessing_Of_Nurgle_Panel_Perform				true	true
UI_CAM_HUD_DLC29_CHS_Blessings_Of_Nurgle_Plant_Nurgle_Confirm	GBL_UI_Click_Small_Down	UI_CAM_HUD_DLC29_Blessing_Of_Nurgle_Panel_Plant_Nurgle_Confirm		UI_CAM_NUR_Plagues_Symptom_Hover				UI_CAM_HUD_DLC29_Blessing_Of_Nurgle_Panel_Plant_Nurgle_Confirm				true	true
UI_CAM_HUD_DLC29_CHS_Blessings_Of_Nurgle_Plant_Nurgle_Prep	GBL_UI_Click_Small_Down	UI_CAM_HUD_DLC29_Blessing_Of_Nurgle_Panel_Plant_Nurgle_Prep		UI_CAM_NUR_Plagues_Symptom_Hover				UI_CAM_HUD_DLC29_Blessing_Of_Nurgle_Panel_Plant_Nurgle_Prep				true	true
UI_CAM_HUD_DLC29_CHS_Blessings_Of_Nurgle_Purchase	GBL_UI_Click_Small_Down	UI_CAM_HUD_DLC29_Blessing_Of_Nurgle_Panel_Click_Purchase		UI_CAM_NUR_Plagues_Symptom_Hover				UI_CAM_HUD_DLC29_Blessing_Of_Nurgle_Panel_Click_Purchase				true	true
UI_CAM_HUD_DLC29_CHS_Blessings_Of_Nurgle_Unlock	GBL_UI_Click_Small_Down	UI_CAM_HUD_DLC29_Blessing_Of_Nurgle_Panel_Unlock		UI_CAM_NUR_Plagues_Symptom_Hover				UI_CAM_HUD_DLC29_Blessing_Of_Nurgle_Panel_Unlock				true	true
UI_CAM_HUD_DLC29_EMP_Temple_Of_Ulric_Close	GBL_UI_Click_Small_Down	UI_CAM_EMP_TempleOfUlric_BTN_Close		UI_MSO_Generic_Small				UI_CAM_EMP_TempleOfUlric_BTN_Close				true	true
UI_CAM_HUD_DLC29_EMP_Temple_Of_Ulric_Construct	GBL_UI_Click_Small_Down	UI_CAM_EMP_TempleOfUlric_BTN_Construct		UI_MSO_Generic_Small								true	true
UI_CAM_HUD_DLC29_EMP_Temple_Of_Ulric_Festivals	GBL_UI_Click_Small_Down	UI_CAM_EMP_TempleOfUlric_TGL_Festivals		UI_MSO_Generic_Small								true	true
UI_CAM_HUD_DLC29_EMP_Temple_Of_Ulric_Open	GBL_UI_Click_Small_Down	UI_CAM_EMP_TempleOfUlric_BTN_Open		UI_MSO_Generic_Small								true	true
UI_CAM_HUD_DLC29_EMP_Temple_Of_Ulric_Panel_State								UI_CAM_EMP_TempleOfUlric_BTN_Close	UI_CAM_EMP_TempleOfUlric_Panel_Open	UI_CAM_EMP_TempleOfUlric_Panel_Close		true	true
UI_CAM_HUD_DLC29_EMP_Temple_Of_Ulric_Perform	GBL_UI_Click_Small_Down	UI_CAM_EMP_TempleOfUlric_BTN_Perform		UI_MSO_Generic_Small								true	true
UI_CAM_HUD_DLC29_EMP_Temple_Of_Ulric_Sanctuaries	GBL_UI_Click_Small_Down	UI_CAM_EMP_TempleOfUlric_TGL_Sanctuaries		UI_MSO_Generic_Small								true	true
UI_CAM_HUD_DLC29_EMP_Temple_Of_Ulric_Upgrade	GBL_UI_Click_Small_Down	UI_CAM_EMP_TempleOfUlric_BTN_Upgrade		UI_MSO_Generic_Small								true	true
UI_CAM_HUD_DLC29_NAG_Black_Pyramid_Panel	GBL_UI_Click_Small_Down								UI_CAM_NAG_Black_Pyramid_Panel_Open	UI_CAM_NAG_Black_Pyramid_Panel_Close		true	false
UI_CAM_HUD_DLC29_NAG_Books_of_Nagash_Panel	GBL_UI_Click_Small_Down								UI_CAM_NAG_Books_of_Nagash_Panel_Open	UI_CAM_NAG_Books_of_Nagash_Panel_Close		true	false
UI_CAM_HUD_DLC29_NAG_Mortarchs_Panel	GBL_UI_Click_Small_Down								UI_CAM_NAG_Mortarchs_Panel_Open	UI_CAM_NAG_Mortarchs_Panel_Close		true	false
UI_CAM_HUD_DLC29_NAG_Nagash_Portal_Panel									UI_CAM_NAG_Traverse_Panel_Open	UI_CAM_NAG_Traverse_Panel_Close		true	true
UI_CAM_HUD_DLC29_NAG_Necromancy_Panel	GBL_UI_Click_Small_Down								UI_CAM_NAG_Necromancy_Panel_Open	UI_CAM_NAG_Necromancy_Panel_Close		true	false
UI_CAM_HUD_DLC29_SKV_Clan_Secrets_Purchase	GBL_UI_Click_Small_Down	UI_CAM_SKV_Clan_Secrets_Purchase		UI_MSO_Generic_Medium				UI_CAM_SKV_Clan_Secrets_Purchase				true	true
UI_CAM_HUD_DLC29_SKV_Clan_Secrets_Select	GBL_UI_Click_Small_Down	UI_CAM_SKV_Clan_Secrets_Select		UI_MSO_Generic_Small				UI_CAM_SKV_Clan_Secrets_Select				true	true
UI_CAM_HUD_DLC29_SKV_Clan_Secrets_Shop	GBL_UI_Click_Small_Down	UI_CAM_SKV_Clan_Secrets_Shop		UI_MSO_Generic_Medium				UI_CAM_SKV_Clan_Secrets_Shop				true	true
UI_CAM_HUD_DLC29_SKV_Clan_Secrets_Underling	GBL_UI_Click_Small_Down	UI_CAM_SKV_Clan_Secrets_Underling		UI_MSO_Generic_Medium				UI_CAM_SKV_Clan_Secrets_Underling				true	true
UI_CAM_HUD_DLC29_SKV_Masterplan_Abandon	GBL_UI_Click_Small_Down	UI_CAM_SKV_Masterplan_Plan_Abandon		UI_MSO_Generic_Medium				UI_CAM_SKV_Masterplan_Plan_Abandon				true	true
UI_CAM_HUD_DLC29_SKV_Masterplan_Active_Plan	GBL_UI_Click_Small_Down	UI_CAM_SKV_Masterplan_Active_Plan		UI_MSO_Generic_Medium				UI_CAM_SKV_Masterplan_Active_Plan				true	true
UI_CAM_HUD_DLC29_SKV_Masterplan_Complete	GBL_UI_Click_Small_Down	UI_CAM_SKV_Masterplan_Plan_Complete		UI_MSO_Generic_Medium				UI_CAM_SKV_Masterplan_Plan_Complete				true	true
UI_CAM_HUD_DLC29_SKV_Masterplan_Panel	GBL_UI_Click_Small_Down							UI_CAM_SKV_Masterplan_Panel_Close	UI_CAM_SKV_Masterplan_Panel_Open	UI_CAM_SKV_Masterplan_Panel_Close		true	false
UI_CAM_HUD_DLC29_SKV_Masterplan_Plan_New	GBL_UI_Click_Small_Down	UI_CAM_SKV_Masterplan_Plan_New		UI_MSO_Generic_Medium				UI_CAM_SKV_Masterplan_Plan_New				true	true
UI_CAM_HUD_DLC29_SKV_Masterplan_Plan_Spell_Select	GBL_UI_Click_Small_Down	UI_CAM_SKV_Masterplan_Spell_Select		UI_MSO_Generic_Medium				UI_CAM_SKV_Masterplan_Spell_Select				true	true
UI_CAM_HUD_DLC29_SKV_Masterplan_Plan_Start	GBL_UI_Click_Small_Down	UI_CAM_SKV_Masterplan_Plan_Start		UI_MSO_Generic_Medium				UI_CAM_SKV_Masterplan_Plan_Start				true	true
UI_CAM_HUD_DLC29_SKV_Masterplan_Plan_Token_Record	GBL_UI_Click_Small_Down	UI_CAM_SKV_Masterplan_Token_Record		UI_MSO_Generic_Medium				UI_CAM_SKV_Masterplan_Token_Record				true	true
UI_CAM_HUD_DLC29_SKV_Masterplan_Plan_View	GBL_UI_Click_Small_Down	UI_CAM_SKV_Masterplan_Plan_View		UI_MSO_Generic_Medium				UI_CAM_SKV_Masterplan_Plan_View				true	true
UI_CAM_HUD_DLC29_SKV_Masterplan_Type_Kill	GBL_UI_Click_Small_Down	UI_CAM_SKV_Masterplan_Type_Kill		UI_MSO_Generic_Medium				UI_CAM_SKV_Masterplan_Type_Kill				true	true
UI_CAM_HUD_DLC29_SKV_Masterplan_Type_Smart	GBL_UI_Click_Small_Down	UI_CAM_SKV_Masterplan_Type_Smart		UI_MSO_Generic_Medium				UI_CAM_SKV_Masterplan_Type_Smart				true	true
UI_CAM_HUD_DLC29_SKV_Masterplan_Type_Steal	GBL_UI_Click_Small_Down	UI_CAM_SKV_Masterplan_Type_Steal		UI_MSO_Generic_Medium				UI_CAM_SKV_Masterplan_Type_Steal				true	true
UI_CAM_HUD_DLC29_SKV_Masterplan_Underling	GBL_UI_Click_Small_Down	UI_CAM_SKV_Masterplan_Underling		UI_MSO_Generic_Medium				UI_CAM_SKV_Masterplan_Underling			UI_CAM_SKV_Masterplan_Active_Plan	true	true
UI_CAM_HUD_DLC29_SKV_Masterplan_Upgrade	GBL_UI_Click_Small_Down	UI_CAM_SKV_Masterplan_Upgrade		UI_MSO_Generic_Small				UI_CAM_SKV_Masterplan_Upgrade				true	true
UI_CAM_HUD_DLC29_SKV_Masterplan_Upgrade_Select	GBL_UI_Click_Small_Down	UI_CAM_SKV_Masterplan_Upgrade_Select		UI_MSO_Generic_Small				UI_CAM_SKV_Masterplan_Upgrade_Select				true	true
UI_CAM_HUD_DLC29_VMP_Confederation_Panel	GBL_UI_Click_Small_Down							UI_CAM_VMP_Confederation_Panel_Close	UI_CAM_VMP_Confederation_Panel_Open	UI_CAM_VMP_Confederation_Panel_Close		true	false
UI_CAM_HUD_DLC29_VMP_Lairs_BTN_Open	GBL_UI_Click_Small_Down	UI_CAM_VMP_Lairs_BTN_Open		UI_MSO_Generic_Small				UI_CAM_VMP_Lairs_BTN_Open				true	true
UI_CAM_HUD_DLC29_VMP_Lairs_Radial_Btn	GBL_UI_Click_Medium_Down	UI_CAM_VMP_Lairs_BTN_Radial		UI_MSO_Generic_Small				UI_CAM_VMP_Lairs_BTN_Radial				true	true
UI_CAM_HUD_DLC29_VMP_Lairs_Radial_Hover				UI_CAM_VMP_Lairs_Radial_Mouse_On	UI_CAM_VMP_Lairs_Radial_Mouse_Off							true	true
UI_CAM_HUD_DLC29_VMP_Lairs_Radial_child_Btn	GBL_UI_Click_Medium_Down	UI_CAM_VMP_Lairs_BTN_Radial_child		UI_MSO_Generic_Small				UI_CAM_VMP_Lairs_BTN_Radial_child				true	true
UI_CAM_HUD_DLC29_VMP_Lairs_Select	GBL_UI_Click_Medium_Down	UI_CAM_VMP_Lairs_BTN_Select		UI_MSO_Generic_Small				UI_CAM_VMP_Lairs_BTN_Select				true	true
UI_CAM_HUD_DLC29_VMP_Lairs_Tab_Btn	GBL_UI_Click_Medium_Down	UI_CLICK_Tab_Medium		UI_MSO_Generic_Small				UI_CLICK_Tab_Medium				true	true
UI_CAM_HUD_DLC29_VMP_Web_of_Power_Panel	GBL_UI_Click_Small_Down							UI_CAM_VMP_Web_of_Power_Panel_Close	UI_CAM_VMP_Web_of_Power_Panel_Open	UI_CAM_VMP_Web_of_Power_Panel_Close		true	false
UI_CAM_HUD_Death_Night_Activate	GBL_UI_Click_Small_Down	UI_CLICK_Cam_Dark_Elves_Death_Night_Activate		UI_MSO_Generic_Small				UI_CLICK_Cam_Dark_Elves_Death_Night_Activate				true	true
UI_CAM_HUD_DropDown_Character_Details	GBL_UI_Click_Small_Down	UI_CLICK_Drop_Down		UI_MSO_Generic_Small			UI_CLICK_Drop_Down	UI_CLICK_Drop_Down				true	true
UI_CAM_HUD_DropDown_List_Character_Details	GBL_UI_Click_Small_Down	UI_CLICK_Drop_Down		UI_MSO_Generic_Small			UI_CLICK_Drop_Down	UI_CLICK_Drop_Down				true	true
UI_CAM_HUD_Embed_Character	GBL_UI_Click_Small_Down	UI_CLICK_Embed_Character		UI_MSO_Generic_Small			UI_CLICK_Embed_Character	UI_CLICK_Embed_Character				true	true
UI_CAM_HUD_End_Turn	GBL_UI_Click_Small_Down	UI_CLICK_End_Turn		UI_MSO_Generic_Small			UI_CLICK_End_Turn	UI_CLICK_End_Turn				true	true
UI_CAM_HUD_Faction_Ability_Generic	GBL_UI_Click_Small_Down	UI_CLICK_Cam_Faction_Ability_Generic		UI_MSO_Generic_Small				UI_CLICK_Cam_Faction_Ability_Generic				true	true
UI_CAM_HUD_Generic_Click	GBL_UI_Click_Small_Down	UI_CLICK_Generic_Small		UI_MSO_Generic_Small			UI_CLICK_Generic_Small	UI_CLICK_Generic_Small				true	true
UI_CAM_HUD_Green_Knight	GBL_UI_Click_Small_Down	UI_CLICK_Raise_Army		UI_MSO_Generic_Small			UI_CLICK_Raise_Army	UI_CLICK_Raise_Army				true	true
UI_CAM_HUD_Intrigue	GBL_UI_Click_Small_Down	UI_CLICK_Generic_Small		UI_MSO_Generic_Small								true	true
UI_CAM_HUD_Intrigue_Decrease	GBL_UI_Click_Small_Down	UI_CLICK_Intrigue_Decrease		UI_MSO_Generic_Small			UI_CLICK_Intrigue_Decrease	UI_CLICK_Intrigue_Decrease				true	true
UI_CAM_HUD_Intrigue_Improve	GBL_UI_Click_Small_Down	UI_CLICK_Intrigue_Improve		UI_MSO_Generic_Small			UI_CLICK_Intrigue_Improve	UI_CLICK_Intrigue_Improve				true	true
UI_CAM_HUD_Khorne_The_Skullthrone_Panel									UI_CAM_HUD_Khorne_The_Skull_Throne_Panel_Open	UI_CAM_HUD_Khorne_The_Skull_Throne_Panel_Close		true	true
UI_CAM_HUD_Kislev_Atamans_Browser									UI_CAM_HUD_Kislev_Atamans_Panel_Open	UI_CAM_HUD_Kislev_Atamans_Panel_Close		true	true
UI_CAM_HUD_Kislev_Ice_Court_Browser									UI_CAM_HUD_Kislev_Ice_Court_Panel_Open	UI_CAM_HUD_Kislev_Ice_Court_Panel_Close		true	true
UI_CAM_HUD_Kislev_The_Motherland_Browser									UI_CAM_HUD_Kislev_The_Motherland_Panel_Open	UI_CAM_HUD_Kislev_The_Motherland_Panel_Close		true	true
UI_CAM_HUD_MP_Pending_Action_Panel									UI_CAM_HUD_MP_Pending_Action_Open	UI_CAM_HUD_MP_Pending_Action_Close		true	true
UI_CAM_HUD_Navigate	GBL_UI_Click_Small_Down	UI_CAM_HUD_Navigate_To_Capital		UI_MSO_Generic_Small			UI_CAM_HUD_Navigate_To_Capital	UI_CAM_HUD_Navigate_To_Capital				true	true
UI_CAM_HUD_Norsca_Dragon_Agent_Activate	GBL_UI_Click_Small_Down	UI_CLICK_Cam_Norsca_Dragon_Agent_Activate		UI_MSO_Generic_Small				UI_CLICK_Cam_Norsca_Dragon_Agent_Activate				true	true
UI_CAM_HUD_Nurgle_Plagues_Browser									UI_CAM_HUD_Nurgle_Plague_Panel_Open	UI_CAM_HUD_Nurgle_Plague_Panel_Close		true	true
UI_CAM_HUD_Nurgle_Plagues_Create	GBL_UI_Click_Small_Down	UI_CAM_Click_Nurgle_Plague_Create		UI_MSO_Generic_Small			UI_CAM_Click_Nurgle_Plague_Create	UI_CAM_Click_Nurgle_Plague_Create				true	true
UI_CAM_HUD_Nurgle_Plagues_Ingredient	GBL_UI_Click_Small_Down	UI_CAM_Click_Nurgle_Plague_Select		UI_MSO_Generic_Small		UI_CAM_Click_Nurgle_Plague_Select_Drag_Start	UI_CAM_Click_Nurgle_Plague_Select	UI_CAM_Click_Nurgle_Plague_Select				true	true
UI_CAM_HUD_Nurgle_Plagues_Select	GBL_UI_Click_Small_Down	UI_CAM_Click_Nurgle_Plague_Select		UI_MSO_Generic_Small			UI_CAM_Click_Nurgle_Plague_Select	UI_CAM_Click_Nurgle_Plague_Select				true	true
UI_CAM_HUD_Nurgle_Plagues_Select_Units_Panel	GBL_UI_Click_Small_Down	UI_CAM_Click_Nurgle_Plague_Select_Units_Panel		UI_MSO_Generic_Small			UI_CAM_Click_Nurgle_Plague_Select_Units_Panel	UI_CAM_Click_Nurgle_Plague_Select_Units_Panel				true	true
UI_CAM_HUD_Ogres_Contracts_Browser									UI_CAM_HUD_Ogres_Contracts_Panel_Open	UI_CAM_HUD_Ogres_Contracts_Panel_Close		true	true
UI_CAM_HUD_Ogres_The_Great_Maw_Browser									UI_CAM_HUD_Ogres_The_Great_Maw_Panel_Open	UI_CAM_HUD_Ogres_The_Great_Maw_Panel_Close		true	true
UI_CAM_HUD_Open_Shadow_Gate_Browser									UI_CAM_HUD_Shadow_Gate_Panel_Open	UI_CAM_HUD_Shadow_Gate_Panel_Close		true	true
UI_CAM_HUD_Panel_Bloodlines									UI_CAM_HUD_DLC21_VMP_Counts_Bloodlines_Panel_Open	UI_CAM_HUD_DLC21_VMP_Counts_Bloodlines_Panel_Close		true	true
UI_CAM_HUD_Panel_Rites									UI_CAM_HUD_DLC21_VMP_Coast_Rites_Panel_Open	UI_CAM_HUD_DLC21_VMP_Coast_Rites_Panel_Close		true	true
UI_CAM_HUD_Panel_Sea_Lanes									UI_CAM_HUD_DLC21_Sea_Lanes_Panel_Open	UI_CAM_HUD_DLC21_Sea_Lanes_Panel_Close		true	true
UI_CAM_HUD_Panel_Sea_Lanes_Travel	GBL_UI_Click_Small_Down	UI_CAM_HUD_DLC21_Sea_Lanes_Panel_Travel		UI_MSO_Generic_Small								true	true
UI_CAM_HUD_Panel_Slaves									UI_CAM_HUD_DLC21_DEF_Slaves_Panel_Open	UI_CAM_HUD_DLC21_DEF_Slaves_Panel_Close		true	true
UI_CAM_HUD_Panel_Treasure_Map									UI_CAM_HUD_DLC21_VMP_Coast_Treasure_Maps_Panel_Open	UI_CAM_HUD_DLC21_VMP_Coast_Treasure_Maps_Panel_Close		true	true
UI_CAM_HUD_PreBattle_Attack	GBL_UI_Click_Small_Down	UI_CLICK_Start_Battle		UI_MSO_Generic_Small			UI_CLICK_Start_Battle	UI_CLICK_Start_Battle				true	true
UI_CAM_HUD_PreBattle_Autoresolve	GBL_UI_Click_Small_Down	UI_CAM_HUD_DLC20_PreBattle_AutoResolve		UI_MSO_Generic_Small			UI_CAM_HUD_DLC20_PreBattle_AutoResolve	UI_CAM_HUD_DLC20_PreBattle_AutoResolve				true	true
UI_CAM_HUD_PreBattle_Banner_Unassign	GBL_UI_Click_Small_Down	UI_CLICK_GBL_Selection_Unavailible		UI_MSO_Generic_Small			UI_CLICK_GBL_Selection_Unavailible	UI_CLICK_GBL_Selection_Unavailible				true	true
UI_CAM_HUD_PreBattle_Continue_Siege	GBL_UI_Click_Small_Down	UI_CAM_HUD_PreBattle_Continue_Siege		UI_MSO_Generic_Small			UI_CAM_HUD_PreBattle_Continue_Siege	UI_CAM_HUD_PreBattle_Continue_Siege				true	true
UI_CAM_HUD_PreBattle_Dismiss	GBL_UI_Click_Small_Down	UI_CLICK_Generic_Small		UI_MSO_Generic_Small			UI_CLICK_Generic_Small	UI_CLICK_Generic_Small				true	true
UI_CAM_HUD_PreBattle_Maintain_Blockade	GBL_UI_Click_Small_Down	UI_CLICK_Generic_Small		UI_MSO_Generic_Small			UI_CLICK_Generic_Small	UI_CLICK_Generic_Small				true	true
UI_CAM_HUD_PreBattle_Play_As_AI	GBL_UI_Click_Small_Down	UI_CLICK_Generic_Small		UI_MSO_Generic_Small			UI_CLICK_Generic_Small	UI_CLICK_Generic_Small				true	true
UI_CAM_HUD_PreBattle_Portrait_Select	GBL_UI_Click_Small_Down	UI_CLICK_Generic_Small		UI_MSO_Generic_Small			UI_CLICK_Generic_Small	UI_CLICK_Generic_Small				true	true
UI_CAM_HUD_PreBattle_Retreat	GBL_UI_Click_Small_Down	UI_CAM_HUD_PreBattle_Retreat		UI_MSO_Generic_Small			UI_CAM_HUD_PreBattle_Retreat	UI_CAM_HUD_PreBattle_Retreat				true	true
UI_CAM_HUD_PreBattle_Sally	GBL_UI_Click_Small_Down	UI_CLICK_Generic_Small		UI_MSO_Generic_Small			UI_CLICK_Generic_Small	UI_CLICK_Generic_Small				true	true
UI_CAM_HUD_PreBattle_Spectate_Battle	GBL_UI_Click_Small_Down	UI_CLICK_Generic_Small		UI_MSO_Generic_Small			UI_CLICK_Generic_Small	UI_CLICK_Generic_Small				true	true
UI_CAM_HUD_PreBattle_Surrender	GBL_UI_Click_Small_Down	UI_CLICK_Generic_Small		UI_MSO_Generic_Small			UI_CLICK_Generic_Small	UI_CLICK_Generic_Small				true	true
UI_CAM_HUD_PreBattle_Surround	GBL_UI_Click_Small_Down	UI_CLICK_Generic_Small		UI_MSO_Generic_Small		UI_CLICK_Generic_Small	UI_CLICK_Generic_Small					true	true
UI_CAM_HUD_Prebattle_Ability_Charge_Arrow_Add	GBL_UI_Click_Small_Down	UI_CLICK_Prebattle_Ability_Charge_Arrow_Add		UI_MSO_Generic_Small			UI_CLICK_Prebattle_Ability_Charge_Arrow_Add	UI_CLICK_Prebattle_Ability_Charge_Arrow_Add				true	true
UI_CAM_HUD_Prebattle_Ability_Charge_Arrow_Remove	GBL_UI_Click_Small_Down	UI_CLICK_Prebattle_Ability_Charge_Arrow_Remove		UI_MSO_Generic_Small			UI_CLICK_Prebattle_Ability_Charge_Arrow_Remove	UI_CLICK_Prebattle_Ability_Charge_Arrow_Remove				true	true
UI_CAM_HUD_Prebattle_Banner	GBL_UI_Click_Small_Down	UI_CLICK_Generic_Small		UI_MSO_Generic_Small		UI_CLICK_HUD_Click_01	UI_CLICK_Generic_Small	UI_CLICK_Generic_Small				true	true
UI_CAM_HUD_Raise_Dead	GBL_UI_Click_Small_Down	UI_CLICK_Raise_Dead		UI_MSO_Generic_Small			UI_CLICK_Raise_Dead	UI_CLICK_Raise_Dead				true	true
UI_CAM_HUD_Ritual_Level	GBL_UI_Click_Small_Down	UI_CLICK_Ritual_Level		UI_MSO_Generic_Small			UI_CLICK_Ritual_Level	UI_CLICK_Ritual_Level				true	true
UI_CAM_HUD_Ritual_Types	GBL_UI_Click_Small_Down	UI_CLICK_Ritual_Types		UI_MSO_Generic_Small			UI_CLICK_Ritual_Types	UI_CLICK_Ritual_Types				true	true
UI_CAM_HUD_Rituals	GBL_UI_Click_Small_Down	UI_CLICK_Rituals		UI_MSO_Generic_Small			UI_CLICK_Rituals	UI_CLICK_Rituals				true	true
UI_CAM_HUD_Settlement_Capture_Options_Faction_Specific	GBL_UI_Click_Large_Down	UI_CAM_HUD_PostBattle_Settlement_Options_Faction_Specific		UI_MSO_Generic_Medium			UI_CAM_HUD_PostBattle_Settlement_Options_Faction_Specific	UI_CAM_HUD_PostBattle_Settlement_Options_Faction_Specific				true	true
UI_CAM_HUD_Settlement_Captured_Food_Arrow_Decrease	GBL_UI_Click_Small_Down	UI_CLICK_Settlement_Captured_Food_Arrow_Decrease		UI_MSO_Generic_Small			UI_CLICK_Settlement_Captured_Food_Arrow_Decrease	UI_CLICK_Settlement_Captured_Food_Arrow_Decrease				true	true
UI_CAM_HUD_Settlement_Captured_Food_Arrow_Increase	GBL_UI_Click_Small_Down	UI_CLICK_Settlement_Captured_Food_Arrow_Increase		UI_MSO_Generic_Small			UI_CLICK_Settlement_Captured_Food_Arrow_Increase	UI_CLICK_Settlement_Captured_Food_Arrow_Increase				true	true
UI_CAM_HUD_Settlement_Captured_Norsca_Raze_khorne	GBL_UI_Click_Small_Down	UI_CAM_HUD_Settlement_Captured_Norsca_Raze_khorne		UI_MSO_Generic_Small			UI_CAM_HUD_Settlement_Captured_Norsca_Raze_khorne	UI_CAM_HUD_Settlement_Captured_Norsca_Raze_khorne				true	true
UI_CAM_HUD_Settlement_Captured_Norsca_Raze_nurgle	GBL_UI_Click_Small_Down	UI_CAM_HUD_Settlement_Captured_Norsca_Raze_nurgle		UI_MSO_Generic_Small			UI_CAM_HUD_Settlement_Captured_Norsca_Raze_nurgle	UI_CAM_HUD_Settlement_Captured_Norsca_Raze_nurgle				true	true
UI_CAM_HUD_Settlement_Captured_Norsca_Raze_slaanesh	GBL_UI_Click_Small_Down	UI_CAM_HUD_Settlement_Captured_Norsca_Raze_slaanesh		UI_MSO_Generic_Small			UI_CAM_HUD_Settlement_Captured_Norsca_Raze_slaanesh	UI_CAM_HUD_Settlement_Captured_Norsca_Raze_slaanesh				true	true
UI_CAM_HUD_Settlement_Captured_Norsca_Raze_tzeentch	GBL_UI_Click_Small_Down	UI_CAM_HUD_Settlement_Captured_Norsca_Raze_tzeentch		UI_MSO_Generic_Small			UI_CAM_HUD_Settlement_Captured_Norsca_Raze_tzeentch	UI_CAM_HUD_Settlement_Captured_Norsca_Raze_tzeentch				true	true
UI_CAM_HUD_Slaanesh_Devotees_Browser									UI_CAM_HUD_Slaanesh_Devotees_Panel_Open	UI_CAM_HUD_Slaanesh_Devotees_Panel_Close		true	true
UI_CAM_HUD_Slaves	GBL_UI_Click_Small_Down	UI_CLICK_Generic_Small		UI_MSO_Generic_Small								true	true
UI_CAM_HUD_Sword_Of_Khaine_Activate	GBL_UI_Click_Small_Down	UI_CLICK_Cam_Sword_Of_Khaine		UI_MSO_Generic_Small				UI_CLICK_Cam_Sword_Of_Khaine				true	true
UI_CAM_HUD_TWA03_Forge_Of_Daith_Panel									UI_CAM_HUD_Forge_Of_Daith_Panel_Open	UI_CAM_HUD_Forge_Of_Daith_Panel_Close		true	true
UI_CAM_HUD_Tab_Events	GBL_UI_Click_Small_Down	UI_CLICK_Drop_Down		UI_MSO_Generic_Small			UI_CLICK_Drop_Down	UI_CLICK_Drop_Down				true	true
UI_CAM_HUD_Tab_Faction	GBL_UI_Click_Small_Down	UI_CLICK_Drop_Down		UI_MSO_Generic_Small			UI_CLICK_Drop_Down	UI_CLICK_Drop_Down				true	true
UI_CAM_HUD_Tab_Regions	GBL_UI_Click_Small_Down	UI_CLICK_Drop_Down		UI_MSO_Generic_Small			UI_CLICK_Drop_Down	UI_CLICK_Drop_Down				true	true
UI_CAM_HUD_Tab_Units	GBL_UI_Click_Small_Down	UI_CLICK_Drop_Down		UI_MSO_Generic_Small			UI_CLICK_Drop_Down	UI_CLICK_Drop_Down				true	true
UI_CAM_HUD_Treasury	GBL_UI_Click_Small_Down	UI_CLICK_Treasury		UI_MSO_Generic_Small			UI_CLICK_Treasury	UI_CLICK_Treasury				true	true
UI_CAM_HUD_Tzeentch_Changing_Of_The_Ways_Browser									UI_CAM_HUD_Tzeentch_Changing_Of_The_Ways_Panel_Open	UI_CAM_HUD_Tzeentch_Changing_Of_The_Ways_Panel_Close		true	true
UI_CAM_HUD_Tzeentch_WoM_Manipulation_Browser									UI_CAM_HUD_Tzeentch_WoM_Manipulation_Panel_Open	UI_CAM_HUD_Tzeentch_WoM_Manipulation_Panel_Close		true	true
UI_CAM_HUD_Unit_Ability	GBL_UI_Click_Small_Down			UI_MSO_Generic_Small								true	true
UI_CAM_HUD_Unit_Card	GBL_UI_Click_Small_Down	UI_CLICK_Unit_Card_02		UI_MSO_Generic_Small			UI_CLICK_Unit_Card_02	UI_CLICK_Unit_Card_02				true	true
UI_CAM_HUD_Unit_Panel_Disband	GBL_UI_Click_Small_Down	UI_CLICK_Generic_Small		UI_MSO_Generic_Small			UI_CLICK_Generic_Small	UI_CLICK_Generic_Small				true	true
UI_CAM_HUD_Unit_Panel_Merge	GBL_UI_Click_Small_Down	UI_CLICK_Generic_Small		UI_MSO_Generic_Small			UI_CLICK_Generic_Small	UI_CLICK_Generic_Small				true	true
UI_CAM_HUD_Unit_Panel_Retrain	GBL_UI_Click_Small_Down	UI_CLICK_Generic_Small		UI_MSO_Generic_Small			UI_CLICK_Generic_Small	UI_CLICK_Generic_Small				true	true
UI_CAM_HUD_Unit_Panel_Upgrade	GBL_UI_Click_Small_Down	UI_CLICK_Generic_Small		UI_MSO_Generic_Small			UI_CLICK_Generic_Small	UI_CLICK_Generic_Small				true	true
UI_CAM_HUD_Upgrade_Technology	GBL_UI_Click_Small_Down	UI_CLICK_Upgrade_Technology		UI_MSO_Generic_Small			UI_CLICK_Upgrade_Technology	UI_CLICK_Upgrade_Technology				true	true
UI_CAM_HUD_Upgrade_Technology_Awaken_Lord_Alkhazzar	GBL_UI_Click_Small_Down	UI_CLICK_Upgrade_Technology_Awaken_Lord_Alkhazzar		UI_MSO_Generic_Small			UI_CLICK_Upgrade_Technology_Awaken_Lord_Alkhazzar	UI_CLICK_Upgrade_Technology_Awaken_Lord_Alkhazzar				true	true
UI_CAM_HUD_Upgrade_Technology_Awaken_Lord_Lahmizzash	GBL_UI_Click_Small_Down	UI_CLICK_Upgrade_Technology_Awaken_Lord_Lahmizzash		UI_MSO_Generic_Small			UI_CLICK_Upgrade_Technology_Awaken_Lord_Lahmizzash	UI_CLICK_Upgrade_Technology_Awaken_Lord_Lahmizzash				true	true
UI_CAM_HUD_Upgrade_Technology_Awaken_Lord_Rakhash	GBL_UI_Click_Small_Down	UI_CLICK_Upgrade_Technology_Awaken_Lord_Rakhash		UI_MSO_Generic_Small			UI_CLICK_Upgrade_Technology_Awaken_Lord_Rakhash	UI_CLICK_Upgrade_Technology_Awaken_Lord_Rakhash				true	true
UI_CAM_HUD_Upgrade_Technology_Awaken_Lord_Setep	GBL_UI_Click_Small_Down	UI_CLICK_Upgrade_Technology_Awaken_Lord_Setep		UI_MSO_Generic_Small			UI_CLICK_Upgrade_Technology_Awaken_Lord_Setep	UI_CLICK_Upgrade_Technology_Awaken_Lord_Setep				true	true
UI_CAM_HUD_Upgrade_Technology_Awaken_Lord_Thutep	GBL_UI_Click_Small_Down	UI_CLICK_Upgrade_Technology_Awaken_Lord_Thutep		UI_MSO_Generic_Small			UI_CLICK_Upgrade_Technology_Awaken_Lord_Thutep	UI_CLICK_Upgrade_Technology_Awaken_Lord_Thutep				true	true
UI_CAM_HUD_Upgrade_Technology_Awaken_Lord_Wakhaf	GBL_UI_Click_Small_Down	UI_CLICK_Upgrade_Technology_Awaken_Lord_Wakhaf		UI_MSO_Generic_Small			UI_CLICK_Upgrade_Technology_Awaken_Lord_Wakhaf	UI_CLICK_Upgrade_Technology_Awaken_Lord_Wakhaf				true	true
UI_CAM_HUD_WoC_DLC20_Chaos_Gifts_Main_Panel									UI_CAM_HUD_WoC_DLC20_Chaos_Gifts_Main_Panel_Open	UI_CAM_HUD_WoC_DLC20_Chaos_Gifts_Main_Panel_Close		true	true
UI_CAM_HUD_WoC_DLC20_Chaos_Gifts_Nurgle_Flies									UI_CAM_HUD_WoC_DLC20_Chaos_Gifts_Nurgle_Flies_Loop_Start	UI_CAM_HUD_WoC_DLC20_Chaos_Gifts_Nurgle_Flies_Loop_Stop		true	false
UI_CAM_HUD_WoC_DLC20_Chaos_Gifts_Nurgle_Flies_Squash	GBL_UI_Click_Small_Down	UI_CAM_HUD_WoC_DLC20_Chaos_Gifts_Nurgle_Flies_Squish		UI_MSO_Generic_Small								true	true
UI_CAM_HUD_WoC_DLC20_Chaos_Gifts_Slot_Add	GBL_UI_Click_Small_Down	UI_CAM_HUD_WoC_DLC20_Chaos_Gifts_Slot_Add		UI_MSO_Generic_Small			UI_CAM_HUD_WoC_DLC20_Chaos_Gifts_Slot_Add	UI_CAM_HUD_WoC_DLC20_Chaos_Gifts_Slot_Add				true	true
UI_CAM_HUD_WoC_DLC20_Chaos_Gifts_Slot_Remove	GBL_UI_Click_Small_Down	UI_CAM_HUD_WoC_DLC20_Chaos_Gifts_Slot_Remove		UI_MSO_Generic_Small			UI_CAM_HUD_WoC_DLC20_Chaos_Gifts_Slot_Remove	UI_CAM_HUD_WoC_DLC20_Chaos_Gifts_Slot_Remove				true	true
UI_CAM_HUD_WoC_DLC20_Chaos_Gifts_Slot_Select	GBL_UI_Click_Small_Down	UI_CAM_HUD_WoC_DLC20_Chaos_Gifts_Slot_Select		UI_MSO_Generic_Small			UI_CAM_HUD_WoC_DLC20_Chaos_Gifts_Slot_Select	UI_CAM_HUD_WoC_DLC20_Chaos_Gifts_Slot_Select				true	true
UI_CAM_HUD_monster_hunt_0	GBL_UI_Click_Small_Down	UI_FE_HUD_Select_Monster_Hunt_Battle_0		UI_MSO_Generic_Small			UI_FE_HUD_Select_Monster_Hunt_Battle_0	UI_FE_HUD_Select_Monster_Hunt_Battle_0				true	true
UI_CAM_HUD_monster_hunt_1	GBL_UI_Click_Small_Down	UI_FE_HUD_Select_Monster_Hunt_Battle_1		UI_MSO_Generic_Small			UI_FE_HUD_Select_Monster_Hunt_Battle_1	UI_FE_HUD_Select_Monster_Hunt_Battle_1				true	true
UI_CAM_HUD_monster_hunt_10	GBL_UI_Click_Small_Down	UI_FE_HUD_Select_Monster_Hunt_Battle_10		UI_MSO_Generic_Small			UI_FE_HUD_Select_Monster_Hunt_Battle_10	UI_FE_HUD_Select_Monster_Hunt_Battle_10				true	true
UI_CAM_HUD_monster_hunt_11	GBL_UI_Click_Small_Down	UI_FE_HUD_Select_Monster_Hunt_Battle_11		UI_MSO_Generic_Small			UI_FE_HUD_Select_Monster_Hunt_Battle_11	UI_FE_HUD_Select_Monster_Hunt_Battle_11				true	true
UI_CAM_HUD_monster_hunt_2	GBL_UI_Click_Small_Down	UI_FE_HUD_Select_Monster_Hunt_Battle_2		UI_MSO_Generic_Small			UI_FE_HUD_Select_Monster_Hunt_Battle_2	UI_FE_HUD_Select_Monster_Hunt_Battle_2				true	true
UI_CAM_HUD_monster_hunt_3	GBL_UI_Click_Small_Down	UI_FE_HUD_Select_Monster_Hunt_Battle_3		UI_MSO_Generic_Small			UI_FE_HUD_Select_Monster_Hunt_Battle_3	UI_FE_HUD_Select_Monster_Hunt_Battle_3				true	true
UI_CAM_HUD_monster_hunt_4	GBL_UI_Click_Small_Down	UI_FE_HUD_Select_Monster_Hunt_Battle_4		UI_MSO_Generic_Small			UI_FE_HUD_Select_Monster_Hunt_Battle_4	UI_FE_HUD_Select_Monster_Hunt_Battle_4				true	true
UI_CAM_HUD_monster_hunt_5	GBL_UI_Click_Small_Down	UI_FE_HUD_Select_Monster_Hunt_Battle_5		UI_MSO_Generic_Small			UI_FE_HUD_Select_Monster_Hunt_Battle_5	UI_FE_HUD_Select_Monster_Hunt_Battle_5				true	true
UI_CAM_HUD_monster_hunt_6	GBL_UI_Click_Small_Down	UI_FE_HUD_Select_Monster_Hunt_Battle_6		UI_MSO_Generic_Small			UI_FE_HUD_Select_Monster_Hunt_Battle_6	UI_FE_HUD_Select_Monster_Hunt_Battle_6				true	true
UI_CAM_HUD_monster_hunt_7	GBL_UI_Click_Small_Down	UI_FE_HUD_Select_Monster_Hunt_Battle_7		UI_MSO_Generic_Small			UI_FE_HUD_Select_Monster_Hunt_Battle_7	UI_FE_HUD_Select_Monster_Hunt_Battle_7				true	true
UI_CAM_HUD_monster_hunt_8	GBL_UI_Click_Small_Down	UI_FE_HUD_Select_Monster_Hunt_Battle_8		UI_MSO_Generic_Small			UI_FE_HUD_Select_Monster_Hunt_Battle_8	UI_FE_HUD_Select_Monster_Hunt_Battle_8				true	true
UI_CAM_HUD_monster_hunt_9	GBL_UI_Click_Small_Down	UI_FE_HUD_Select_Monster_Hunt_Battle_9		UI_MSO_Generic_Small			UI_FE_HUD_Select_Monster_Hunt_Battle_9	UI_FE_HUD_Select_Monster_Hunt_Battle_9				true	true
UI_CAM_Kislev_The_Atamans_Btn_Toggle	GBL_UI_Click_Small_Down	UI_CAM_Click_Kislev_Atamans_Toggle		UI_MSO_Generic_Small			UI_CAM_Click_Kislev_Atamans_Toggle	UI_CAM_Click_Kislev_Atamans_Toggle				true	true
UI_CAM_Kislev_The_Atamans_Location_Select	GBL_UI_Click_Small_Down	UI_CAM_Click_Kislev_Select_Atamans_Location		UI_MSO_Generic_Small			UI_CAM_Click_Kislev_Select_Atamans_Location	UI_CAM_Click_Kislev_Select_Atamans_Location				true	true
UI_CAM_Kislev_The_Motherland_Support_Action	GBL_UI_Click_Small_Down	UI_CAM_HUD_Kislev_The_Motherland_Supporter_Action		UI_MSO_Generic_Small			UI_CAM_HUD_Kislev_The_Motherland_Supporter_Action	UI_CAM_HUD_Kislev_The_Motherland_Supporter_Action				true	true
UI_CAM_MSO_ESC_Menu_Open	GBL_UI_Click_Small_Down			UI_MSO_Generic_Small								true	true
UI_CAM_MSO_PostBattle	GBL_UI_Click_Small_Down			UI_MSO_Generic_Small								true	true
UI_CAM_NUR_DLC25_NUR_Plagues_Click_Generic	GBL_UI_Click_Small_Down	UI_CAM_NUR_Plagues_Click_Generic										true	true
UI_CAM_NUR_DLC25_NUR_Plagues_Infect	GBL_UI_Click_Small_Down	UI_CAM_NUR_Plagues_Infect										true	true
UI_CAM_NUR_DLC25_NUR_Plagues_Panel_Close	GBL_UI_Click_Small_Down	UI_CAM_NUR_Plagues_Panel_Close										true	true
UI_CAM_NUR_DLC25_NUR_Plagues_Panel_Hide	GBL_UI_Click_Small_Down	UI_CAM_NUR_Plagues_Panel_Hide										true	true
UI_CAM_NUR_DLC25_NUR_Plagues_Panel_Open	GBL_UI_Click_Small_Down	UI_CAM_NUR_Plagues_Panel_Open		UI_MSO_Generic_Small								true	true
UI_CAM_NUR_DLC25_NUR_Plagues_Panel_Unhide	GBL_UI_Click_Small_Down	UI_CAM_NUR_Plagues_Panel_Unhide										true	true
UI_CAM_NUR_DLC25_NUR_Plagues_Settlement_Select	GBL_UI_Click_Small_Down	UI_CAM_NUR_Plagues_Settlement_Select										true	true
UI_CAM_NUR_DLC25_NUR_Plagues_Show_Targets	GBL_UI_Click_Small_Down	UI_CAM_NUR_Plagues_Show_Targets										true	true
UI_CAM_NUR_DLC25_NUR_Plagues_Summon_Cultist	GBL_UI_Click_Small_Down	UI_CAM_NUR_Plagues_Summon_Cultist										true	true
UI_CAM_NUR_DLC25_NUR_Plagues_Symptom_Select	GBL_UI_Click_Small_Down	UI_CAM_NUR_Plagues_Symptom_Select		UI_CAM_NUR_Plagues_Symptom_Hover								true	true
UI_CAM_NUR_DLC25_NUR_Plagues_Symptom_Unselect	GBL_UI_Click_Small_Down	UI_CAM_NUR_Plagues_Symptom_Unselect										true	true
UI_CAM_NUR_DLC25_NUR_Plagues_Zoom	GBL_UI_Click_Small_Down	UI_CAM_NUR_Plagues_Zoom										true	true
UI_CAM_NUR_DLC25_Plagues_Symptom_Hover				UI_CAM_NUR_Plagues_Symptom_Hover								true	true
UI_CAM_POPUP_Building_Browser												true	true
UI_CAM_POPUP_Character_Details_Browser												true	true
UI_CAM_POPUP_Character_Details_Browser_State									UI_POPUP_Character_Details_Browser_State_Only_Open	UI_POPUP_Character_Details_Browser_State_Only_Close		true	true
UI_CAM_POPUP_Clan_Faction_Browser												true	true
UI_CAM_POPUP_DLC12_Skaven_Ikit_Workshop									UI_POPUP_DLC12_Skaven_Ikit_Workshop_Browser_Open	UI_POPUP_DLC12_Skaven_Ikit_Workshop_Browser_Close		true	true
UI_CAM_POPUP_DLC12_Sotek_Sacrifice_Browser									UI_POPUP_DLC12_Lizardmen_Sotek_Sacrifice_Browser_Open	UI_POPUP_DLC12_Lizardmen_Sotek_Sacrifice_Browser_Close		true	true
UI_CAM_POPUP_DLC14_Shadowy_Dealings_Panel									UI_CAM_POPUP_DLC14_Shadowy_Dealings_Panel_Open			true	true
UI_CAM_POPUP_DLC15_Greenskins_Groms_Cauldron_Panel									UI_POPUP_DLC15_Greenskins_Groms_Cauldron_Panel_Open	UI_POPUP_DLC15_Greenskins_Groms_Cauldron_Panel_Close		true	true
UI_CAM_POPUP_DLC15_HighElves_Athel_Tamarha_Panel									UI_POPUP_DLC15_HighElves_Athel_Tamarha_Panel_Open	UI_POPUP_DLC15_HighElves_Athel_Tamarha_Panel_Close		true	true
UI_CAM_POPUP_DLC17_Beastmen_Panel									UI_POPUP_DLC17_Beastmen_Panel_Open	UI_POPUP_DLC17_Beastmen_Panel_Close		true	true
UI_CAM_POPUP_DLC17_Taurox_Rampage_Panel									UI_CLICK_DLC17_Taurox_Rampage_Panel_Open	UI_CLICK_DLC17_Taurox_Rampage_Panel_Close		true	true
UI_CAM_POPUP_Dae_Progression									UI_CAM_HUD_Daemons_Daemonic_Progression_Open	UI_CAM_HUD_Daemons_Daemonic_Progression_Close		true	true
UI_CAM_POPUP_Diplomacy_Browser									UI_POPUP_Diplomacy_Browser_Open	UI_POPUP_Diplomacy_Browser_Close		true	false
UI_CAM_POPUP_Faction_Ability_Generic_Panel									UI_CAM_POPUP_Faction_Ability_Generic_Panel_Open	UI_CAM_POPUP_Faction_Ability_Generic_Panel_Close		true	true
UI_CAM_POPUP_Generic									UI_POPUP_Generic_Open	UI_POPUP_Generic_Close		true	true
UI_CAM_POPUP_Incident									UI_POPUP_Incident_Open	UI_POPUP_Incident_Close		true	true
UI_CAM_POPUP_Message_Event_Close									Movies_Reset_Frontend_Portrait_Videos_State			true	true
UI_CAM_POPUP_Post_Battle_Close												true	true
UI_CAM_POPUP_Pre_Battle_Open												true	true
UI_CAM_POPUP_Quest_Complete_Prologue_Story									UI_CAM_PRO_Ursun_Mission_Complete_Loop_Start	UI_CAM_PRO_Ursun_Mission_Complete_Loop_Stop		true	false
UI_CAM_POPUP_Quest_Issued									UI_CAM_POPUP_Quest_Issued			true	true
UI_CAM_POPUP_Quest_Issued_Prologue_Story									UI_CAM_PRO_Ursun_Mission_Loop_Start	UI_CAM_PRO_Ursun_Mission_Loop_Stop		false	false
UI_CAM_POPUP_StoryPanel									UI_POPUP_StoryPanel_Open	UI_POPUP_StoryPanel_Close		true	true
UI_CAM_POPUP_Technology_Browser									UI_POPUP_Technology_Browser_Open	UI_POPUP_Technology_Browser_Close		true	true
UI_FE_CLICK_Battle_Leaderboards	GBL_UI_Click_Medium_Down	UI_FE_CLICK_Battle_Leaderboards		UI_FE_MSO_Main_Panel_Buttons			UI_FE_CLICK_Battle_Leaderboards	UI_FE_CLICK_Battle_Leaderboards				true	true
UI_FE_CLICK_Battle_Quest_Battle	GBL_UI_Click_Medium_Down	UI_FE_CLICK_Battle_Quest_Battle		UI_FE_MSO_Main_Panel_Buttons			UI_FE_CLICK_Battle_Quest_Battle	UI_FE_CLICK_Battle_Quest_Battle				true	true
UI_FE_CLICK_Battle_Ranked_Matchmaking	GBL_UI_Click_Medium_Down	UI_FE_CLICK_Battle_Ranked_Matchmaking		UI_FE_MSO_Main_Panel_Buttons			UI_FE_CLICK_Battle_Ranked_Matchmaking	UI_FE_CLICK_Battle_Ranked_Matchmaking				true	true
UI_FE_CLICK_Battle_Replays	GBL_UI_Click_Medium_Down	UI_FE_CLICK_Battle_Replays		UI_FE_MSO_Main_Panel_Buttons			UI_FE_CLICK_Battle_Replays	UI_FE_CLICK_Battle_Replays				true	true
UI_FE_CLICK_Battle_Skirmish_Vs_AI	GBL_UI_Click_Medium_Down	UI_FE_CLICK_Battle_Skirmish_Vs_AI		UI_FE_MSO_Main_Panel_Buttons			UI_FE_CLICK_Battle_Skirmish_Vs_AI	UI_FE_CLICK_Battle_Skirmish_Vs_AI				true	true
UI_FE_CLICK_Campaign_Load	GBL_UI_Click_Medium_Down	UI_FE_CLICK_Campaign_Load		UI_FE_MSO_Main_Panel_Buttons			UI_FE_CLICK_Campaign_Load	UI_FE_CLICK_Campaign_Load				true	true
UI_FE_CLICK_Campaign_Multiplayer	GBL_UI_Click_Medium_Down	UI_FE_CLICK_Campaign_Multiplayer		UI_FE_MSO_Main_Panel_Buttons			UI_FE_CLICK_Campaign_Multiplayer	UI_FE_CLICK_Campaign_Multiplayer				true	true
UI_FE_CLICK_Campaign_New	GBL_UI_Click_Medium_Down	UI_FE_CLICK_Campaign_New		UI_FE_MSO_Main_Panel_Buttons			UI_FE_CLICK_Campaign_New	UI_FE_CLICK_Campaign_New				true	true
UI_FE_CLICK_Custom_Battle_Add_Unit_Dbl_Click	GBL_UI_Click_Small_Down	UI_CLICK_Unit_Card		UI_MSO_Generic_Small			UI_CLICK_Unit_Card	UI_CLICK_Unit_Card				true	true
UI_FE_CLICK_Custom_Battle_Remove_Unit_Dbl_Click	GBL_UI_Click_Small_Down	UI_CLICK_Unit_Card		UI_MSO_Generic_Small			UI_CLICK_Unit_Card	UI_CLICK_Unit_Card				true	true
UI_FE_CLICK_Misc_Credits	GBL_UI_Click_Small_Down	UI_FE_CLICK_Misc_Credits		UI_FE_MSO_Main_Panel_Buttons			UI_FE_CLICK_Misc_Credits	UI_FE_CLICK_Misc_Credits				true	true
UI_FE_CLICK_Misc_Movie_Viewer	GBL_UI_Click_Small_Down	UI_FE_CLICK_Misc_Movie_Viewer		UI_FE_MSO_Main_Panel_Buttons			UI_FE_CLICK_Misc_Movie_Viewer	UI_FE_CLICK_Misc_Movie_Viewer				true	true
UI_FE_CLICK_Misc_Settings	GBL_UI_Click_Small_Down	UI_FE_CLICK_Misc_Settings		UI_FE_MSO_Main_Panel_Buttons			UI_FE_CLICK_Misc_Settings	UI_FE_CLICK_Misc_Settings				true	true
UI_FE_CLICK_New_Cam_Campaign_Settings	GBL_UI_Click_Small_Down			UI_MSO_Generic_Small								true	true
UI_FE_CLICK_New_Cam_Lord_Generic_Selection	GBL_UI_Click_Small_Down			UI_MSO_Generic_Small								true	true
UI_FE_CLICK_New_Cam_Lord_Selection	GBL_UI_Click_Small_Down			UI_MSO_Generic_Small								true	true
UI_FE_CLICK_New_Cam_Lord_Selection_Tab	GBL_UI_Click_Small_Down			UI_MSO_Generic_Small								true	true
UI_FE_Click_Main_Child	GBL_UI_Click_Small_Down	UI_FE_Click_Main_Child		UI_MSO_Generic_Small			UI_CLICK_Generic_Medium	UI_CLICK_Generic_Medium				true	true
UI_FE_Click_Main_Child_Settings	GBL_UI_Click_Small_Down	UI_FE_Click_Main_Settings		UI_MSO_Generic_Small			UI_CLICK_Generic_Medium	UI_CLICK_Generic_Medium				true	true
UI_FE_Click_Main_Parent	GBL_UI_Click_Small_Down	UI_FE_Click_Main_Parent		UI_MSO_Generic_Small			UI_CLICK_Generic_Medium	UI_CLICK_Generic_Medium				true	true
UI_FE_HUD_Blank_Inactive												true	true
UI_FE_HUD_Custom_Battle_Add_Player	GBL_UI_Click_Medium_Down	UI_CLICK_Generic_Medium		UI_MSO_Generic_Small			UI_CLICK_Generic_Medium	UI_CLICK_Generic_Medium				true	true
UI_FE_HUD_Custom_Battle_Auto_Generate_Army	GBL_UI_Click_Medium_Down	UI_CLICK_Custom_Battle_Auto_Generate_Army		UI_MSO_Generic_Small			UI_CLICK_Custom_Battle_Auto_Generate_Army	UI_CLICK_Custom_Battle_Auto_Generate_Army				true	true
UI_FE_HUD_Custom_Battle_Delete_Army	GBL_UI_Click_Medium_Down	UI_CLICK_Custom_Battle_Delete_Army		UI_MSO_Generic_Small			UI_CLICK_Custom_Battle_Delete_Army	UI_CLICK_Custom_Battle_Delete_Army				true	true
UI_FE_HUD_Custom_Battle_Rank_Down_Unit	GBL_UI_Click_Medium_Down	UI_CLICK_Custom_Battle_Rank_Down_Unit		UI_MSO_Generic_Small			UI_CLICK_Custom_Battle_Rank_Down_Unit	UI_CLICK_Custom_Battle_Rank_Down_Unit				true	true
UI_FE_HUD_Custom_Battle_Rank_Up_Unit	GBL_UI_Click_Medium_Down	UI_CLICK_Custom_Battle_Rank_Up_Unit		UI_MSO_Generic_Small			UI_CLICK_Custom_Battle_Rank_Up_Unit	UI_CLICK_Custom_Battle_Rank_Up_Unit				true	true
UI_FE_HUD_Custom_Battle_Remove_Player	GBL_UI_Click_Medium_Down	UI_CLICK_Generic_Medium		UI_MSO_Generic_Small			UI_CLICK_Generic_Medium	UI_CLICK_Generic_Medium				true	true
UI_FE_HUD_Custom_Battle_Select_Map_Type	GBL_UI_Click_Medium_Down	UI_CLICK_Custom_Battle_Select_Map_Type		UI_MSO_Generic_Small			UI_CLICK_Custom_Battle_Select_Map_Type	UI_CLICK_Custom_Battle_Select_Map_Type				true	true
UI_FE_HUD_Custom_Battle_Select_Mount	GBL_UI_Click_Medium_Down	UI_CLICK_Generic_Medium		UI_MSO_Generic_Small			UI_CLICK_Generic_Medium	UI_CLICK_Generic_Medium				true	true
UI_FE_HUD_Delete_Faction	GBL_UI_Click_Small_Down	UI_CLICK_Generic_Small		UI_MSO_Generic_Small			UI_CLICK_Generic_Small	UI_CLICK_Generic_Small				true	true
UI_FE_HUD_Delete_Units	GBL_UI_Click_Small_Down	UI_CLICK_Generic_Small		UI_MSO_Generic_Small			UI_CLICK_Generic_Small	UI_CLICK_Generic_Small				true	true
UI_FE_HUD_Generic_Click	GBL_UI_Click_Small_Down	UI_CLICK_Generic_Small		UI_MSO_Generic_Small			UI_CLICK_Generic_Small	UI_CLICK_Generic_Small				true	true
UI_FE_HUD_Host_Battle	GBL_UI_Click_Small_Down	UI_CLICK_Start_Battle		UI_MSO_Generic_Small			UI_CLICK_Start_Battle	UI_CLICK_Start_Battle				true	true
UI_FE_HUD_Host_Campaign	GBL_UI_Click_Small_Down	UI_CLICK_Start_Battle		UI_MSO_Generic_Small			UI_CLICK_Start_Battle	UI_CLICK_Start_Battle				true	true
UI_FE_HUD_Join_Battle	GBL_UI_Click_Small_Down	UI_CLICK_Start_Battle		UI_MSO_Generic_Small			UI_CLICK_Start_Battle	UI_CLICK_Start_Battle				true	true
UI_FE_HUD_Join_Campaign	GBL_UI_Click_Small_Down	UI_CLICK_Start_Battle		UI_MSO_Generic_Small			UI_CLICK_Start_Battle	UI_CLICK_Start_Battle				true	true
UI_FE_HUD_Main_Menu_Battles	GBL_UI_Click_Medium_Down	UI_CLICK_Generic_Medium		UI_MSO_Generic_Small			UI_CLICK_Generic_Medium	UI_CLICK_Generic_Medium				true	true
UI_FE_HUD_Main_Menu_Campaigns	GBL_UI_Click_Medium_Down	UI_CLICK_Generic_Medium		UI_MSO_Generic_Small			UI_CLICK_Generic_Medium	UI_CLICK_Generic_Medium				true	true
UI_FE_HUD_Main_Menu_Downloadable_Content	GBL_UI_Click_Medium_Down	UI_CLICK_Generic_Medium		UI_MSO_Generic_Small			UI_CLICK_Generic_Medium	UI_CLICK_Generic_Medium				true	true
UI_FE_HUD_Main_Menu_Drop_Down	GBL_UI_Click_Small_Down	UI_CLICK_Main_Menu_Drop_Down		UI_MSO_Generic_Small			UI_CLICK_Main_Menu_Drop_Down	UI_CLICK_Main_Menu_Drop_Down				true	true
UI_FE_HUD_Main_Menu_Drop_Down_Flames	GBL_UI_Click_Small_Down	UI_CLICK_Main_Menu_Drop_Down		UI_ANIM_Mouse_Over_Fire_Start	UI_ANIM_Mouse_Over_Fire_Stop		UI_CLICK_Main_Menu_Drop_Down	UI_CLICK_Main_Menu_Drop_Down				false	true
UI_FE_HUD_Main_Menu_Options	GBL_UI_Click_Medium_Down	UI_CLICK_Generic_Medium		UI_MSO_Generic_Small			UI_CLICK_Generic_Medium	UI_CLICK_Generic_Medium				true	true
UI_FE_HUD_Refresh_List	GBL_UI_Click_Medium_Down	UI_CLICK_Generic_Medium		UI_MSO_Generic_Small			UI_CLICK_Generic_Medium	UI_CLICK_Generic_Medium				true	true
UI_FE_HUD_Select_Chapter	GBL_UI_Click_Medium_Down	UI_CLICK_Generic_Medium		UI_MSO_Generic_Small			UI_CLICK_Generic_Medium	UI_CLICK_Generic_Medium				true	true
UI_FE_HUD_Select_Character	GBL_UI_Click_Medium_Down	UI_CLICK_Generic_Medium		UI_MSO_Generic_Small		UI_CLICK_Generic_Medium	UI_CLICK_Generic_Medium					true	true
UI_FE_HUD_Select_Faction	GBL_UI_Click_Small_Down	UI_CLICK_Generic_Small		UI_MSO_Generic_Small			UI_CLICK_Generic_Small	UI_CLICK_Generic_Small				true	true
UI_FE_HUD_Select_Historical_Battle	GBL_UI_Click_Medium_Down	UI_CLICK_Select_Battle		UI_MSO_Generic_Small			UI_CLICK_Select_Battle	UI_CLICK_Select_Battle				true	true
UI_FE_HUD_Select_Monster_Hunt_Battle_0	GBL_UI_Click_Small_Down	UI_FE_HUD_Select_Monster_Hunt_Battle_0		UI_MSO_Generic_Small			UI_FE_HUD_Select_Monster_Hunt_Battle_0	UI_FE_HUD_Select_Monster_Hunt_Battle_0				true	true
UI_FE_HUD_Select_Monster_Hunt_Battle_1	GBL_UI_Click_Small_Down	UI_FE_HUD_Select_Monster_Hunt_Battle_1		UI_MSO_Generic_Small			UI_FE_HUD_Select_Monster_Hunt_Battle_1	UI_FE_HUD_Select_Monster_Hunt_Battle_1				true	true
UI_FE_HUD_Select_Monster_Hunt_Battle_10	GBL_UI_Click_Small_Down	UI_FE_HUD_Select_Monster_Hunt_Battle_10		UI_MSO_Generic_Small			UI_FE_HUD_Select_Monster_Hunt_Battle_10	UI_FE_HUD_Select_Monster_Hunt_Battle_10				true	true
UI_FE_HUD_Select_Monster_Hunt_Battle_11	GBL_UI_Click_Small_Down	UI_FE_HUD_Select_Monster_Hunt_Battle_11		UI_MSO_Generic_Small			UI_FE_HUD_Select_Monster_Hunt_Battle_11	UI_FE_HUD_Select_Monster_Hunt_Battle_11				true	true
UI_FE_HUD_Select_Monster_Hunt_Battle_2	GBL_UI_Click_Small_Down	UI_FE_HUD_Select_Monster_Hunt_Battle_2		UI_MSO_Generic_Small			UI_FE_HUD_Select_Monster_Hunt_Battle_2	UI_FE_HUD_Select_Monster_Hunt_Battle_2				true	true
UI_FE_HUD_Select_Monster_Hunt_Battle_3	GBL_UI_Click_Small_Down	UI_FE_HUD_Select_Monster_Hunt_Battle_3		UI_MSO_Generic_Small			UI_FE_HUD_Select_Monster_Hunt_Battle_3	UI_FE_HUD_Select_Monster_Hunt_Battle_3				true	true
UI_FE_HUD_Select_Monster_Hunt_Battle_4	GBL_UI_Click_Small_Down	UI_FE_HUD_Select_Monster_Hunt_Battle_4		UI_MSO_Generic_Small			UI_FE_HUD_Select_Monster_Hunt_Battle_4	UI_FE_HUD_Select_Monster_Hunt_Battle_4				true	true
UI_FE_HUD_Select_Monster_Hunt_Battle_5	GBL_UI_Click_Small_Down	UI_FE_HUD_Select_Monster_Hunt_Battle_5		UI_MSO_Generic_Small			UI_FE_HUD_Select_Monster_Hunt_Battle_5	UI_FE_HUD_Select_Monster_Hunt_Battle_5				true	true
UI_FE_HUD_Select_Monster_Hunt_Battle_6	GBL_UI_Click_Small_Down	UI_FE_HUD_Select_Monster_Hunt_Battle_6		UI_MSO_Generic_Small			UI_FE_HUD_Select_Monster_Hunt_Battle_6	UI_FE_HUD_Select_Monster_Hunt_Battle_6				true	true
UI_FE_HUD_Select_Monster_Hunt_Battle_7	GBL_UI_Click_Small_Down	UI_FE_HUD_Select_Monster_Hunt_Battle_7		UI_MSO_Generic_Small			UI_FE_HUD_Select_Monster_Hunt_Battle_7	UI_FE_HUD_Select_Monster_Hunt_Battle_7				true	true
UI_FE_HUD_Select_Monster_Hunt_Battle_8	GBL_UI_Click_Small_Down	UI_FE_HUD_Select_Monster_Hunt_Battle_8		UI_MSO_Generic_Small			UI_FE_HUD_Select_Monster_Hunt_Battle_8	UI_FE_HUD_Select_Monster_Hunt_Battle_8				true	true
UI_FE_HUD_Select_Monster_Hunt_Battle_9	GBL_UI_Click_Small_Down	UI_FE_HUD_Select_Monster_Hunt_Battle_9		UI_MSO_Generic_Small			UI_FE_HUD_Select_Monster_Hunt_Battle_9	UI_FE_HUD_Select_Monster_Hunt_Battle_9				true	true
UI_FE_HUD_Spectate	GBL_UI_Click_Small_Down	UI_CLICK_Start_Battle		UI_MSO_Generic_Small			UI_CLICK_Start_Battle	UI_CLICK_Start_Battle				true	true
UI_FE_HUD_Start_Battle	GBL_UI_Click_Large_Down	UI_CLICK_Start_Battle		UI_MSO_Generic_Small		UI_CLICK_Start_Battle	UI_CLICK_Start_Battle					true	true
UI_FE_HUD_Start_Campaign	GBL_UI_Click_Large_Down	UI_CLICK_Start_Battle		UI_MSO_Generic_Small			UI_CLICK_Start_Battle	UI_CLICK_Start_Battle				true	true
UI_FE_HUD_Start_Campaign_Battle	GBL_UI_Click_Large_Down	UI_CLICK_Generic_Start_Battle_Campaign		UI_MSO_Generic_Small			UI_CLICK_Generic_Start_Battle_Campaign	UI_CLICK_Generic_Start_Battle_Campaign				true	true
UI_FE_HUD_Start_Campaign_Battle_Ticker_End	GBL_UI_Click_Large_Down	UI_CLICK_Generic_Start_Battle_Campaign_Ticker_End		UI_MSO_Generic_Small			UI_CLICK_Generic_Start_Battle_Campaign	UI_CLICK_Generic_Start_Battle_Campaign				true	true
UI_FE_HUD_Start_Custom_Battle	GBL_UI_Click_Large_Down	UI_CLICK_Start_Battle		UI_MSO_Generic_Small			UI_CLICK_Start_Battle	UI_CLICK_Start_Battle				true	true
UI_FE_HUD_Start_Prologue	GBL_UI_Click_Large_Down	UI_CLICK_Start_Battle		UI_MSO_Generic_Small			UI_CLICK_Start_Battle	UI_CLICK_Start_Battle				true	true
UI_FE_POPUP_Campaign_Set_Difficulty									UI_FE_POPUP_Campaign_Set_Difficulty_Open	UI_FE_POPUP_Campaign_Set_Difficulty_Close		true	true
UI_FE_POPUP_Generic									UI_POPUP_ESC_Open	UI_POPUP_ESC_Close		true	true
UI_FE_POPUP_Incident									UI_FE_POPUP_Incident_Open	UI_FE_POPUP_Incident_Close		true	true
UI_FE_POPUP_New_Cam_Lord_Race_Selection									UI_FE_POPUP_New_Cam_Lord_Race_Selection_Open	UI_FE_POPUP_New_Cam_Lord_Race_Selection_Close		true	true
UI_GBL_HUD_ADC_Button	GBL_UI_Click_Small_Down	UI_CLICK_Generic_Small			UI_MSO_Generic_Small		UI_CLICK_Generic_Small	UI_CLICK_Generic_Small				true	true
UI_GBL_HUD_Delete	GBL_UI_Click_Small_Down	UI_CLICK_Generic_Small		UI_MSO_Generic_Small			UI_CLICK_Generic_Small	UI_CLICK_Generic_Small				true	true
UI_GBL_HUD_EGX_Battle_Select	GBL_UI_Click_Small_Down			UI_MSO_Generic_Small								true	true
UI_GBL_HUD_Encylopedia	GBL_UI_Click_Small_Down	UI_CLICK_Encylopedia		UI_MSO_Generic_Small			UI_CLICK_Encylopedia	UI_CLICK_Encylopedia				true	true
UI_GBL_HUD_Generic_Accept_Confirm	GBL_UI_Click_Medium_Down	UI_CLICK_Accept_Confirm		UI_MSO_Generic_Small			UI_CLICK_Accept_Confirm	UI_CLICK_Accept_Confirm				true	true
UI_GBL_HUD_Generic_Cancel_Decline	GBL_UI_Click_Medium_Down	UI_CLICK_Cancel_Decline		UI_MSO_Generic_Small			UI_CLICK_Cancel_Decline	UI_CLICK_Cancel_Decline				true	true
UI_GBL_HUD_Go_Back	GBL_UI_Click_Medium_Down	UI_CLICK_Go_Back		UI_MSO_Generic_Small			UI_CLICK_Go_Back	UI_CLICK_Go_Back				true	true
UI_GBL_HUD_Invite_Friend	GBL_UI_Click_Medium_Down	UI_CLICK_Accept_Confirm		UI_MSO_Generic_Small			UI_CLICK_Accept_Confirm	UI_CLICK_Accept_Confirm				true	true
UI_GBL_HUD_Purchase	GBL_UI_Click_Medium_Down	UI_CLICK_Purchase		UI_MSO_Generic_Small			UI_CLICK_Purchase	UI_CLICK_Purchase				true	true
UI_GBL_HUD_Rush_Construction_Accept	GBL_UI_Click_Medium_Down	UI_GBL_Dialogue_Box_Rush_Construction_Accept		UI_MSO_Generic_Small			UI_GBL_Dialogue_Box_Rush_Construction_Accept					true	true
UI_GBL_HUD_Spell_Browser	GBL_UI_Click_Small_Down	UI_CLICK_Generic_Small		UI_MSO_Generic_Small			UI_CLICK_Generic_Small	UI_CLICK_Generic_Small				true	true
UI_GBL_HUD_Tactical_Map_Close				UI_MSO_Generic_Small								true	true
UI_GBL_HUD_Tactical_Map_Open				UI_MSO_Generic_Small								true	true
UI_GBL_MSO_ESC_Menu_Open				UI_MSO_Generic_Small								true	true
UI_GBL_POPUP_Dialogue_Box_No_State									UI_POPUP_Dialogue_Box_No_State_Open	UI_POPUP_Dialogue_Box_No_State_Close		true	true
UI_GBL_POPUP_ESC_Menu									UI_POPUP_ESC_Open	UI_POPUP_ESC_Close		true	true
UI_GBL_POPUP_Exit_Game_Option									UI_POPUP_Dialogue_Box_Open	UI_POPUP_Dialogue_Box_Close		true	true
UI_GBL_POPUP_Generic												true	true
UI_GBL_POPUP_Spell_Browser									UI_POPUP_Spell_Browser_Open	UI_POPUP_Spell_Browser_Close		true	true
UI_GBL_Spell_Browser_Unit									UI_POPUP_Units_State_Open	UI_POPUP_Units_State_Close		true	true
UI_GBL_Spell_Browser_Video_Visible									UI_POPUP_Spell_Browser_State_Open	UI_POPUP_Spell_Browser_State_Close		true	true
UI_GBL_TMP_Arrow_Next	GBL_UI_Click_Small_Down	UI_CLICK_Generic_Small		UI_MSO_Generic_Small			UI_CLICK_Generic_Small	UI_CLICK_Generic_Small				true	true
UI_GBL_TMP_Arrow_Previous	GBL_UI_Click_Small_Down	UI_CLICK_Generic_Small		UI_MSO_Generic_Small			UI_CLICK_Generic_Small	UI_CLICK_Generic_Small				true	true
UI_GBL_TMP_Building_Button	GBL_UI_Click_Medium_Down			UI_MSO_Generic_Small			UI_CLICK_Construction_Start	UI_CLICK_Construction_Start				true	true
UI_GBL_TMP_CheckBox	GBL_UI_Click_Tick_Box_Down	UI_CLICK_Tick_Box		UI_MSO_Generic_Small			UI_CLICK_Tick_Box	UI_CLICK_Tick_Box				true	true
UI_GBL_TMP_DropDown	GBL_UI_Click_Small_Down	UI_CLICK_Drop_Down		UI_MSO_Generic_Small			UI_CLICK_Drop_Down	UI_CLICK_Drop_Down				true	true
UI_GBL_TMP_DropDown_List	GBL_UI_Click_Small_Down	UI_CLICK_Generic_Small		UI_MSO_Generic_Small			UI_CLICK_Generic_Small	UI_CLICK_Generic_Small				true	true
UI_GBL_TMP_Edicts_Button	GBL_UI_Click_Small_Down	UI_CLICK_Commandment_Select		UI_MSO_Generic_Small			UI_CLICK_Commandment_Select	UI_CLICK_Commandment_Select				true	true
UI_GBL_TMP_Extra_Large_Button	GBL_UI_Click_Medium_Down	UI_CLICK_Tab_Medium		UI_MSO_Generic_Medium			UI_CLICK_Tab_Medium	UI_CLICK_Tab_Medium				true	true
UI_GBL_TMP_Extra_Small_Button	GBL_UI_Click_Small_Down	UI_CLICK_Generic_Small		UI_MSO_Generic_Small			UI_CLICK_Generic_Small	UI_CLICK_Generic_Small				true	true
UI_GBL_TMP_Generic_Click	GBL_UI_Click_Small_Down	UI_CLICK_Generic_Small		UI_MSO_Generic_Small			UI_CLICK_Generic_Small	UI_CLICK_Generic_Small				true	true
UI_GBL_TMP_Generic_Click_LR	GBL_UI_Click_Small_Down	UI_CLICK_Generic_Small	UI_CLICK_Generic_Small	UI_MSO_Generic_Small			UI_CLICK_Generic_Small	UI_CLICK_Generic_Small				true	true
UI_GBL_TMP_Generic_Click_Locked_Medium		UI_CLICK_GBL_Selection_Unavailible		UI_MSO_Generic_Medium			UI_CLICK_GBL_Selection_Unavailible	UI_CLICK_GBL_Selection_Unavailible				true	true
UI_GBL_TMP_Generic_Click_Locked_Small		UI_CLICK_GBL_Selection_Unavailible		UI_MSO_Generic_Small			UI_CLICK_GBL_Selection_Unavailible	UI_CLICK_GBL_Selection_Unavailible				true	true
UI_GBL_TMP_MODULAR_Extra_Large_Button	GBL_UI_Click_Large_Down	UI_GLOBAL_MODULAR_Click_Extra_Large		UI_MSO_Generic_Small			UI_GLOBAL_MODULAR_Click_Extra_Large	UI_GLOBAL_MODULAR_Click_Extra_Large				true	true
UI_GBL_TMP_MODULAR_Impact_Boom	GBL_UI_Click_Medium_Down	UI_GLOBAL_MODULAR_Click_Impact_Boom		UI_MSO_Generic_Small			UI_GLOBAL_MODULAR_Click_Impact_Boom	UI_GLOBAL_MODULAR_Click_Impact_Boom				true	true
UI_GBL_TMP_MODULAR_Impact_Explosion	GBL_UI_Click_Medium_Down	UI_GLOBAL_MODULAR_Click_Impact_Explosion		UI_MSO_Generic_Small			UI_GLOBAL_MODULAR_Click_Impact_Explosion	UI_GLOBAL_MODULAR_Click_Impact_Explosion				true	true
UI_GBL_TMP_MODULAR_Impact_Low	GBL_UI_Click_Medium_Down	UI_GLOBAL_MODULAR_Click_Impact_Low		UI_MSO_Generic_Small			UI_GLOBAL_MODULAR_Click_Impact_Low	UI_GLOBAL_MODULAR_Click_Impact_Low				true	true
UI_GBL_TMP_MODULAR_Large_Button	GBL_UI_Click_Large_Down	UI_GLOBAL_MODULAR_Click_Large		UI_MSO_Generic_Small			UI_GLOBAL_MODULAR_Click_Large	UI_GLOBAL_MODULAR_Click_Large				true	true
UI_GBL_TMP_MODULAR_Medium_Button	GBL_UI_Click_Medium_Down	UI_GLOBAL_MODULAR_Click_Medium		UI_MSO_Generic_Small			UI_GLOBAL_MODULAR_Click_Medium	UI_GLOBAL_MODULAR_Click_Medium				true	true
UI_GBL_TMP_MODULAR_Small_Button	GBL_UI_Click_Small_Down	UI_GLOBAL_MODULAR_Click_Small		UI_MSO_Generic_Small			UI_GLOBAL_MODULAR_Click_Small	UI_GLOBAL_MODULAR_Click_Small				true	true
UI_GBL_TMP_Mouse_Over_Only				UI_MSO_Generic_Small								true	true
UI_GBL_TMP_Parchment_Row	GBL_UI_Click_Medium_Down	UI_CLICK_Parchment_Row		UI_MSO_Generic_Medium			UI_CLICK_Parchment_Row	UI_CLICK_Parchment_Row				true	true
UI_GBL_TMP_Portrait_Card	GBL_UI_Click_Small_Down	UI_CLICK_Portrait_Card		UI_MSO_Generic_Small			UI_CLICK_Portrait_Card	UI_CLICK_Portrait_Card				true	true
UI_GBL_TMP_Prebattle_Portrait_Select	GBL_UI_Click_Small_Down	UI_CLICK_Portrait_Card		UI_MSO_Generic_Small			UI_CLICK_Portrait_Card	UI_CLICK_Portrait_Card				true	true
UI_GBL_TMP_Radio_Button	GBL_UI_Click_Small_Down	UI_CLICK_Generic_Small		UI_MSO_Generic_Small			UI_CLICK_Generic_Small	UI_CLICK_Generic_Small				true	true
UI_GBL_TMP_Round_Large_Button	GBL_UI_Click_Large_Down	UI_CLICK_Generic_Large		UI_MSO_Generic_Small			UI_CLICK_Generic_Large	UI_CLICK_Generic_Large				true	true
UI_GBL_TMP_Round_Large_Button_Toggle	GBL_UI_Click_Large_Down	UI_CLICK_Generic_Small		UI_MSO_Generic_Small			UI_CLICK_Generic_Small	UI_CLICK_Generic_Small				true	true
UI_GBL_TMP_Round_Medium_Button	GBL_UI_Click_Small_Down	UI_CLICK_Generic_Small		UI_MSO_Generic_Small			UI_CLICK_Generic_Small	UI_CLICK_Generic_Small				true	true
UI_GBL_TMP_Round_Medium_Button_Toggle	GBL_UI_Click_Small_Down	UI_CLICK_Generic_Small		UI_MSO_Generic_Small			UI_CLICK_Generic_Small	UI_CLICK_Generic_Small				true	true
UI_GBL_TMP_Round_Small_Button	GBL_UI_Click_Small_Down	UI_CLICK_Generic_Small		UI_MSO_Generic_Small			UI_CLICK_Generic_Small	UI_CLICK_Generic_Small				true	true
UI_GBL_TMP_Round_Small_Button_Toggle	GBL_UI_Click_Small_Down	UI_CLICK_Generic_Small		UI_MSO_Generic_Small			UI_CLICK_Generic_Small	UI_CLICK_Generic_Small				true	true
UI_GBL_TMP_Selection_Locked_Unavailable_Medium	GBL_UI_Click_Medium_Down	UI_CLICK_GBL_Selection_Unavailible		UI_MSO_Generic_Medium			UI_CLICK_GBL_Selection_Unavailible	UI_CLICK_GBL_Selection_Unavailible				true	true
UI_GBL_TMP_Selection_Locked_Unavailable_Small	GBL_UI_Click_Small_Down	UI_CLICK_GBL_Selection_Unavailible		UI_MSO_Generic_Small			UI_CLICK_GBL_Selection_Unavailible	UI_CLICK_GBL_Selection_Unavailible				true	true
UI_GBL_TMP_Siege_Equipment_Card	GBL_UI_Click_Medium_Down	UI_CLICK_Generic_Medium		UI_MSO_Generic_Small			UI_CLICK_Custom_Battle_Add_Unit					true	true
UI_GBL_TMP_Skill_Tab_Toggle	GBL_UI_Click_Small_Down	UI_CLICK_Tab_Skill		UI_MSO_Generic_Small			UI_CLICK_Tab_Skill	UI_CLICK_Tab_Skill				true	true
UI_GBL_TMP_Slider_Arrows	GBL_UI_Click_Small_Down	UI_CLICK_Generic_Small		UI_MSO_Generic_Small		UI_CLICK_Generic_Small	UI_CLICK_Generic_Small					true	true
UI_GBL_TMP_Slider_Background_Laboratory	GBL_UI_Click_Small_Down	UI_FE_Laboratory_Warp_Lightning_Slider_One_Shot										true	true
UI_GBL_TMP_Slider_Handle	GBL_UI_Click_Small_Down	UI_CLICK_Generic_Small		UI_MSO_Generic_Small			UI_CLICK_Generic_Small	UI_CLICK_Generic_Small				true	true
UI_GBL_TMP_Slider_Handle_Laboratory	GBL_UI_Click_Small_Down			UI_MSO_Generic_Small		UI_FE_Laboratory_Warp_Lightning_Slider_Loop_Start	UI_FE_Laboratory_Warp_Lightning_Slider_Loop_Stop					true	true
UI_GBL_TMP_Square_Large_Text_Button	GBL_UI_Click_Small_Down	UI_CLICK_Generic_Text_Small		UI_MSO_Generic_Small			UI_CLICK_Generic_Text_Small	UI_CLICK_Generic_Text_Small				true	true
UI_GBL_TMP_Square_Large_Text_Button_Toggle	GBL_UI_Click_Small_Down	UI_CLICK_Generic_Text_Small		UI_MSO_Generic_Small			UI_CLICK_Generic_Text_Small	UI_CLICK_Generic_Text_Small				true	true
UI_GBL_TMP_Square_Large_Text_Tab_Toggle	GBL_UI_Click_Medium_Down	UI_CLICK_Tab_Medium		UI_MSO_Generic_Small			UI_CLICK_Tab_Medium	UI_CLICK_Tab_Medium				true	true
UI_GBL_TMP_Square_Medium_Button	GBL_UI_Click_Small_Down	UI_CLICK_Generic_Text_Small		UI_MSO_Generic_Medium			UI_CLICK_Generic_Text_Small	UI_CLICK_Generic_Text_Small				true	true
UI_GBL_TMP_Square_Medium_Button_Toggle	GBL_UI_Click_Small_Down	UI_CLICK_Generic_Text_Small		UI_MSO_Generic_Medium			UI_CLICK_Generic_Text_Small	UI_CLICK_Generic_Text_Small				true	true
UI_GBL_TMP_Square_Medium_Text_Button_Toggle	GBL_UI_Click_Medium_Down	UI_CLICK_Tab_Medium		UI_MSO_Generic_Small			UI_CLICK_Tab_Medium	UI_CLICK_Tab_Medium				true	true
UI_GBL_TMP_Square_Medium_Text_Tab_Toggle	GBL_UI_Click_Medium_Down	UI_CLICK_Tab_Medium		UI_MSO_Generic_Medium			UI_CLICK_Tab_Medium	UI_CLICK_Tab_Medium				true	true
UI_GBL_TMP_Square_Small_Tab_Toggle	GBL_UI_Click_Small_Down	UI_CLICK_Generic_Text_Small		UI_MSO_Generic_Small			UI_CLICK_Generic_Text_Small	UI_CLICK_Generic_Text_Small				true	true
UI_GBL_TMP_Stance_Button				UI_MSO_Generic_Small								true	true
UI_GBL_TMP_Stance_Button_Toggle				UI_MSO_Generic_Small								true	true
UI_GBL_TMP_Text_Button	GBL_UI_Click_Small_Down	UI_CLICK_Generic_Text_Small		UI_MSO_Generic_Small			UI_CLICK_Generic_Text_Small	UI_CLICK_Generic_Text_Small				true	true
UI_GBL_TMP_Transition_Extra_Large_Button	GBL_UI_Click_Large_Down	UI_CLICK_Transition_Button_Extra_Large		UI_MSO_Generic_Small			UI_CLICK_Transition_Button_Extra_Large	UI_CLICK_Transition_Button_Extra_Large				true	true
UI_GBL_TMP_Transition_Extra_Large_Button_Flames	GBL_UI_Click_Large_Down	UI_CLICK_Transition_Button_Extra_Large		UI_ANIM_Mouse_Over_Fire_Start	UI_ANIM_Mouse_Over_Fire_Stop		UI_CLICK_Transition_Button_Extra_Large	UI_CLICK_Transition_Button_Extra_Large				false	true
UI_GBL_TMP_Transition_Large_Button	GBL_UI_Click_Large_Down	UI_CLICK_Transition_Button_Large		UI_MSO_Generic_Small			UI_CLICK_Transition_Button_Large	UI_CLICK_Transition_Button_Large				true	true
UI_GBL_TMP_Transition_Large_Button_02	GBL_UI_Click_Large_Down	UI_CLICK_Transition_Button_Large_02		UI_MSO_Generic_Small			UI_CLICK_Transition_Button_Large_02	UI_CLICK_Transition_Button_Large_02				true	true
UI_GBL_TMP_Transition_Large_Button_02_Flames	GBL_UI_Click_Large_Down	UI_CLICK_Transition_Button_Large_02		UI_ANIM_Mouse_Over_Fire_Start	UI_ANIM_Mouse_Over_Fire_Stop		UI_CLICK_Transition_Button_Large_02	UI_CLICK_Transition_Button_Large_02				false	true
UI_GBL_TMP_Transition_Large_Button_No_Flames	GBL_UI_Click_Large_Down	UI_CLICK_Transition_Button_Large_02		UI_MSO_Generic_Small			UI_CLICK_Transition_Button_Large_02	UI_CLICK_Transition_Button_Large_02				true	true
UI_GBL_TMP_Transition_Medium_Button	GBL_UI_Click_Medium_Down	UI_CLICK_Transition_Button_Medium		UI_MSO_Generic_Small			UI_CLICK_Transition_Button_Medium	UI_CLICK_Transition_Button_Medium				true	true
UI_GBL_TMP_Transition_Medium_Button_02	GBL_UI_Click_Medium_Down	UI_CLICK_Transition_Button_Medium_02		UI_MSO_Generic_Small			UI_CLICK_Transition_Button_Medium_02	UI_CLICK_Transition_Button_Medium_02				true	true
UI_GBL_TMP_Transition_Small_Button	GBL_UI_Click_Small_Down	UI_CLICK_Transition_Button_Small		UI_MSO_Generic_Small			UI_CLICK_Transition_Button_Small	UI_CLICK_Transition_Button_Small				true	true
UI_GBL_TMP_Unit_Card	GBL_UI_Click_Small_Down	UI_CLICK_Unit_Card		UI_MSO_Generic_Small		UI_GLOBAL_MODULAR_Click_Small	UI_CLICK_Custom_Battle_Add_Unit	UI_CLICK_Unit_Card			UI_CLICK_Custom_Battle_Add_Unit	true	true
UI_GBL_TMP_Vslider	GBL_UI_Click_Small_Down	UI_CLICK_Generic_Small		UI_MSO_Generic_Small			UI_CLICK_Generic_Small	UI_CLICK_Generic_Small				true	true
placeholder_default												true	true
