item	set	initially_locked
#initiative_set_items_tables;1;db/initiative_set_items_tables/data__		
wh3_cp1_feature_initiatives_cth_ancillaries_armours	wh3_cp1_cth_initiative_set_aosy_ancillaries	false
wh3_cp1_feature_initiatives_cth_ancillaries_talisman	wh3_cp1_cth_initiative_set_aosy_ancillaries	false
wh3_cp1_feature_initiatives_cth_ancillaries_weapons	wh3_cp1_cth_initiative_set_aosy_ancillaries	false
wh3_cp1_feature_initiatives_cth_buildings_celestial	wh3_cp1_cth_initiative_set_aosy_military_buildings	false
wh3_cp1_feature_initiatives_cth_buildings_gun	wh3_cp1_cth_initiative_set_aosy_military_buildings	false
wh3_cp1_feature_initiatives_cth_buildings_jade	wh3_cp1_cth_initiative_set_aosy_military_buildings	false
wh3_cp1_feature_initiatives_cth_buildings_machines	wh3_cp1_cth_initiative_set_aosy_military_buildings	false
wh3_cp1_feature_initiatives_cth_court_decrees_bhashiva_1	wh3_cp1_cth_initiative_set_court_position_bhashiva	false
wh3_cp1_feature_initiatives_cth_court_decrees_bhashiva_2	wh3_cp1_cth_initiative_set_court_position_bhashiva	false
wh3_cp1_feature_initiatives_cth_court_decrees_military_1	wh3_cp1_cth_initiative_set_court_position_military	false
wh3_cp1_feature_initiatives_cth_court_decrees_military_2	wh3_cp1_cth_initiative_set_court_position_military	false
wh3_cp1_feature_initiatives_cth_court_decrees_spiritual_1	wh3_cp1_cth_initiative_set_court_position_spiritual	false
wh3_cp1_feature_initiatives_cth_court_decrees_spiritual_2	wh3_cp1_cth_initiative_set_court_position_spiritual	false
wh3_dlc20_character_initiative_chs_chaos_lord_kho_01	wh3_dlc20_character_initiative_set_boons_chaos_lord_khorne	true
wh3_dlc20_character_initiative_chs_chaos_lord_kho_02	wh3_dlc20_character_initiative_set_boons_chaos_lord_khorne	true
wh3_dlc20_character_initiative_chs_chaos_lord_kho_03	wh3_dlc20_character_initiative_set_boons_chaos_lord_khorne	true
wh3_dlc20_character_initiative_chs_chaos_lord_kho_04	wh3_dlc20_character_initiative_set_boons_chaos_lord_khorne	true
wh3_dlc20_character_initiative_chs_chaos_lord_kho_05	wh3_dlc20_character_initiative_set_boons_chaos_lord_khorne	true
wh3_dlc20_character_initiative_chs_chaos_lord_kho_06	wh3_dlc20_character_initiative_set_boons_chaos_lord_khorne	true
wh3_dlc20_character_initiative_chs_chaos_lord_kho_07	wh3_dlc20_character_initiative_set_boons_chaos_lord_khorne	true
wh3_dlc20_character_initiative_chs_chaos_lord_kho_08	wh3_dlc20_character_initiative_set_boons_chaos_lord_khorne	true
wh3_dlc20_character_initiative_chs_chaos_lord_kho_09	wh3_dlc20_character_initiative_set_boons_chaos_lord_khorne	true
wh3_dlc20_character_initiative_chs_chaos_lord_sla_01	wh3_dlc20_character_initiative_set_boons_chaos_lord_slaanesh	true
wh3_dlc20_character_initiative_chs_chaos_lord_sla_02	wh3_dlc20_character_initiative_set_boons_chaos_lord_slaanesh	true
wh3_dlc20_character_initiative_chs_chaos_lord_sla_03	wh3_dlc20_character_initiative_set_boons_chaos_lord_slaanesh	true
wh3_dlc20_character_initiative_chs_chaos_lord_sla_04	wh3_dlc20_character_initiative_set_boons_chaos_lord_slaanesh	true
wh3_dlc20_character_initiative_chs_chaos_lord_sla_05	wh3_dlc20_character_initiative_set_boons_chaos_lord_slaanesh	true
wh3_dlc20_character_initiative_chs_chaos_lord_sla_06	wh3_dlc20_character_initiative_set_boons_chaos_lord_slaanesh	true
wh3_dlc20_character_initiative_chs_chaos_lord_sla_07	wh3_dlc20_character_initiative_set_boons_chaos_lord_slaanesh	true
wh3_dlc20_character_initiative_chs_chaos_lord_sla_08	wh3_dlc20_character_initiative_set_boons_chaos_lord_slaanesh	true
wh3_dlc20_character_initiative_chs_chaos_lord_sla_09	wh3_dlc20_character_initiative_set_boons_chaos_lord_slaanesh	true
wh3_dlc20_character_initiative_chs_chaos_lord_und_01	wh3_dlc20_character_initiative_set_boons_chaos_lord_undivided	true
wh3_dlc20_character_initiative_chs_chaos_lord_und_02	wh3_dlc20_character_initiative_set_boons_chaos_lord_undivided	true
wh3_dlc20_character_initiative_chs_chaos_lord_und_03	wh3_dlc20_character_initiative_set_boons_chaos_lord_undivided	true
wh3_dlc20_character_initiative_chs_chaos_lord_und_04	wh3_dlc20_character_initiative_set_boons_chaos_lord_undivided	true
wh3_dlc20_character_initiative_chs_chaos_lord_und_05	wh3_dlc20_character_initiative_set_boons_chaos_lord_undivided	true
wh3_dlc20_character_initiative_chs_chaos_lord_und_06	wh3_dlc20_character_initiative_set_boons_chaos_lord_undivided	true
wh3_dlc20_character_initiative_chs_chaos_lord_und_07	wh3_dlc20_character_initiative_set_boons_chaos_lord_undivided	true
wh3_dlc20_character_initiative_chs_chaos_lord_und_08	wh3_dlc20_character_initiative_set_boons_chaos_lord_undivided	true
wh3_dlc20_character_initiative_chs_chaos_lord_und_09	wh3_dlc20_character_initiative_set_boons_chaos_lord_undivided	true
wh3_dlc20_character_initiative_chs_chaos_sorcerer_lord_nur_01	wh3_dlc20_character_initiative_set_boons_chaos_sorcerer_lord_nurgle	true
wh3_dlc20_character_initiative_chs_chaos_sorcerer_lord_nur_02	wh3_dlc20_character_initiative_set_boons_chaos_sorcerer_lord_nurgle	true
wh3_dlc20_character_initiative_chs_chaos_sorcerer_lord_nur_03	wh3_dlc20_character_initiative_set_boons_chaos_sorcerer_lord_nurgle	true
wh3_dlc20_character_initiative_chs_chaos_sorcerer_lord_nur_04	wh3_dlc20_character_initiative_set_boons_chaos_sorcerer_lord_nurgle	true
wh3_dlc20_character_initiative_chs_chaos_sorcerer_lord_nur_05	wh3_dlc20_character_initiative_set_boons_chaos_sorcerer_lord_nurgle	true
wh3_dlc20_character_initiative_chs_chaos_sorcerer_lord_nur_06	wh3_dlc20_character_initiative_set_boons_chaos_sorcerer_lord_nurgle	true
wh3_dlc20_character_initiative_chs_chaos_sorcerer_lord_nur_07	wh3_dlc20_character_initiative_set_boons_chaos_sorcerer_lord_nurgle	true
wh3_dlc20_character_initiative_chs_chaos_sorcerer_lord_nur_08	wh3_dlc20_character_initiative_set_boons_chaos_sorcerer_lord_nurgle	true
wh3_dlc20_character_initiative_chs_chaos_sorcerer_lord_nur_09	wh3_dlc20_character_initiative_set_boons_chaos_sorcerer_lord_nurgle	true
wh3_dlc20_character_initiative_chs_chaos_sorcerer_lord_nur_10	wh3_dlc20_character_initiative_set_boons_chaos_sorcerer_lord_nurgle	true
wh3_dlc20_character_initiative_chs_chaos_sorcerer_lord_tze_01	wh3_dlc20_character_initiative_set_boons_chaos_sorcerer_lord_tzeentch	true
wh3_dlc20_character_initiative_chs_chaos_sorcerer_lord_tze_02	wh3_dlc20_character_initiative_set_boons_chaos_sorcerer_lord_tzeentch	true
wh3_dlc20_character_initiative_chs_chaos_sorcerer_lord_tze_03	wh3_dlc20_character_initiative_set_boons_chaos_sorcerer_lord_tzeentch	true
wh3_dlc20_character_initiative_chs_chaos_sorcerer_lord_tze_04	wh3_dlc20_character_initiative_set_boons_chaos_sorcerer_lord_tzeentch	true
wh3_dlc20_character_initiative_chs_chaos_sorcerer_lord_tze_05	wh3_dlc20_character_initiative_set_boons_chaos_sorcerer_lord_tzeentch	true
wh3_dlc20_character_initiative_chs_chaos_sorcerer_lord_tze_06	wh3_dlc20_character_initiative_set_boons_chaos_sorcerer_lord_tzeentch	true
wh3_dlc20_character_initiative_chs_chaos_sorcerer_lord_tze_07	wh3_dlc20_character_initiative_set_boons_chaos_sorcerer_lord_tzeentch	true
wh3_dlc20_character_initiative_chs_chaos_sorcerer_lord_tze_08	wh3_dlc20_character_initiative_set_boons_chaos_sorcerer_lord_tzeentch	true
wh3_dlc20_character_initiative_chs_chaos_sorcerer_lord_tze_09	wh3_dlc20_character_initiative_set_boons_chaos_sorcerer_lord_tzeentch	true
wh3_dlc20_character_initiative_chs_chaos_sorcerer_lord_tze_10	wh3_dlc20_character_initiative_set_boons_chaos_sorcerer_lord_tzeentch	true
wh3_dlc20_character_initiative_chs_chaos_sorcerer_lord_und_01	wh3_dlc20_character_initiative_set_boons_chaos_sorcerer_lord_undivided	true
wh3_dlc20_character_initiative_chs_chaos_sorcerer_lord_und_02	wh3_dlc20_character_initiative_set_boons_chaos_sorcerer_lord_undivided	true
wh3_dlc20_character_initiative_chs_chaos_sorcerer_lord_und_03	wh3_dlc20_character_initiative_set_boons_chaos_sorcerer_lord_undivided	true
wh3_dlc20_character_initiative_chs_chaos_sorcerer_lord_und_04	wh3_dlc20_character_initiative_set_boons_chaos_sorcerer_lord_undivided	true
wh3_dlc20_character_initiative_chs_chaos_sorcerer_lord_und_05	wh3_dlc20_character_initiative_set_boons_chaos_sorcerer_lord_undivided	true
wh3_dlc20_character_initiative_chs_chaos_sorcerer_lord_und_06	wh3_dlc20_character_initiative_set_boons_chaos_sorcerer_lord_undivided	true
wh3_dlc20_character_initiative_chs_chaos_sorcerer_lord_und_07	wh3_dlc20_character_initiative_set_boons_chaos_sorcerer_lord_undivided	true
wh3_dlc20_character_initiative_chs_chaos_sorcerer_lord_und_08	wh3_dlc20_character_initiative_set_boons_chaos_sorcerer_lord_undivided	true
wh3_dlc20_character_initiative_chs_chaos_sorcerer_lord_und_09	wh3_dlc20_character_initiative_set_boons_chaos_sorcerer_lord_undivided	true
wh3_dlc20_character_initiative_chs_chaos_sorcerer_lord_und_10	wh3_dlc20_character_initiative_set_boons_chaos_sorcerer_lord_undivided	true
wh3_dlc20_character_initiative_chs_chaos_sorcerer_sla_01	wh3_dlc20_character_initiative_set_boons_chaos_sorcerer_slaanesh	true
wh3_dlc20_character_initiative_chs_chaos_sorcerer_sla_02	wh3_dlc20_character_initiative_set_boons_chaos_sorcerer_slaanesh	true
wh3_dlc20_character_initiative_chs_chaos_sorcerer_sla_03	wh3_dlc20_character_initiative_set_boons_chaos_sorcerer_slaanesh	true
wh3_dlc20_character_initiative_chs_chaos_sorcerer_sla_04	wh3_dlc20_character_initiative_set_boons_chaos_sorcerer_slaanesh	true
wh3_dlc20_character_initiative_chs_chaos_sorcerer_sla_05	wh3_dlc20_character_initiative_set_boons_chaos_sorcerer_slaanesh	true
wh3_dlc20_character_initiative_chs_chaos_sorcerer_sla_06	wh3_dlc20_character_initiative_set_boons_chaos_sorcerer_slaanesh	true
wh3_dlc20_character_initiative_chs_chaos_sorcerer_sla_07	wh3_dlc20_character_initiative_set_boons_chaos_sorcerer_slaanesh	true
wh3_dlc20_character_initiative_chs_chaos_sorcerer_sla_08	wh3_dlc20_character_initiative_set_boons_chaos_sorcerer_slaanesh	true
wh3_dlc20_character_initiative_chs_chaos_sorcerer_sla_09	wh3_dlc20_character_initiative_set_boons_chaos_sorcerer_slaanesh	true
wh3_dlc20_character_initiative_chs_chaos_sorcerer_sla_10	wh3_dlc20_character_initiative_set_boons_chaos_sorcerer_slaanesh	true
wh3_dlc20_character_initiative_chs_chaos_sorcerer_tze_01	wh3_dlc20_character_initiative_set_boons_chaos_sorcerer_tzeentch	true
wh3_dlc20_character_initiative_chs_chaos_sorcerer_tze_02	wh3_dlc20_character_initiative_set_boons_chaos_sorcerer_tzeentch	true
wh3_dlc20_character_initiative_chs_chaos_sorcerer_tze_03	wh3_dlc20_character_initiative_set_boons_chaos_sorcerer_tzeentch	true
wh3_dlc20_character_initiative_chs_chaos_sorcerer_tze_04	wh3_dlc20_character_initiative_set_boons_chaos_sorcerer_tzeentch	true
wh3_dlc20_character_initiative_chs_chaos_sorcerer_tze_05	wh3_dlc20_character_initiative_set_boons_chaos_sorcerer_tzeentch	true
wh3_dlc20_character_initiative_chs_chaos_sorcerer_tze_06	wh3_dlc20_character_initiative_set_boons_chaos_sorcerer_tzeentch	true
wh3_dlc20_character_initiative_chs_chaos_sorcerer_tze_07	wh3_dlc20_character_initiative_set_boons_chaos_sorcerer_tzeentch	true
wh3_dlc20_character_initiative_chs_chaos_sorcerer_tze_08	wh3_dlc20_character_initiative_set_boons_chaos_sorcerer_tzeentch	true
wh3_dlc20_character_initiative_chs_chaos_sorcerer_tze_09	wh3_dlc20_character_initiative_set_boons_chaos_sorcerer_tzeentch	true
wh3_dlc20_character_initiative_chs_chaos_sorcerer_tze_10	wh3_dlc20_character_initiative_set_boons_chaos_sorcerer_tzeentch	true
wh3_dlc20_character_initiative_chs_chaos_sorcerer_und_01	wh3_dlc20_character_initiative_set_boons_chaos_sorcerer_undivided	true
wh3_dlc20_character_initiative_chs_chaos_sorcerer_und_02	wh3_dlc20_character_initiative_set_boons_chaos_sorcerer_undivided	true
wh3_dlc20_character_initiative_chs_chaos_sorcerer_und_03	wh3_dlc20_character_initiative_set_boons_chaos_sorcerer_undivided	true
wh3_dlc20_character_initiative_chs_chaos_sorcerer_und_04	wh3_dlc20_character_initiative_set_boons_chaos_sorcerer_undivided	true
wh3_dlc20_character_initiative_chs_chaos_sorcerer_und_05	wh3_dlc20_character_initiative_set_boons_chaos_sorcerer_undivided	true
wh3_dlc20_character_initiative_chs_chaos_sorcerer_und_06	wh3_dlc20_character_initiative_set_boons_chaos_sorcerer_undivided	true
wh3_dlc20_character_initiative_chs_chaos_sorcerer_und_07	wh3_dlc20_character_initiative_set_boons_chaos_sorcerer_undivided	true
wh3_dlc20_character_initiative_chs_chaos_sorcerer_und_08	wh3_dlc20_character_initiative_set_boons_chaos_sorcerer_undivided	true
wh3_dlc20_character_initiative_chs_chaos_sorcerer_und_09	wh3_dlc20_character_initiative_set_boons_chaos_sorcerer_undivided	true
wh3_dlc20_character_initiative_chs_chaos_sorcerer_und_10	wh3_dlc20_character_initiative_set_boons_chaos_sorcerer_undivided	true
wh3_dlc20_character_initiative_chs_daemon_prince_kho_01	wh3_dlc20_character_initiative_set_boons_daemon_prince_khorne	true
wh3_dlc20_character_initiative_chs_daemon_prince_kho_02	wh3_dlc20_character_initiative_set_boons_daemon_prince_khorne	true
wh3_dlc20_character_initiative_chs_daemon_prince_kho_03	wh3_dlc20_character_initiative_set_boons_daemon_prince_khorne	true
wh3_dlc20_character_initiative_chs_daemon_prince_kho_04	wh3_dlc20_character_initiative_set_boons_daemon_prince_khorne	true
wh3_dlc20_character_initiative_chs_daemon_prince_kho_05	wh3_dlc20_character_initiative_set_boons_daemon_prince_khorne	true
wh3_dlc20_character_initiative_chs_daemon_prince_kho_06	wh3_dlc20_character_initiative_set_boons_daemon_prince_khorne	true
wh3_dlc20_character_initiative_chs_daemon_prince_kho_07	wh3_dlc20_character_initiative_set_boons_daemon_prince_khorne	true
wh3_dlc20_character_initiative_chs_daemon_prince_kho_08	wh3_dlc20_character_initiative_set_boons_daemon_prince_khorne	true
wh3_dlc20_character_initiative_chs_daemon_prince_kho_09	wh3_dlc20_character_initiative_set_boons_daemon_prince_khorne	true
wh3_dlc20_character_initiative_chs_daemon_prince_nur_01	wh3_dlc20_character_initiative_set_boons_daemon_prince_nurgle	true
wh3_dlc20_character_initiative_chs_daemon_prince_nur_02	wh3_dlc20_character_initiative_set_boons_daemon_prince_nurgle	true
wh3_dlc20_character_initiative_chs_daemon_prince_nur_03	wh3_dlc20_character_initiative_set_boons_daemon_prince_nurgle	true
wh3_dlc20_character_initiative_chs_daemon_prince_nur_04	wh3_dlc20_character_initiative_set_boons_daemon_prince_nurgle	true
wh3_dlc20_character_initiative_chs_daemon_prince_nur_05	wh3_dlc20_character_initiative_set_boons_daemon_prince_nurgle	true
wh3_dlc20_character_initiative_chs_daemon_prince_nur_06	wh3_dlc20_character_initiative_set_boons_daemon_prince_nurgle	true
wh3_dlc20_character_initiative_chs_daemon_prince_nur_07	wh3_dlc20_character_initiative_set_boons_daemon_prince_nurgle	true
wh3_dlc20_character_initiative_chs_daemon_prince_nur_08	wh3_dlc20_character_initiative_set_boons_daemon_prince_nurgle	true
wh3_dlc20_character_initiative_chs_daemon_prince_nur_09	wh3_dlc20_character_initiative_set_boons_daemon_prince_nurgle	true
wh3_dlc20_character_initiative_chs_daemon_prince_sla_01	wh3_dlc20_character_initiative_set_boons_daemon_prince_slaanesh	true
wh3_dlc20_character_initiative_chs_daemon_prince_sla_02	wh3_dlc20_character_initiative_set_boons_daemon_prince_slaanesh	true
wh3_dlc20_character_initiative_chs_daemon_prince_sla_03	wh3_dlc20_character_initiative_set_boons_daemon_prince_slaanesh	true
wh3_dlc20_character_initiative_chs_daemon_prince_sla_04	wh3_dlc20_character_initiative_set_boons_daemon_prince_slaanesh	true
wh3_dlc20_character_initiative_chs_daemon_prince_sla_05	wh3_dlc20_character_initiative_set_boons_daemon_prince_slaanesh	true
wh3_dlc20_character_initiative_chs_daemon_prince_sla_06	wh3_dlc20_character_initiative_set_boons_daemon_prince_slaanesh	true
wh3_dlc20_character_initiative_chs_daemon_prince_sla_07	wh3_dlc20_character_initiative_set_boons_daemon_prince_slaanesh	true
wh3_dlc20_character_initiative_chs_daemon_prince_sla_08	wh3_dlc20_character_initiative_set_boons_daemon_prince_slaanesh	true
wh3_dlc20_character_initiative_chs_daemon_prince_sla_09	wh3_dlc20_character_initiative_set_boons_daemon_prince_slaanesh	true
wh3_dlc20_character_initiative_chs_daemon_prince_tze_01	wh3_dlc20_character_initiative_set_boons_daemon_prince_tzeentch	true
wh3_dlc20_character_initiative_chs_daemon_prince_tze_02	wh3_dlc20_character_initiative_set_boons_daemon_prince_tzeentch	true
wh3_dlc20_character_initiative_chs_daemon_prince_tze_03	wh3_dlc20_character_initiative_set_boons_daemon_prince_tzeentch	true
wh3_dlc20_character_initiative_chs_daemon_prince_tze_04	wh3_dlc20_character_initiative_set_boons_daemon_prince_tzeentch	true
wh3_dlc20_character_initiative_chs_daemon_prince_tze_05	wh3_dlc20_character_initiative_set_boons_daemon_prince_tzeentch	true
wh3_dlc20_character_initiative_chs_daemon_prince_tze_06	wh3_dlc20_character_initiative_set_boons_daemon_prince_tzeentch	true
wh3_dlc20_character_initiative_chs_daemon_prince_tze_07	wh3_dlc20_character_initiative_set_boons_daemon_prince_tzeentch	true
wh3_dlc20_character_initiative_chs_daemon_prince_tze_08	wh3_dlc20_character_initiative_set_boons_daemon_prince_tzeentch	true
wh3_dlc20_character_initiative_chs_daemon_prince_tze_09	wh3_dlc20_character_initiative_set_boons_daemon_prince_tzeentch	true
wh3_dlc20_character_initiative_chs_daemon_prince_und_01	wh3_dlc20_character_initiative_set_boons_daemon_prince_undivided	true
wh3_dlc20_character_initiative_chs_daemon_prince_und_02	wh3_dlc20_character_initiative_set_boons_daemon_prince_undivided	true
wh3_dlc20_character_initiative_chs_daemon_prince_und_03	wh3_dlc20_character_initiative_set_boons_daemon_prince_undivided	true
wh3_dlc20_character_initiative_chs_daemon_prince_und_04	wh3_dlc20_character_initiative_set_boons_daemon_prince_undivided	true
wh3_dlc20_character_initiative_chs_daemon_prince_und_05	wh3_dlc20_character_initiative_set_boons_daemon_prince_undivided	true
wh3_dlc20_character_initiative_chs_daemon_prince_und_06	wh3_dlc20_character_initiative_set_boons_daemon_prince_undivided	true
wh3_dlc20_character_initiative_chs_daemon_prince_und_07	wh3_dlc20_character_initiative_set_boons_daemon_prince_undivided	true
wh3_dlc20_character_initiative_chs_daemon_prince_und_08	wh3_dlc20_character_initiative_set_boons_daemon_prince_undivided	true
wh3_dlc20_character_initiative_chs_daemon_prince_und_09	wh3_dlc20_character_initiative_set_boons_daemon_prince_undivided	true
wh3_dlc20_character_initiative_chs_exalted_hero_kho_01	wh3_dlc20_character_initiative_set_boons_exalted_hero_khorne	true
wh3_dlc20_character_initiative_chs_exalted_hero_kho_02	wh3_dlc20_character_initiative_set_boons_exalted_hero_khorne	true
wh3_dlc20_character_initiative_chs_exalted_hero_kho_03	wh3_dlc20_character_initiative_set_boons_exalted_hero_khorne	true
wh3_dlc20_character_initiative_chs_exalted_hero_kho_04	wh3_dlc20_character_initiative_set_boons_exalted_hero_khorne	true
wh3_dlc20_character_initiative_chs_exalted_hero_kho_05	wh3_dlc20_character_initiative_set_boons_exalted_hero_khorne	true
wh3_dlc20_character_initiative_chs_exalted_hero_kho_06	wh3_dlc20_character_initiative_set_boons_exalted_hero_khorne	true
wh3_dlc20_character_initiative_chs_exalted_hero_kho_07	wh3_dlc20_character_initiative_set_boons_exalted_hero_khorne	true
wh3_dlc20_character_initiative_chs_exalted_hero_kho_08	wh3_dlc20_character_initiative_set_boons_exalted_hero_khorne	true
wh3_dlc20_character_initiative_chs_exalted_hero_kho_09	wh3_dlc20_character_initiative_set_boons_exalted_hero_khorne	true
wh3_dlc20_character_initiative_chs_exalted_hero_kho_10	wh3_dlc20_character_initiative_set_boons_exalted_hero_khorne	true
wh3_dlc20_character_initiative_chs_exalted_hero_nur_01	wh3_dlc20_character_initiative_set_boons_exalted_hero_nurgle	true
wh3_dlc20_character_initiative_chs_exalted_hero_nur_02	wh3_dlc20_character_initiative_set_boons_exalted_hero_nurgle	true
wh3_dlc20_character_initiative_chs_exalted_hero_nur_03	wh3_dlc20_character_initiative_set_boons_exalted_hero_nurgle	true
wh3_dlc20_character_initiative_chs_exalted_hero_nur_04	wh3_dlc20_character_initiative_set_boons_exalted_hero_nurgle	true
wh3_dlc20_character_initiative_chs_exalted_hero_nur_05	wh3_dlc20_character_initiative_set_boons_exalted_hero_nurgle	true
wh3_dlc20_character_initiative_chs_exalted_hero_nur_06	wh3_dlc20_character_initiative_set_boons_exalted_hero_nurgle	true
wh3_dlc20_character_initiative_chs_exalted_hero_nur_07	wh3_dlc20_character_initiative_set_boons_exalted_hero_nurgle	true
wh3_dlc20_character_initiative_chs_exalted_hero_nur_08	wh3_dlc20_character_initiative_set_boons_exalted_hero_nurgle	true
wh3_dlc20_character_initiative_chs_exalted_hero_nur_09	wh3_dlc20_character_initiative_set_boons_exalted_hero_nurgle	true
wh3_dlc20_character_initiative_chs_exalted_hero_nur_10	wh3_dlc20_character_initiative_set_boons_exalted_hero_nurgle	true
wh3_dlc20_character_initiative_chs_exalted_hero_und_01	wh3_dlc20_character_initiative_set_boons_exalted_hero_undivided	true
wh3_dlc20_character_initiative_chs_exalted_hero_und_02	wh3_dlc20_character_initiative_set_boons_exalted_hero_undivided	true
wh3_dlc20_character_initiative_chs_exalted_hero_und_03	wh3_dlc20_character_initiative_set_boons_exalted_hero_undivided	true
wh3_dlc20_character_initiative_chs_exalted_hero_und_04	wh3_dlc20_character_initiative_set_boons_exalted_hero_undivided	true
wh3_dlc20_character_initiative_chs_exalted_hero_und_05	wh3_dlc20_character_initiative_set_boons_exalted_hero_undivided	true
wh3_dlc20_character_initiative_chs_exalted_hero_und_06	wh3_dlc20_character_initiative_set_boons_exalted_hero_undivided	true
wh3_dlc20_character_initiative_chs_exalted_hero_und_07	wh3_dlc20_character_initiative_set_boons_exalted_hero_undivided	true
wh3_dlc20_character_initiative_chs_exalted_hero_und_08	wh3_dlc20_character_initiative_set_boons_exalted_hero_undivided	true
wh3_dlc20_character_initiative_chs_exalted_hero_und_09	wh3_dlc20_character_initiative_set_boons_exalted_hero_undivided	true
wh3_dlc27_character_initiative_devote_exalted_hero_to_slaanesh	wh3_dlc20_character_initiative_set_exalted_hero_upgrades_azazel	true
wh3_dlc20_character_initiative_devote_exalted_hero_to_nurgle	wh3_dlc20_character_initiative_set_exalted_hero_upgrades_festus	true
wh3_dlc20_character_initiative_devote_exalted_hero_to_nurgle	wh3_dlc20_character_initiative_set_exalted_hero_upgrades_glottkin	true
wh3_dlc20_character_initiative_devote_exalted_hero_to_khorne	wh3_dlc20_character_initiative_set_exalted_hero_upgrades_valkia	true
wh3_dlc24_character_initiative_devote_exalted_hero_to_tzeentch	wh3_dlc20_character_initiative_set_exalted_hero_upgrades_vilitch	true
wh3_dlc20_character_initiative_devote_exalted_hero_to_khorne	wh3_dlc20_character_initiative_set_exalted_hero_upgrades_warriors	true
wh3_dlc20_character_initiative_devote_exalted_hero_to_nurgle	wh3_dlc20_character_initiative_set_exalted_hero_upgrades_warriors	true
wh3_dlc24_character_initiative_devote_exalted_hero_to_tzeentch	wh3_dlc20_character_initiative_set_exalted_hero_upgrades_warriors	true
wh3_dlc27_character_initiative_devote_exalted_hero_to_slaanesh	wh3_dlc20_character_initiative_set_exalted_hero_upgrades_warriors	true
wh3_dlc20_character_initiative_ascend_lord_to_daemon_prince_khorne	wh3_dlc20_character_initiative_set_lord_mko_upgrades	true
wh3_dlc20_character_initiative_ascend_lord_to_daemon_prince_slaanesh	wh3_dlc20_character_initiative_set_lord_msla_upgrades	true
wh3_dlc20_character_initiative_ascend_lord_to_daemon_prince_slaanesh_from_und	wh3_dlc20_character_initiative_set_lord_upgrades_azazel	true
wh3_dlc20_character_initiative_ascend_lord_to_daemon_prince_undivided	wh3_dlc20_character_initiative_set_lord_upgrades_azazel	true
wh3_dlc20_character_initiative_devote_lord_to_slaanesh	wh3_dlc20_character_initiative_set_lord_upgrades_azazel	true
wh3_dlc20_character_initiative_ascend_lord_to_daemon_prince_undivided	wh3_dlc20_character_initiative_set_lord_upgrades_festus	true
wh3_dlc20_character_initiative_devote_lord_to_nurgle	wh3_dlc20_character_initiative_set_lord_upgrades_festus	true
wh3_dlc20_character_initiative_ascend_lord_to_daemon_prince_undivided	wh3_dlc20_character_initiative_set_lord_upgrades_glottkin	true
wh3_dlc20_character_initiative_devote_lord_to_nurgle	wh3_dlc20_character_initiative_set_lord_upgrades_glottkin	true
wh3_dlc20_character_initiative_ascend_lord_to_daemon_prince_undivided	wh3_dlc20_character_initiative_set_lord_upgrades_valkia	true
wh3_dlc20_character_initiative_devote_lord_to_khorne	wh3_dlc20_character_initiative_set_lord_upgrades_valkia	true
wh3_dlc20_character_initiative_ascend_lord_to_daemon_prince_tzeentch_from_und	wh3_dlc20_character_initiative_set_lord_upgrades_vilitch	true
wh3_dlc20_character_initiative_ascend_lord_to_daemon_prince_undivided	wh3_dlc20_character_initiative_set_lord_upgrades_vilitch	true
wh3_dlc24_character_initiative_devote_lord_to_tzeentch	wh3_dlc20_character_initiative_set_lord_upgrades_vilitch	true
wh3_dlc20_character_initiative_ascend_lord_to_daemon_prince_undivided	wh3_dlc20_character_initiative_set_lord_upgrades_warriors	true
wh3_dlc20_character_initiative_devote_lord_to_khorne	wh3_dlc20_character_initiative_set_lord_upgrades_warriors	true
wh3_dlc20_character_initiative_devote_lord_to_nurgle	wh3_dlc20_character_initiative_set_lord_upgrades_warriors	true
wh3_dlc20_character_initiative_devote_lord_to_slaanesh	wh3_dlc20_character_initiative_set_lord_upgrades_warriors	true
wh3_dlc24_character_initiative_devote_lord_to_tzeentch	wh3_dlc20_character_initiative_set_lord_upgrades_warriors	true
wh3_dlc20_character_initiative_devote_sorceror_to_slaanesh_shadows	wh3_dlc20_character_initiative_set_sorcerer_death_shadows_upgrades_warriors	true
wh3_dlc20_character_initiative_devote_sorceror_to_slaanesh_slaanesh	wh3_dlc20_character_initiative_set_sorcerer_death_shadows_upgrades_warriors	true
wh3_dlc20_character_initiative_devote_sorceror_to_tzeentch_metal	wh3_dlc20_character_initiative_set_sorcerer_death_shadows_upgrades_warriors	true
wh3_dlc20_character_initiative_devote_sorceror_to_tzeentch_tzeentch	wh3_dlc20_character_initiative_set_sorcerer_death_shadows_upgrades_warriors	true
wh3_dlc25_character_initiative_devote_sorceror_to_nurgle_death	wh3_dlc20_character_initiative_set_sorcerer_death_shadows_upgrades_warriors	true
wh3_dlc25_character_initiative_devote_sorceror_to_nurgle_nurgle	wh3_dlc20_character_initiative_set_sorcerer_death_shadows_upgrades_warriors	true
wh3_dlc20_character_initiative_devote_sorceror_to_slaanesh_shadows	wh3_dlc20_character_initiative_set_sorcerer_fire_metal_upgrades_warriors	true
wh3_dlc20_character_initiative_devote_sorceror_to_slaanesh_slaanesh	wh3_dlc20_character_initiative_set_sorcerer_fire_metal_upgrades_warriors	true
wh3_dlc20_character_initiative_devote_sorceror_to_tzeentch_metal	wh3_dlc20_character_initiative_set_sorcerer_fire_metal_upgrades_warriors	true
wh3_dlc20_character_initiative_devote_sorceror_to_tzeentch_tzeentch	wh3_dlc20_character_initiative_set_sorcerer_fire_metal_upgrades_warriors	true
wh3_dlc25_character_initiative_devote_sorceror_to_nurgle_death	wh3_dlc20_character_initiative_set_sorcerer_fire_metal_upgrades_warriors	true
wh3_dlc25_character_initiative_devote_sorceror_to_nurgle_nurgle	wh3_dlc20_character_initiative_set_sorcerer_fire_metal_upgrades_warriors	true
wh3_dlc20_character_initiative_ascend_lord_to_daemon_prince_undivided	wh3_dlc20_character_initiative_set_sorcerer_lord_death_shadows_upgrades_warriors	true
wh3_dlc20_character_initiative_devote_sorceror_lord_to_nurgle_death	wh3_dlc20_character_initiative_set_sorcerer_lord_death_shadows_upgrades_warriors	true
wh3_dlc20_character_initiative_devote_sorceror_lord_to_nurgle_nurgle	wh3_dlc20_character_initiative_set_sorcerer_lord_death_shadows_upgrades_warriors	true
wh3_dlc20_character_initiative_devote_sorceror_lord_to_tzeentch_metal	wh3_dlc20_character_initiative_set_sorcerer_lord_death_shadows_upgrades_warriors	true
wh3_dlc20_character_initiative_devote_sorceror_lord_to_tzeentch_tzeentch	wh3_dlc20_character_initiative_set_sorcerer_lord_death_shadows_upgrades_warriors	true
wh3_dlc27_character_initiative_devote_sorceror_lord_to_slaanesh_shadows	wh3_dlc20_character_initiative_set_sorcerer_lord_death_shadows_upgrades_warriors	true
wh3_dlc27_character_initiative_devote_sorceror_lord_to_slaanesh_slaanesh	wh3_dlc20_character_initiative_set_sorcerer_lord_death_shadows_upgrades_warriors	true
wh3_dlc20_character_initiative_ascend_lord_to_daemon_prince_undivided	wh3_dlc20_character_initiative_set_sorcerer_lord_fire_metal_upgrades_warriors	true
wh3_dlc20_character_initiative_devote_sorceror_lord_to_nurgle_death	wh3_dlc20_character_initiative_set_sorcerer_lord_fire_metal_upgrades_warriors	true
wh3_dlc20_character_initiative_devote_sorceror_lord_to_nurgle_nurgle	wh3_dlc20_character_initiative_set_sorcerer_lord_fire_metal_upgrades_warriors	true
wh3_dlc20_character_initiative_devote_sorceror_lord_to_tzeentch_metal	wh3_dlc20_character_initiative_set_sorcerer_lord_fire_metal_upgrades_warriors	true
wh3_dlc20_character_initiative_devote_sorceror_lord_to_tzeentch_tzeentch	wh3_dlc20_character_initiative_set_sorcerer_lord_fire_metal_upgrades_warriors	true
wh3_dlc27_character_initiative_devote_sorceror_lord_to_slaanesh_shadows	wh3_dlc20_character_initiative_set_sorcerer_lord_fire_metal_upgrades_warriors	true
wh3_dlc27_character_initiative_devote_sorceror_lord_to_slaanesh_slaanesh	wh3_dlc20_character_initiative_set_sorcerer_lord_fire_metal_upgrades_warriors	true
wh3_dlc20_character_initiative_ascend_lord_to_daemon_prince_nurgle	wh3_dlc20_character_initiative_set_sorcerer_lord_mnur_upgrades	true
wh3_dlc20_character_initiative_ascend_lord_to_daemon_prince_tzeentch	wh3_dlc20_character_initiative_set_sorcerer_lord_mtze_upgrades	true
wh3_dlc20_character_initiative_ascend_lord_to_daemon_prince_undivided	wh3_dlc20_character_initiative_set_sorcerer_lord_upgrades_azazel	true
wh3_dlc27_character_initiative_devote_sorceror_lord_to_slaanesh_shadows	wh3_dlc20_character_initiative_set_sorcerer_lord_upgrades_azazel	true
wh3_dlc27_character_initiative_devote_sorceror_lord_to_slaanesh_slaanesh	wh3_dlc20_character_initiative_set_sorcerer_lord_upgrades_azazel	true
wh3_dlc20_character_initiative_ascend_lord_to_daemon_prince_undivided	wh3_dlc20_character_initiative_set_sorcerer_lord_upgrades_festus	true
wh3_dlc20_character_initiative_devote_sorceror_lord_to_nurgle_death	wh3_dlc20_character_initiative_set_sorcerer_lord_upgrades_festus	true
wh3_dlc20_character_initiative_devote_sorceror_lord_to_nurgle_nurgle	wh3_dlc20_character_initiative_set_sorcerer_lord_upgrades_festus	true
wh3_dlc20_character_initiative_ascend_lord_to_daemon_prince_undivided	wh3_dlc20_character_initiative_set_sorcerer_lord_upgrades_glottkin	true
wh3_dlc20_character_initiative_devote_sorceror_lord_to_nurgle_death	wh3_dlc20_character_initiative_set_sorcerer_lord_upgrades_glottkin	true
wh3_dlc20_character_initiative_devote_sorceror_lord_to_nurgle_nurgle	wh3_dlc20_character_initiative_set_sorcerer_lord_upgrades_glottkin	true
wh3_dlc20_character_initiative_ascend_lord_to_daemon_prince_undivided	wh3_dlc20_character_initiative_set_sorcerer_lord_upgrades_vilitch	true
wh3_dlc20_character_initiative_devote_sorceror_lord_to_tzeentch_metal	wh3_dlc20_character_initiative_set_sorcerer_lord_upgrades_vilitch	true
wh3_dlc20_character_initiative_devote_sorceror_lord_to_tzeentch_tzeentch	wh3_dlc20_character_initiative_set_sorcerer_lord_upgrades_vilitch	true
wh3_dlc20_character_initiative_devote_sorceror_to_slaanesh_shadows	wh3_dlc20_character_initiative_set_sorcerer_upgrades_azazel	true
wh3_dlc20_character_initiative_devote_sorceror_to_slaanesh_slaanesh	wh3_dlc20_character_initiative_set_sorcerer_upgrades_azazel	true
wh3_dlc25_character_initiative_devote_sorceror_to_nurgle_death	wh3_dlc20_character_initiative_set_sorcerer_upgrades_festus	true
wh3_dlc25_character_initiative_devote_sorceror_to_nurgle_nurgle	wh3_dlc20_character_initiative_set_sorcerer_upgrades_festus	true
wh3_dlc25_character_initiative_devote_sorceror_to_nurgle_death	wh3_dlc20_character_initiative_set_sorcerer_upgrades_glottkin	true
wh3_dlc25_character_initiative_devote_sorceror_to_nurgle_nurgle	wh3_dlc20_character_initiative_set_sorcerer_upgrades_glottkin	true
wh3_dlc20_character_initiative_devote_sorceror_to_tzeentch_metal	wh3_dlc20_character_initiative_set_sorcerer_upgrades_vilitch	true
wh3_dlc20_character_initiative_devote_sorceror_to_tzeentch_tzeentch	wh3_dlc20_character_initiative_set_sorcerer_upgrades_vilitch	true
wh3_dlc20_faction_initiative_chs_khorne_1_army_xp	wh3_dlc20_faction_initiative_set_chs_khorne	false
wh3_dlc20_faction_initiative_chs_khorne_1_economy_post_battle_income	wh3_dlc20_faction_initiative_set_chs_khorne	false
wh3_dlc20_faction_initiative_chs_khorne_1_units_bloodletters	wh3_dlc20_faction_initiative_set_chs_khorne	false
wh3_dlc20_faction_initiative_chs_khorne_1_units_flesh_hounds	wh3_dlc20_faction_initiative_set_chs_khorne	false
wh3_dlc20_faction_initiative_chs_khorne_2_army_upgrades	wh3_dlc20_faction_initiative_set_chs_khorne	false
wh3_dlc20_faction_initiative_chs_khorne_3_characters_marking	wh3_dlc20_faction_initiative_set_chs_khorne	false
wh3_dlc20_faction_initiative_chs_khorne_3_units_skullcannons	wh3_dlc20_faction_initiative_set_chs_khorne	false
wh3_dlc20_faction_initiative_chs_khorne_3_units_warshrine	wh3_dlc20_faction_initiative_set_chs_khorne	false
wh3_dlc20_faction_initiative_chs_khorne_5_units_bloodthirsters	wh3_dlc20_faction_initiative_set_chs_khorne	false
wh3_dlc20_faction_initiative_chs_khorne_5_units_soul_grinder	wh3_dlc20_faction_initiative_set_chs_khorne	false
wh3_dlc26_faction_initiative_chs_khorne_3_units_bloodbeast	wh3_dlc20_faction_initiative_set_chs_khorne	false
wh3_dlc26_faction_initiative_chs_khorne_5_units_slaughterbrute	wh3_dlc20_faction_initiative_set_chs_khorne	false
wh3_dlc20_faction_initiative_chs_nurgle_1_army_replenishment	wh3_dlc20_faction_initiative_set_chs_nurgle	false
wh3_dlc20_faction_initiative_chs_nurgle_1_economy_growth	wh3_dlc20_faction_initiative_set_chs_nurgle	false
wh3_dlc20_faction_initiative_chs_nurgle_1_units_beast_of_nurgle	wh3_dlc20_faction_initiative_set_chs_nurgle	false
wh3_dlc20_faction_initiative_chs_nurgle_1_units_plaguebearers	wh3_dlc20_faction_initiative_set_chs_nurgle	false
wh3_dlc20_faction_initiative_chs_nurgle_2_army_upgrades	wh3_dlc20_faction_initiative_set_chs_nurgle	false
wh3_dlc20_faction_initiative_chs_nurgle_3_characters_marking	wh3_dlc20_faction_initiative_set_chs_nurgle	false
wh3_dlc20_faction_initiative_chs_nurgle_3_units_plague_drones	wh3_dlc20_faction_initiative_set_chs_nurgle	false
wh3_dlc20_faction_initiative_chs_nurgle_3_units_warshrine	wh3_dlc20_faction_initiative_set_chs_nurgle	false
wh3_dlc20_faction_initiative_chs_nurgle_5_units_great_unclean_one	wh3_dlc20_faction_initiative_set_chs_nurgle	false
wh3_dlc20_faction_initiative_chs_nurgle_5_units_soul_grinder	wh3_dlc20_faction_initiative_set_chs_nurgle	false
wh3_dlc25_faction_initiative_chs_nurgle_3_units_plague_ogres	wh3_dlc20_faction_initiative_set_chs_nurgle	false
wh3_dlc25_faction_initiative_chs_nurgle_5_units_toad_dragon	wh3_dlc20_faction_initiative_set_chs_nurgle	false
wh3_dlc20_faction_initiative_chs_slaanesh_1_army_movement	wh3_dlc20_faction_initiative_set_chs_slaanesh	false
wh3_dlc20_faction_initiative_chs_slaanesh_1_economy_control	wh3_dlc20_faction_initiative_set_chs_slaanesh	false
wh3_dlc20_faction_initiative_chs_slaanesh_1_units_daemonettes	wh3_dlc20_faction_initiative_set_chs_slaanesh	false
wh3_dlc20_faction_initiative_chs_slaanesh_1_units_seeker_chariots	wh3_dlc20_faction_initiative_set_chs_slaanesh	false
wh3_dlc20_faction_initiative_chs_slaanesh_2_army_upgrades	wh3_dlc20_faction_initiative_set_chs_slaanesh	false
wh3_dlc20_faction_initiative_chs_slaanesh_3_characters_marking	wh3_dlc20_faction_initiative_set_chs_slaanesh	false
wh3_dlc20_faction_initiative_chs_slaanesh_3_units_fiends	wh3_dlc20_faction_initiative_set_chs_slaanesh	false
wh3_dlc20_faction_initiative_chs_slaanesh_3_units_warshrine	wh3_dlc20_faction_initiative_set_chs_slaanesh	false
wh3_dlc20_faction_initiative_chs_slaanesh_5_units_keeper_of_secrets	wh3_dlc20_faction_initiative_set_chs_slaanesh	false
wh3_dlc20_faction_initiative_chs_slaanesh_5_units_soul_grinder	wh3_dlc20_faction_initiative_set_chs_slaanesh	false
wh3_dlc27_faction_initiative_chs_slaanesh_3_units_champions_of_slaanesh	wh3_dlc20_faction_initiative_set_chs_slaanesh	false
wh3_dlc27_faction_initiative_chs_slaanesh_3_units_pleasureseekers	wh3_dlc20_faction_initiative_set_chs_slaanesh	false
wh3_dlc20_faction_initiative_chs_tzeentch_1_army_winds	wh3_dlc20_faction_initiative_set_chs_tzeentch	false
wh3_dlc20_faction_initiative_chs_tzeentch_1_economy_technology	wh3_dlc20_faction_initiative_set_chs_tzeentch	false
wh3_dlc20_faction_initiative_chs_tzeentch_1_units_pink_horrors	wh3_dlc20_faction_initiative_set_chs_tzeentch	false
wh3_dlc20_faction_initiative_chs_tzeentch_1_units_screamers	wh3_dlc20_faction_initiative_set_chs_tzeentch	false
wh3_dlc20_faction_initiative_chs_tzeentch_2_army_upgrades	wh3_dlc20_faction_initiative_set_chs_tzeentch	false
wh3_dlc20_faction_initiative_chs_tzeentch_3_characters_marking	wh3_dlc20_faction_initiative_set_chs_tzeentch	false
wh3_dlc20_faction_initiative_chs_tzeentch_3_units_flamers	wh3_dlc20_faction_initiative_set_chs_tzeentch	false
wh3_dlc20_faction_initiative_chs_tzeentch_3_units_warshrine	wh3_dlc20_faction_initiative_set_chs_tzeentch	false
wh3_dlc20_faction_initiative_chs_tzeentch_5_units_lord_of_Change	wh3_dlc20_faction_initiative_set_chs_tzeentch	false
wh3_dlc20_faction_initiative_chs_tzeentch_5_units_soul_grinder	wh3_dlc20_faction_initiative_set_chs_tzeentch	false
wh3_dlc24_faction_initiative_chs_tzeentch_3_units_changebringers	wh3_dlc20_faction_initiative_set_chs_tzeentch	false
wh3_dlc24_faction_initiative_chs_tzeentch_3_units_cockatrice	wh3_dlc20_faction_initiative_set_chs_tzeentch	false
wh3_dlc24_faction_initiative_chs_tzeentch_3_units_mutalith_vortex_beast	wh3_dlc20_faction_initiative_set_chs_tzeentch	false
wh3_dlc20_faction_initiative_chs_undivided_1_army_marauders	wh3_dlc20_faction_initiative_set_chs_undivided	false
wh3_dlc20_faction_initiative_chs_undivided_1_economy_building	wh3_dlc20_faction_initiative_set_chs_undivided	false
wh3_dlc20_faction_initiative_chs_undivided_1_units_furies	wh3_dlc20_faction_initiative_set_chs_undivided	false
wh3_dlc20_faction_initiative_chs_undivided_2_army_upgrades	wh3_dlc20_faction_initiative_set_chs_undivided	false
wh3_dlc20_faction_initiative_chs_undivided_2_economy_vassals	wh3_dlc20_faction_initiative_set_chs_undivided	false
wh3_dlc20_faction_initiative_chs_undivided_2_xp_sharing	wh3_dlc20_faction_initiative_set_chs_undivided	false
wh3_dlc20_faction_initiative_chs_undivided_3_army_elites	wh3_dlc20_faction_initiative_set_chs_undivided	false
wh3_dlc20_faction_initiative_chs_undivided_3_characters_marking	wh3_dlc20_faction_initiative_set_chs_undivided	false
wh3_dlc20_faction_initiative_chs_undivided_3_units_hellcannons	wh3_dlc20_faction_initiative_set_chs_undivided	false
wh3_dlc20_faction_initiative_chs_undivided_3_units_warshrine	wh3_dlc20_faction_initiative_set_chs_undivided	false
wh3_dlc20_faction_initiative_chs_undivided_5_units_shaggoths	wh3_dlc20_faction_initiative_set_chs_undivided	false
wh3_dlc29_faction_initiative_chs_undivided_5_units_chaos_siege_giant	wh3_dlc20_faction_initiative_set_chs_undivided	false
wh3_dlc23_faction_initiative_chd_category_bull_centaurs_1	wh3_dlc23_faction_initiative_set_chd_category_bull_centaurs	false
wh3_dlc23_faction_initiative_chd_category_bull_centaurs_2	wh3_dlc23_faction_initiative_set_chd_category_bull_centaurs	false
wh3_dlc23_faction_initiative_chd_category_bull_centaurs_3	wh3_dlc23_faction_initiative_set_chd_category_bull_centaurs	false
wh3_dlc23_faction_initiative_chd_category_bull_centaurs_4	wh3_dlc23_faction_initiative_set_chd_category_bull_centaurs	false
wh3_dlc23_faction_initiative_chd_category_bull_centaurs_5	wh3_dlc23_faction_initiative_set_chd_category_bull_centaurs	false
wh3_dlc23_faction_initiative_chd_category_bull_centaurs_6	wh3_dlc23_faction_initiative_set_chd_category_bull_centaurs	false
wh3_dlc23_faction_initiative_chd_category_bull_centaurs_7	wh3_dlc23_faction_initiative_set_chd_category_bull_centaurs	false
wh3_dlc23_faction_initiative_chd_category_bull_centaurs_8	wh3_dlc23_faction_initiative_set_chd_category_bull_centaurs	false
wh3_dlc23_faction_initiative_chd_category_flying_beasts_1	wh3_dlc23_faction_initiative_set_chd_category_flying_beasts	false
wh3_dlc23_faction_initiative_chd_category_flying_beasts_2	wh3_dlc23_faction_initiative_set_chd_category_flying_beasts	false
wh3_dlc23_faction_initiative_chd_category_flying_beasts_3	wh3_dlc23_faction_initiative_set_chd_category_flying_beasts	false
wh3_dlc23_faction_initiative_chd_category_flying_beasts_4	wh3_dlc23_faction_initiative_set_chd_category_flying_beasts	false
wh3_dlc23_faction_initiative_chd_category_flying_beasts_5	wh3_dlc23_faction_initiative_set_chd_category_flying_beasts	false
wh3_dlc23_faction_initiative_chd_category_flying_beasts_6	wh3_dlc23_faction_initiative_set_chd_category_flying_beasts	false
wh3_dlc23_faction_initiative_chd_category_flying_beasts_7	wh3_dlc23_faction_initiative_set_chd_category_flying_beasts	false
wh3_dlc23_faction_initiative_chd_category_flying_beasts_8	wh3_dlc23_faction_initiative_set_chd_category_flying_beasts	false
wh3_dlc23_faction_initiative_chd_category_kdaai_1	wh3_dlc23_faction_initiative_set_chd_category_kdaai	false
wh3_dlc23_faction_initiative_chd_category_kdaai_2	wh3_dlc23_faction_initiative_set_chd_category_kdaai	false
wh3_dlc23_faction_initiative_chd_category_kdaai_3	wh3_dlc23_faction_initiative_set_chd_category_kdaai	false
wh3_dlc23_faction_initiative_chd_category_kdaai_4	wh3_dlc23_faction_initiative_set_chd_category_kdaai	false
wh3_dlc23_faction_initiative_chd_category_kdaai_5	wh3_dlc23_faction_initiative_set_chd_category_kdaai	false
wh3_dlc23_faction_initiative_chd_category_kdaai_6	wh3_dlc23_faction_initiative_set_chd_category_kdaai	false
wh3_dlc23_faction_initiative_chd_category_kdaai_7	wh3_dlc23_faction_initiative_set_chd_category_kdaai	false
wh3_dlc23_faction_initiative_chd_category_kdaai_8	wh3_dlc23_faction_initiative_set_chd_category_kdaai	false
wh3_dlc23_faction_initiative_chd_category_melee_infantry_1	wh3_dlc23_faction_initiative_set_chd_category_melee_infantry	false
wh3_dlc23_faction_initiative_chd_category_melee_infantry_2	wh3_dlc23_faction_initiative_set_chd_category_melee_infantry	false
wh3_dlc23_faction_initiative_chd_category_melee_infantry_3	wh3_dlc23_faction_initiative_set_chd_category_melee_infantry	false
wh3_dlc23_faction_initiative_chd_category_melee_infantry_4	wh3_dlc23_faction_initiative_set_chd_category_melee_infantry	false
wh3_dlc23_faction_initiative_chd_category_melee_infantry_5	wh3_dlc23_faction_initiative_set_chd_category_melee_infantry	false
wh3_dlc23_faction_initiative_chd_category_melee_infantry_6	wh3_dlc23_faction_initiative_set_chd_category_melee_infantry	false
wh3_dlc23_faction_initiative_chd_category_melee_infantry_7	wh3_dlc23_faction_initiative_set_chd_category_melee_infantry	false
wh3_dlc23_faction_initiative_chd_category_melee_infantry_8	wh3_dlc23_faction_initiative_set_chd_category_melee_infantry	false
wh3_dlc23_faction_initiative_chd_category_missile_infantry_1	wh3_dlc23_faction_initiative_set_chd_category_missile_infantry	false
wh3_dlc23_faction_initiative_chd_category_missile_infantry_2	wh3_dlc23_faction_initiative_set_chd_category_missile_infantry	false
wh3_dlc23_faction_initiative_chd_category_missile_infantry_3	wh3_dlc23_faction_initiative_set_chd_category_missile_infantry	false
wh3_dlc23_faction_initiative_chd_category_missile_infantry_4	wh3_dlc23_faction_initiative_set_chd_category_missile_infantry	false
wh3_dlc23_faction_initiative_chd_category_missile_infantry_5	wh3_dlc23_faction_initiative_set_chd_category_missile_infantry	false
wh3_dlc23_faction_initiative_chd_category_missile_infantry_6	wh3_dlc23_faction_initiative_set_chd_category_missile_infantry	false
wh3_dlc23_faction_initiative_chd_category_missile_infantry_7	wh3_dlc23_faction_initiative_set_chd_category_missile_infantry	false
wh3_dlc23_faction_initiative_chd_category_missile_infantry_8	wh3_dlc23_faction_initiative_set_chd_category_missile_infantry	false
wh3_dlc23_faction_initiative_chd_category_warmachines_1	wh3_dlc23_faction_initiative_set_chd_category_warmachines	false
wh3_dlc23_faction_initiative_chd_category_warmachines_2	wh3_dlc23_faction_initiative_set_chd_category_warmachines	false
wh3_dlc23_faction_initiative_chd_category_warmachines_3	wh3_dlc23_faction_initiative_set_chd_category_warmachines	false
wh3_dlc23_faction_initiative_chd_category_warmachines_4	wh3_dlc23_faction_initiative_set_chd_category_warmachines	false
wh3_dlc23_faction_initiative_chd_category_warmachines_5	wh3_dlc23_faction_initiative_set_chd_category_warmachines	false
wh3_dlc23_faction_initiative_chd_category_warmachines_6	wh3_dlc23_faction_initiative_set_chd_category_warmachines	false
wh3_dlc23_faction_initiative_chd_category_warmachines_7	wh3_dlc23_faction_initiative_set_chd_category_warmachines	false
wh3_dlc23_faction_initiative_chd_category_warmachines_8	wh3_dlc23_faction_initiative_set_chd_category_warmachines	false
wh3_dlc24_character_initiative_chs_chaos_lord_tze_01	wh3_dlc24_character_initiative_set_boons_chaos_lord_tzeentch	true
wh3_dlc24_character_initiative_chs_chaos_lord_tze_02	wh3_dlc24_character_initiative_set_boons_chaos_lord_tzeentch	true
wh3_dlc24_character_initiative_chs_chaos_lord_tze_03	wh3_dlc24_character_initiative_set_boons_chaos_lord_tzeentch	true
wh3_dlc24_character_initiative_chs_chaos_lord_tze_04	wh3_dlc24_character_initiative_set_boons_chaos_lord_tzeentch	true
wh3_dlc24_character_initiative_chs_chaos_lord_tze_05	wh3_dlc24_character_initiative_set_boons_chaos_lord_tzeentch	true
wh3_dlc24_character_initiative_chs_chaos_lord_tze_06	wh3_dlc24_character_initiative_set_boons_chaos_lord_tzeentch	true
wh3_dlc24_character_initiative_chs_chaos_lord_tze_07	wh3_dlc24_character_initiative_set_boons_chaos_lord_tzeentch	true
wh3_dlc24_character_initiative_chs_chaos_lord_tze_08	wh3_dlc24_character_initiative_set_boons_chaos_lord_tzeentch	true
wh3_dlc24_character_initiative_chs_chaos_lord_tze_09	wh3_dlc24_character_initiative_set_boons_chaos_lord_tzeentch	true
wh3_dlc24_character_initiative_chs_exalted_hero_tze_01	wh3_dlc24_character_initiative_set_boons_exalted_hero_tzeentch	true
wh3_dlc24_character_initiative_chs_exalted_hero_tze_02	wh3_dlc24_character_initiative_set_boons_exalted_hero_tzeentch	true
wh3_dlc24_character_initiative_chs_exalted_hero_tze_03	wh3_dlc24_character_initiative_set_boons_exalted_hero_tzeentch	true
wh3_dlc24_character_initiative_chs_exalted_hero_tze_04	wh3_dlc24_character_initiative_set_boons_exalted_hero_tzeentch	true
wh3_dlc24_character_initiative_chs_exalted_hero_tze_05	wh3_dlc24_character_initiative_set_boons_exalted_hero_tzeentch	true
wh3_dlc24_character_initiative_chs_exalted_hero_tze_06	wh3_dlc24_character_initiative_set_boons_exalted_hero_tzeentch	true
wh3_dlc24_character_initiative_chs_exalted_hero_tze_07	wh3_dlc24_character_initiative_set_boons_exalted_hero_tzeentch	true
wh3_dlc24_character_initiative_chs_exalted_hero_tze_08	wh3_dlc24_character_initiative_set_boons_exalted_hero_tzeentch	true
wh3_dlc24_character_initiative_chs_exalted_hero_tze_09	wh3_dlc24_character_initiative_set_boons_exalted_hero_tzeentch	true
wh3_dlc24_character_initiative_chs_exalted_hero_tze_10	wh3_dlc24_character_initiative_set_boons_exalted_hero_tzeentch	true
wh3_dlc20_character_initiative_ascend_lord_to_daemon_prince_tzeentch	wh3_dlc24_character_initiative_set_lord_mtze_upgrades	true
wh3_dlc25_character_initiative_chs_chaos_lord_nur_01	wh3_dlc25_character_initiative_set_boons_chaos_lord_mnur	true
wh3_dlc25_character_initiative_chs_chaos_lord_nur_02	wh3_dlc25_character_initiative_set_boons_chaos_lord_mnur	true
wh3_dlc25_character_initiative_chs_chaos_lord_nur_03	wh3_dlc25_character_initiative_set_boons_chaos_lord_mnur	true
wh3_dlc25_character_initiative_chs_chaos_lord_nur_04	wh3_dlc25_character_initiative_set_boons_chaos_lord_mnur	true
wh3_dlc25_character_initiative_chs_chaos_lord_nur_05	wh3_dlc25_character_initiative_set_boons_chaos_lord_mnur	true
wh3_dlc25_character_initiative_chs_chaos_lord_nur_06	wh3_dlc25_character_initiative_set_boons_chaos_lord_mnur	true
wh3_dlc25_character_initiative_chs_chaos_lord_nur_07	wh3_dlc25_character_initiative_set_boons_chaos_lord_mnur	true
wh3_dlc25_character_initiative_chs_chaos_lord_nur_08	wh3_dlc25_character_initiative_set_boons_chaos_lord_mnur	true
wh3_dlc25_character_initiative_chs_chaos_lord_nur_09	wh3_dlc25_character_initiative_set_boons_chaos_lord_mnur	true
wh3_dlc25_character_initiative_chs_chaos_sorcerer_nur_01	wh3_dlc25_character_initiative_set_boons_chaos_sorcerer_nurgle	true
wh3_dlc25_character_initiative_chs_chaos_sorcerer_nur_02	wh3_dlc25_character_initiative_set_boons_chaos_sorcerer_nurgle	true
wh3_dlc25_character_initiative_chs_chaos_sorcerer_nur_03	wh3_dlc25_character_initiative_set_boons_chaos_sorcerer_nurgle	true
wh3_dlc25_character_initiative_chs_chaos_sorcerer_nur_04	wh3_dlc25_character_initiative_set_boons_chaos_sorcerer_nurgle	true
wh3_dlc25_character_initiative_chs_chaos_sorcerer_nur_05	wh3_dlc25_character_initiative_set_boons_chaos_sorcerer_nurgle	true
wh3_dlc25_character_initiative_chs_chaos_sorcerer_nur_06	wh3_dlc25_character_initiative_set_boons_chaos_sorcerer_nurgle	true
wh3_dlc25_character_initiative_chs_chaos_sorcerer_nur_07	wh3_dlc25_character_initiative_set_boons_chaos_sorcerer_nurgle	true
wh3_dlc25_character_initiative_chs_chaos_sorcerer_nur_08	wh3_dlc25_character_initiative_set_boons_chaos_sorcerer_nurgle	true
wh3_dlc25_character_initiative_chs_chaos_sorcerer_nur_09	wh3_dlc25_character_initiative_set_boons_chaos_sorcerer_nurgle	true
wh3_dlc20_character_initiative_ascend_lord_to_daemon_prince_nurgle	wh3_dlc25_character_initiative_set_lord_mnur_upgrades	true
wh3_dlc20_character_initiative_chs_chaos_lord_kho_01	wh3_dlc26_character_initiative_set_boons_bloodspeaker	true
wh3_dlc20_character_initiative_chs_chaos_lord_kho_02	wh3_dlc26_character_initiative_set_boons_bloodspeaker	true
wh3_dlc20_character_initiative_chs_chaos_lord_kho_03	wh3_dlc26_character_initiative_set_boons_bloodspeaker	true
wh3_dlc20_character_initiative_chs_chaos_lord_kho_04	wh3_dlc26_character_initiative_set_boons_bloodspeaker	true
wh3_dlc20_character_initiative_chs_chaos_lord_kho_05	wh3_dlc26_character_initiative_set_boons_bloodspeaker	true
wh3_dlc20_character_initiative_chs_chaos_lord_kho_06	wh3_dlc26_character_initiative_set_boons_bloodspeaker	true
wh3_dlc20_character_initiative_chs_chaos_lord_kho_08	wh3_dlc26_character_initiative_set_boons_bloodspeaker	true
wh3_dlc20_character_initiative_chs_chaos_lord_kho_09	wh3_dlc26_character_initiative_set_boons_bloodspeaker	true
wh3_dlc20_character_initiative_chs_daemon_prince_kho_05	wh3_dlc26_character_initiative_set_boons_bloodspeaker	true
wh3_dlc26_character_initiative_ogr_maw_offering_1	wh3_dlc26_character_initiative_set_ogr_maw_offering_1	false
wh3_dlc26_character_initiative_ogr_maw_offering_2	wh3_dlc26_character_initiative_set_ogr_maw_offering_2	false
wh3_dlc26_character_initiative_ogr_maw_offering_3	wh3_dlc26_character_initiative_set_ogr_maw_offering_3	false
wh3_dlc26_character_initiative_ogr_maw_offering_4	wh3_dlc26_character_initiative_set_ogr_maw_offering_4	false
wh3_dlc26_character_initiative_ogr_big_name_bragg_01	wh3_dlc26_character_intiative_set_ogre_big_names_bragg	true
wh3_dlc26_character_initiative_ogr_big_name_bragg_02	wh3_dlc26_character_intiative_set_ogre_big_names_bragg	true
wh3_dlc26_character_initiative_ogr_big_name_bragg_03	wh3_dlc26_character_intiative_set_ogre_big_names_bragg	true
wh3_dlc26_character_initiative_ogr_big_name_bragg_04	wh3_dlc26_character_intiative_set_ogre_big_names_bragg	true
wh3_dlc26_character_initiative_ogr_big_name_groundshaker	wh3_dlc26_character_intiative_set_ogre_big_names_bruiser	true
wh3_dlc26_character_initiative_ogr_big_name_impenetrable_gut	wh3_dlc26_character_intiative_set_ogre_big_names_bruiser	true
wh3_dlc26_character_initiative_ogr_big_name_kin_guard	wh3_dlc26_character_intiative_set_ogre_big_names_bruiser	true
wh3_dlc26_character_initiative_ogr_big_name_unstoppable	wh3_dlc26_character_intiative_set_ogre_big_names_bruiser	true
wh3_main_character_initiative_ogr_big_name_bellyslapper	wh3_dlc26_character_intiative_set_ogre_big_names_bruiser	true
wh3_main_character_initiative_ogr_big_name_boommaker	wh3_dlc26_character_intiative_set_ogre_big_names_bruiser	true
wh3_main_character_initiative_ogr_big_name_brawlerguts	wh3_dlc26_character_intiative_set_ogre_big_names_bruiser	true
wh3_main_character_initiative_ogr_big_name_gutcrusher	wh3_dlc26_character_intiative_set_ogre_big_names_bruiser	true
wh3_main_character_initiative_ogr_big_name_longstrider_bruiser	wh3_dlc26_character_intiative_set_ogre_big_names_bruiser	true
wh3_main_character_initiative_ogr_big_name_ratkiller	wh3_dlc26_character_intiative_set_ogre_big_names_bruiser	true
wh3_dlc26_character_initiative_ogr_big_name_gore_drenched	wh3_dlc26_character_intiative_set_ogre_big_names_butcher	true
wh3_dlc26_character_initiative_ogr_big_name_gorger_herder	wh3_dlc26_character_intiative_set_ogre_big_names_butcher	true
wh3_dlc26_character_initiative_ogr_big_name_kin_guard	wh3_dlc26_character_intiative_set_ogre_big_names_butcher	true
wh3_dlc26_character_initiative_ogr_big_name_magic_feaster	wh3_dlc26_character_intiative_set_ogre_big_names_butcher	true
wh3_dlc26_character_initiative_ogr_big_name_marrow_muncher	wh3_dlc26_character_intiative_set_ogre_big_names_butcher	true
wh3_main_character_initiative_ogr_big_name_bellyslapper	wh3_dlc26_character_intiative_set_ogre_big_names_butcher	true
wh3_main_character_initiative_ogr_big_name_brawlerguts	wh3_dlc26_character_intiative_set_ogre_big_names_butcher	true
wh3_main_character_initiative_ogr_big_name_gnoblarkicker	wh3_dlc26_character_intiative_set_ogre_big_names_butcher	true
wh3_main_character_initiative_ogr_big_name_longstrider_butcher	wh3_dlc26_character_intiative_set_ogre_big_names_butcher	true
wh3_main_character_initiative_ogr_big_name_staydeader	wh3_dlc26_character_intiative_set_ogre_big_names_butcher	true
wh3_dlc26_character_initiative_ogr_big_name_firebelly_marrow_muncher	wh3_dlc26_character_intiative_set_ogre_big_names_firebelly	true
wh3_dlc26_character_initiative_ogr_big_name_gore_drenched	wh3_dlc26_character_intiative_set_ogre_big_names_firebelly	true
wh3_dlc26_character_initiative_ogr_big_name_gorger_herder	wh3_dlc26_character_intiative_set_ogre_big_names_firebelly	true
wh3_dlc26_character_initiative_ogr_big_name_kin_guard	wh3_dlc26_character_intiative_set_ogre_big_names_firebelly	true
wh3_dlc26_character_initiative_ogr_big_name_magic_feaster	wh3_dlc26_character_intiative_set_ogre_big_names_firebelly	true
wh3_main_character_initiative_ogr_big_name_bellyslapper	wh3_dlc26_character_intiative_set_ogre_big_names_firebelly	true
wh3_main_character_initiative_ogr_big_name_brawlerguts	wh3_dlc26_character_intiative_set_ogre_big_names_firebelly	true
wh3_main_character_initiative_ogr_big_name_gnoblarkicker	wh3_dlc26_character_intiative_set_ogre_big_names_firebelly	true
wh3_main_character_initiative_ogr_big_name_longstrider_firebelly	wh3_dlc26_character_intiative_set_ogre_big_names_firebelly	true
wh3_main_character_initiative_ogr_big_name_staydeader	wh3_dlc26_character_intiative_set_ogre_big_names_firebelly	true
wh3_dlc26_character_initiative_ogr_big_name_golgfag_01	wh3_dlc26_character_intiative_set_ogre_big_names_golgfag	true
wh3_dlc26_character_initiative_ogr_big_name_golgfag_02	wh3_dlc26_character_intiative_set_ogre_big_names_golgfag	true
wh3_dlc26_character_initiative_ogr_big_name_golgfag_03	wh3_dlc26_character_intiative_set_ogre_big_names_golgfag	true
wh3_dlc26_character_initiative_ogr_big_name_golgfag_04	wh3_dlc26_character_intiative_set_ogre_big_names_golgfag	true
wh3_dlc26_character_initiative_ogr_big_name_coin_counter	wh3_dlc26_character_intiative_set_ogre_big_names_paymaster	true
wh3_main_character_initiative_ogr_big_name_arsebelcher	wh3_dlc26_character_intiative_set_ogre_big_names_paymaster	true
wh3_main_character_initiative_ogr_big_name_bellyslapper	wh3_dlc26_character_intiative_set_ogre_big_names_paymaster	true
wh3_main_character_initiative_ogr_big_name_bigbellower	wh3_dlc26_character_intiative_set_ogre_big_names_paymaster	true
wh3_main_character_initiative_ogr_big_name_brawlerguts	wh3_dlc26_character_intiative_set_ogre_big_names_paymaster	true
wh3_main_character_initiative_ogr_big_name_campmaker	wh3_dlc26_character_intiative_set_ogre_big_names_paymaster	true
wh3_main_character_initiative_ogr_big_name_deathcheater	wh3_dlc26_character_intiative_set_ogre_big_names_paymaster	true
wh3_main_character_initiative_ogr_big_name_elfmulcher	wh3_dlc26_character_intiative_set_ogre_big_names_paymaster	true
wh3_main_character_initiative_ogr_big_name_goldhoarder	wh3_dlc26_character_intiative_set_ogre_big_names_paymaster	true
wh3_main_character_initiative_ogr_big_name_groundbreaker	wh3_dlc26_character_intiative_set_ogre_big_names_paymaster	true
wh3_main_character_initiative_ogr_big_name_gutcrusher	wh3_dlc26_character_intiative_set_ogre_big_names_paymaster	true
wh3_dlc26_character_initiative_ogr_big_name_magic_feaster	wh3_dlc26_character_intiative_set_ogre_big_names_slaughtermaster	true
wh3_dlc26_character_initiative_ogr_big_name_marrow_muncher	wh3_dlc26_character_intiative_set_ogre_big_names_slaughtermaster	true
wh3_main_character_initiative_ogr_big_name_arsebelcher	wh3_dlc26_character_intiative_set_ogre_big_names_slaughtermaster	true
wh3_main_character_initiative_ogr_big_name_bellyslapper	wh3_dlc26_character_intiative_set_ogre_big_names_slaughtermaster	true
wh3_main_character_initiative_ogr_big_name_bigbellower	wh3_dlc26_character_intiative_set_ogre_big_names_slaughtermaster	true
wh3_main_character_initiative_ogr_big_name_brawlerguts	wh3_dlc26_character_intiative_set_ogre_big_names_slaughtermaster	true
wh3_main_character_initiative_ogr_big_name_campmaker	wh3_dlc26_character_intiative_set_ogre_big_names_slaughtermaster	true
wh3_main_character_initiative_ogr_big_name_daemonbreaker	wh3_dlc26_character_intiative_set_ogre_big_names_slaughtermaster	true
wh3_main_character_initiative_ogr_big_name_deathcheater	wh3_dlc26_character_intiative_set_ogre_big_names_slaughtermaster	true
wh3_main_character_initiative_ogr_big_name_grandfeaster	wh3_dlc26_character_intiative_set_ogre_big_names_slaughtermaster	true
wh3_main_character_initiative_ogr_big_name_groundbreaker	wh3_dlc26_character_intiative_set_ogre_big_names_slaughtermaster	true
wh3_dlc26_faction_initiative_kho_arbaal_01	wh3_dlc26_faction_initiative_set_kho_arbaal	false
wh3_dlc26_faction_initiative_kho_arbaal_02	wh3_dlc26_faction_initiative_set_kho_arbaal	false
wh3_dlc26_faction_initiative_kho_arbaal_03	wh3_dlc26_faction_initiative_set_kho_arbaal	false
wh3_dlc26_faction_initiative_kho_arbaal_04	wh3_dlc26_faction_initiative_set_kho_arbaal	false
wh3_dlc26_faction_initiative_kho_arbaal_05	wh3_dlc26_faction_initiative_set_kho_arbaal	false
wh3_dlc26_faction_initiative_kho_arbaal_06	wh3_dlc26_faction_initiative_set_kho_arbaal	false
wh3_dlc26_faction_initiative_kho_arbaal_07	wh3_dlc26_faction_initiative_set_kho_arbaal	false
wh3_dlc26_faction_initiative_kho_arbaal_08	wh3_dlc26_faction_initiative_set_kho_arbaal	false
wh3_dlc26_force_initiative_grn_da_plan_alpha_amma_2	wh3_dlc26_force_initiative_grn_da_plan	true
wh3_dlc26_force_initiative_grn_da_plan_arrer_catcha_1	wh3_dlc26_force_initiative_grn_da_plan	true
wh3_dlc26_force_initiative_grn_da_plan_block_an_smash_1	wh3_dlc26_force_initiative_grn_da_plan	true
wh3_dlc26_force_initiative_grn_da_plan_broodmothers_3	wh3_dlc26_force_initiative_grn_da_plan	true
wh3_dlc26_force_initiative_grn_da_plan_cheerleadaz_3	wh3_dlc26_force_initiative_grn_da_plan	true
wh3_dlc26_force_initiative_grn_da_plan_cut_da_chains_3	wh3_dlc26_force_initiative_grn_da_plan	true
wh3_dlc26_force_initiative_grn_da_plan_da_black_bastion_2	wh3_dlc26_force_initiative_grn_da_plan	true
wh3_dlc26_force_initiative_grn_da_plan_da_greatest_warlord_2	wh3_dlc26_force_initiative_grn_da_plan	true
wh3_dlc26_force_initiative_grn_da_plan_drag_da_wagonz_2	wh3_dlc26_force_initiative_grn_da_plan	true
wh3_dlc26_force_initiative_grn_da_plan_drink_an_drive_2	wh3_dlc26_force_initiative_grn_da_plan	true
wh3_dlc26_force_initiative_grn_da_plan_earthquake_2	wh3_dlc26_force_initiative_grn_da_plan	true
wh3_dlc26_force_initiative_grn_da_plan_eat_da_runts_2	wh3_dlc26_force_initiative_grn_da_plan	true
wh3_dlc26_force_initiative_grn_da_plan_eavy_metal_marchin_3	wh3_dlc26_force_initiative_grn_da_plan	true
wh3_dlc26_force_initiative_grn_da_plan_erd_mentality_1	wh3_dlc26_force_initiative_grn_da_plan	true
wh3_dlc26_force_initiative_grn_da_plan_fly_at_da_smoke_3	wh3_dlc26_force_initiative_grn_da_plan	true
wh3_dlc26_force_initiative_grn_da_plan_fungus_farms_2	wh3_dlc26_force_initiative_grn_da_plan	true
wh3_dlc26_force_initiative_grn_da_plan_get_dem_from_below_2	wh3_dlc26_force_initiative_grn_da_plan	true
wh3_dlc26_force_initiative_grn_da_plan_goin_commando_2	wh3_dlc26_force_initiative_grn_da_plan	true
wh3_dlc26_force_initiative_grn_da_plan_keep_bossin_2	wh3_dlc26_force_initiative_grn_da_plan	true
wh3_dlc26_force_initiative_grn_da_plan_keep_em_ungry_3	wh3_dlc26_force_initiative_grn_da_plan	true
wh3_dlc26_force_initiative_grn_da_plan_lead_da_charge_2	wh3_dlc26_force_initiative_grn_da_plan	true
wh3_dlc26_force_initiative_grn_da_plan_light_em_up_1	wh3_dlc26_force_initiative_grn_da_plan	true
wh3_dlc26_force_initiative_grn_da_plan_little_wont_urt_1	wh3_dlc26_force_initiative_grn_da_plan	true
wh3_dlc26_force_initiative_grn_da_plan_load_yerself_3	wh3_dlc26_force_initiative_grn_da_plan	true
wh3_dlc26_force_initiative_grn_da_plan_master_planner_3	wh3_dlc26_force_initiative_grn_da_plan	true
wh3_dlc26_force_initiative_grn_da_plan_netted_targets_1	wh3_dlc26_force_initiative_grn_da_plan	true
wh3_dlc26_force_initiative_grn_da_plan_orcs_are_da_best_1	wh3_dlc26_force_initiative_grn_da_plan	true
wh3_dlc26_force_initiative_grn_da_plan_power_of_da_waaagh_1	wh3_dlc26_force_initiative_grn_da_plan	true
wh3_dlc26_force_initiative_grn_da_plan_raidin_parties_1	wh3_dlc26_force_initiative_grn_da_plan	true
wh3_dlc26_force_initiative_grn_da_plan_regimental_1	wh3_dlc26_force_initiative_grn_da_plan	true
wh3_dlc26_force_initiative_grn_da_plan_shoot_da_runts_1	wh3_dlc26_force_initiative_grn_da_plan	true
wh3_dlc26_force_initiative_grn_da_plan_shot_in_da_dark_2	wh3_dlc26_force_initiative_grn_da_plan	true
wh3_dlc26_force_initiative_grn_da_plan_splode_da_big_one_3	wh3_dlc26_force_initiative_grn_da_plan	true
wh3_dlc26_force_initiative_grn_da_plan_stick_em_like_pigs_2	wh3_dlc26_force_initiative_grn_da_plan	true
wh3_dlc26_force_initiative_grn_da_plan_stinkee_arrers_3	wh3_dlc26_force_initiative_grn_da_plan	true
wh3_dlc26_force_initiative_grn_da_plan_stompin_ground_2	wh3_dlc26_force_initiative_grn_da_plan	true
wh3_dlc26_force_initiative_grn_da_plan_suprise_savagery_2	wh3_dlc26_force_initiative_grn_da_plan	true
wh3_dlc26_force_initiative_grn_da_plan_webweavin_1	wh3_dlc26_force_initiative_grn_da_plan	true
wh3_dlc27_asur_domination_focus_colonies_01	wh3_dlc27_asur_domination_focus_colonies	false
wh3_dlc27_asur_domination_focus_colonies_02	wh3_dlc27_asur_domination_focus_colonies	false
wh3_dlc27_asur_domination_focus_colonies_03	wh3_dlc27_asur_domination_focus_colonies	false
wh3_dlc27_asur_domination_focus_colonies_04	wh3_dlc27_asur_domination_focus_colonies	false
wh3_dlc27_asur_domination_focus_colonies_05	wh3_dlc27_asur_domination_focus_colonies	false
wh3_dlc27_asur_domination_focus_colonies_06	wh3_dlc27_asur_domination_focus_colonies	false
wh3_dlc27_asur_domination_focus_colonies_07	wh3_dlc27_asur_domination_focus_colonies	false
wh3_dlc27_asur_domination_focus_colonies_08	wh3_dlc27_asur_domination_focus_colonies	false
wh3_dlc27_asur_domination_focus_dragonships_01	wh3_dlc27_asur_domination_focus_dragonships	false
wh3_dlc27_asur_domination_focus_dragonships_02	wh3_dlc27_asur_domination_focus_dragonships	false
wh3_dlc27_asur_domination_focus_dragonships_03	wh3_dlc27_asur_domination_focus_dragonships	false
wh3_dlc27_asur_domination_focus_dragonships_04	wh3_dlc27_asur_domination_focus_dragonships	false
wh3_dlc27_asur_domination_focus_dragonships_05	wh3_dlc27_asur_domination_focus_dragonships	false
wh3_dlc27_asur_domination_focus_dragonships_06	wh3_dlc27_asur_domination_focus_dragonships	false
wh3_dlc27_asur_domination_focus_dragonships_07	wh3_dlc27_asur_domination_focus_dragonships	false
wh3_dlc27_asur_domination_focus_dragonships_08	wh3_dlc27_asur_domination_focus_dragonships	false
wh3_dlc27_asur_domination_focus_outposts_01	wh3_dlc27_asur_domination_focus_outposts	false
wh3_dlc27_asur_domination_focus_outposts_02	wh3_dlc27_asur_domination_focus_outposts	false
wh3_dlc27_asur_domination_focus_outposts_03	wh3_dlc27_asur_domination_focus_outposts	false
wh3_dlc27_asur_domination_focus_outposts_04	wh3_dlc27_asur_domination_focus_outposts	false
wh3_dlc27_asur_domination_focus_outposts_05	wh3_dlc27_asur_domination_focus_outposts	false
wh3_dlc27_asur_domination_focus_outposts_06	wh3_dlc27_asur_domination_focus_outposts	false
wh3_dlc27_asur_domination_focus_outposts_07	wh3_dlc27_asur_domination_focus_outposts	false
wh3_dlc27_asur_domination_focus_outposts_08	wh3_dlc27_asur_domination_focus_outposts	false
wh3_dlc27_character_initiative_chs_chaos_sorcerer_lord_sla_01	wh3_dlc27_character_initiative_set_boons_chaos_sorcerer_lord_slaanesh	true
wh3_dlc27_character_initiative_chs_chaos_sorcerer_lord_sla_02	wh3_dlc27_character_initiative_set_boons_chaos_sorcerer_lord_slaanesh	true
wh3_dlc27_character_initiative_chs_chaos_sorcerer_lord_sla_03	wh3_dlc27_character_initiative_set_boons_chaos_sorcerer_lord_slaanesh	true
wh3_dlc27_character_initiative_chs_chaos_sorcerer_lord_sla_04	wh3_dlc27_character_initiative_set_boons_chaos_sorcerer_lord_slaanesh	true
wh3_dlc27_character_initiative_chs_chaos_sorcerer_lord_sla_05	wh3_dlc27_character_initiative_set_boons_chaos_sorcerer_lord_slaanesh	true
wh3_dlc27_character_initiative_chs_chaos_sorcerer_lord_sla_06	wh3_dlc27_character_initiative_set_boons_chaos_sorcerer_lord_slaanesh	true
wh3_dlc27_character_initiative_chs_chaos_sorcerer_lord_sla_07	wh3_dlc27_character_initiative_set_boons_chaos_sorcerer_lord_slaanesh	true
wh3_dlc27_character_initiative_chs_chaos_sorcerer_lord_sla_08	wh3_dlc27_character_initiative_set_boons_chaos_sorcerer_lord_slaanesh	true
wh3_dlc27_character_initiative_chs_chaos_sorcerer_lord_sla_09	wh3_dlc27_character_initiative_set_boons_chaos_sorcerer_lord_slaanesh	true
wh3_dlc27_character_initiative_chs_exalted_hero_sla_01	wh3_dlc27_character_initiative_set_boons_exalted_hero_slaanesh	true
wh3_dlc27_character_initiative_chs_exalted_hero_sla_02	wh3_dlc27_character_initiative_set_boons_exalted_hero_slaanesh	true
wh3_dlc27_character_initiative_chs_exalted_hero_sla_03	wh3_dlc27_character_initiative_set_boons_exalted_hero_slaanesh	true
wh3_dlc27_character_initiative_chs_exalted_hero_sla_04	wh3_dlc27_character_initiative_set_boons_exalted_hero_slaanesh	true
wh3_dlc27_character_initiative_chs_exalted_hero_sla_05	wh3_dlc27_character_initiative_set_boons_exalted_hero_slaanesh	true
wh3_dlc27_character_initiative_chs_exalted_hero_sla_06	wh3_dlc27_character_initiative_set_boons_exalted_hero_slaanesh	true
wh3_dlc27_character_initiative_chs_exalted_hero_sla_07	wh3_dlc27_character_initiative_set_boons_exalted_hero_slaanesh	true
wh3_dlc27_character_initiative_chs_exalted_hero_sla_08	wh3_dlc27_character_initiative_set_boons_exalted_hero_slaanesh	true
wh3_dlc27_character_initiative_chs_exalted_hero_sla_09	wh3_dlc27_character_initiative_set_boons_exalted_hero_slaanesh	true
wh3_dlc27_character_initiative_chs_exalted_hero_sla_10	wh3_dlc27_character_initiative_set_boons_exalted_hero_slaanesh	true
wh3_dlc20_character_initiative_ascend_lord_to_daemon_prince_slaanesh	wh3_dlc27_character_initiative_set_sorcerer_lord_msla_upgrades	true
wh3_dlc27_eternal_dance_of_elves_tempo_1_variation_1	wh3_dlc27_eternal_dance_of_elves_tempo_1	false
wh3_dlc27_eternal_dance_of_elves_tempo_1_variation_2	wh3_dlc27_eternal_dance_of_elves_tempo_1	false
wh3_dlc27_eternal_dance_of_elves_tempo_1_variation_3	wh3_dlc27_eternal_dance_of_elves_tempo_1	false
wh3_dlc27_eternal_dance_of_elves_tempo_1_variation_4	wh3_dlc27_eternal_dance_of_elves_tempo_1	false
wh3_dlc27_eternal_dance_of_elves_tempo_2_variation_1	wh3_dlc27_eternal_dance_of_elves_tempo_2	false
wh3_dlc27_eternal_dance_of_elves_tempo_2_variation_2	wh3_dlc27_eternal_dance_of_elves_tempo_2	false
wh3_dlc27_eternal_dance_of_elves_tempo_2_variation_3	wh3_dlc27_eternal_dance_of_elves_tempo_2	false
wh3_dlc27_eternal_dance_of_elves_tempo_2_variation_4	wh3_dlc27_eternal_dance_of_elves_tempo_2	false
wh3_dlc27_eternal_dance_of_elves_tempo_3_variation_1	wh3_dlc27_eternal_dance_of_elves_tempo_3	false
wh3_dlc27_eternal_dance_of_elves_tempo_3_variation_2	wh3_dlc27_eternal_dance_of_elves_tempo_3	false
wh3_dlc27_eternal_dance_of_elves_tempo_3_variation_3	wh3_dlc27_eternal_dance_of_elves_tempo_3	false
wh3_dlc27_eternal_dance_of_elves_tempo_3_variation_4	wh3_dlc27_eternal_dance_of_elves_tempo_3	false
wh3_dlc27_eternal_dance_of_elves_tempo_4_ritual	wh3_dlc27_eternal_dance_of_elves_tempo_4	false
wh3_dlc27_eternal_dance_of_final_battle_tempo_1_variation_1	wh3_dlc27_eternal_dance_of_final_battle_tempo_1	false
wh3_dlc27_eternal_dance_of_final_battle_tempo_1_variation_2	wh3_dlc27_eternal_dance_of_final_battle_tempo_1	false
wh3_dlc27_eternal_dance_of_final_battle_tempo_1_variation_3	wh3_dlc27_eternal_dance_of_final_battle_tempo_1	false
wh3_dlc27_eternal_dance_of_final_battle_tempo_1_variation_4	wh3_dlc27_eternal_dance_of_final_battle_tempo_1	false
wh3_dlc27_eternal_dance_of_final_battle_tempo_2_variation_1	wh3_dlc27_eternal_dance_of_final_battle_tempo_2	false
wh3_dlc27_eternal_dance_of_final_battle_tempo_2_variation_2	wh3_dlc27_eternal_dance_of_final_battle_tempo_2	false
wh3_dlc27_eternal_dance_of_final_battle_tempo_2_variation_3	wh3_dlc27_eternal_dance_of_final_battle_tempo_2	false
wh3_dlc27_eternal_dance_of_final_battle_tempo_2_variation_4	wh3_dlc27_eternal_dance_of_final_battle_tempo_2	false
wh3_dlc27_eternal_dance_of_final_battle_tempo_3_variation_1	wh3_dlc27_eternal_dance_of_final_battle_tempo_3	false
wh3_dlc27_eternal_dance_of_final_battle_tempo_3_variation_2	wh3_dlc27_eternal_dance_of_final_battle_tempo_3	false
wh3_dlc27_eternal_dance_of_final_battle_tempo_3_variation_3	wh3_dlc27_eternal_dance_of_final_battle_tempo_3	false
wh3_dlc27_eternal_dance_of_final_battle_tempo_3_variation_4	wh3_dlc27_eternal_dance_of_final_battle_tempo_3	false
wh3_dlc27_eternal_dance_of_final_battle_tempo_4_ritual	wh3_dlc27_eternal_dance_of_final_battle_tempo_4	false
wh3_dlc27_eternal_dance_of_khorne_tempo_1_variation_1	wh3_dlc27_eternal_dance_of_khorne_tempo_1	false
wh3_dlc27_eternal_dance_of_khorne_tempo_1_variation_2	wh3_dlc27_eternal_dance_of_khorne_tempo_1	false
wh3_dlc27_eternal_dance_of_khorne_tempo_1_variation_3	wh3_dlc27_eternal_dance_of_khorne_tempo_1	false
wh3_dlc27_eternal_dance_of_khorne_tempo_1_variation_4	wh3_dlc27_eternal_dance_of_khorne_tempo_1	false
wh3_dlc27_eternal_dance_of_khorne_tempo_2_variation_1	wh3_dlc27_eternal_dance_of_khorne_tempo_2	false
wh3_dlc27_eternal_dance_of_khorne_tempo_2_variation_2	wh3_dlc27_eternal_dance_of_khorne_tempo_2	false
wh3_dlc27_eternal_dance_of_khorne_tempo_2_variation_3	wh3_dlc27_eternal_dance_of_khorne_tempo_2	false
wh3_dlc27_eternal_dance_of_khorne_tempo_2_variation_4	wh3_dlc27_eternal_dance_of_khorne_tempo_2	false
wh3_dlc27_eternal_dance_of_khorne_tempo_3_variation_1	wh3_dlc27_eternal_dance_of_khorne_tempo_3	false
wh3_dlc27_eternal_dance_of_khorne_tempo_3_variation_2	wh3_dlc27_eternal_dance_of_khorne_tempo_3	false
wh3_dlc27_eternal_dance_of_khorne_tempo_3_variation_3	wh3_dlc27_eternal_dance_of_khorne_tempo_3	false
wh3_dlc27_eternal_dance_of_khorne_tempo_3_variation_4	wh3_dlc27_eternal_dance_of_khorne_tempo_3	false
wh3_dlc27_eternal_dance_of_khorne_tempo_4_ritual	wh3_dlc27_eternal_dance_of_khorne_tempo_4	false
wh3_dlc27_eternal_dance_of_nurgle_tempo_1_variation_1	wh3_dlc27_eternal_dance_of_nurgle_tempo_1	false
wh3_dlc27_eternal_dance_of_nurgle_tempo_1_variation_2	wh3_dlc27_eternal_dance_of_nurgle_tempo_1	false
wh3_dlc27_eternal_dance_of_nurgle_tempo_1_variation_3	wh3_dlc27_eternal_dance_of_nurgle_tempo_1	false
wh3_dlc27_eternal_dance_of_nurgle_tempo_1_variation_4	wh3_dlc27_eternal_dance_of_nurgle_tempo_1	false
wh3_dlc27_eternal_dance_of_nurgle_tempo_2_variation_1	wh3_dlc27_eternal_dance_of_nurgle_tempo_2	false
wh3_dlc27_eternal_dance_of_nurgle_tempo_2_variation_2	wh3_dlc27_eternal_dance_of_nurgle_tempo_2	false
wh3_dlc27_eternal_dance_of_nurgle_tempo_2_variation_3	wh3_dlc27_eternal_dance_of_nurgle_tempo_2	false
wh3_dlc27_eternal_dance_of_nurgle_tempo_2_variation_4	wh3_dlc27_eternal_dance_of_nurgle_tempo_2	false
wh3_dlc27_eternal_dance_of_nurgle_tempo_3_variation_1	wh3_dlc27_eternal_dance_of_nurgle_tempo_3	false
wh3_dlc27_eternal_dance_of_nurgle_tempo_3_variation_2	wh3_dlc27_eternal_dance_of_nurgle_tempo_3	false
wh3_dlc27_eternal_dance_of_nurgle_tempo_3_variation_3	wh3_dlc27_eternal_dance_of_nurgle_tempo_3	false
wh3_dlc27_eternal_dance_of_nurgle_tempo_3_variation_4	wh3_dlc27_eternal_dance_of_nurgle_tempo_3	false
wh3_dlc27_eternal_dance_of_nurgle_tempo_4_ritual	wh3_dlc27_eternal_dance_of_nurgle_tempo_4	false
wh3_dlc29_book_of_nagash_1	wh3_dlc29_book_of_nagash_slot_1	false
wh3_dlc29_book_of_nagash_10	wh3_dlc29_book_of_nagash_slot_1	false
wh3_dlc29_book_of_nagash_11	wh3_dlc29_book_of_nagash_slot_1	false
wh3_dlc29_book_of_nagash_12	wh3_dlc29_book_of_nagash_slot_1	false
wh3_dlc29_book_of_nagash_2	wh3_dlc29_book_of_nagash_slot_1	false
wh3_dlc29_book_of_nagash_3	wh3_dlc29_book_of_nagash_slot_1	false
wh3_dlc29_book_of_nagash_4	wh3_dlc29_book_of_nagash_slot_1	false
wh3_dlc29_book_of_nagash_5	wh3_dlc29_book_of_nagash_slot_1	false
wh3_dlc29_book_of_nagash_6	wh3_dlc29_book_of_nagash_slot_1	false
wh3_dlc29_book_of_nagash_7	wh3_dlc29_book_of_nagash_slot_1	false
wh3_dlc29_book_of_nagash_8	wh3_dlc29_book_of_nagash_slot_1	false
wh3_dlc29_book_of_nagash_9	wh3_dlc29_book_of_nagash_slot_1	false
wh3_dlc29_book_of_nagash_1	wh3_dlc29_book_of_nagash_slot_2	false
wh3_dlc29_book_of_nagash_10	wh3_dlc29_book_of_nagash_slot_2	false
wh3_dlc29_book_of_nagash_11	wh3_dlc29_book_of_nagash_slot_2	false
wh3_dlc29_book_of_nagash_12	wh3_dlc29_book_of_nagash_slot_2	false
wh3_dlc29_book_of_nagash_2	wh3_dlc29_book_of_nagash_slot_2	false
wh3_dlc29_book_of_nagash_3	wh3_dlc29_book_of_nagash_slot_2	false
wh3_dlc29_book_of_nagash_4	wh3_dlc29_book_of_nagash_slot_2	false
wh3_dlc29_book_of_nagash_5	wh3_dlc29_book_of_nagash_slot_2	false
wh3_dlc29_book_of_nagash_6	wh3_dlc29_book_of_nagash_slot_2	false
wh3_dlc29_book_of_nagash_7	wh3_dlc29_book_of_nagash_slot_2	false
wh3_dlc29_book_of_nagash_8	wh3_dlc29_book_of_nagash_slot_2	false
wh3_dlc29_book_of_nagash_9	wh3_dlc29_book_of_nagash_slot_2	false
wh3_dlc29_book_of_nagash_1	wh3_dlc29_book_of_nagash_slot_3	false
wh3_dlc29_book_of_nagash_10	wh3_dlc29_book_of_nagash_slot_3	false
wh3_dlc29_book_of_nagash_11	wh3_dlc29_book_of_nagash_slot_3	false
wh3_dlc29_book_of_nagash_12	wh3_dlc29_book_of_nagash_slot_3	false
wh3_dlc29_book_of_nagash_2	wh3_dlc29_book_of_nagash_slot_3	false
wh3_dlc29_book_of_nagash_3	wh3_dlc29_book_of_nagash_slot_3	false
wh3_dlc29_book_of_nagash_4	wh3_dlc29_book_of_nagash_slot_3	false
wh3_dlc29_book_of_nagash_5	wh3_dlc29_book_of_nagash_slot_3	false
wh3_dlc29_book_of_nagash_6	wh3_dlc29_book_of_nagash_slot_3	false
wh3_dlc29_book_of_nagash_7	wh3_dlc29_book_of_nagash_slot_3	false
wh3_dlc29_book_of_nagash_8	wh3_dlc29_book_of_nagash_slot_3	false
wh3_dlc29_book_of_nagash_9	wh3_dlc29_book_of_nagash_slot_3	false
wh3_dlc29_book_of_nagash_1	wh3_dlc29_book_of_nagash_slot_4	false
wh3_dlc29_book_of_nagash_10	wh3_dlc29_book_of_nagash_slot_4	false
wh3_dlc29_book_of_nagash_11	wh3_dlc29_book_of_nagash_slot_4	false
wh3_dlc29_book_of_nagash_12	wh3_dlc29_book_of_nagash_slot_4	false
wh3_dlc29_book_of_nagash_2	wh3_dlc29_book_of_nagash_slot_4	false
wh3_dlc29_book_of_nagash_3	wh3_dlc29_book_of_nagash_slot_4	false
wh3_dlc29_book_of_nagash_4	wh3_dlc29_book_of_nagash_slot_4	false
wh3_dlc29_book_of_nagash_5	wh3_dlc29_book_of_nagash_slot_4	false
wh3_dlc29_book_of_nagash_6	wh3_dlc29_book_of_nagash_slot_4	false
wh3_dlc29_book_of_nagash_7	wh3_dlc29_book_of_nagash_slot_4	false
wh3_dlc29_book_of_nagash_8	wh3_dlc29_book_of_nagash_slot_4	false
wh3_dlc29_book_of_nagash_9	wh3_dlc29_book_of_nagash_slot_4	false
wh3_dlc29_book_of_nagash_1	wh3_dlc29_book_of_nagash_slot_5	false
wh3_dlc29_book_of_nagash_10	wh3_dlc29_book_of_nagash_slot_5	false
wh3_dlc29_book_of_nagash_11	wh3_dlc29_book_of_nagash_slot_5	false
wh3_dlc29_book_of_nagash_12	wh3_dlc29_book_of_nagash_slot_5	false
wh3_dlc29_book_of_nagash_2	wh3_dlc29_book_of_nagash_slot_5	false
wh3_dlc29_book_of_nagash_3	wh3_dlc29_book_of_nagash_slot_5	false
wh3_dlc29_book_of_nagash_4	wh3_dlc29_book_of_nagash_slot_5	false
wh3_dlc29_book_of_nagash_5	wh3_dlc29_book_of_nagash_slot_5	false
wh3_dlc29_book_of_nagash_6	wh3_dlc29_book_of_nagash_slot_5	false
wh3_dlc29_book_of_nagash_7	wh3_dlc29_book_of_nagash_slot_5	false
wh3_dlc29_book_of_nagash_8	wh3_dlc29_book_of_nagash_slot_5	false
wh3_dlc29_book_of_nagash_9	wh3_dlc29_book_of_nagash_slot_5	false
wh3_dlc29_book_of_nagash_1	wh3_dlc29_book_of_nagash_slot_6	false
wh3_dlc29_book_of_nagash_10	wh3_dlc29_book_of_nagash_slot_6	false
wh3_dlc29_book_of_nagash_11	wh3_dlc29_book_of_nagash_slot_6	false
wh3_dlc29_book_of_nagash_12	wh3_dlc29_book_of_nagash_slot_6	false
wh3_dlc29_book_of_nagash_2	wh3_dlc29_book_of_nagash_slot_6	false
wh3_dlc29_book_of_nagash_3	wh3_dlc29_book_of_nagash_slot_6	false
wh3_dlc29_book_of_nagash_4	wh3_dlc29_book_of_nagash_slot_6	false
wh3_dlc29_book_of_nagash_5	wh3_dlc29_book_of_nagash_slot_6	false
wh3_dlc29_book_of_nagash_6	wh3_dlc29_book_of_nagash_slot_6	false
wh3_dlc29_book_of_nagash_7	wh3_dlc29_book_of_nagash_slot_6	false
wh3_dlc29_book_of_nagash_8	wh3_dlc29_book_of_nagash_slot_6	false
wh3_dlc29_book_of_nagash_9	wh3_dlc29_book_of_nagash_slot_6	false
wh3_dlc29_book_of_nagash_1	wh3_dlc29_book_of_nagash_slot_7	false
wh3_dlc29_book_of_nagash_10	wh3_dlc29_book_of_nagash_slot_7	false
wh3_dlc29_book_of_nagash_11	wh3_dlc29_book_of_nagash_slot_7	false
wh3_dlc29_book_of_nagash_12	wh3_dlc29_book_of_nagash_slot_7	false
wh3_dlc29_book_of_nagash_2	wh3_dlc29_book_of_nagash_slot_7	false
wh3_dlc29_book_of_nagash_3	wh3_dlc29_book_of_nagash_slot_7	false
wh3_dlc29_book_of_nagash_4	wh3_dlc29_book_of_nagash_slot_7	false
wh3_dlc29_book_of_nagash_5	wh3_dlc29_book_of_nagash_slot_7	false
wh3_dlc29_book_of_nagash_6	wh3_dlc29_book_of_nagash_slot_7	false
wh3_dlc29_book_of_nagash_7	wh3_dlc29_book_of_nagash_slot_7	false
wh3_dlc29_book_of_nagash_8	wh3_dlc29_book_of_nagash_slot_7	false
wh3_dlc29_book_of_nagash_9	wh3_dlc29_book_of_nagash_slot_7	false
wh3_dlc29_book_of_nagash_1	wh3_dlc29_book_of_nagash_slot_8	false
wh3_dlc29_book_of_nagash_10	wh3_dlc29_book_of_nagash_slot_8	false
wh3_dlc29_book_of_nagash_11	wh3_dlc29_book_of_nagash_slot_8	false
wh3_dlc29_book_of_nagash_12	wh3_dlc29_book_of_nagash_slot_8	false
wh3_dlc29_book_of_nagash_2	wh3_dlc29_book_of_nagash_slot_8	false
wh3_dlc29_book_of_nagash_3	wh3_dlc29_book_of_nagash_slot_8	false
wh3_dlc29_book_of_nagash_4	wh3_dlc29_book_of_nagash_slot_8	false
wh3_dlc29_book_of_nagash_5	wh3_dlc29_book_of_nagash_slot_8	false
wh3_dlc29_book_of_nagash_6	wh3_dlc29_book_of_nagash_slot_8	false
wh3_dlc29_book_of_nagash_7	wh3_dlc29_book_of_nagash_slot_8	false
wh3_dlc29_book_of_nagash_8	wh3_dlc29_book_of_nagash_slot_8	false
wh3_dlc29_book_of_nagash_9	wh3_dlc29_book_of_nagash_slot_8	false
wh3_dlc29_book_of_nagash_1	wh3_dlc29_book_of_nagash_slot_9	false
wh3_dlc29_book_of_nagash_10	wh3_dlc29_book_of_nagash_slot_9	false
wh3_dlc29_book_of_nagash_11	wh3_dlc29_book_of_nagash_slot_9	false
wh3_dlc29_book_of_nagash_12	wh3_dlc29_book_of_nagash_slot_9	false
wh3_dlc29_book_of_nagash_2	wh3_dlc29_book_of_nagash_slot_9	false
wh3_dlc29_book_of_nagash_3	wh3_dlc29_book_of_nagash_slot_9	false
wh3_dlc29_book_of_nagash_4	wh3_dlc29_book_of_nagash_slot_9	false
wh3_dlc29_book_of_nagash_5	wh3_dlc29_book_of_nagash_slot_9	false
wh3_dlc29_book_of_nagash_6	wh3_dlc29_book_of_nagash_slot_9	false
wh3_dlc29_book_of_nagash_7	wh3_dlc29_book_of_nagash_slot_9	false
wh3_dlc29_book_of_nagash_8	wh3_dlc29_book_of_nagash_slot_9	false
wh3_dlc29_book_of_nagash_9	wh3_dlc29_book_of_nagash_slot_9	false
wh3_dlc29_marks_of_nurgle_6_level_0	wh3_dlc29_glottkin_marks_set_heroes	false
wh3_dlc29_marks_of_nurgle_6_level_1	wh3_dlc29_glottkin_marks_set_heroes	true
wh3_dlc29_marks_of_nurgle_6_level_2	wh3_dlc29_glottkin_marks_set_heroes	true
wh3_dlc29_marks_of_nurgle_6_level_3	wh3_dlc29_glottkin_marks_set_heroes	true
wh3_dlc29_marks_of_nurgle_2_level_0	wh3_dlc29_glottkin_marks_set_hybrid	false
wh3_dlc29_marks_of_nurgle_2_level_1	wh3_dlc29_glottkin_marks_set_hybrid	true
wh3_dlc29_marks_of_nurgle_2_level_2	wh3_dlc29_glottkin_marks_set_hybrid	true
wh3_dlc29_marks_of_nurgle_2_level_3	wh3_dlc29_glottkin_marks_set_hybrid	true
wh3_dlc29_marks_of_nurgle_5_level_0	wh3_dlc29_glottkin_marks_set_hybrid	false
wh3_dlc29_marks_of_nurgle_5_level_1	wh3_dlc29_glottkin_marks_set_hybrid	true
wh3_dlc29_marks_of_nurgle_5_level_2	wh3_dlc29_glottkin_marks_set_hybrid	true
wh3_dlc29_marks_of_nurgle_5_level_3	wh3_dlc29_glottkin_marks_set_hybrid	true
wh3_dlc29_marks_of_nurgle_1_level_0	wh3_dlc29_glottkin_marks_set_lords	false
wh3_dlc29_marks_of_nurgle_1_level_1	wh3_dlc29_glottkin_marks_set_lords	true
wh3_dlc29_marks_of_nurgle_1_level_2	wh3_dlc29_glottkin_marks_set_lords	true
wh3_dlc29_marks_of_nurgle_1_level_3	wh3_dlc29_glottkin_marks_set_lords	true
wh3_dlc29_marks_of_nurgle_3_level_0	wh3_dlc29_glottkin_marks_set_lords	false
wh3_dlc29_marks_of_nurgle_3_level_1	wh3_dlc29_glottkin_marks_set_lords	true
wh3_dlc29_marks_of_nurgle_3_level_2	wh3_dlc29_glottkin_marks_set_lords	true
wh3_dlc29_marks_of_nurgle_3_level_3	wh3_dlc29_glottkin_marks_set_lords	true
wh3_dlc29_marks_of_nurgle_4_level_0	wh3_dlc29_glottkin_marks_set_lords	false
wh3_dlc29_marks_of_nurgle_4_level_1	wh3_dlc29_glottkin_marks_set_lords	true
wh3_dlc29_marks_of_nurgle_4_level_2	wh3_dlc29_glottkin_marks_set_lords	true
wh3_dlc29_marks_of_nurgle_4_level_3	wh3_dlc29_glottkin_marks_set_lords	true
wh3_dlc29_marks_of_nurgle_7_level_0	wh3_dlc29_glottkin_marks_set_settlements	false
wh3_dlc29_marks_of_nurgle_7_level_1	wh3_dlc29_glottkin_marks_set_settlements	true
wh3_dlc29_marks_of_nurgle_7_level_2	wh3_dlc29_glottkin_marks_set_settlements	true
wh3_dlc29_marks_of_nurgle_7_level_3	wh3_dlc29_glottkin_marks_set_settlements	true
wh3_dlc29_emp_middenland_the_great_temple_of_ulric_hall_of_flame_level_1	wh3_dlc29_middenland_the_great_temple_of_ulric_hall_of_flame	false
wh3_dlc29_emp_middenland_the_great_temple_of_ulric_hall_of_flame_level_2	wh3_dlc29_middenland_the_great_temple_of_ulric_hall_of_flame	false
wh3_dlc29_emp_middenland_the_great_temple_of_ulric_hall_of_flame_level_3	wh3_dlc29_middenland_the_great_temple_of_ulric_hall_of_flame	false
wh3_dlc29_emp_middenland_the_great_temple_of_ulric_hall_of_flame_level_4	wh3_dlc29_middenland_the_great_temple_of_ulric_hall_of_flame	false
wh3_dlc29_emp_middenland_the_great_temple_of_ulric_high_altar_of_ulric_level_1	wh3_dlc29_middenland_the_great_temple_of_ulric_high_altar_of_ulric	false
wh3_dlc29_emp_middenland_the_great_temple_of_ulric_high_altar_of_ulric_level_2	wh3_dlc29_middenland_the_great_temple_of_ulric_high_altar_of_ulric	false
wh3_dlc29_emp_middenland_the_great_temple_of_ulric_high_altar_of_ulric_level_3	wh3_dlc29_middenland_the_great_temple_of_ulric_high_altar_of_ulric	false
wh3_dlc29_emp_middenland_the_great_temple_of_ulric_high_altar_of_ulric_level_4	wh3_dlc29_middenland_the_great_temple_of_ulric_high_altar_of_ulric	false
wh3_dlc29_emp_middenland_the_great_temple_of_ulric_pilgrims_retreat_level_1	wh3_dlc29_middenland_the_great_temple_of_ulric_pilgrims_retreat	false
wh3_dlc29_emp_middenland_the_great_temple_of_ulric_pilgrims_retreat_level_2	wh3_dlc29_middenland_the_great_temple_of_ulric_pilgrims_retreat	false
wh3_dlc29_emp_middenland_the_great_temple_of_ulric_pilgrims_retreat_level_3	wh3_dlc29_middenland_the_great_temple_of_ulric_pilgrims_retreat	false
wh3_dlc29_emp_middenland_the_great_temple_of_ulric_pilgrims_retreat_level_4	wh3_dlc29_middenland_the_great_temple_of_ulric_pilgrims_retreat	false
wh3_dlc29_emp_middenland_the_great_temple_of_ulric_reliquary_of_fangs_level_1	wh3_dlc29_middenland_the_great_temple_of_ulric_reliquary_of_fangs	false
wh3_dlc29_emp_middenland_the_great_temple_of_ulric_reliquary_of_fangs_level_2	wh3_dlc29_middenland_the_great_temple_of_ulric_reliquary_of_fangs	false
wh3_dlc29_emp_middenland_the_great_temple_of_ulric_reliquary_of_fangs_level_3	wh3_dlc29_middenland_the_great_temple_of_ulric_reliquary_of_fangs	false
wh3_dlc29_emp_middenland_the_great_temple_of_ulric_reliquary_of_fangs_level_4	wh3_dlc29_middenland_the_great_temple_of_ulric_reliquary_of_fangs	false
wh3_dlc29_emp_middenland_the_great_temple_of_ulric_statue_of_the_white_wolf_level_1	wh3_dlc29_middenland_the_great_temple_of_ulric_statue_of_the_white_wolf	false
wh3_dlc29_emp_middenland_the_great_temple_of_ulric_statue_of_the_white_wolf_level_2	wh3_dlc29_middenland_the_great_temple_of_ulric_statue_of_the_white_wolf	false
wh3_dlc29_emp_middenland_the_great_temple_of_ulric_statue_of_the_white_wolf_level_3	wh3_dlc29_middenland_the_great_temple_of_ulric_statue_of_the_white_wolf	false
wh3_dlc29_emp_middenland_the_great_temple_of_ulric_statue_of_the_white_wolf_level_4	wh3_dlc29_middenland_the_great_temple_of_ulric_statue_of_the_white_wolf	false
wh3_dlc29_emp_middenland_the_great_temple_of_ulric_teutogen_bastion_level_1	wh3_dlc29_middenland_the_great_temple_of_ulric_teutogen_bastion	false
wh3_dlc29_emp_middenland_the_great_temple_of_ulric_teutogen_bastion_level_2	wh3_dlc29_middenland_the_great_temple_of_ulric_teutogen_bastion	false
wh3_dlc29_emp_middenland_the_great_temple_of_ulric_teutogen_bastion_level_3	wh3_dlc29_middenland_the_great_temple_of_ulric_teutogen_bastion	false
wh3_dlc29_emp_middenland_the_great_temple_of_ulric_teutogen_bastion_level_4	wh3_dlc29_middenland_the_great_temple_of_ulric_teutogen_bastion	false
wh3_dlc29_black_pyramid_archers_1	wh3_dlc29_pyramid_initiative_set	false
wh3_dlc29_black_pyramid_archers_2	wh3_dlc29_pyramid_initiative_set	false
wh3_dlc29_black_pyramid_archers_3	wh3_dlc29_pyramid_initiative_set	false
wh3_dlc29_black_pyramid_archers_4	wh3_dlc29_pyramid_initiative_set	false
wh3_dlc29_black_pyramid_archers_5	wh3_dlc29_pyramid_initiative_set	false
wh3_dlc29_black_pyramid_archers_6	wh3_dlc29_pyramid_initiative_set	false
wh3_dlc29_black_pyramid_archers_7	wh3_dlc29_pyramid_initiative_set	false
wh3_dlc29_black_pyramid_archers_8	wh3_dlc29_pyramid_initiative_set	false
wh3_dlc29_black_pyramid_arkhan_1	wh3_dlc29_pyramid_initiative_set	false
wh3_dlc29_black_pyramid_arkhan_2	wh3_dlc29_pyramid_initiative_set	false
wh3_dlc29_black_pyramid_arkhan_3	wh3_dlc29_pyramid_initiative_set	false
wh3_dlc29_black_pyramid_beasts_1	wh3_dlc29_pyramid_initiative_set	false
wh3_dlc29_black_pyramid_beasts_2	wh3_dlc29_pyramid_initiative_set	false
wh3_dlc29_black_pyramid_beasts_3	wh3_dlc29_pyramid_initiative_set	false
wh3_dlc29_black_pyramid_beasts_4	wh3_dlc29_pyramid_initiative_set	false
wh3_dlc29_black_pyramid_beasts_5	wh3_dlc29_pyramid_initiative_set	false
wh3_dlc29_black_pyramid_beasts_6	wh3_dlc29_pyramid_initiative_set	false
wh3_dlc29_black_pyramid_beasts_7	wh3_dlc29_pyramid_initiative_set	false
wh3_dlc29_black_pyramid_books_lore_of_death_1	wh3_dlc29_pyramid_initiative_set	false
wh3_dlc29_black_pyramid_books_lore_of_death_2	wh3_dlc29_pyramid_initiative_set	false
wh3_dlc29_black_pyramid_books_lore_of_death_3	wh3_dlc29_pyramid_initiative_set	false
wh3_dlc29_black_pyramid_books_lore_of_death_4	wh3_dlc29_pyramid_initiative_set	false
wh3_dlc29_black_pyramid_books_lore_of_light_1	wh3_dlc29_pyramid_initiative_set	false
wh3_dlc29_black_pyramid_books_lore_of_light_2	wh3_dlc29_pyramid_initiative_set	false
wh3_dlc29_black_pyramid_books_lore_of_light_3	wh3_dlc29_pyramid_initiative_set	false
wh3_dlc29_black_pyramid_books_lore_of_light_4	wh3_dlc29_pyramid_initiative_set	false
wh3_dlc29_black_pyramid_books_lore_of_nehekhara_1	wh3_dlc29_pyramid_initiative_set	false
wh3_dlc29_black_pyramid_books_lore_of_nehekhara_2	wh3_dlc29_pyramid_initiative_set	false
wh3_dlc29_black_pyramid_books_lore_of_nehekhara_3	wh3_dlc29_pyramid_initiative_set	false
wh3_dlc29_black_pyramid_books_lore_of_nehekhara_4	wh3_dlc29_pyramid_initiative_set	false
wh3_dlc29_black_pyramid_books_lore_of_vampires_1	wh3_dlc29_pyramid_initiative_set	false
wh3_dlc29_black_pyramid_books_lore_of_vampires_2	wh3_dlc29_pyramid_initiative_set	false
wh3_dlc29_black_pyramid_books_lore_of_vampires_3	wh3_dlc29_pyramid_initiative_set	false
wh3_dlc29_black_pyramid_books_lore_of_vampires_4	wh3_dlc29_pyramid_initiative_set	false
wh3_dlc29_black_pyramid_chariots_1	wh3_dlc29_pyramid_initiative_set	false
wh3_dlc29_black_pyramid_chariots_2	wh3_dlc29_pyramid_initiative_set	false
wh3_dlc29_black_pyramid_chariots_3	wh3_dlc29_pyramid_initiative_set	false
wh3_dlc29_black_pyramid_chariots_4	wh3_dlc29_pyramid_initiative_set	false
wh3_dlc29_black_pyramid_chariots_5	wh3_dlc29_pyramid_initiative_set	false
wh3_dlc29_black_pyramid_construct_monsters_1	wh3_dlc29_pyramid_initiative_set	false
wh3_dlc29_black_pyramid_construct_monsters_2	wh3_dlc29_pyramid_initiative_set	false
wh3_dlc29_black_pyramid_construct_monsters_3	wh3_dlc29_pyramid_initiative_set	false
wh3_dlc29_black_pyramid_construct_monsters_4	wh3_dlc29_pyramid_initiative_set	false
wh3_dlc29_black_pyramid_construct_monsters_5	wh3_dlc29_pyramid_initiative_set	false
wh3_dlc29_black_pyramid_construct_monsters_6	wh3_dlc29_pyramid_initiative_set	false
wh3_dlc29_black_pyramid_construct_monsters_7	wh3_dlc29_pyramid_initiative_set	false
wh3_dlc29_black_pyramid_construct_monsters_8	wh3_dlc29_pyramid_initiative_set	false
wh3_dlc29_black_pyramid_construct_monsters_9	wh3_dlc29_pyramid_initiative_set	false
wh3_dlc29_black_pyramid_construct_monstrous_1	wh3_dlc29_pyramid_initiative_set	false
wh3_dlc29_black_pyramid_construct_monstrous_2	wh3_dlc29_pyramid_initiative_set	false
wh3_dlc29_black_pyramid_construct_monstrous_3	wh3_dlc29_pyramid_initiative_set	false
wh3_dlc29_black_pyramid_construct_monstrous_4	wh3_dlc29_pyramid_initiative_set	false
wh3_dlc29_black_pyramid_construct_monstrous_5	wh3_dlc29_pyramid_initiative_set	false
wh3_dlc29_black_pyramid_construct_monstrous_6	wh3_dlc29_pyramid_initiative_set	false
wh3_dlc29_black_pyramid_construct_monstrous_7	wh3_dlc29_pyramid_initiative_set	false
wh3_dlc29_black_pyramid_construct_monstrous_8	wh3_dlc29_pyramid_initiative_set	false
wh3_dlc29_black_pyramid_construct_monstrous_9	wh3_dlc29_pyramid_initiative_set	false
wh3_dlc29_black_pyramid_cst_II_1	wh3_dlc29_pyramid_initiative_set	false
wh3_dlc29_black_pyramid_cst_II_2	wh3_dlc29_pyramid_initiative_set	false
wh3_dlc29_black_pyramid_cst_II_3	wh3_dlc29_pyramid_initiative_set	false
wh3_dlc29_black_pyramid_cst_II_4	wh3_dlc29_pyramid_initiative_set	false
wh3_dlc29_black_pyramid_cst_II_5	wh3_dlc29_pyramid_initiative_set	false
wh3_dlc29_black_pyramid_cst_I_1	wh3_dlc29_pyramid_initiative_set	false
wh3_dlc29_black_pyramid_cst_I_2	wh3_dlc29_pyramid_initiative_set	false
wh3_dlc29_black_pyramid_cst_I_3	wh3_dlc29_pyramid_initiative_set	false
wh3_dlc29_black_pyramid_cst_I_4	wh3_dlc29_pyramid_initiative_set	false
wh3_dlc29_black_pyramid_cst_I_5	wh3_dlc29_pyramid_initiative_set	false
wh3_dlc29_black_pyramid_dead_rise_chance_1	wh3_dlc29_pyramid_initiative_set	false
wh3_dlc29_black_pyramid_dead_rise_chance_2	wh3_dlc29_pyramid_initiative_set	false
wh3_dlc29_black_pyramid_dead_rise_chance_3	wh3_dlc29_pyramid_initiative_set	false
wh3_dlc29_black_pyramid_dead_rise_hp_1	wh3_dlc29_pyramid_initiative_set	false
wh3_dlc29_black_pyramid_dead_rise_hp_2	wh3_dlc29_pyramid_initiative_set	false
wh3_dlc29_black_pyramid_dead_rise_hp_3	wh3_dlc29_pyramid_initiative_set	false
wh3_dlc29_black_pyramid_deck_droppers_1	wh3_dlc29_pyramid_initiative_set	false
wh3_dlc29_black_pyramid_deck_droppers_2	wh3_dlc29_pyramid_initiative_set	false
wh3_dlc29_black_pyramid_deck_droppers_3	wh3_dlc29_pyramid_initiative_set	false
wh3_dlc29_black_pyramid_deck_droppers_4	wh3_dlc29_pyramid_initiative_set	false
wh3_dlc29_black_pyramid_deck_droppers_5	wh3_dlc29_pyramid_initiative_set	false
wh3_dlc29_black_pyramid_deck_droppers_6	wh3_dlc29_pyramid_initiative_set	false
wh3_dlc29_black_pyramid_deck_droppers_7	wh3_dlc29_pyramid_initiative_set	false
wh3_dlc29_black_pyramid_dieter_1	wh3_dlc29_pyramid_initiative_set	false
wh3_dlc29_black_pyramid_dieter_2	wh3_dlc29_pyramid_initiative_set	false
wh3_dlc29_black_pyramid_dieter_3	wh3_dlc29_pyramid_initiative_set	false
wh3_dlc29_black_pyramid_dual_wield_1	wh3_dlc29_pyramid_initiative_set	false
wh3_dlc29_black_pyramid_dual_wield_2	wh3_dlc29_pyramid_initiative_set	false
wh3_dlc29_black_pyramid_dual_wield_3	wh3_dlc29_pyramid_initiative_set	false
wh3_dlc29_black_pyramid_dual_wield_4	wh3_dlc29_pyramid_initiative_set	false
wh3_dlc29_black_pyramid_dual_wield_5	wh3_dlc29_pyramid_initiative_set	false
wh3_dlc29_black_pyramid_dual_wield_6	wh3_dlc29_pyramid_initiative_set	false
wh3_dlc29_black_pyramid_gravecall_recruitment_1	wh3_dlc29_pyramid_initiative_set	false
wh3_dlc29_black_pyramid_gravecall_recruitment_2	wh3_dlc29_pyramid_initiative_set	false
wh3_dlc29_black_pyramid_gravecall_recruitment_3	wh3_dlc29_pyramid_initiative_set	false
wh3_dlc29_black_pyramid_gravecall_recruitment_4	wh3_dlc29_pyramid_initiative_set	false
wh3_dlc29_black_pyramid_great_weapons_1	wh3_dlc29_pyramid_initiative_set	false
wh3_dlc29_black_pyramid_great_weapons_2	wh3_dlc29_pyramid_initiative_set	false
wh3_dlc29_black_pyramid_great_weapons_3	wh3_dlc29_pyramid_initiative_set	false
wh3_dlc29_black_pyramid_great_weapons_4	wh3_dlc29_pyramid_initiative_set	false
wh3_dlc29_black_pyramid_great_weapons_5	wh3_dlc29_pyramid_initiative_set	false
wh3_dlc29_black_pyramid_great_weapons_6	wh3_dlc29_pyramid_initiative_set	false
wh3_dlc29_black_pyramid_guards_1	wh3_dlc29_pyramid_initiative_set	false
wh3_dlc29_black_pyramid_guards_2	wh3_dlc29_pyramid_initiative_set	false
wh3_dlc29_black_pyramid_guards_3	wh3_dlc29_pyramid_initiative_set	false
wh3_dlc29_black_pyramid_guards_4	wh3_dlc29_pyramid_initiative_set	false
wh3_dlc29_black_pyramid_guards_5	wh3_dlc29_pyramid_initiative_set	false
wh3_dlc29_black_pyramid_guards_6	wh3_dlc29_pyramid_initiative_set	false
wh3_dlc29_black_pyramid_guards_7	wh3_dlc29_pyramid_initiative_set	false
wh3_dlc29_black_pyramid_guards_8	wh3_dlc29_pyramid_initiative_set	false
wh3_dlc29_black_pyramid_gunpowder_artillery_1	wh3_dlc29_pyramid_initiative_set	false
wh3_dlc29_black_pyramid_gunpowder_artillery_10	wh3_dlc29_pyramid_initiative_set	false
wh3_dlc29_black_pyramid_gunpowder_artillery_2	wh3_dlc29_pyramid_initiative_set	false
wh3_dlc29_black_pyramid_gunpowder_artillery_3	wh3_dlc29_pyramid_initiative_set	false
wh3_dlc29_black_pyramid_gunpowder_artillery_4	wh3_dlc29_pyramid_initiative_set	false
wh3_dlc29_black_pyramid_gunpowder_artillery_5	wh3_dlc29_pyramid_initiative_set	false
wh3_dlc29_black_pyramid_gunpowder_artillery_6	wh3_dlc29_pyramid_initiative_set	false
wh3_dlc29_black_pyramid_gunpowder_artillery_7	wh3_dlc29_pyramid_initiative_set	false
wh3_dlc29_black_pyramid_gunpowder_artillery_8	wh3_dlc29_pyramid_initiative_set	false
wh3_dlc29_black_pyramid_gunpowder_artillery_9	wh3_dlc29_pyramid_initiative_set	false
wh3_dlc29_black_pyramid_guns_1	wh3_dlc29_pyramid_initiative_set	false
wh3_dlc29_black_pyramid_guns_2	wh3_dlc29_pyramid_initiative_set	false
wh3_dlc29_black_pyramid_guns_3	wh3_dlc29_pyramid_initiative_set	false
wh3_dlc29_black_pyramid_guns_4	wh3_dlc29_pyramid_initiative_set	false
wh3_dlc29_black_pyramid_guns_5	wh3_dlc29_pyramid_initiative_set	false
wh3_dlc29_black_pyramid_guns_6	wh3_dlc29_pyramid_initiative_set	false
wh3_dlc29_black_pyramid_guns_7	wh3_dlc29_pyramid_initiative_set	false
wh3_dlc29_black_pyramid_guns_8	wh3_dlc29_pyramid_initiative_set	false
wh3_dlc29_black_pyramid_hero_1	wh3_dlc29_pyramid_initiative_set	false
wh3_dlc29_black_pyramid_hero_2	wh3_dlc29_pyramid_initiative_set	false
wh3_dlc29_black_pyramid_hero_3	wh3_dlc29_pyramid_initiative_set	false
wh3_dlc29_black_pyramid_hero_4	wh3_dlc29_pyramid_initiative_set	false
wh3_dlc29_black_pyramid_hero_5	wh3_dlc29_pyramid_initiative_set	false
wh3_dlc29_black_pyramid_hero_6	wh3_dlc29_pyramid_initiative_set	false
wh3_dlc29_black_pyramid_hero_7	wh3_dlc29_pyramid_initiative_set	false
wh3_dlc29_black_pyramid_hero_8	wh3_dlc29_pyramid_initiative_set	false
wh3_dlc29_black_pyramid_horsemen_1	wh3_dlc29_pyramid_initiative_set	false
wh3_dlc29_black_pyramid_horsemen_2	wh3_dlc29_pyramid_initiative_set	false
wh3_dlc29_black_pyramid_horsemen_3	wh3_dlc29_pyramid_initiative_set	false
wh3_dlc29_black_pyramid_horsemen_4	wh3_dlc29_pyramid_initiative_set	false
wh3_dlc29_black_pyramid_horsemen_5	wh3_dlc29_pyramid_initiative_set	false
wh3_dlc29_black_pyramid_horsemen_6	wh3_dlc29_pyramid_initiative_set	false
wh3_dlc29_black_pyramid_horsemen_7	wh3_dlc29_pyramid_initiative_set	false
wh3_dlc29_black_pyramid_knights_1	wh3_dlc29_pyramid_initiative_set	false
wh3_dlc29_black_pyramid_knights_2	wh3_dlc29_pyramid_initiative_set	false
wh3_dlc29_black_pyramid_knights_3	wh3_dlc29_pyramid_initiative_set	false
wh3_dlc29_black_pyramid_knights_4	wh3_dlc29_pyramid_initiative_set	false
wh3_dlc29_black_pyramid_knights_5	wh3_dlc29_pyramid_initiative_set	false
wh3_dlc29_black_pyramid_knights_6	wh3_dlc29_pyramid_initiative_set	false
wh3_dlc29_black_pyramid_knights_7	wh3_dlc29_pyramid_initiative_set	false
wh3_dlc29_black_pyramid_knights_8	wh3_dlc29_pyramid_initiative_set	false
wh3_dlc29_black_pyramid_krell_1	wh3_dlc29_pyramid_initiative_set	false
wh3_dlc29_black_pyramid_krell_2	wh3_dlc29_pyramid_initiative_set	false
wh3_dlc29_black_pyramid_krell_3	wh3_dlc29_pyramid_initiative_set	false
wh3_dlc29_black_pyramid_local_recruitment_1	wh3_dlc29_pyramid_initiative_set	false
wh3_dlc29_black_pyramid_local_recruitment_2	wh3_dlc29_pyramid_initiative_set	false
wh3_dlc29_black_pyramid_local_recruitment_3	wh3_dlc29_pyramid_initiative_set	false
wh3_dlc29_black_pyramid_local_recruitment_4	wh3_dlc29_pyramid_initiative_set	false
wh3_dlc29_black_pyramid_lock_1_a	wh3_dlc29_pyramid_initiative_set	false
wh3_dlc29_black_pyramid_lock_1_b	wh3_dlc29_pyramid_initiative_set	false
wh3_dlc29_black_pyramid_lock_2_a	wh3_dlc29_pyramid_initiative_set	false
wh3_dlc29_black_pyramid_lock_2_b	wh3_dlc29_pyramid_initiative_set	false
wh3_dlc29_black_pyramid_lock_2_c	wh3_dlc29_pyramid_initiative_set	false
wh3_dlc29_black_pyramid_lock_2_d	wh3_dlc29_pyramid_initiative_set	false
wh3_dlc29_black_pyramid_lock_3_a	wh3_dlc29_pyramid_initiative_set	false
wh3_dlc29_black_pyramid_lock_3_b	wh3_dlc29_pyramid_initiative_set	false
wh3_dlc29_black_pyramid_lord_1	wh3_dlc29_pyramid_initiative_set	false
wh3_dlc29_black_pyramid_lord_2	wh3_dlc29_pyramid_initiative_set	false
wh3_dlc29_black_pyramid_lord_3	wh3_dlc29_pyramid_initiative_set	false
wh3_dlc29_black_pyramid_lord_4	wh3_dlc29_pyramid_initiative_set	false
wh3_dlc29_black_pyramid_lord_5	wh3_dlc29_pyramid_initiative_set	false
wh3_dlc29_black_pyramid_lord_6	wh3_dlc29_pyramid_initiative_set	false
wh3_dlc29_black_pyramid_lord_7	wh3_dlc29_pyramid_initiative_set	false
wh3_dlc29_black_pyramid_lord_8	wh3_dlc29_pyramid_initiative_set	false
wh3_dlc29_black_pyramid_lore_of_death_1	wh3_dlc29_pyramid_initiative_set	false
wh3_dlc29_black_pyramid_lore_of_death_2	wh3_dlc29_pyramid_initiative_set	false
wh3_dlc29_black_pyramid_lore_of_death_3	wh3_dlc29_pyramid_initiative_set	false
wh3_dlc29_black_pyramid_lore_of_death_4	wh3_dlc29_pyramid_initiative_set	false
wh3_dlc29_black_pyramid_lore_of_deep_1	wh3_dlc29_pyramid_initiative_set	false
wh3_dlc29_black_pyramid_lore_of_deep_2	wh3_dlc29_pyramid_initiative_set	false
wh3_dlc29_black_pyramid_lore_of_deep_3	wh3_dlc29_pyramid_initiative_set	false
wh3_dlc29_black_pyramid_lore_of_deep_4	wh3_dlc29_pyramid_initiative_set	false
wh3_dlc29_black_pyramid_lore_of_light_1	wh3_dlc29_pyramid_initiative_set	false
wh3_dlc29_black_pyramid_lore_of_light_2	wh3_dlc29_pyramid_initiative_set	false
wh3_dlc29_black_pyramid_lore_of_light_3	wh3_dlc29_pyramid_initiative_set	false
wh3_dlc29_black_pyramid_lore_of_light_4	wh3_dlc29_pyramid_initiative_set	false
wh3_dlc29_black_pyramid_lore_of_light_5	wh3_dlc29_pyramid_initiative_set	false
wh3_dlc29_black_pyramid_lore_of_nehekhara_1	wh3_dlc29_pyramid_initiative_set	false
wh3_dlc29_black_pyramid_lore_of_nehekhara_2	wh3_dlc29_pyramid_initiative_set	false
wh3_dlc29_black_pyramid_lore_of_nehekhara_3	wh3_dlc29_pyramid_initiative_set	false
wh3_dlc29_black_pyramid_lore_of_nehekhara_4	wh3_dlc29_pyramid_initiative_set	false
wh3_dlc29_black_pyramid_lore_of_shadows_1	wh3_dlc29_pyramid_initiative_set	false
wh3_dlc29_black_pyramid_lore_of_shadows_2	wh3_dlc29_pyramid_initiative_set	false
wh3_dlc29_black_pyramid_lore_of_shadows_3	wh3_dlc29_pyramid_initiative_set	false
wh3_dlc29_black_pyramid_lore_of_shadows_4	wh3_dlc29_pyramid_initiative_set	false
wh3_dlc29_black_pyramid_lore_of_undeath_1	wh3_dlc29_pyramid_initiative_set	false
wh3_dlc29_black_pyramid_lore_of_undeath_2	wh3_dlc29_pyramid_initiative_set	false
wh3_dlc29_black_pyramid_lore_of_undeath_3	wh3_dlc29_pyramid_initiative_set	false
wh3_dlc29_black_pyramid_lore_of_undeath_4	wh3_dlc29_pyramid_initiative_set	false
wh3_dlc29_black_pyramid_lore_of_undeath_5	wh3_dlc29_pyramid_initiative_set	false
wh3_dlc29_black_pyramid_lore_of_undeath_6	wh3_dlc29_pyramid_initiative_set	false
wh3_dlc29_black_pyramid_lore_of_undeath_7	wh3_dlc29_pyramid_initiative_set	false
wh3_dlc29_black_pyramid_lore_of_undeath_8	wh3_dlc29_pyramid_initiative_set	false
wh3_dlc29_black_pyramid_lore_of_vampires_1	wh3_dlc29_pyramid_initiative_set	false
wh3_dlc29_black_pyramid_lore_of_vampires_2	wh3_dlc29_pyramid_initiative_set	false
wh3_dlc29_black_pyramid_lore_of_vampires_3	wh3_dlc29_pyramid_initiative_set	false
wh3_dlc29_black_pyramid_lore_of_vampires_4	wh3_dlc29_pyramid_initiative_set	false
wh3_dlc29_black_pyramid_lore_of_vampires_5	wh3_dlc29_pyramid_initiative_set	false
wh3_dlc29_black_pyramid_luthor_1	wh3_dlc29_pyramid_initiative_set	false
wh3_dlc29_black_pyramid_luthor_2	wh3_dlc29_pyramid_initiative_set	false
wh3_dlc29_black_pyramid_luthor_3	wh3_dlc29_pyramid_initiative_set	false
wh3_dlc29_black_pyramid_magic_artillery_1	wh3_dlc29_pyramid_initiative_set	false
wh3_dlc29_black_pyramid_magic_artillery_10	wh3_dlc29_pyramid_initiative_set	false
wh3_dlc29_black_pyramid_magic_artillery_2	wh3_dlc29_pyramid_initiative_set	false
wh3_dlc29_black_pyramid_magic_artillery_3	wh3_dlc29_pyramid_initiative_set	false
wh3_dlc29_black_pyramid_magic_artillery_4	wh3_dlc29_pyramid_initiative_set	false
wh3_dlc29_black_pyramid_magic_artillery_5	wh3_dlc29_pyramid_initiative_set	false
wh3_dlc29_black_pyramid_magic_artillery_6	wh3_dlc29_pyramid_initiative_set	false
wh3_dlc29_black_pyramid_magic_artillery_7	wh3_dlc29_pyramid_initiative_set	false
wh3_dlc29_black_pyramid_magic_artillery_8	wh3_dlc29_pyramid_initiative_set	false
wh3_dlc29_black_pyramid_magic_artillery_9	wh3_dlc29_pyramid_initiative_set	false
wh3_dlc29_black_pyramid_magic_vehicles_1	wh3_dlc29_pyramid_initiative_set	false
wh3_dlc29_black_pyramid_magic_vehicles_2	wh3_dlc29_pyramid_initiative_set	false
wh3_dlc29_black_pyramid_magic_vehicles_3	wh3_dlc29_pyramid_initiative_set	false
wh3_dlc29_black_pyramid_magic_vehicles_4	wh3_dlc29_pyramid_initiative_set	false
wh3_dlc29_black_pyramid_magic_vehicles_5	wh3_dlc29_pyramid_initiative_set	false
wh3_dlc29_black_pyramid_mannfred_1	wh3_dlc29_pyramid_initiative_set	false
wh3_dlc29_black_pyramid_mannfred_2	wh3_dlc29_pyramid_initiative_set	false
wh3_dlc29_black_pyramid_mannfred_3	wh3_dlc29_pyramid_initiative_set	false
wh3_dlc29_black_pyramid_missile_artillery_siege_1	wh3_dlc29_pyramid_initiative_set	false
wh3_dlc29_black_pyramid_missile_artillery_siege_2	wh3_dlc29_pyramid_initiative_set	false
wh3_dlc29_black_pyramid_missile_artillery_siege_3	wh3_dlc29_pyramid_initiative_set	false
wh3_dlc29_black_pyramid_missile_artillery_siege_4	wh3_dlc29_pyramid_initiative_set	false
wh3_dlc29_black_pyramid_missile_artillery_siege_5	wh3_dlc29_pyramid_initiative_set	false
wh3_dlc29_black_pyramid_missile_artillery_siege_6	wh3_dlc29_pyramid_initiative_set	false
wh3_dlc29_black_pyramid_missile_artillery_siege_7	wh3_dlc29_pyramid_initiative_set	false
wh3_dlc29_black_pyramid_missile_artillery_siege_8	wh3_dlc29_pyramid_initiative_set	false
wh3_dlc29_black_pyramid_missile_artillery_siege_9	wh3_dlc29_pyramid_initiative_set	false
wh3_dlc29_black_pyramid_morghasts_1	wh3_dlc29_pyramid_initiative_set	false
wh3_dlc29_black_pyramid_morghasts_10	wh3_dlc29_pyramid_initiative_set	false
wh3_dlc29_black_pyramid_morghasts_11	wh3_dlc29_pyramid_initiative_set	false
wh3_dlc29_black_pyramid_morghasts_12	wh3_dlc29_pyramid_initiative_set	false
wh3_dlc29_black_pyramid_morghasts_2	wh3_dlc29_pyramid_initiative_set	false
wh3_dlc29_black_pyramid_morghasts_4	wh3_dlc29_pyramid_initiative_set	false
wh3_dlc29_black_pyramid_morghasts_5	wh3_dlc29_pyramid_initiative_set	false
wh3_dlc29_black_pyramid_morghasts_6	wh3_dlc29_pyramid_initiative_set	false
wh3_dlc29_black_pyramid_morghasts_8	wh3_dlc29_pyramid_initiative_set	false
wh3_dlc29_black_pyramid_morghasts_9	wh3_dlc29_pyramid_initiative_set	false
wh3_dlc29_black_pyramid_movement_1	wh3_dlc29_pyramid_initiative_set	false
wh3_dlc29_black_pyramid_movement_2	wh3_dlc29_pyramid_initiative_set	false
wh3_dlc29_black_pyramid_movement_3	wh3_dlc29_pyramid_initiative_set	false
wh3_dlc29_black_pyramid_movement_4	wh3_dlc29_pyramid_initiative_set	false
wh3_dlc29_black_pyramid_movement_5	wh3_dlc29_pyramid_initiative_set	false
wh3_dlc29_black_pyramid_movement_6	wh3_dlc29_pyramid_initiative_set	false
wh3_dlc29_black_pyramid_nagash_early_1	wh3_dlc29_pyramid_initiative_set	false
wh3_dlc29_black_pyramid_nagash_early_2	wh3_dlc29_pyramid_initiative_set	false
wh3_dlc29_black_pyramid_nagash_early_3	wh3_dlc29_pyramid_initiative_set	false
wh3_dlc29_black_pyramid_nagash_early_4	wh3_dlc29_pyramid_initiative_set	false
wh3_dlc29_black_pyramid_nagash_early_5	wh3_dlc29_pyramid_initiative_set	false
wh3_dlc29_black_pyramid_nagash_early_6	wh3_dlc29_pyramid_initiative_set	false
wh3_dlc29_black_pyramid_nagash_late_1	wh3_dlc29_pyramid_initiative_set	false
wh3_dlc29_black_pyramid_nagash_late_10	wh3_dlc29_pyramid_initiative_set	false
wh3_dlc29_black_pyramid_nagash_late_11	wh3_dlc29_pyramid_initiative_set	false
wh3_dlc29_black_pyramid_nagash_late_12	wh3_dlc29_pyramid_initiative_set	false
wh3_dlc29_black_pyramid_nagash_late_13	wh3_dlc29_pyramid_initiative_set	false
wh3_dlc29_black_pyramid_nagash_late_14	wh3_dlc29_pyramid_initiative_set	false
wh3_dlc29_black_pyramid_nagash_late_15	wh3_dlc29_pyramid_initiative_set	false
wh3_dlc29_black_pyramid_nagash_late_16	wh3_dlc29_pyramid_initiative_set	false
wh3_dlc29_black_pyramid_nagash_late_2	wh3_dlc29_pyramid_initiative_set	false
wh3_dlc29_black_pyramid_nagash_late_3	wh3_dlc29_pyramid_initiative_set	false
wh3_dlc29_black_pyramid_nagash_late_4	wh3_dlc29_pyramid_initiative_set	false
wh3_dlc29_black_pyramid_nagash_late_5	wh3_dlc29_pyramid_initiative_set	false
wh3_dlc29_black_pyramid_nagash_late_6	wh3_dlc29_pyramid_initiative_set	false
wh3_dlc29_black_pyramid_nagash_late_7	wh3_dlc29_pyramid_initiative_set	false
wh3_dlc29_black_pyramid_nagash_late_8	wh3_dlc29_pyramid_initiative_set	false
wh3_dlc29_black_pyramid_nagash_late_9	wh3_dlc29_pyramid_initiative_set	false
wh3_dlc29_black_pyramid_nagash_mid_1	wh3_dlc29_pyramid_initiative_set	false
wh3_dlc29_black_pyramid_nagash_mid_2	wh3_dlc29_pyramid_initiative_set	false
wh3_dlc29_black_pyramid_nagash_mid_3	wh3_dlc29_pyramid_initiative_set	false
wh3_dlc29_black_pyramid_nagash_mid_4	wh3_dlc29_pyramid_initiative_set	false
wh3_dlc29_black_pyramid_nagash_mid_5	wh3_dlc29_pyramid_initiative_set	false
wh3_dlc29_black_pyramid_nagash_mid_6	wh3_dlc29_pyramid_initiative_set	false
wh3_dlc29_black_pyramid_nagash_mid_7	wh3_dlc29_pyramid_initiative_set	false
wh3_dlc29_black_pyramid_nagash_mid_8	wh3_dlc29_pyramid_initiative_set	false
wh3_dlc29_black_pyramid_nagash_shambling_horde_1	wh3_dlc29_pyramid_initiative_set	false
wh3_dlc29_black_pyramid_nagash_shambling_horde_2	wh3_dlc29_pyramid_initiative_set	false
wh3_dlc29_black_pyramid_nagash_shambling_horde_3	wh3_dlc29_pyramid_initiative_set	false
wh3_dlc29_black_pyramid_nagash_shambling_horde_4	wh3_dlc29_pyramid_initiative_set	false
wh3_dlc29_black_pyramid_nagash_shambling_horde_5	wh3_dlc29_pyramid_initiative_set	false
wh3_dlc29_black_pyramid_nagash_shambling_horde_6	wh3_dlc29_pyramid_initiative_set	false
wh3_dlc29_black_pyramid_nagash_shambling_horde_7	wh3_dlc29_pyramid_initiative_set	false
wh3_dlc29_black_pyramid_nagash_shambling_horde_8	wh3_dlc29_pyramid_initiative_set	false
wh3_dlc29_black_pyramid_nagash_transported_army_1	wh3_dlc29_pyramid_initiative_set	false
wh3_dlc29_black_pyramid_nagash_transported_army_2	wh3_dlc29_pyramid_initiative_set	false
wh3_dlc29_black_pyramid_nagash_transported_army_3	wh3_dlc29_pyramid_initiative_set	false
wh3_dlc29_black_pyramid_nagash_transported_army_4	wh3_dlc29_pyramid_initiative_set	false
wh3_dlc29_black_pyramid_nagash_transported_army_5	wh3_dlc29_pyramid_initiative_set	false
wh3_dlc29_black_pyramid_nagash_transported_army_6	wh3_dlc29_pyramid_initiative_set	false
wh3_dlc29_black_pyramid_nagash_transported_army_7	wh3_dlc29_pyramid_initiative_set	false
wh3_dlc29_black_pyramid_nagash_transported_army_8	wh3_dlc29_pyramid_initiative_set	false
wh3_dlc29_black_pyramid_nameless_1	wh3_dlc29_pyramid_initiative_set	false
wh3_dlc29_black_pyramid_nameless_2	wh3_dlc29_pyramid_initiative_set	false
wh3_dlc29_black_pyramid_nameless_3	wh3_dlc29_pyramid_initiative_set	false
wh3_dlc29_black_pyramid_nameless_4	wh3_dlc29_pyramid_initiative_set	false
wh3_dlc29_black_pyramid_nameless_5	wh3_dlc29_pyramid_initiative_set	false
wh3_dlc29_black_pyramid_nameless_6	wh3_dlc29_pyramid_initiative_set	false
wh3_dlc29_black_pyramid_nameless_7	wh3_dlc29_pyramid_initiative_set	false
wh3_dlc29_black_pyramid_nameless_8	wh3_dlc29_pyramid_initiative_set	false
wh3_dlc29_black_pyramid_nameless_9	wh3_dlc29_pyramid_initiative_set	false
wh3_dlc29_black_pyramid_neferata_1	wh3_dlc29_pyramid_initiative_set	false
wh3_dlc29_black_pyramid_neferata_2	wh3_dlc29_pyramid_initiative_set	false
wh3_dlc29_black_pyramid_neferata_3	wh3_dlc29_pyramid_initiative_set	false
wh3_dlc29_black_pyramid_post_battle_1	wh3_dlc29_pyramid_initiative_set	false
wh3_dlc29_black_pyramid_post_battle_2	wh3_dlc29_pyramid_initiative_set	false
wh3_dlc29_black_pyramid_post_battle_3	wh3_dlc29_pyramid_initiative_set	false
wh3_dlc29_black_pyramid_post_battle_4	wh3_dlc29_pyramid_initiative_set	false
wh3_dlc29_black_pyramid_post_battle_5	wh3_dlc29_pyramid_initiative_set	false
wh3_dlc29_black_pyramid_settlements_1	wh3_dlc29_pyramid_initiative_set	false
wh3_dlc29_black_pyramid_settlements_2	wh3_dlc29_pyramid_initiative_set	false
wh3_dlc29_black_pyramid_settlements_3	wh3_dlc29_pyramid_initiative_set	false
wh3_dlc29_black_pyramid_settlements_4	wh3_dlc29_pyramid_initiative_set	false
wh3_dlc29_black_pyramid_settlements_5	wh3_dlc29_pyramid_initiative_set	false
wh3_dlc29_black_pyramid_skeleton_1	wh3_dlc29_pyramid_initiative_set	false
wh3_dlc29_black_pyramid_skeleton_10	wh3_dlc29_pyramid_initiative_set	false
wh3_dlc29_black_pyramid_skeleton_2	wh3_dlc29_pyramid_initiative_set	false
wh3_dlc29_black_pyramid_skeleton_3	wh3_dlc29_pyramid_initiative_set	false
wh3_dlc29_black_pyramid_skeleton_4	wh3_dlc29_pyramid_initiative_set	false
wh3_dlc29_black_pyramid_skeleton_5	wh3_dlc29_pyramid_initiative_set	false
wh3_dlc29_black_pyramid_skeleton_6	wh3_dlc29_pyramid_initiative_set	false
wh3_dlc29_black_pyramid_skeleton_7	wh3_dlc29_pyramid_initiative_set	false
wh3_dlc29_black_pyramid_skeleton_8	wh3_dlc29_pyramid_initiative_set	false
wh3_dlc29_black_pyramid_skeleton_9	wh3_dlc29_pyramid_initiative_set	false
wh3_dlc29_black_pyramid_spears_1	wh3_dlc29_pyramid_initiative_set	false
wh3_dlc29_black_pyramid_spears_2	wh3_dlc29_pyramid_initiative_set	false
wh3_dlc29_black_pyramid_spears_3	wh3_dlc29_pyramid_initiative_set	false
wh3_dlc29_black_pyramid_spears_4	wh3_dlc29_pyramid_initiative_set	false
wh3_dlc29_black_pyramid_spears_5	wh3_dlc29_pyramid_initiative_set	false
wh3_dlc29_black_pyramid_spears_6	wh3_dlc29_pyramid_initiative_set	false
wh3_dlc29_black_pyramid_start	wh3_dlc29_pyramid_initiative_set	false
wh3_dlc29_black_pyramid_sword_shield_1	wh3_dlc29_pyramid_initiative_set	false
wh3_dlc29_black_pyramid_sword_shield_2	wh3_dlc29_pyramid_initiative_set	false
wh3_dlc29_black_pyramid_sword_shield_3	wh3_dlc29_pyramid_initiative_set	false
wh3_dlc29_black_pyramid_sword_shield_4	wh3_dlc29_pyramid_initiative_set	false
wh3_dlc29_black_pyramid_sword_shield_5	wh3_dlc29_pyramid_initiative_set	false
wh3_dlc29_black_pyramid_sword_shield_6	wh3_dlc29_pyramid_initiative_set	false
wh3_dlc29_black_pyramid_thrones_1	wh3_dlc29_pyramid_initiative_set	false
wh3_dlc29_black_pyramid_thrones_2	wh3_dlc29_pyramid_initiative_set	false
wh3_dlc29_black_pyramid_thrones_3	wh3_dlc29_pyramid_initiative_set	false
wh3_dlc29_black_pyramid_thrones_4	wh3_dlc29_pyramid_initiative_set	false
wh3_dlc29_black_pyramid_thrones_5	wh3_dlc29_pyramid_initiative_set	false
wh3_dlc29_black_pyramid_tmb_II_1	wh3_dlc29_pyramid_initiative_set	false
wh3_dlc29_black_pyramid_tmb_II_2	wh3_dlc29_pyramid_initiative_set	false
wh3_dlc29_black_pyramid_tmb_II_3	wh3_dlc29_pyramid_initiative_set	false
wh3_dlc29_black_pyramid_tmb_II_4	wh3_dlc29_pyramid_initiative_set	false
wh3_dlc29_black_pyramid_tmb_II_5	wh3_dlc29_pyramid_initiative_set	false
wh3_dlc29_black_pyramid_tmb_I_1	wh3_dlc29_pyramid_initiative_set	false
wh3_dlc29_black_pyramid_tmb_I_2	wh3_dlc29_pyramid_initiative_set	false
wh3_dlc29_black_pyramid_tmb_I_3	wh3_dlc29_pyramid_initiative_set	false
wh3_dlc29_black_pyramid_tmb_I_4	wh3_dlc29_pyramid_initiative_set	false
wh3_dlc29_black_pyramid_tmb_I_5	wh3_dlc29_pyramid_initiative_set	false
wh3_dlc29_black_pyramid_transit_1	wh3_dlc29_pyramid_initiative_set	false
wh3_dlc29_black_pyramid_transit_10	wh3_dlc29_pyramid_initiative_set	false
wh3_dlc29_black_pyramid_transit_100	wh3_dlc29_pyramid_initiative_set	false
wh3_dlc29_black_pyramid_transit_101	wh3_dlc29_pyramid_initiative_set	false
wh3_dlc29_black_pyramid_transit_102	wh3_dlc29_pyramid_initiative_set	false
wh3_dlc29_black_pyramid_transit_103	wh3_dlc29_pyramid_initiative_set	false
wh3_dlc29_black_pyramid_transit_104	wh3_dlc29_pyramid_initiative_set	false
wh3_dlc29_black_pyramid_transit_105	wh3_dlc29_pyramid_initiative_set	false
wh3_dlc29_black_pyramid_transit_106	wh3_dlc29_pyramid_initiative_set	false
wh3_dlc29_black_pyramid_transit_107	wh3_dlc29_pyramid_initiative_set	false
wh3_dlc29_black_pyramid_transit_108	wh3_dlc29_pyramid_initiative_set	false
wh3_dlc29_black_pyramid_transit_109	wh3_dlc29_pyramid_initiative_set	false
wh3_dlc29_black_pyramid_transit_11	wh3_dlc29_pyramid_initiative_set	false
wh3_dlc29_black_pyramid_transit_110	wh3_dlc29_pyramid_initiative_set	false
wh3_dlc29_black_pyramid_transit_111	wh3_dlc29_pyramid_initiative_set	false
wh3_dlc29_black_pyramid_transit_112	wh3_dlc29_pyramid_initiative_set	false
wh3_dlc29_black_pyramid_transit_113	wh3_dlc29_pyramid_initiative_set	false
wh3_dlc29_black_pyramid_transit_114	wh3_dlc29_pyramid_initiative_set	false
wh3_dlc29_black_pyramid_transit_115	wh3_dlc29_pyramid_initiative_set	false
wh3_dlc29_black_pyramid_transit_116	wh3_dlc29_pyramid_initiative_set	false
wh3_dlc29_black_pyramid_transit_117	wh3_dlc29_pyramid_initiative_set	false
wh3_dlc29_black_pyramid_transit_118	wh3_dlc29_pyramid_initiative_set	false
wh3_dlc29_black_pyramid_transit_119	wh3_dlc29_pyramid_initiative_set	false
wh3_dlc29_black_pyramid_transit_12	wh3_dlc29_pyramid_initiative_set	false
wh3_dlc29_black_pyramid_transit_120	wh3_dlc29_pyramid_initiative_set	false
wh3_dlc29_black_pyramid_transit_121	wh3_dlc29_pyramid_initiative_set	false
wh3_dlc29_black_pyramid_transit_122	wh3_dlc29_pyramid_initiative_set	false
wh3_dlc29_black_pyramid_transit_123	wh3_dlc29_pyramid_initiative_set	false
wh3_dlc29_black_pyramid_transit_124	wh3_dlc29_pyramid_initiative_set	false
wh3_dlc29_black_pyramid_transit_125	wh3_dlc29_pyramid_initiative_set	false
wh3_dlc29_black_pyramid_transit_126	wh3_dlc29_pyramid_initiative_set	false
wh3_dlc29_black_pyramid_transit_127	wh3_dlc29_pyramid_initiative_set	false
wh3_dlc29_black_pyramid_transit_128	wh3_dlc29_pyramid_initiative_set	false
wh3_dlc29_black_pyramid_transit_129	wh3_dlc29_pyramid_initiative_set	false
wh3_dlc29_black_pyramid_transit_13	wh3_dlc29_pyramid_initiative_set	false
wh3_dlc29_black_pyramid_transit_130	wh3_dlc29_pyramid_initiative_set	false
wh3_dlc29_black_pyramid_transit_131	wh3_dlc29_pyramid_initiative_set	false
wh3_dlc29_black_pyramid_transit_132	wh3_dlc29_pyramid_initiative_set	false
wh3_dlc29_black_pyramid_transit_133	wh3_dlc29_pyramid_initiative_set	false
wh3_dlc29_black_pyramid_transit_134	wh3_dlc29_pyramid_initiative_set	false
wh3_dlc29_black_pyramid_transit_135	wh3_dlc29_pyramid_initiative_set	false
wh3_dlc29_black_pyramid_transit_136	wh3_dlc29_pyramid_initiative_set	false
wh3_dlc29_black_pyramid_transit_137	wh3_dlc29_pyramid_initiative_set	false
wh3_dlc29_black_pyramid_transit_138	wh3_dlc29_pyramid_initiative_set	false
wh3_dlc29_black_pyramid_transit_139	wh3_dlc29_pyramid_initiative_set	false
wh3_dlc29_black_pyramid_transit_14	wh3_dlc29_pyramid_initiative_set	false
wh3_dlc29_black_pyramid_transit_140	wh3_dlc29_pyramid_initiative_set	false
wh3_dlc29_black_pyramid_transit_141	wh3_dlc29_pyramid_initiative_set	false
wh3_dlc29_black_pyramid_transit_142	wh3_dlc29_pyramid_initiative_set	false
wh3_dlc29_black_pyramid_transit_143	wh3_dlc29_pyramid_initiative_set	false
wh3_dlc29_black_pyramid_transit_144	wh3_dlc29_pyramid_initiative_set	false
wh3_dlc29_black_pyramid_transit_145	wh3_dlc29_pyramid_initiative_set	false
wh3_dlc29_black_pyramid_transit_146	wh3_dlc29_pyramid_initiative_set	false
wh3_dlc29_black_pyramid_transit_147	wh3_dlc29_pyramid_initiative_set	false
wh3_dlc29_black_pyramid_transit_148	wh3_dlc29_pyramid_initiative_set	false
wh3_dlc29_black_pyramid_transit_15	wh3_dlc29_pyramid_initiative_set	false
wh3_dlc29_black_pyramid_transit_16	wh3_dlc29_pyramid_initiative_set	false
wh3_dlc29_black_pyramid_transit_17	wh3_dlc29_pyramid_initiative_set	false
wh3_dlc29_black_pyramid_transit_18	wh3_dlc29_pyramid_initiative_set	false
wh3_dlc29_black_pyramid_transit_19	wh3_dlc29_pyramid_initiative_set	false
wh3_dlc29_black_pyramid_transit_2	wh3_dlc29_pyramid_initiative_set	false
wh3_dlc29_black_pyramid_transit_20	wh3_dlc29_pyramid_initiative_set	false
wh3_dlc29_black_pyramid_transit_21	wh3_dlc29_pyramid_initiative_set	false
wh3_dlc29_black_pyramid_transit_22	wh3_dlc29_pyramid_initiative_set	false
wh3_dlc29_black_pyramid_transit_23	wh3_dlc29_pyramid_initiative_set	false
wh3_dlc29_black_pyramid_transit_24	wh3_dlc29_pyramid_initiative_set	false
wh3_dlc29_black_pyramid_transit_25	wh3_dlc29_pyramid_initiative_set	false
wh3_dlc29_black_pyramid_transit_26	wh3_dlc29_pyramid_initiative_set	false
wh3_dlc29_black_pyramid_transit_27	wh3_dlc29_pyramid_initiative_set	false
wh3_dlc29_black_pyramid_transit_28	wh3_dlc29_pyramid_initiative_set	false
wh3_dlc29_black_pyramid_transit_29	wh3_dlc29_pyramid_initiative_set	false
wh3_dlc29_black_pyramid_transit_3	wh3_dlc29_pyramid_initiative_set	false
wh3_dlc29_black_pyramid_transit_30	wh3_dlc29_pyramid_initiative_set	false
wh3_dlc29_black_pyramid_transit_31	wh3_dlc29_pyramid_initiative_set	false
wh3_dlc29_black_pyramid_transit_32	wh3_dlc29_pyramid_initiative_set	false
wh3_dlc29_black_pyramid_transit_33	wh3_dlc29_pyramid_initiative_set	false
wh3_dlc29_black_pyramid_transit_34	wh3_dlc29_pyramid_initiative_set	false
wh3_dlc29_black_pyramid_transit_35	wh3_dlc29_pyramid_initiative_set	false
wh3_dlc29_black_pyramid_transit_36	wh3_dlc29_pyramid_initiative_set	false
wh3_dlc29_black_pyramid_transit_37	wh3_dlc29_pyramid_initiative_set	false
wh3_dlc29_black_pyramid_transit_38	wh3_dlc29_pyramid_initiative_set	false
wh3_dlc29_black_pyramid_transit_39	wh3_dlc29_pyramid_initiative_set	false
wh3_dlc29_black_pyramid_transit_4	wh3_dlc29_pyramid_initiative_set	false
wh3_dlc29_black_pyramid_transit_40	wh3_dlc29_pyramid_initiative_set	false
wh3_dlc29_black_pyramid_transit_41	wh3_dlc29_pyramid_initiative_set	false
wh3_dlc29_black_pyramid_transit_42	wh3_dlc29_pyramid_initiative_set	false
wh3_dlc29_black_pyramid_transit_43	wh3_dlc29_pyramid_initiative_set	false
wh3_dlc29_black_pyramid_transit_44	wh3_dlc29_pyramid_initiative_set	false
wh3_dlc29_black_pyramid_transit_45	wh3_dlc29_pyramid_initiative_set	false
wh3_dlc29_black_pyramid_transit_46	wh3_dlc29_pyramid_initiative_set	false
wh3_dlc29_black_pyramid_transit_47	wh3_dlc29_pyramid_initiative_set	false
wh3_dlc29_black_pyramid_transit_48	wh3_dlc29_pyramid_initiative_set	false
wh3_dlc29_black_pyramid_transit_49	wh3_dlc29_pyramid_initiative_set	false
wh3_dlc29_black_pyramid_transit_5	wh3_dlc29_pyramid_initiative_set	false
wh3_dlc29_black_pyramid_transit_50	wh3_dlc29_pyramid_initiative_set	false
wh3_dlc29_black_pyramid_transit_51	wh3_dlc29_pyramid_initiative_set	false
wh3_dlc29_black_pyramid_transit_52	wh3_dlc29_pyramid_initiative_set	false
wh3_dlc29_black_pyramid_transit_53	wh3_dlc29_pyramid_initiative_set	false
wh3_dlc29_black_pyramid_transit_54	wh3_dlc29_pyramid_initiative_set	false
wh3_dlc29_black_pyramid_transit_55	wh3_dlc29_pyramid_initiative_set	false
wh3_dlc29_black_pyramid_transit_56	wh3_dlc29_pyramid_initiative_set	false
wh3_dlc29_black_pyramid_transit_57	wh3_dlc29_pyramid_initiative_set	false
wh3_dlc29_black_pyramid_transit_58	wh3_dlc29_pyramid_initiative_set	false
wh3_dlc29_black_pyramid_transit_59	wh3_dlc29_pyramid_initiative_set	false
wh3_dlc29_black_pyramid_transit_6	wh3_dlc29_pyramid_initiative_set	false
wh3_dlc29_black_pyramid_transit_60	wh3_dlc29_pyramid_initiative_set	false
wh3_dlc29_black_pyramid_transit_61	wh3_dlc29_pyramid_initiative_set	false
wh3_dlc29_black_pyramid_transit_62	wh3_dlc29_pyramid_initiative_set	false
wh3_dlc29_black_pyramid_transit_63	wh3_dlc29_pyramid_initiative_set	false
wh3_dlc29_black_pyramid_transit_64	wh3_dlc29_pyramid_initiative_set	false
wh3_dlc29_black_pyramid_transit_65	wh3_dlc29_pyramid_initiative_set	false
wh3_dlc29_black_pyramid_transit_66	wh3_dlc29_pyramid_initiative_set	false
wh3_dlc29_black_pyramid_transit_67	wh3_dlc29_pyramid_initiative_set	false
wh3_dlc29_black_pyramid_transit_68	wh3_dlc29_pyramid_initiative_set	false
wh3_dlc29_black_pyramid_transit_69	wh3_dlc29_pyramid_initiative_set	false
wh3_dlc29_black_pyramid_transit_7	wh3_dlc29_pyramid_initiative_set	false
wh3_dlc29_black_pyramid_transit_70	wh3_dlc29_pyramid_initiative_set	false
wh3_dlc29_black_pyramid_transit_71	wh3_dlc29_pyramid_initiative_set	false
wh3_dlc29_black_pyramid_transit_72	wh3_dlc29_pyramid_initiative_set	false
wh3_dlc29_black_pyramid_transit_73	wh3_dlc29_pyramid_initiative_set	false
wh3_dlc29_black_pyramid_transit_74	wh3_dlc29_pyramid_initiative_set	false
wh3_dlc29_black_pyramid_transit_75	wh3_dlc29_pyramid_initiative_set	false
wh3_dlc29_black_pyramid_transit_76	wh3_dlc29_pyramid_initiative_set	false
wh3_dlc29_black_pyramid_transit_77	wh3_dlc29_pyramid_initiative_set	false
wh3_dlc29_black_pyramid_transit_78	wh3_dlc29_pyramid_initiative_set	false
wh3_dlc29_black_pyramid_transit_79	wh3_dlc29_pyramid_initiative_set	false
wh3_dlc29_black_pyramid_transit_8	wh3_dlc29_pyramid_initiative_set	false
wh3_dlc29_black_pyramid_transit_80	wh3_dlc29_pyramid_initiative_set	false
wh3_dlc29_black_pyramid_transit_81	wh3_dlc29_pyramid_initiative_set	false
wh3_dlc29_black_pyramid_transit_82	wh3_dlc29_pyramid_initiative_set	false
wh3_dlc29_black_pyramid_transit_83	wh3_dlc29_pyramid_initiative_set	false
wh3_dlc29_black_pyramid_transit_84	wh3_dlc29_pyramid_initiative_set	false
wh3_dlc29_black_pyramid_transit_85	wh3_dlc29_pyramid_initiative_set	false
wh3_dlc29_black_pyramid_transit_86	wh3_dlc29_pyramid_initiative_set	false
wh3_dlc29_black_pyramid_transit_87	wh3_dlc29_pyramid_initiative_set	false
wh3_dlc29_black_pyramid_transit_88	wh3_dlc29_pyramid_initiative_set	false
wh3_dlc29_black_pyramid_transit_89	wh3_dlc29_pyramid_initiative_set	false
wh3_dlc29_black_pyramid_transit_9	wh3_dlc29_pyramid_initiative_set	false
wh3_dlc29_black_pyramid_transit_90	wh3_dlc29_pyramid_initiative_set	false
wh3_dlc29_black_pyramid_transit_91	wh3_dlc29_pyramid_initiative_set	false
wh3_dlc29_black_pyramid_transit_92	wh3_dlc29_pyramid_initiative_set	false
wh3_dlc29_black_pyramid_transit_93	wh3_dlc29_pyramid_initiative_set	false
wh3_dlc29_black_pyramid_transit_94	wh3_dlc29_pyramid_initiative_set	false
wh3_dlc29_black_pyramid_transit_95	wh3_dlc29_pyramid_initiative_set	false
wh3_dlc29_black_pyramid_transit_96	wh3_dlc29_pyramid_initiative_set	false
wh3_dlc29_black_pyramid_transit_97	wh3_dlc29_pyramid_initiative_set	false
wh3_dlc29_black_pyramid_transit_98	wh3_dlc29_pyramid_initiative_set	false
wh3_dlc29_black_pyramid_transit_99	wh3_dlc29_pyramid_initiative_set	false
wh3_dlc29_black_pyramid_undead_monsters_1	wh3_dlc29_pyramid_initiative_set	false
wh3_dlc29_black_pyramid_undead_monsters_2	wh3_dlc29_pyramid_initiative_set	false
wh3_dlc29_black_pyramid_undead_monsters_3	wh3_dlc29_pyramid_initiative_set	false
wh3_dlc29_black_pyramid_undead_monsters_4	wh3_dlc29_pyramid_initiative_set	false
wh3_dlc29_black_pyramid_undead_monsters_5	wh3_dlc29_pyramid_initiative_set	false
wh3_dlc29_black_pyramid_undead_monsters_6	wh3_dlc29_pyramid_initiative_set	false
wh3_dlc29_black_pyramid_undead_monsters_7	wh3_dlc29_pyramid_initiative_set	false
wh3_dlc29_black_pyramid_undead_monsters_8	wh3_dlc29_pyramid_initiative_set	false
wh3_dlc29_black_pyramid_undead_monsters_9	wh3_dlc29_pyramid_initiative_set	false
wh3_dlc29_black_pyramid_undead_monstrous_1	wh3_dlc29_pyramid_initiative_set	false
wh3_dlc29_black_pyramid_undead_monstrous_2	wh3_dlc29_pyramid_initiative_set	false
wh3_dlc29_black_pyramid_undead_monstrous_3	wh3_dlc29_pyramid_initiative_set	false
wh3_dlc29_black_pyramid_undead_monstrous_4	wh3_dlc29_pyramid_initiative_set	false
wh3_dlc29_black_pyramid_undead_monstrous_5	wh3_dlc29_pyramid_initiative_set	false
wh3_dlc29_black_pyramid_undead_monstrous_6	wh3_dlc29_pyramid_initiative_set	false
wh3_dlc29_black_pyramid_undead_monstrous_7	wh3_dlc29_pyramid_initiative_set	false
wh3_dlc29_black_pyramid_undead_monstrous_8	wh3_dlc29_pyramid_initiative_set	false
wh3_dlc29_black_pyramid_undead_monstrous_9	wh3_dlc29_pyramid_initiative_set	false
wh3_dlc29_black_pyramid_vampires_1	wh3_dlc29_pyramid_initiative_set	false
wh3_dlc29_black_pyramid_vampires_2	wh3_dlc29_pyramid_initiative_set	false
wh3_dlc29_black_pyramid_vampires_3	wh3_dlc29_pyramid_initiative_set	false
wh3_dlc29_black_pyramid_vampires_4	wh3_dlc29_pyramid_initiative_set	false
wh3_dlc29_black_pyramid_vampires_5	wh3_dlc29_pyramid_initiative_set	false
wh3_dlc29_black_pyramid_vampires_6	wh3_dlc29_pyramid_initiative_set	false
wh3_dlc29_black_pyramid_vampires_7	wh3_dlc29_pyramid_initiative_set	false
wh3_dlc29_black_pyramid_vampires_8	wh3_dlc29_pyramid_initiative_set	false
wh3_dlc29_black_pyramid_vampires_9	wh3_dlc29_pyramid_initiative_set	false
wh3_dlc29_black_pyramid_vlad_1	wh3_dlc29_pyramid_initiative_set	false
wh3_dlc29_black_pyramid_vlad_2	wh3_dlc29_pyramid_initiative_set	false
wh3_dlc29_black_pyramid_vlad_3	wh3_dlc29_pyramid_initiative_set	false
wh3_dlc29_black_pyramid_vmp_II_1	wh3_dlc29_pyramid_initiative_set	false
wh3_dlc29_black_pyramid_vmp_II_2	wh3_dlc29_pyramid_initiative_set	false
wh3_dlc29_black_pyramid_vmp_II_3	wh3_dlc29_pyramid_initiative_set	false
wh3_dlc29_black_pyramid_vmp_II_4	wh3_dlc29_pyramid_initiative_set	false
wh3_dlc29_black_pyramid_vmp_II_5	wh3_dlc29_pyramid_initiative_set	false
wh3_dlc29_black_pyramid_vmp_I_1	wh3_dlc29_pyramid_initiative_set	false
wh3_dlc29_black_pyramid_vmp_I_2	wh3_dlc29_pyramid_initiative_set	false
wh3_dlc29_black_pyramid_vmp_I_3	wh3_dlc29_pyramid_initiative_set	false
wh3_dlc29_black_pyramid_vmp_I_4	wh3_dlc29_pyramid_initiative_set	false
wh3_dlc29_black_pyramid_vmp_I_5	wh3_dlc29_pyramid_initiative_set	false
wh3_dlc29_black_pyramid_walach_1	wh3_dlc29_pyramid_initiative_set	false
wh3_dlc29_black_pyramid_walach_2	wh3_dlc29_pyramid_initiative_set	false
wh3_dlc29_black_pyramid_walach_3	wh3_dlc29_pyramid_initiative_set	false
wh3_dlc29_black_pyramid_winds_of_magic_1	wh3_dlc29_pyramid_initiative_set	false
wh3_dlc29_black_pyramid_winds_of_magic_10	wh3_dlc29_pyramid_initiative_set	false
wh3_dlc29_black_pyramid_winds_of_magic_2	wh3_dlc29_pyramid_initiative_set	false
wh3_dlc29_black_pyramid_winds_of_magic_3	wh3_dlc29_pyramid_initiative_set	false
wh3_dlc29_black_pyramid_winds_of_magic_4	wh3_dlc29_pyramid_initiative_set	false
wh3_dlc29_black_pyramid_winds_of_magic_5	wh3_dlc29_pyramid_initiative_set	false
wh3_dlc29_black_pyramid_winds_of_magic_6	wh3_dlc29_pyramid_initiative_set	false
wh3_dlc29_black_pyramid_winds_of_magic_7	wh3_dlc29_pyramid_initiative_set	false
wh3_dlc29_black_pyramid_winds_of_magic_8	wh3_dlc29_pyramid_initiative_set	false
wh3_dlc29_black_pyramid_winds_of_magic_9	wh3_dlc29_pyramid_initiative_set	false
wh3_dlc29_black_pyramid_wraith_1	wh3_dlc29_pyramid_initiative_set	false
wh3_dlc29_black_pyramid_wraith_2	wh3_dlc29_pyramid_initiative_set	false
wh3_dlc29_black_pyramid_wraith_3	wh3_dlc29_pyramid_initiative_set	false
wh3_dlc29_black_pyramid_wraith_4	wh3_dlc29_pyramid_initiative_set	false
wh3_dlc29_black_pyramid_wraith_5	wh3_dlc29_pyramid_initiative_set	false
wh3_dlc29_black_pyramid_zombies_1	wh3_dlc29_pyramid_initiative_set	false
wh3_dlc29_black_pyramid_zombies_10	wh3_dlc29_pyramid_initiative_set	false
wh3_dlc29_black_pyramid_zombies_2	wh3_dlc29_pyramid_initiative_set	false
wh3_dlc29_black_pyramid_zombies_3	wh3_dlc29_pyramid_initiative_set	false
wh3_dlc29_black_pyramid_zombies_4	wh3_dlc29_pyramid_initiative_set	false
wh3_dlc29_black_pyramid_zombies_5	wh3_dlc29_pyramid_initiative_set	false
wh3_dlc29_black_pyramid_zombies_6	wh3_dlc29_pyramid_initiative_set	false
wh3_dlc29_black_pyramid_zombies_7	wh3_dlc29_pyramid_initiative_set	false
wh3_dlc29_black_pyramid_zombies_8	wh3_dlc29_pyramid_initiative_set	false
wh3_dlc29_black_pyramid_zombies_9	wh3_dlc29_pyramid_initiative_set	false
wh3_main_character_initiative_kairos_spells_common_1_beast	wh3_main_character_initiative_set_kairos_spells_common_1	false
wh3_main_character_initiative_kairos_spells_common_1_death	wh3_main_character_initiative_set_kairos_spells_common_1	false
wh3_main_character_initiative_kairos_spells_common_1_fire	wh3_main_character_initiative_set_kairos_spells_common_1	false
wh3_main_character_initiative_kairos_spells_common_1_heavens	wh3_main_character_initiative_set_kairos_spells_common_1	false
wh3_main_character_initiative_kairos_spells_common_1_life	wh3_main_character_initiative_set_kairos_spells_common_1	false
wh3_main_character_initiative_kairos_spells_common_1_light	wh3_main_character_initiative_set_kairos_spells_common_1	false
wh3_main_character_initiative_kairos_spells_common_1_metal	wh3_main_character_initiative_set_kairos_spells_common_1	false
wh3_main_character_initiative_kairos_spells_common_1_shadows	wh3_main_character_initiative_set_kairos_spells_common_1	false
wh3_main_character_initiative_kairos_spells_common_1_tzeentch	wh3_main_character_initiative_set_kairos_spells_common_1	false
wh3_main_character_initiative_kairos_spells_common_2_beast	wh3_main_character_initiative_set_kairos_spells_common_2	false
wh3_main_character_initiative_kairos_spells_common_2_death	wh3_main_character_initiative_set_kairos_spells_common_2	false
wh3_main_character_initiative_kairos_spells_common_2_fire	wh3_main_character_initiative_set_kairos_spells_common_2	false
wh3_main_character_initiative_kairos_spells_common_2_heavens	wh3_main_character_initiative_set_kairos_spells_common_2	false
wh3_main_character_initiative_kairos_spells_common_2_life	wh3_main_character_initiative_set_kairos_spells_common_2	false
wh3_main_character_initiative_kairos_spells_common_2_light	wh3_main_character_initiative_set_kairos_spells_common_2	false
wh3_main_character_initiative_kairos_spells_common_2_metal	wh3_main_character_initiative_set_kairos_spells_common_2	false
wh3_main_character_initiative_kairos_spells_common_2_shadows	wh3_main_character_initiative_set_kairos_spells_common_2	false
wh3_main_character_initiative_kairos_spells_common_2_tzeentch	wh3_main_character_initiative_set_kairos_spells_common_2	false
wh3_main_character_initiative_kairos_spells_rare_1_beast	wh3_main_character_initiative_set_kairos_spells_rare_1	false
wh3_main_character_initiative_kairos_spells_rare_1_death	wh3_main_character_initiative_set_kairos_spells_rare_1	false
wh3_main_character_initiative_kairos_spells_rare_1_fire	wh3_main_character_initiative_set_kairos_spells_rare_1	false
wh3_main_character_initiative_kairos_spells_rare_1_heavens	wh3_main_character_initiative_set_kairos_spells_rare_1	false
wh3_main_character_initiative_kairos_spells_rare_1_life	wh3_main_character_initiative_set_kairos_spells_rare_1	false
wh3_main_character_initiative_kairos_spells_rare_1_light	wh3_main_character_initiative_set_kairos_spells_rare_1	false
wh3_main_character_initiative_kairos_spells_rare_1_metal	wh3_main_character_initiative_set_kairos_spells_rare_1	false
wh3_main_character_initiative_kairos_spells_rare_1_shadows	wh3_main_character_initiative_set_kairos_spells_rare_1	false
wh3_main_character_initiative_kairos_spells_rare_1_tzeentch	wh3_main_character_initiative_set_kairos_spells_rare_1	false
wh3_main_character_initiative_kairos_spells_rare_2_beast	wh3_main_character_initiative_set_kairos_spells_rare_2	false
wh3_main_character_initiative_kairos_spells_rare_2_death	wh3_main_character_initiative_set_kairos_spells_rare_2	false
wh3_main_character_initiative_kairos_spells_rare_2_fire	wh3_main_character_initiative_set_kairos_spells_rare_2	false
wh3_main_character_initiative_kairos_spells_rare_2_heavens	wh3_main_character_initiative_set_kairos_spells_rare_2	false
wh3_main_character_initiative_kairos_spells_rare_2_life	wh3_main_character_initiative_set_kairos_spells_rare_2	false
wh3_main_character_initiative_kairos_spells_rare_2_light	wh3_main_character_initiative_set_kairos_spells_rare_2	false
wh3_main_character_initiative_kairos_spells_rare_2_metal	wh3_main_character_initiative_set_kairos_spells_rare_2	false
wh3_main_character_initiative_kairos_spells_rare_2_shadows	wh3_main_character_initiative_set_kairos_spells_rare_2	false
wh3_main_character_initiative_kairos_spells_rare_2_tzeentch	wh3_main_character_initiative_set_kairos_spells_rare_2	false
wh3_main_character_initiative_kairos_spells_uncommon_1_beast	wh3_main_character_initiative_set_kairos_spells_uncommon_1	false
wh3_main_character_initiative_kairos_spells_uncommon_1_death	wh3_main_character_initiative_set_kairos_spells_uncommon_1	false
wh3_main_character_initiative_kairos_spells_uncommon_1_fire	wh3_main_character_initiative_set_kairos_spells_uncommon_1	false
wh3_main_character_initiative_kairos_spells_uncommon_1_heavens	wh3_main_character_initiative_set_kairos_spells_uncommon_1	false
wh3_main_character_initiative_kairos_spells_uncommon_1_life	wh3_main_character_initiative_set_kairos_spells_uncommon_1	false
wh3_main_character_initiative_kairos_spells_uncommon_1_light	wh3_main_character_initiative_set_kairos_spells_uncommon_1	false
wh3_main_character_initiative_kairos_spells_uncommon_1_metal	wh3_main_character_initiative_set_kairos_spells_uncommon_1	false
wh3_main_character_initiative_kairos_spells_uncommon_1_shadows	wh3_main_character_initiative_set_kairos_spells_uncommon_1	false
wh3_main_character_initiative_kairos_spells_uncommon_1_tzeentch	wh3_main_character_initiative_set_kairos_spells_uncommon_1	false
wh3_main_character_initiative_kairos_spells_uncommon_2_beast	wh3_main_character_initiative_set_kairos_spells_uncommon_2	false
wh3_main_character_initiative_kairos_spells_uncommon_2_death	wh3_main_character_initiative_set_kairos_spells_uncommon_2	false
wh3_main_character_initiative_kairos_spells_uncommon_2_fire	wh3_main_character_initiative_set_kairos_spells_uncommon_2	false
wh3_main_character_initiative_kairos_spells_uncommon_2_heavens	wh3_main_character_initiative_set_kairos_spells_uncommon_2	false
wh3_main_character_initiative_kairos_spells_uncommon_2_life	wh3_main_character_initiative_set_kairos_spells_uncommon_2	false
wh3_main_character_initiative_kairos_spells_uncommon_2_light	wh3_main_character_initiative_set_kairos_spells_uncommon_2	false
wh3_main_character_initiative_kairos_spells_uncommon_2_metal	wh3_main_character_initiative_set_kairos_spells_uncommon_2	false
wh3_main_character_initiative_kairos_spells_uncommon_2_shadows	wh3_main_character_initiative_set_kairos_spells_uncommon_2	false
wh3_main_character_initiative_kairos_spells_uncommon_2_tzeentch	wh3_main_character_initiative_set_kairos_spells_uncommon_2	false
wh3_dlc26_character_initiative_ogr_big_name_greasus_drakecrush	wh3_main_character_initiative_set_ogre_big_names_greasus	true
wh3_main_character_initiative_ogr_big_name_greasus_gatecrasher	wh3_main_character_initiative_set_ogre_big_names_greasus	true
wh3_main_character_initiative_ogr_big_name_greasus_hoardmaster	wh3_main_character_initiative_set_ogre_big_names_greasus	true
wh3_main_character_initiative_ogr_big_name_greasus_shockingly_obese	wh3_main_character_initiative_set_ogre_big_names_greasus	true
wh3_dlc26_character_initiative_ogr_big_name_kin_guard	wh3_main_character_initiative_set_ogre_big_names_hunter	true
wh3_main_character_initiative_ogr_big_name_beastkiller	wh3_main_character_initiative_set_ogre_big_names_hunter	true
wh3_main_character_initiative_ogr_big_name_bellyslapper	wh3_main_character_initiative_set_ogre_big_names_hunter	true
wh3_main_character_initiative_ogr_big_name_bonechewer	wh3_main_character_initiative_set_ogre_big_names_hunter	true
wh3_main_character_initiative_ogr_big_name_brawlerguts	wh3_main_character_initiative_set_ogre_big_names_hunter	true
wh3_main_character_initiative_ogr_big_name_gutcrusher	wh3_main_character_initiative_set_ogre_big_names_hunter	true
wh3_main_character_initiative_ogr_big_name_longstrider_hunter	wh3_main_character_initiative_set_ogre_big_names_hunter	true
wh3_main_character_initiative_ogr_big_name_mountaineater	wh3_main_character_initiative_set_ogre_big_names_hunter	true
wh3_main_character_initiative_ogr_big_name_mountaintalker	wh3_main_character_initiative_set_ogre_big_names_hunter	true
wh3_main_character_initiative_ogr_big_name_orcsplitter	wh3_main_character_initiative_set_ogre_big_names_hunter	true
wh3_main_character_initiative_ogr_big_name_skrag_ever_famished	wh3_main_character_initiative_set_ogre_big_names_skrag	true
wh3_main_character_initiative_ogr_big_name_skrag_gore_harvester	wh3_main_character_initiative_set_ogre_big_names_skrag	true
wh3_main_character_initiative_ogr_big_name_skrag_maw_that_walks	wh3_main_character_initiative_set_ogre_big_names_skrag	true
wh3_main_character_initiative_ogr_big_name_skrag_world_swallower	wh3_main_character_initiative_set_ogre_big_names_skrag	true
wh3_main_character_initiative_ogr_big_name_arsebelcher	wh3_main_character_initiative_set_ogre_big_names_tyrant	true
wh3_main_character_initiative_ogr_big_name_bellyslapper	wh3_main_character_initiative_set_ogre_big_names_tyrant	true
wh3_main_character_initiative_ogr_big_name_bigbellower	wh3_main_character_initiative_set_ogre_big_names_tyrant	true
wh3_main_character_initiative_ogr_big_name_brawlerguts	wh3_main_character_initiative_set_ogre_big_names_tyrant	true
wh3_main_character_initiative_ogr_big_name_campmaker	wh3_main_character_initiative_set_ogre_big_names_tyrant	true
wh3_main_character_initiative_ogr_big_name_deathcheater	wh3_main_character_initiative_set_ogre_big_names_tyrant	true
wh3_main_character_initiative_ogr_big_name_dwarfsquasher	wh3_main_character_initiative_set_ogre_big_names_tyrant	true
wh3_main_character_initiative_ogr_big_name_goldhoarder	wh3_main_character_initiative_set_ogre_big_names_tyrant	true
wh3_main_character_initiative_ogr_big_name_groundbreaker	wh3_main_character_initiative_set_ogre_big_names_tyrant	true
wh3_main_character_initiative_ogr_big_name_gutcrusher	wh3_main_character_initiative_set_ogre_big_names_tyrant	true
wh3_main_character_initiative_ogr_big_name_kineater	wh3_main_character_initiative_set_ogre_big_names_tyrant	true
wh3_pro11_character_initiative_chs_harald_hammerstorm_01	wh3_pro11_chs_cha_harald_hammerstorm	true
wh3_pro11_character_initiative_chs_harald_hammerstorm_02	wh3_pro11_chs_cha_harald_hammerstorm	true
wh3_pro11_character_initiative_chs_harald_hammerstorm_03	wh3_pro11_chs_cha_harald_hammerstorm	true
