key	text	tooltip
#Loc;1;text/db/chaotic_plan_tokens__.loc		
chaotic_plan_tokens_description_wh3_dlc29_action_any_remove_red_1	"Slit the throat, pay them off, scuttle in the shadows, or if all else fails, grovel-beg and shift the blame – always in that order!"\\n– Skaven proverb	false
chaotic_plan_tokens_description_wh3_dlc29_action_any_remove_red_2	{{tr:chaotic_plan_tokens_description_wh3_dlc29_action_any_remove_red_1}}	false
chaotic_plan_tokens_description_wh3_dlc29_action_any_remove_red_3	{{tr:chaotic_plan_tokens_description_wh3_dlc29_action_any_remove_red_1}}	false
chaotic_plan_tokens_description_wh3_dlc29_action_economic_dangerous_treasury	{{tr:chaotic_plan_tokens_description_wh3_dlc29_purple_economic_dangerous_treasury}}	false
chaotic_plan_tokens_description_wh3_dlc29_action_economic_dangerous_warpstone	{{tr:chaotic_plan_tokens_description_wh3_dlc29_purple_economic_dangerous_treasury}}	false
chaotic_plan_tokens_description_wh3_dlc29_action_economic_focus	{{tr:chaotic_plan_tokens_description_wh3_dlc29_economy_action_select_resource}}	false
chaotic_plan_tokens_description_wh3_dlc29_action_economic_vault_1_open	The frenzy of imminent triumph often slows its claiming: claws reach and rats bicker over future spoils before the vault is even open.	false
chaotic_plan_tokens_description_wh3_dlc29_action_military_lab_1_recruit	When properly supplied, the engineering den spits arcs of surging power, bathing the surroundings in spectacular – and 'semi-harmless' – viridescence.	false
chaotic_plan_tokens_description_wh3_dlc29_action_military_mercenaries_1_recruit	Entire regiments of armed vermin on the cheap are a favoured courtesy of the rabble clans, who endlessly vie for the favour of their betters.	false
chaotic_plan_tokens_description_wh3_dlc29_action_military_reinforcements	{{tr:chaotic_plan_tokens_description_wh3_dlc29_purple_military_reinforcements}}	false
chaotic_plan_tokens_description_wh3_dlc29_action_military_vampire_pay_for_reward	The clanrats have been sent under the impression that they are simply messengers... There is always more Skaven.	false
chaotic_plan_tokens_description_wh3_dlc29_action_military_vampire_pay_to_reduce_alarm	Whether the skirmish succeeds or not, the vampire will be occupied... And there is always more Skaven.	false
chaotic_plan_tokens_description_wh3_dlc29_action_military_vampire_pay_to_reduce_alarm_elite	{{tr:chaotic_plan_tokens_description_wh3_dlc29_action_military_vampire_pay_to_reduce_alarm}}	false
chaotic_plan_tokens_description_wh3_dlc29_any_action_assassin_sell_instant	Arcane technology enraptures the mind and flesh-craft catches the eye, but theft and kidnapping remain the steadiest props of the Skaven economy.	false
chaotic_plan_tokens_description_wh3_dlc29_any_action_basic_diversion	When covering your tracks in quick-haste, remember: man-things are ever susceptible to the lure of unearned riches.	false
chaotic_plan_tokens_description_wh3_dlc29_any_action_basic_diversion_generated	"Observe their mouths drool-slaver and grubbing paws twitch-twitch... The man-things are as covetous as they are stupid!"\\n– Whissk, Master-Pilferer	false
chaotic_plan_tokens_description_wh3_dlc29_any_action_experience	Advancement may be costly, yes-yes; how fortunate for the Underling then, that it can often be paid with the spoils of lesser vermin.	false
chaotic_plan_tokens_description_wh3_dlc29_any_action_experience_generated	Twitching bodies, singed fur, charred rat-flesh: the unmistakable marks of Skaven progress!	false
chaotic_plan_tokens_description_wh3_dlc29_any_action_plague_1	{{tr:chaotic_plan_tokens_description_wh3_dlc29_any_action_plague_1_elite}}	false
chaotic_plan_tokens_description_wh3_dlc29_any_action_plague_1_elite	A simple pox will not halt the genius of this plan – the Underling must eliminate this nuisance by any means necessary!	false
chaotic_plan_tokens_description_wh3_dlc29_any_action_plague_2	{{tr:chaotic_plan_tokens_description_wh3_dlc29_any_action_plague_1_elite}}	false
chaotic_plan_tokens_description_wh3_dlc29_any_action_plague_2_elite	{{tr:chaotic_plan_tokens_description_wh3_dlc29_any_action_plague_1_elite}}	false
chaotic_plan_tokens_description_wh3_dlc29_any_action_plague_3	{{tr:chaotic_plan_tokens_description_wh3_dlc29_any_action_plague_1_elite}}	false
chaotic_plan_tokens_description_wh3_dlc29_any_action_plague_3_elite	{{tr:chaotic_plan_tokens_description_wh3_dlc29_any_action_plague_1_elite}}	false
chaotic_plan_tokens_description_wh3_dlc29_any_action_skill_copy_green_1_economy	{{tr:chaotic_plan_tokens_description_wh3_dlc29_any_action_skill_copy_green_1_military}}	false
chaotic_plan_tokens_description_wh3_dlc29_any_action_skill_copy_green_1_military	"Gravity" is for man-things to fear. "Reality" is for scaly-ones to keep. No self-respecting Skaven engineer feels bound by natural law.	false
chaotic_plan_tokens_description_wh3_dlc29_any_mod_pool_grey_seer_winds	Increased faith in the Great Horned One will surely help the Seer accomplish any task to the betterment of Skavendom and most importantly, Clan Scruten!	false
chaotic_plan_tokens_description_wh3_dlc29_any_red_alarm_action_cost_1	Your subordinates' incompetence will exact a terrible toll on your crafted machinations unless you act quick-quick, and – most displeasingly – allocate substantial resources.	false
chaotic_plan_tokens_description_wh3_dlc29_any_red_alarm_action_cost_1_payoff	The mishap has, for the time being, been smoothed over, and the expense will sit easier after flensing some vermin-scum's worthless hide.	false
chaotic_plan_tokens_description_wh3_dlc29_any_red_alarm_action_cost_2	Whispers carry word of treachery within your ranks. Unless cut out quick-quick, it will cripple your manoeuvres and expose the plan.	false
chaotic_plan_tokens_description_wh3_dlc29_any_red_alarm_action_cost_2_payoff	Your rivals' jealous attempts will never end, but for now the intricate webwork of your schemes has snared this perfidy.	false
chaotic_plan_tokens_description_wh3_dlc29_any_red_attention_generated	The Underling's usage of tricks has drawn unwanted attention – harmless for now, but be careful of future Complications!	false
chaotic_plan_tokens_description_wh3_dlc29_any_red_basic_alarm_1	Your bumbling underling was ill-prepared for clandestine work; his crude actions have set the whole region on high alert!	false
chaotic_plan_tokens_description_wh3_dlc29_any_red_basic_alarm_2	{{tr:chaotic_plan_tokens_description_wh3_dlc29_any_red_basic_alarm_1}}	false
chaotic_plan_tokens_description_wh3_dlc29_any_red_basic_alarm_3	{{tr:chaotic_plan_tokens_description_wh3_dlc29_any_red_basic_alarm_1}}	false
chaotic_plan_tokens_description_wh3_dlc29_any_red_basic_alarm_4	Treachery! A rival Skaven clan has sent the guard straight towards your tunnels. Blame will come later; survival comes first.	false
chaotic_plan_tokens_description_wh3_dlc29_any_red_basic_alarm_5	Your underling has held a shrill debate over the plan’s details, proving his lack of discipline – and ensuring the foe has heard enough.	false
chaotic_plan_tokens_description_wh3_dlc29_any_red_basic_alarm_6_economy	{{tr:chaotic_plan_tokens_description_wh3_dlc29_any_red_basic_alarm_6_military}}	false
chaotic_plan_tokens_description_wh3_dlc29_any_red_basic_alarm_6_military	Unwise tests of the Underling's experiments have betrayed the plan with a blast loud enough to rouse Nagash by sheer force.	false
chaotic_plan_tokens_description_wh3_dlc29_any_red_basic_elite_1	An experienced band of monster hunters has mistaken your tunnels for some beast’s lair. Their error will not make them less dangerous.	false
chaotic_plan_tokens_description_wh3_dlc29_any_red_basic_elite_2	Whoever leads the region’s defence has caught the scent of your plan and now looks to stop it. Such competence is most offensive.	false
chaotic_plan_tokens_description_wh3_dlc29_any_red_basic_elite_x2	Your plan has drawn an Eshin contract. Some Skaven Lord has paid well to see it foiled – and perhaps to see *you* vanish with it.	false
chaotic_plan_tokens_description_wh3_dlc29_any_red_basic_guard_1	A few rat warriors left tracks enough for a roaming patrol to follow. Their inept paws may yet cost you the whole scheme!	false
chaotic_plan_tokens_description_wh3_dlc29_any_red_basic_guard_2	In a moment of peerless incompetence, your underling left the tunnels open for the local sentinels to explore...	false
chaotic_plan_tokens_description_wh3_dlc29_any_red_basic_guard_3	A small party of hunters has caught your plan’s scent. They must be misled, butchered, or both – and quick-quick!	false
chaotic_plan_tokens_description_wh3_dlc29_any_red_deserters	Desertion among the Skaven is only a crime if you get caught – or if those betrayed survive. Otherwise, it is the Horned One's wisdom applied.	false
chaotic_plan_tokens_description_wh3_dlc29_any_red_embezzlement	Thievery is afoot in the Masterplan’s tunnels – and it is *your* coffers being pilfered, not the surface-dwellers’!	false
chaotic_plan_tokens_description_wh3_dlc29_any_red_eshin_alarm_1	Clan Eshin is a terror between clans, yet its killers will reverse any Warlord’s fortune if he can outpay the rival who bought them first.	false
chaotic_plan_tokens_description_wh3_dlc29_any_red_eshin_alarm_payoff_1	{{tr:chaotic_plan_tokens_description_wh3_dlc29_any_red_mors_alarm_payoff_1_generated}}	false
chaotic_plan_tokens_description_wh3_dlc29_any_red_eshin_alarm_payoff_1_generated	Secretive and highly trained they may be, but the black-clad assassins, too, are enterprising Skaven. With sufficient compensation, they are off your hide.	false
chaotic_plan_tokens_description_wh3_dlc29_any_red_mors_alarm_1	Endless ambition and pitiless savagery have placed the most infamous among the Warlord clans in your scheming path, with spiked flails and barbed shields supporting their argument.	false
chaotic_plan_tokens_description_wh3_dlc29_any_red_mors_alarm_payoff_1	{{tr:chaotic_plan_tokens_description_wh3_dlc29_any_red_mors_alarm_payoff_1_generated}}	false
chaotic_plan_tokens_description_wh3_dlc29_any_red_mors_alarm_payoff_1_generated	With the same ruthless pragmatism that raised their upstart clan, the enforcers deem your contribution sufficient, and your plans no longer worth impeding.	false
chaotic_plan_tokens_description_wh3_dlc29_any_red_moulder_alarm_1	Clan Moulder trades in horrors even Skaven find foul, but worse is the threat of withdrawing its lumbering brutes – unless an arrangement is made.	false
chaotic_plan_tokens_description_wh3_dlc29_any_red_moulder_alarm_payoff_1	{{tr:chaotic_plan_tokens_description_wh3_dlc29_any_red_moulder_alarm_payoff_1_generated}}	false
chaotic_plan_tokens_description_wh3_dlc29_any_red_moulder_alarm_payoff_1_generated	You were wise to part with spoils. Beastpacks sold to other clans are short on cunning; Master Moulders are not.	false
chaotic_plan_tokens_description_wh3_dlc29_any_red_pestilens_alarm_1	A veritable curse might be upon you, for a roiling, billious fug and the clattering of plague-censers herald the delirious fervour of the pestilent priesthood. Placate them however you can – or suffer!	false
chaotic_plan_tokens_description_wh3_dlc29_any_red_pestilens_alarm_payoff_1	{{tr:chaotic_plan_tokens_description_wh3_dlc29_any_red_pestilens_alarm_payoff_1_generated}}	false
chaotic_plan_tokens_description_wh3_dlc29_any_red_pestilens_alarm_payoff_1_generated	Relieved as you are to see their bloated, sore-covered procession hobbling away, the putrefaction of their hollow eyes will surely accompany your dreams.	false
chaotic_plan_tokens_description_wh3_dlc29_any_red_plague_1	Its virulence – undeniable. Its origins – unknown. Plague has broken out in the tunnels, and Clanrats seem poised to flee in droves.	false
chaotic_plan_tokens_description_wh3_dlc29_any_red_plague_2	{{tr:chaotic_plan_tokens_description_wh3_dlc29_any_red_plague_1}}	false
chaotic_plan_tokens_description_wh3_dlc29_any_red_plague_3	{{tr:chaotic_plan_tokens_description_wh3_dlc29_any_red_plague_1}}	false
chaotic_plan_tokens_description_wh3_dlc29_any_red_plague_elite_1	{{tr:chaotic_plan_tokens_description_wh3_dlc29_any_red_plague_1}}	false
chaotic_plan_tokens_description_wh3_dlc29_any_red_plague_elite_2	{{tr:chaotic_plan_tokens_description_wh3_dlc29_any_red_plague_1}}	false
chaotic_plan_tokens_description_wh3_dlc29_any_red_plague_elite_3	{{tr:chaotic_plan_tokens_description_wh3_dlc29_any_red_plague_1}}	false
chaotic_plan_tokens_description_wh3_dlc29_any_red_rictus_alarm_1	Beneath a banner of blood-red claw marks, a regiment of grim warriors appraise your pack with beady eyes, their jet-black fur bristling through gaps in jagged armour plates. They openly threaten usurping the plan!	false
chaotic_plan_tokens_description_wh3_dlc29_any_red_rictus_alarm_payoff_1	{{tr:chaotic_plan_tokens_description_wh3_dlc29_any_red_rictus_alarm_payoff_1_generated}}	false
chaotic_plan_tokens_description_wh3_dlc29_any_red_rictus_alarm_payoff_1_generated	The warp-moon surely glowers upon you today, for this pack of grizzled murderers would only leave once laden with unearned treasures and the promises of future favours.	false
chaotic_plan_tokens_description_wh3_dlc29_any_red_rival_grey_seer_alarm_1	Your machinations are in absolute accord with the will of the Great Horned Rat, so you cannot fathom how you provoked your sorcerous peers, nor what prompted their demands for tribute. Yet here they are!	false
chaotic_plan_tokens_description_wh3_dlc29_any_red_rival_grey_seer_alarm_payoff_1	{{tr:chaotic_plan_tokens_description_wh3_dlc29_any_red_rival_grey_seer_alarm_payoff_1_generated}}	false
chaotic_plan_tokens_description_wh3_dlc29_any_red_rival_grey_seer_alarm_payoff_1_generated	Mentally, you hurl the ugliest execration at the smug horned sorcerer, and take small solace in the favourable omen of the brass bell tied to his belt. Doom... Doom... Doom...	false
chaotic_plan_tokens_description_wh3_dlc29_any_red_skryre_alarm_1	A delegation of Warlock Engineers declares a trove of valuable contraptions as fault-prone at the most inopportune time. Unless, of course, a costly patch-job is done in the field...	false
chaotic_plan_tokens_description_wh3_dlc29_any_red_skryre_alarm_payoff_1	{{tr:chaotic_plan_tokens_description_wh3_dlc29_any_red_skryre_alarm_payoff_1_generated}}	false
chaotic_plan_tokens_description_wh3_dlc29_any_red_skryre_alarm_payoff_1_generated	Their greedy eyes remain hidden beneath the emerald sheen of arcane goggles, but the hint of a sneer by the chief engineer tells aplenty. You pray to the Horned One the nearest warp-relay vaporises him into fine dust.	false
chaotic_plan_tokens_description_wh3_dlc29_any_red_warlock_alarm_1	Mutations from rats drenched in Warp-fuel are causing enough havoc to destabilise the plan!	false
chaotic_plan_tokens_description_wh3_dlc29_any_red_warlock_alarm_2	The damage is done – the sound has likely alerted the entire continent, and the plan is hurtling towards failure as the Underling seeks a rat to blame.	false
chaotic_plan_tokens_description_wh3_dlc29_any_red_warlock_economic_alarm_1	Unwise tests of the Underling's experiments have betrayed the plan with a blast loud enough to rouse Nagash by sheer force.	false
chaotic_plan_tokens_description_wh3_dlc29_any_red_warlock_military_alarm_1	Unwise tests of the Underling's experiments have betrayed the plan with a blast loud enough to rouse Nagash by sheer force.	false
chaotic_plan_tokens_description_wh3_dlc29_any_red_warlock_risk_1	The Underling's methods have yielded a positive result, but there is an audible warning that one of their devices may yet go off...	false
chaotic_plan_tokens_description_wh3_dlc29_any_tactic_reduce_risk_1	Sometimes, hiding is about weaving a sorcerous web of concealing shadow, intended to shroud the ratmen in utmost secrecy. More often, it means finding a crack in the wall large enough to cower in.	false
chaotic_plan_tokens_description_wh3_dlc29_any_tactic_reduce_risk_1_generated	Any plan worth its salt takes full advantage of the Underway, for it branches off into a myriad different spyposts, minor fortifications, and secretive nest-dwellings that greatly increase its chances of success.	false
chaotic_plan_tokens_description_wh3_dlc29_any_tactic_reduce_risk_2	{{tr:chaotic_plan_tokens_description_wh3_dlc29_any_tactic_reduce_risk_1}}	false
chaotic_plan_tokens_description_wh3_dlc29_any_tactic_reduce_risk_2_generated	{{tr:chaotic_plan_tokens_description_wh3_dlc29_any_tactic_reduce_risk_1_generated}}	false
chaotic_plan_tokens_description_wh3_dlc29_any_tactic_reduce_risk_3	{{tr:chaotic_plan_tokens_description_wh3_dlc29_any_tactic_reduce_risk_1}}	false
chaotic_plan_tokens_description_wh3_dlc29_any_tactic_reduce_risk_3_generated	{{tr:chaotic_plan_tokens_description_wh3_dlc29_any_tactic_reduce_risk_1_generated}}	false
chaotic_plan_tokens_description_wh3_dlc29_any_yellow_grey_seer_winds	With the presence of strong Winds blowing across the region, your Underling will complete the plan with twice as more zeal!	false
chaotic_plan_tokens_description_wh3_dlc29_any_yellow_warlock_experience_1	A Warlock of Clan Skryre would never admit it, but such a success without detonation is not characteristic for Skaven tech.	false
chaotic_plan_tokens_description_wh3_dlc29_dummy_rank_up_artillery_1	{{tr:building_short_description_texts_short_description_wh2_main_skv_weaponteams_2}}	false
chaotic_plan_tokens_description_wh3_dlc29_dummy_rank_up_artillery_2	{{tr:building_short_description_texts_short_description_wh2_main_skv_weaponteams_2}}	false
chaotic_plan_tokens_description_wh3_dlc29_dummy_rank_up_artillery_3	{{tr:building_short_description_texts_short_description_wh2_main_skv_weaponteams_2}}	false
chaotic_plan_tokens_description_wh3_dlc29_dummy_rank_up_melee_infantry_1	{{tr:building_short_description_texts_short_description_wh2_main_skv_clanrats_2}}	false
chaotic_plan_tokens_description_wh3_dlc29_dummy_rank_up_melee_infantry_2	{{tr:building_short_description_texts_short_description_wh2_main_skv_clanrats_2}}	false
chaotic_plan_tokens_description_wh3_dlc29_dummy_rank_up_melee_infantry_3	{{tr:building_short_description_texts_short_description_wh2_main_skv_clanrats_2}}	false
chaotic_plan_tokens_description_wh3_dlc29_dummy_rank_up_missile_infantry_1	{{tr:building_short_description_texts_short_description_wh2_main_skv_assassins_1}}	false
chaotic_plan_tokens_description_wh3_dlc29_dummy_rank_up_missile_infantry_2	{{tr:building_short_description_texts_short_description_wh2_main_skv_assassins_1}}	false
chaotic_plan_tokens_description_wh3_dlc29_dummy_rank_up_missile_infantry_3	{{tr:building_short_description_texts_short_description_wh2_main_skv_assassins_1}}	false
chaotic_plan_tokens_description_wh3_dlc29_dummy_rank_up_monsters_1	{{tr:building_short_description_texts_short_description_wh2_main_skv_monsters_2}}	false
chaotic_plan_tokens_description_wh3_dlc29_dummy_rank_up_monsters_2	{{tr:building_short_description_texts_short_description_wh2_main_skv_monsters_2}}	false
chaotic_plan_tokens_description_wh3_dlc29_dummy_rank_up_monsters_3	{{tr:building_short_description_texts_short_description_wh2_main_skv_monsters_2}}	false
chaotic_plan_tokens_description_wh3_dlc29_dummy_rank_up_weapon_teams_1	{{tr:building_short_description_texts_short_description_wh2_main_skv_weaponteams_1}}	false
chaotic_plan_tokens_description_wh3_dlc29_dummy_rank_up_weapon_teams_2	{{tr:building_short_description_texts_short_description_wh2_main_skv_weaponteams_1}}	false
chaotic_plan_tokens_description_wh3_dlc29_dummy_rank_up_weapon_teams_3	{{tr:building_short_description_texts_short_description_wh2_main_skv_weaponteams_1}}	false
chaotic_plan_tokens_description_wh3_dlc29_economic_action_draw_warlock	When it does not backfire – killing its inventor in spectacularly grisly fashion – a Skaven apparatus is terrifying to behold.	false
chaotic_plan_tokens_description_wh3_dlc29_economic_action_instant_warpstone_1	When an Underling attempts to embezzle from the plan, it is not prudent to stop the thieving rat; instead, take a cut for yourself!	false
chaotic_plan_tokens_description_wh3_dlc29_economic_action_instant_warpstone_2	{{tr:chaotic_plan_tokens_description_wh3_dlc29_economic_action_instant_warpstone_1}}	false
chaotic_plan_tokens_description_wh3_dlc29_economic_action_instant_warpstone_3	{{tr:chaotic_plan_tokens_description_wh3_dlc29_economic_action_instant_warpstone_1}}	false
chaotic_plan_tokens_description_wh3_dlc29_economic_green_basic_food_mid_1	Higher in this subterranean hierarchy, the ruling Warlords and Grey Seers gorge themselves on warp-infused delicacies and victuals plundered from the surface realms.	false
chaotic_plan_tokens_description_wh3_dlc29_economic_green_basic_food_mid_2	{{tr:chaotic_plan_tokens_description_wh3_dlc29_economic_green_basic_food_mid_1}}	false
chaotic_plan_tokens_description_wh3_dlc29_economic_green_basic_food_mid_3	{{tr:chaotic_plan_tokens_description_wh3_dlc29_economic_green_basic_food_mid_1}}	false
chaotic_plan_tokens_description_wh3_dlc29_economic_green_basic_food_small_1	Skaven shove and squeak in squirming mounds, tearing at morsels with feverish claws, for to pause in their frantic feast is to invite the starvation to claim their wretched souls.	false
chaotic_plan_tokens_description_wh3_dlc29_economic_green_basic_food_small_2	{{tr:chaotic_plan_tokens_description_wh3_dlc29_economic_green_basic_food_small_1}}	false
chaotic_plan_tokens_description_wh3_dlc29_economic_green_basic_food_small_3	{{tr:chaotic_plan_tokens_description_wh3_dlc29_economic_green_basic_food_small_1}}	false
chaotic_plan_tokens_description_wh3_dlc29_economic_green_basic_treasury_gdp_large_1	A lucky find – someone has poorly attempted to hide their treasures, discovered even by an oft-incompetent Underling!	false
chaotic_plan_tokens_description_wh3_dlc29_economic_green_basic_treasury_gdp_large_2	{{tr:chaotic_plan_tokens_description_wh3_dlc29_economic_green_basic_treasury_gdp_large_1}}	false
chaotic_plan_tokens_description_wh3_dlc29_economic_green_basic_treasury_gdp_large_3	{{tr:chaotic_plan_tokens_description_wh3_dlc29_economic_green_basic_treasury_gdp_large_1}}	false
chaotic_plan_tokens_description_wh3_dlc29_economic_green_basic_treasury_gdp_large_4	{{tr:chaotic_plan_tokens_description_wh3_dlc29_economic_green_basic_treasury_gdp_large_1}}	false
chaotic_plan_tokens_description_wh3_dlc29_economic_green_basic_treasury_gdp_large_5	{{tr:chaotic_plan_tokens_description_wh3_dlc29_economic_green_basic_treasury_gdp_large_1}}	false
chaotic_plan_tokens_description_wh3_dlc29_economic_green_basic_treasury_gdp_small_1	The teeming masses of slaves and Clanrats scramble in the muck for anything that glitters, coveting any trinket that would briefly elevate their miserable status.	false
chaotic_plan_tokens_description_wh3_dlc29_economic_green_basic_treasury_gdp_small_2	{{tr:chaotic_plan_tokens_description_wh3_dlc29_economic_green_basic_treasury_gdp_small_1}}	false
chaotic_plan_tokens_description_wh3_dlc29_economic_green_basic_treasury_gdp_small_3	{{tr:chaotic_plan_tokens_description_wh3_dlc29_economic_green_basic_treasury_gdp_small_1}}	false
chaotic_plan_tokens_description_wh3_dlc29_economic_green_basic_treasury_gdp_small_4	{{tr:chaotic_plan_tokens_description_wh3_dlc29_economic_green_basic_treasury_gdp_small_1}}	false
chaotic_plan_tokens_description_wh3_dlc29_economic_green_basic_treasury_gdp_small_5	{{tr:chaotic_plan_tokens_description_wh3_dlc29_economic_green_basic_treasury_gdp_small_1}}	false
chaotic_plan_tokens_description_wh3_dlc29_economic_green_basic_treasury_large_1	A lucky find – someone has poorly attempted to hide their treasures, discovered even by an oft-incompetent Underling!	false
chaotic_plan_tokens_description_wh3_dlc29_economic_green_basic_treasury_large_2	{{tr:chaotic_plan_tokens_description_wh3_dlc29_economic_green_basic_treasury_large_1}}	false
chaotic_plan_tokens_description_wh3_dlc29_economic_green_basic_treasury_large_3	{{tr:chaotic_plan_tokens_description_wh3_dlc29_economic_green_basic_treasury_large_1}}	false
chaotic_plan_tokens_description_wh3_dlc29_economic_green_basic_treasury_large_4	{{tr:chaotic_plan_tokens_description_wh3_dlc29_economic_green_basic_treasury_large_1}}	false
chaotic_plan_tokens_description_wh3_dlc29_economic_green_basic_treasury_large_5	{{tr:chaotic_plan_tokens_description_wh3_dlc29_economic_green_basic_treasury_large_1}}	false
chaotic_plan_tokens_description_wh3_dlc29_economic_green_basic_treasury_mid_1	To scheming Warlords and canny engineers, every looted scrap of arcana, captured artillery, or curious machinery is a resource to be repurposed and fed into the greater Skaven war machine.	false
chaotic_plan_tokens_description_wh3_dlc29_economic_green_basic_treasury_mid_2	{{tr:chaotic_plan_tokens_description_wh3_dlc29_economic_green_basic_treasury_mid_1}}	false
chaotic_plan_tokens_description_wh3_dlc29_economic_green_basic_treasury_mid_3	{{tr:chaotic_plan_tokens_description_wh3_dlc29_economic_green_basic_treasury_mid_1}}	false
chaotic_plan_tokens_description_wh3_dlc29_economic_green_basic_treasury_small_1	The teeming masses of slaves and Clanrats scramble in the muck for anything that glitters, coveting any trinket that would briefly elevate their miserable status.	false
chaotic_plan_tokens_description_wh3_dlc29_economic_green_basic_treasury_small_2	{{tr:chaotic_plan_tokens_description_wh3_dlc29_economic_green_basic_treasury_small_1}}	false
chaotic_plan_tokens_description_wh3_dlc29_economic_green_basic_treasury_small_3	{{tr:chaotic_plan_tokens_description_wh3_dlc29_economic_green_basic_treasury_small_1}}	false
chaotic_plan_tokens_description_wh3_dlc29_economic_green_basic_treasury_very_large_1	By the Horned Rat's baleful eye! Boring a tunnel straight into the settlement's coffers and counting-houses offers a most efficient extraction route for this fleecing scheme.	false
chaotic_plan_tokens_description_wh3_dlc29_economic_green_basic_treasury_very_large_2	{{tr:chaotic_plan_tokens_description_wh3_dlc29_economic_green_basic_treasury_very_large_1}}	false
chaotic_plan_tokens_description_wh3_dlc29_economic_green_basic_treasury_very_large_3	{{tr:chaotic_plan_tokens_description_wh3_dlc29_economic_green_basic_treasury_very_large_1}}	false
chaotic_plan_tokens_description_wh3_dlc29_economic_green_basic_warpstone_gdp_large_1	Almost resembling a past mining operation, but left behind in a hurry – the Underling will happily take credit for obtaining it!	false
chaotic_plan_tokens_description_wh3_dlc29_economic_green_basic_warpstone_gdp_large_2	{{tr:chaotic_plan_tokens_description_wh3_dlc29_economic_green_basic_warpstone_gdp_large_1}}	false
chaotic_plan_tokens_description_wh3_dlc29_economic_green_basic_warpstone_gdp_large_3	{{tr:chaotic_plan_tokens_description_wh3_dlc29_economic_green_basic_warpstone_gdp_large_1}}	false
chaotic_plan_tokens_description_wh3_dlc29_economic_green_basic_warpstone_gdp_large_4	{{tr:chaotic_plan_tokens_description_wh3_dlc29_economic_green_basic_warpstone_gdp_large_1}}	false
chaotic_plan_tokens_description_wh3_dlc29_economic_green_basic_warpstone_gdp_large_5	{{tr:chaotic_plan_tokens_description_wh3_dlc29_economic_green_basic_warpstone_gdp_large_1}}	false
chaotic_plan_tokens_description_wh3_dlc29_economic_green_basic_warpstone_gdp_small_1	Even the smallest chunks of Warpstone are not to be dismissed, for they give off power indefinitely, and in their most compact form, fuel many of the Skaven devices to be somewhat portable.	false
chaotic_plan_tokens_description_wh3_dlc29_economic_green_basic_warpstone_gdp_small_2	{{tr:chaotic_plan_tokens_description_wh3_dlc29_economic_green_basic_warpstone_gdp_small_1}}	false
chaotic_plan_tokens_description_wh3_dlc29_economic_green_basic_warpstone_gdp_small_3	{{tr:chaotic_plan_tokens_description_wh3_dlc29_economic_green_basic_warpstone_gdp_small_1}}	false
chaotic_plan_tokens_description_wh3_dlc29_economic_green_basic_warpstone_gdp_small_4	{{tr:chaotic_plan_tokens_description_wh3_dlc29_economic_green_basic_warpstone_gdp_small_1}}	false
chaotic_plan_tokens_description_wh3_dlc29_economic_green_basic_warpstone_gdp_small_5	{{tr:chaotic_plan_tokens_description_wh3_dlc29_economic_green_basic_warpstone_gdp_small_1}}	false
chaotic_plan_tokens_description_wh3_dlc29_economic_green_basic_warpstone_large_1	Almost resembling a past mining operation, but left behind in a hurry – the Underling will happily take credit for obtaining it!	false
chaotic_plan_tokens_description_wh3_dlc29_economic_green_basic_warpstone_large_2	{{tr:chaotic_plan_tokens_description_wh3_dlc29_economic_green_basic_warpstone_large_1}}	false
chaotic_plan_tokens_description_wh3_dlc29_economic_green_basic_warpstone_large_3	{{tr:chaotic_plan_tokens_description_wh3_dlc29_economic_green_basic_warpstone_large_1}}	false
chaotic_plan_tokens_description_wh3_dlc29_economic_green_basic_warpstone_large_4	{{tr:chaotic_plan_tokens_description_wh3_dlc29_economic_green_basic_warpstone_large_1}}	false
chaotic_plan_tokens_description_wh3_dlc29_economic_green_basic_warpstone_large_5	{{tr:chaotic_plan_tokens_description_wh3_dlc29_economic_green_basic_warpstone_large_1}}	false
chaotic_plan_tokens_description_wh3_dlc29_economic_green_basic_warpstone_mid_1	Greater quantities of Warpstone can be made more stable and safer to use after refinement – an elaborate process which only the most powerful of the baleful Skaven sorcerers can perform.	false
chaotic_plan_tokens_description_wh3_dlc29_economic_green_basic_warpstone_mid_2	{{tr:chaotic_plan_tokens_description_wh3_dlc29_economic_green_basic_warpstone_mid_1}}	false
chaotic_plan_tokens_description_wh3_dlc29_economic_green_basic_warpstone_mid_3	{{tr:chaotic_plan_tokens_description_wh3_dlc29_economic_green_basic_warpstone_mid_1}}	false
chaotic_plan_tokens_description_wh3_dlc29_economic_green_basic_warpstone_small_1	Even the smallest chunks of Warpstone are not to be dismissed, for they give off power indefinitely, and in their most compact form, fuel many of the Skaven devices to be somewhat portable.	false
chaotic_plan_tokens_description_wh3_dlc29_economic_green_basic_warpstone_small_2	{{tr:chaotic_plan_tokens_description_wh3_dlc29_economic_green_basic_warpstone_small_1}}	false
chaotic_plan_tokens_description_wh3_dlc29_economic_green_basic_warpstone_small_3	{{tr:chaotic_plan_tokens_description_wh3_dlc29_economic_green_basic_warpstone_small_1}}	false
chaotic_plan_tokens_description_wh3_dlc29_economic_green_basic_warpstone_very_large_1	The largest pieces of Warpstone plummet from the skies as meteors from the dark moon, and are tracked in their fiery descent by one of the hidden observatories scattered throughout the Old World.	false
chaotic_plan_tokens_description_wh3_dlc29_economic_green_basic_warpstone_very_large_2	{{tr:chaotic_plan_tokens_description_wh3_dlc29_economic_green_basic_warpstone_very_large_1}}	false
chaotic_plan_tokens_description_wh3_dlc29_economic_green_basic_warpstone_very_large_3	{{tr:chaotic_plan_tokens_description_wh3_dlc29_economic_green_basic_warpstone_very_large_1}}	false
chaotic_plan_tokens_description_wh3_dlc29_economic_green_eshin_all_1	The endless bickering and vying for resources is held in check by the silent death-squads of Clan Eshin. There is no use pointing paws as spies are everywhere, and it is perilous to plot against the plotters.	false
chaotic_plan_tokens_description_wh3_dlc29_economic_green_eshin_all_2	{{tr:chaotic_plan_tokens_description_wh3_dlc29_economic_green_eshin_all_1}}	false
chaotic_plan_tokens_description_wh3_dlc29_economic_green_eshin_all_3	{{tr:chaotic_plan_tokens_description_wh3_dlc29_economic_green_eshin_all_1}}	false
chaotic_plan_tokens_description_wh3_dlc29_economic_green_grey_seer_treasury_large_1	Rival Grey Seers and other assorted wizards will pay handsomely for trinkets with magic properties... and some of them are even genuine!	false
chaotic_plan_tokens_description_wh3_dlc29_economic_green_grey_seer_treasury_large_2	Rival Grey Seers and other assorted wizards will pay handsomely for trinkets with magic properties... and some of them are even genuine!	false
chaotic_plan_tokens_description_wh3_dlc29_economic_green_grey_seer_treasury_large_3	Rival Grey Seers and other assorted wizards will pay handsomely for trinkets with magic properties... and some of them are even genuine!	false
chaotic_plan_tokens_description_wh3_dlc29_economic_green_rictus_warpstone_1	Disciplined well beyond the verminous average, this excavation patrol tunnels to the surface, establishes a fighting perimeter, and dismantles the priceless chunks of Morskrit with ruthless efficiency.	false
chaotic_plan_tokens_description_wh3_dlc29_economic_green_rictus_warpstone_2	{{tr:chaotic_plan_tokens_description_wh3_dlc29_economic_green_rictus_warpstone_1}}	false
chaotic_plan_tokens_description_wh3_dlc29_economic_green_rictus_warpstone_3	{{tr:chaotic_plan_tokens_description_wh3_dlc29_economic_green_rictus_warpstone_1}}	false
chaotic_plan_tokens_description_wh3_dlc29_economic_green_skill_food_huge	Among the Skaven, any perceptible weakness is an invitation to be killed and eaten. Perceive it among a minor rabble clan, and it is an invitation to a veritable feast.	false
chaotic_plan_tokens_description_wh3_dlc29_economic_green_skill_treasury_huge	Occasionally, the verminous tides boil up on a particularly bountiful lair of the surface-dwellers, and the Skaven's frantic, incessant nature makes a scavenging grotesque of the spoils of war.	false
chaotic_plan_tokens_description_wh3_dlc29_economic_green_skill_warpstone_huge	On occasions prophesied well in advance by the Seers, the Dark Moon disgorges shards of such prodigious size that they must be allocated among projects and clans to prevent an all-out war.	false
chaotic_plan_tokens_description_wh3_dlc29_economic_green_skryre_treasury_1	For the lesser, surface-dwelling races, it is hard to discern where science ends and magic begins. To a Warpstone-elevated Skaven mind, such a delineation never even occurs.	false
chaotic_plan_tokens_description_wh3_dlc29_economic_green_skryre_treasury_2	{{tr:chaotic_plan_tokens_description_wh3_dlc29_economic_green_skryre_treasury_1}}	false
chaotic_plan_tokens_description_wh3_dlc29_economic_green_skryre_treasury_3	{{tr:chaotic_plan_tokens_description_wh3_dlc29_economic_green_skryre_treasury_1}}	false
chaotic_plan_tokens_description_wh3_dlc29_economic_green_skryre_warpstone_1	In their pursuit of a superb extraction and unparalleled refinement of the Horned One's precious lifeblood, the sorcerer-inventors build drills of superb extraction and appalling cost.	false
chaotic_plan_tokens_description_wh3_dlc29_economic_green_skryre_warpstone_2	{{tr:chaotic_plan_tokens_description_wh3_dlc29_economic_green_skryre_warpstone_1}}	false
chaotic_plan_tokens_description_wh3_dlc29_economic_green_skryre_warpstone_3	{{tr:chaotic_plan_tokens_description_wh3_dlc29_economic_green_skryre_warpstone_1}}	false
chaotic_plan_tokens_description_wh3_dlc29_economic_mod_pool_eshin_all_1	{{tr:chaotic_plan_tokens_description_wh3_dlc29_economic_green_eshin_all_1}}	false
chaotic_plan_tokens_description_wh3_dlc29_economic_mod_pool_grey_seer_treasury_large_1	Rival Grey Seers and other assorted wizards will pay handsomely for trinkets with magic properties... and some of them are even genuine!	false
chaotic_plan_tokens_description_wh3_dlc29_economic_mod_pool_rictus_warpstone_1	{{tr:chaotic_plan_tokens_description_wh3_dlc29_economic_green_rictus_warpstone_1}}	false
chaotic_plan_tokens_description_wh3_dlc29_economic_mod_pool_skryre_treasury_1	{{tr:chaotic_plan_tokens_description_wh3_dlc29_economic_green_skryre_treasury_1}}	false
chaotic_plan_tokens_description_wh3_dlc29_economic_mod_pool_skryre_warpstone_1	{{tr:chaotic_plan_tokens_description_wh3_dlc29_economic_green_skryre_warpstone_1}}	false
chaotic_plan_tokens_description_wh3_dlc29_economic_red_have_warpstone_lose_food	Eager to please their masters with a surplus of Warpstone, overzealous taskmasters ban chewing the stuff. The deprived rats succumb more easily to bouts of the Black Hunger, and the stockpiles suffer!	false
chaotic_plan_tokens_description_wh3_dlc29_economic_upgrade_basic_treasury_gdp_2	{{tr:building_short_description_texts_short_description_wh2_dlc12_under_empire_money_thieves_2}}	false
chaotic_plan_tokens_description_wh3_dlc29_economic_upgrade_basic_treasury_gdp_3	{{tr:building_short_description_texts_short_description_wh2_dlc12_under_empire_money_thieves_2}}	false
chaotic_plan_tokens_description_wh3_dlc29_economic_upgrade_basic_treasury_gdp_4	{{tr:building_short_description_texts_short_description_wh2_dlc12_under_empire_money_thieves_2}}	false
chaotic_plan_tokens_description_wh3_dlc29_economic_upgrade_basic_treasury_gdp_5	{{tr:building_short_description_texts_short_description_wh2_dlc12_under_empire_money_thieves_2}}	false
chaotic_plan_tokens_description_wh3_dlc29_economic_upgrade_basic_warpstone_gdp_2	“Untutored handling of its raw form racks body and mind. Practised manipulation of its refined state empowers both. Curious, yes-yes, very curious…” – Grey Seer Kreaquill	false
chaotic_plan_tokens_description_wh3_dlc29_economic_upgrade_basic_warpstone_gdp_3	{{tr:chaotic_plan_tokens_description_wh3_dlc29_economic_upgrade_basic_warpstone_gdp_2}}	false
chaotic_plan_tokens_description_wh3_dlc29_economic_upgrade_basic_warpstone_gdp_4	{{tr:chaotic_plan_tokens_description_wh3_dlc29_economic_upgrade_basic_warpstone_gdp_2}}	false
chaotic_plan_tokens_description_wh3_dlc29_economic_upgrade_basic_warpstone_gdp_5	{{tr:chaotic_plan_tokens_description_wh3_dlc29_economic_upgrade_basic_warpstone_gdp_2}}	false
chaotic_plan_tokens_description_wh3_dlc29_economic_upgrade_eshin_all_2	{{tr:chaotic_plan_tokens_description_wh3_dlc29_economic_green_eshin_all_2}}	false
chaotic_plan_tokens_description_wh3_dlc29_economic_upgrade_eshin_all_3	{{tr:chaotic_plan_tokens_description_wh3_dlc29_economic_green_eshin_all_3}}	false
chaotic_plan_tokens_description_wh3_dlc29_economic_upgrade_grey_seer_treasury_large_2	Rival Grey Seers and other assorted wizards will pay handsomely for trinkets with magic properties... and some of them are even genuine!	false
chaotic_plan_tokens_description_wh3_dlc29_economic_upgrade_grey_seer_treasury_large_3	Rival Grey Seers and other assorted wizards will pay handsomely for trinkets with magic properties... and some of them are even genuine!	false
chaotic_plan_tokens_description_wh3_dlc29_economic_upgrade_rictus_warpstone_2	{{tr:chaotic_plan_tokens_description_wh3_dlc29_economic_green_rictus_warpstone_2}}	false
chaotic_plan_tokens_description_wh3_dlc29_economic_upgrade_rictus_warpstone_3	{{tr:chaotic_plan_tokens_description_wh3_dlc29_economic_green_rictus_warpstone_3}}	false
chaotic_plan_tokens_description_wh3_dlc29_economic_upgrade_skryre_treasury_2	{{tr:chaotic_plan_tokens_description_wh3_dlc29_economic_green_skryre_treasury_2}}	false
chaotic_plan_tokens_description_wh3_dlc29_economic_upgrade_skryre_treasury_3	{{tr:chaotic_plan_tokens_description_wh3_dlc29_economic_green_skryre_treasury_3}}	false
chaotic_plan_tokens_description_wh3_dlc29_economic_upgrade_skryre_warpstone_2	{{tr:chaotic_plan_tokens_description_wh3_dlc29_economic_green_skryre_warpstone_2}}	false
chaotic_plan_tokens_description_wh3_dlc29_economic_upgrade_skryre_warpstone_3	{{tr:chaotic_plan_tokens_description_wh3_dlc29_economic_green_skryre_warpstone_3}}	false
chaotic_plan_tokens_description_wh3_dlc29_economy_action_assassin_draw	The Underling's eyes are especially keen at noticing hiding places of wealth – and their paws are especially good at lifting it.	false
chaotic_plan_tokens_description_wh3_dlc29_economy_action_select_resource	A smart-wise Underling knows to discard unnecessary fragments in favour of gathering the resources that really matter and prevent them from being blamed!	false
chaotic_plan_tokens_description_wh3_dlc29_economy_mod_pool_basic_food_mid_1	{{tr:chaotic_plan_tokens_description_wh3_dlc29_economic_green_basic_food_mid_1}}	false
chaotic_plan_tokens_description_wh3_dlc29_economy_mod_pool_basic_food_small_1	{{tr:chaotic_plan_tokens_description_wh3_dlc29_economic_green_basic_food_small_1}}	false
chaotic_plan_tokens_description_wh3_dlc29_economy_mod_pool_basic_treasury_mid_1	{{tr:chaotic_plan_tokens_description_wh3_dlc29_economic_green_basic_treasury_mid_1}}	false
chaotic_plan_tokens_description_wh3_dlc29_economy_mod_pool_basic_treasury_mid_2	{{tr:chaotic_plan_tokens_description_wh3_dlc29_economic_green_basic_treasury_mid_1}}	false
chaotic_plan_tokens_description_wh3_dlc29_economy_mod_pool_basic_treasury_mid_3	{{tr:chaotic_plan_tokens_description_wh3_dlc29_economic_green_basic_treasury_mid_1}}	false
chaotic_plan_tokens_description_wh3_dlc29_economy_mod_pool_basic_treasury_very_large_1	{{tr:chaotic_plan_tokens_description_wh3_dlc29_economic_green_basic_treasury_very_large_1}}	false
chaotic_plan_tokens_description_wh3_dlc29_economy_mod_pool_basic_treasury_very_large_2	{{tr:chaotic_plan_tokens_description_wh3_dlc29_economic_green_basic_treasury_very_large_1}}	false
chaotic_plan_tokens_description_wh3_dlc29_economy_mod_pool_basic_treasury_very_large_3	{{tr:chaotic_plan_tokens_description_wh3_dlc29_economic_green_basic_treasury_very_large_1}}	false
chaotic_plan_tokens_description_wh3_dlc29_economy_mod_pool_basic_warpstone_mid_1	{{tr:chaotic_plan_tokens_description_wh3_dlc29_economic_green_basic_warpstone_mid_1}}	false
chaotic_plan_tokens_description_wh3_dlc29_economy_mod_pool_basic_warpstone_mid_2	{{tr:chaotic_plan_tokens_description_wh3_dlc29_economic_green_basic_warpstone_mid_1}}	false
chaotic_plan_tokens_description_wh3_dlc29_economy_mod_pool_basic_warpstone_mid_3	{{tr:chaotic_plan_tokens_description_wh3_dlc29_economic_green_basic_warpstone_mid_1}}	false
chaotic_plan_tokens_description_wh3_dlc29_economy_mod_pool_basic_warpstone_very_large_1	{{tr:chaotic_plan_tokens_description_wh3_dlc29_economic_green_basic_warpstone_very_large_1}}	false
chaotic_plan_tokens_description_wh3_dlc29_economy_mod_pool_basic_warpstone_very_large_2	{{tr:chaotic_plan_tokens_description_wh3_dlc29_economic_green_basic_warpstone_very_large_1}}	false
chaotic_plan_tokens_description_wh3_dlc29_economy_mod_pool_basic_warpstone_very_large_3	{{tr:chaotic_plan_tokens_description_wh3_dlc29_economic_green_basic_warpstone_very_large_1}}	false
chaotic_plan_tokens_description_wh3_dlc29_economy_red_alarm_food_1	The irascibility of Skaven over food cannot be understated, for a vicious dispute over a meagre carcass erupts into utter mayhem, culminating in vindictive waste of carefully allocated provisions.	false
chaotic_plan_tokens_description_wh3_dlc29_economy_red_alarm_food_2	Overloaded provision carts chain-collapse in a thunderous heap, punctuated by the shrieks of grain-slaves crushed beneath an avalanche of black corn and moonseed.	false
chaotic_plan_tokens_description_wh3_dlc29_economy_red_alarm_food_3	Most cunning treachery! Deviously positioned fires engulf your stockpile, while the billowing smoke and noisome stench of charred Skaven delicacies betray your position.	false
chaotic_plan_tokens_description_wh3_dlc29_economy_red_alarm_treasury_1	A trail of brass, silver, and broken trinkets marks a hapless Skavenslave desertion. Robbery shows ambition; the ruckus shows stupidity.	false
chaotic_plan_tokens_description_wh3_dlc29_economy_red_alarm_treasury_2	A squad of vermin grovels for forgiveness: their eagerness matched only by incompetence. Their premature raid returns with near-worthless loot, and has alerted the foe to your presence!	false
chaotic_plan_tokens_description_wh3_dlc29_economy_red_alarm_treasury_3	Whoever chanced upon the convoy of slave-hulk drawn wagons and their treasure-laden coffers has left nothing but a pile of splinters, warped metal, and staked clanrat bodies for all to see.	false
chaotic_plan_tokens_description_wh3_dlc29_economy_red_alarm_warpstone_1	Prolonged contact with Warpstone is inadvisable for all but the most powerful Skaven, but this has not deterred the occasional upstart from overexerting and ending up a screeching, rampaging, mutated pile of distended rat-flesh.	false
chaotic_plan_tokens_description_wh3_dlc29_economy_red_alarm_warpstone_2	Sometimes, an inordinate investment of Warpstone in an incomprehensible engineering design pays off in spades. This time, however, the spades are necessary to scrape the engineers off the walls.	false
chaotic_plan_tokens_description_wh3_dlc29_economy_red_alarm_warpstone_3	A careless acolyte has clearly overindulged in emerald dust and deemed it appropriate to relay the Horned One's whispered tidings in an incoherent, ear-splitting tirade.	false
chaotic_plan_tokens_description_wh3_dlc29_economy_upgrade_basic_food_mid_2	{{tr:chaotic_plan_tokens_description_wh3_dlc29_economic_green_basic_food_mid_1}}	false
chaotic_plan_tokens_description_wh3_dlc29_economy_upgrade_basic_food_mid_3	{{tr:chaotic_plan_tokens_description_wh3_dlc29_economic_green_basic_food_mid_1}}	false
chaotic_plan_tokens_description_wh3_dlc29_economy_upgrade_basic_food_small_2	{{tr:chaotic_plan_tokens_description_wh3_dlc29_economic_green_basic_food_small_1}}	false
chaotic_plan_tokens_description_wh3_dlc29_economy_upgrade_basic_food_small_3	{{tr:chaotic_plan_tokens_description_wh3_dlc29_economic_green_basic_food_small_1}}	false
chaotic_plan_tokens_description_wh3_dlc29_economy_yellow_select_resource_speed	In the totality of Skaven experience, the most common thread among successful schemes and stratagems is their expeditious execution.	false
chaotic_plan_tokens_description_wh3_dlc29_economy_yellow_select_resource_treasury	As beings that exemplify boundless greed – among many other 'qualities' – vermin-kind never lets their inability to enjoy the spoils of war inhibit their drive to attain them.	false
chaotic_plan_tokens_description_wh3_dlc29_economy_yellow_select_resource_warpstone	"It enhances the visions of the Grey Seers, fuels the fleshcraft of Moulder, strengthens the poxes of Pestilens, drives the ingenuity of Skryre. What it does for us, I'm not so sure-sure, but I still want it!"\\n– Tchixx of Clan Eshin	false
chaotic_plan_tokens_description_wh3_dlc29_green_economic_dangerous_treasury_generated	{{tr:chaotic_plan_tokens_description_wh3_dlc29_economic_green_basic_treasury_mid_1}}	false
chaotic_plan_tokens_description_wh3_dlc29_green_economic_dangerous_warpstone_generated	{{tr:chaotic_plan_tokens_description_wh3_dlc29_economic_green_basic_warpstone_small_1}}	false
chaotic_plan_tokens_description_wh3_dlc29_green_military_lab_1_generated	A Hell Pit Abomination rises from the hidden lab, dripping with old grafts and fresh hunger, ready to devour according to plan.	false
chaotic_plan_tokens_description_wh3_dlc29_green_military_lab_2_generated	Prototype Stormfiends, likely a secret of Clan Moulder, lurk ready with grinderfists and blind obedience. Waste them usefully.	false
chaotic_plan_tokens_description_wh3_dlc29_green_military_lab_3_generated	A Doomwheel waits in the lab, half-charged and wholly unsafe. Aim it at the foe and pretend the rest was intended.	false
chaotic_plan_tokens_description_wh3_dlc29_green_military_mercenaries_1_generated	Elite Clan Eshin operatives emerge from the shadows, willing to serve for one battle – and one carefully counted fee.	false
chaotic_plan_tokens_description_wh3_dlc29_green_military_mercenaries_2_generated	A secret Clan Rictus operation lends black-furred Stormvermin to the battle. Their discipline is costly, but enjoyably brutal.	false
chaotic_plan_tokens_description_wh3_dlc29_green_military_mercenaries_3_generated	Death globes from Clan Skryre, likely hidden for experimentation, are now yours to hurl into the battle with appropriate disregard.	false
chaotic_plan_tokens_description_wh3_dlc29_green_military_reinforcements_generated	{{tr:chaotic_plan_tokens_description_wh3_dlc29_purple_military_reinforcements}}	false
chaotic_plan_tokens_description_wh3_dlc29_green_military_warp_doom_magma_cannon	An impossibly clean tunnel-puncture reveals a fiendish cannon, untouched save for a burst warp-coolant tank and melted crew. Easily replaced.	false
chaotic_plan_tokens_description_wh3_dlc29_magic_create_undercity_1	To the surface-dwelling races, the urban planning of vermin-kind might seem incomprehensible, even downright dangerous. That, of course, is indicative of their lesser intellect. They simply cannot fathom the hidden utility of rickety scaffolding and tunnels that wind upon themselves!	false
chaotic_plan_tokens_description_wh3_dlc29_magic_create_undercity_filler_token_assassins	{{tr:building_short_description_texts_short_description_wh2_dlc12_under_empire_discovery_assassins_1}}	false
chaotic_plan_tokens_description_wh3_dlc29_magic_create_undercity_filler_token_crafting	{{tr:building_short_description_texts_short_description_wh2_dlc12_under_empire_money_crafting_2}}	false
chaotic_plan_tokens_description_wh3_dlc29_magic_create_undercity_filler_token_kidnappers	{{tr:building_short_description_texts_short_description_wh2_dlc12_under_empire_food_kidnappers_1}}	false
chaotic_plan_tokens_description_wh3_dlc29_magic_create_undercity_filler_token_mine	{{tr:building_short_description_texts_short_description_wh2_dlc12_under_empire_warpstone_mine_1}}	false
chaotic_plan_tokens_description_wh3_dlc29_magic_create_undercity_filler_token_refinery	{{tr:building_short_description_texts_short_description_wh2_dlc12_under_empire_warpstone_refinery_1}}	false
chaotic_plan_tokens_description_wh3_dlc29_magic_create_undercity_filler_token_strip_mine	{{tr:building_short_description_texts_short_description_wh2_dlc12_under_empire_warpstone_strip_mine_1}}	false
chaotic_plan_tokens_description_wh3_dlc29_magic_create_undercity_filler_token_thieves	{{tr:building_short_description_texts_short_description_wh2_dlc12_under_empire_money_thieves_1}}	false
chaotic_plan_tokens_description_wh3_dlc29_magic_create_undercity_filler_token_treasury	Trinkets and baubles, discovered during Skaven digging – they can aid the effort of establishing tunnels for the Under-Empire!	false
chaotic_plan_tokens_description_wh3_dlc29_magic_create_undercity_piece_a_1	Befitting their secretive nature, the ill-gotten spoils of the assassin clan are distributed without explanation – but you can be sure that it always works out to their advantage.	false
chaotic_plan_tokens_description_wh3_dlc29_magic_create_undercity_piece_b_1	The master moulders of the flesh-craft clan are among the richest Skaven in existence, their opulence clearly evinced by their corpulent bodies and bottomless purses.	false
chaotic_plan_tokens_description_wh3_dlc29_magic_create_undercity_piece_c_1	What tokens a Warlord clan deigns to throw your way are always slicked with blood and grime: the fruitful bounty of the violence, extortion, and subjugation of lesser beings.	false
chaotic_plan_tokens_description_wh3_dlc29_magic_create_undercity_piece_d_1	Investments are a sign of an inordinate interest by the inventor clan in your pursuits, for much of their resources are funnelled back into their own questionable contraptions.	false
chaotic_plan_tokens_description_wh3_dlc29_magic_draw_combo_piece	A taxing adjustment of ritual formulae may hurry a Verminlord through the veil – but surely the natural world will protest the warped presence with redoubled effort?	false
chaotic_plan_tokens_description_wh3_dlc29_magic_pull_moon_1	For thirteen days, the Grey Seers writhe in the alcoves of their temples – addled with Warpstone and delirious with portents of the Horned Rat. All this, to halt a massive remnant of the Chaos Moon and wrench it earthward...	false
chaotic_plan_tokens_description_wh3_dlc29_magic_pull_moon_filler_token_food	By the Horned Rat's will, the gnawing affliction of the Skaven known as the Black Hunger shall be abated by nourishment of a most furtive and bleak provenance. Thus, his teeming children might hatch plans of greater malice.	false
chaotic_plan_tokens_description_wh3_dlc29_magic_pull_moon_filler_token_recruitment_slots	By the Horned Rat's puissance, the verminous horde teems in ever-greater numbers! The chittering legions under your command gnash their teeth, eagerly anticipating the ruin they will soon inflict.	false
chaotic_plan_tokens_description_wh3_dlc29_magic_pull_moon_filler_token_skaven_corruption	By the Horned Rat's musk, the decaying influence of rat-kind strengthens across this land, and the vestiges of civilisation wither before the presence of the ravening swarm.	false
chaotic_plan_tokens_description_wh3_dlc29_magic_pull_moon_filler_token_warpstone	Inch by inch, the warp-meteor grows closer, urged on by the ceaseless chanting of the Grey Seers. Occasionally, chunks of its sickly-green surface are wrenched free and plummet towards the planet – doubtlessly, a gift of encouragement from the Great Horned Rat!	false
chaotic_plan_tokens_description_wh3_dlc29_magic_pull_moon_piece_a_1	This malodorous warp-bile is the plague monks' masterpiece, concocted with such corrosive potency that it could worm its way through the surface of a celestial entity and collapse it from within.	false
chaotic_plan_tokens_description_wh3_dlc29_magic_pull_moon_piece_b_1	By way of precise warpstone overexposure, these vat-grown specimens have bulged to grotesque proportions – impractical for conventional warfare, but consummate beasts of burden for the warp chunks.	false
chaotic_plan_tokens_description_wh3_dlc29_magic_pull_moon_piece_c_1	Using these massive navigational devices, the Warlock-Engineers ceaselessly monitor the shards of the Warp-moon and calculate the complex trajectories necessary to reach their pocked surfaces.	false
chaotic_plan_tokens_description_wh3_dlc29_magic_pull_moon_piece_d_1	A furtive network of Eshin spies cast a complex web of whispers, diversions, and half-truths across the region, maintaining the much-needed shroud of secrecy over the Skaven operation.	false
chaotic_plan_tokens_description_wh3_dlc29_magic_red_chaos_corruption_1	Strange winds howl across the tunnels, carrying distant, mocking laughter – a troubling portent that the clanrats stray further from the ascension ordained by the Great Horned Rat.	false
chaotic_plan_tokens_description_wh3_dlc29_magic_red_chaos_corruption_2	{{tr:chaotic_plan_tokens_description_wh3_dlc29_magic_red_chaos_corruption_1}}	false
chaotic_plan_tokens_description_wh3_dlc29_magic_red_chaos_corruption_3	{{tr:chaotic_plan_tokens_description_wh3_dlc29_magic_red_chaos_corruption_1}}	false
chaotic_plan_tokens_description_wh3_dlc29_magic_red_elite_chaos_corruption_1	[[i]]"Across an endless tunnel leading nowhere, cloying fumes waft and blackened moss spreads. Faintly, brass chains rattle in the distance – ever close-closer..."[[/i]]/n– Hissweep the Rattler, under the effects of Warpstone	false
chaotic_plan_tokens_description_wh3_dlc29_magic_red_elite_khorne_corruption_1	Grown berserk under invisible influence, entire tunnels' worth of rats erupt in orgiastic violence – arteries gush under chiselled teeth, snouts glisten with viscera – and then all grows eerily still and noisome with offal-stench.	false
chaotic_plan_tokens_description_wh3_dlc29_magic_red_elite_nurgle_corruption_1	A sea of hollow-eyed rats shudders in droning incantation, their decaying jaws like grottoes leaking stringy pus.	false
chaotic_plan_tokens_description_wh3_dlc29_magic_red_elite_slaanesh_corruption_1	Cruelty among rat-kind has taken on an otherworldly quality, as they plunge blades of differing serrations into the flesh of their weaker vermin, and call their agonised screeching 'music'.	false
chaotic_plan_tokens_description_wh3_dlc29_magic_red_elite_tzeentch_corruption_1	Paranoid and frenzied, the rat-men divide into doom-squeakers who screech visions of a prismatic apocalypse and tight-snouted cabals digging furtive tunnels in strange, geometric patterns.	false
chaotic_plan_tokens_description_wh3_dlc29_magic_red_enemy_verminlord_corruptor_1	With abject horror, you sense this pestilent reaper studying you with unguarded malice, for there are none more malignant or more uncompromising than these infested terrors.	false
chaotic_plan_tokens_description_wh3_dlc29_magic_red_enemy_verminlord_deceiver_1	A deep sense of cosmic wrongness descends with the pall of jet-black darkness, and is replaced by a creeping dread – this formless, shifting horror knows no bounds in its slaying...	false
chaotic_plan_tokens_description_wh3_dlc29_magic_red_enemy_verminlord_warbringer_1	Emerging from a rolling umbra, the battle-tyrant appraises the battlefield with a bloodthirsty gaze, and its all-encompassing lust for carnage gnaws at your soul.	false
chaotic_plan_tokens_description_wh3_dlc29_magic_red_enemy_verminlord_warpseer_1	Amid fumes of purest Warpstone, the miasma of fragmented futures creeps, and all its facets point to your violent and untimely end.	false
chaotic_plan_tokens_description_wh3_dlc29_magic_red_eshin_alarm_1	Clouds of curling smoke snake their way into the guard-rats' lungs with near-intelligent malice, and black-clad shadows slip unnoticed amidst the ungodly racket.	false
chaotic_plan_tokens_description_wh3_dlc29_magic_red_khorne_corruption_1	Clanrats grow exceedingly vicious and violent. Bloodshed seems to be their only delight, and after picking them clean, they string the skulls of the fallen on belts or wear them as trinkets.	false
chaotic_plan_tokens_description_wh3_dlc29_magic_red_moulder_alarm_1	Shrieking, the vat-grown mutants collapse into quivering heaps, their bulging muscles contracting with crushing force onto their experimental bone structure. Too late, you realise: you have been sold unstable Rat Ogres!	false
chaotic_plan_tokens_description_wh3_dlc29_magic_red_nurgle_corruption_1	Mangy-furred clanrats grow patchy with buboes, their lesioned flesh weeping filmy secretions. Yet the near-joyous contentment of the afflicted is the most repulsive sight of all.	false
chaotic_plan_tokens_description_wh3_dlc29_magic_red_rictus_alarm_1	Stormvermin are a notoriously greedy and self-serving bunch, and the black-furred enforcers of Clan Rictus are the worst of them all. Having decided a trove of spoils is rightfully theirs, they have left a trail of maimed and squealing rat-guards as proof.	false
chaotic_plan_tokens_description_wh3_dlc29_magic_red_skryre_alarm_1	Amid the squeals of dying rats, their flesh sloughing off in formless chunks, you make a bitter note that what a passing Skryre caravan sold you as 'refined Warpstone' is, very clearly, nothing of the sort.	false
chaotic_plan_tokens_description_wh3_dlc29_magic_red_slaanesh_corruption_1	Moderation is ill regarded among the Skaven, but their newfound indulgence in ravenous appetites and purposeless cruelty has crossed a threshold darker still.	false
chaotic_plan_tokens_description_wh3_dlc29_magic_red_tzeentch_corruption_1	The verminous horde is acting erratically, aimlessly digging spiralling tunnels and forming gibbering throngs that lash out for no discernible reason.	false
chaotic_plan_tokens_description_wh3_dlc29_magic_res_activated_negative_daemon_khorne	{{tr:chaotic_plan_tokens_description_wh3_dlc29_magic_res_activated_negative_daemon_nurgle}}	false
chaotic_plan_tokens_description_wh3_dlc29_magic_res_activated_negative_daemon_nurgle	The veil-tear disgorges a teeming mass of dreadful beings whose depthless malice cannot discern conjurer from intended victim.	false
chaotic_plan_tokens_description_wh3_dlc29_magic_res_activated_negative_daemon_slaanesh	{{tr:chaotic_plan_tokens_description_wh3_dlc29_magic_res_activated_negative_daemon_nurgle}}	false
chaotic_plan_tokens_description_wh3_dlc29_magic_res_activated_negative_daemon_tzeentch	{{tr:chaotic_plan_tokens_description_wh3_dlc29_magic_res_activated_negative_daemon_nurgle}}	false
chaotic_plan_tokens_description_wh3_dlc29_magic_summon_verminlord_corruptor_1	An aura of despair and pervasive rot oozes from this culler of civilisation; where it treads, bile seeps and life wilts with dreadful speed.	false
chaotic_plan_tokens_description_wh3_dlc29_magic_summon_verminlord_corruptor_2	{{tr:chaotic_plan_tokens_description_wh3_dlc29_magic_summon_verminlord_corruptor_1}}	false
chaotic_plan_tokens_description_wh3_dlc29_magic_summon_verminlord_corruptor_3	{{tr:chaotic_plan_tokens_description_wh3_dlc29_magic_summon_verminlord_corruptor_1}}	false
chaotic_plan_tokens_description_wh3_dlc29_magic_summon_verminlord_corruptor_4	{{tr:chaotic_plan_tokens_description_wh3_dlc29_magic_summon_verminlord_corruptor_1}}	false
chaotic_plan_tokens_description_wh3_dlc29_magic_summon_verminlord_corruptor_5	{{tr:chaotic_plan_tokens_description_wh3_dlc29_magic_summon_verminlord_corruptor_1}}	false
chaotic_plan_tokens_description_wh3_dlc29_magic_summon_verminlord_deceiver_1	The air grows ashen and biting as hungering darkness manifests. In its presence, the world grows colourless and wan as it snuffs out light, then hope, then life itself.	false
chaotic_plan_tokens_description_wh3_dlc29_magic_summon_verminlord_deceiver_2	{{tr:chaotic_plan_tokens_description_wh3_dlc29_magic_summon_verminlord_deceiver_1}}	false
chaotic_plan_tokens_description_wh3_dlc29_magic_summon_verminlord_deceiver_3	{{tr:chaotic_plan_tokens_description_wh3_dlc29_magic_summon_verminlord_deceiver_1}}	false
chaotic_plan_tokens_description_wh3_dlc29_magic_summon_verminlord_deceiver_4	{{tr:chaotic_plan_tokens_description_wh3_dlc29_magic_summon_verminlord_deceiver_1}}	false
chaotic_plan_tokens_description_wh3_dlc29_magic_summon_verminlord_deceiver_5	{{tr:chaotic_plan_tokens_description_wh3_dlc29_magic_summon_verminlord_deceiver_1}}	false
chaotic_plan_tokens_description_wh3_dlc29_magic_summon_verminlord_dummy_1	By way of a ritual most secretive and brazen, your Underling will attempt to conjure a Verminlord – the most dire of the Horned One's children!	false
chaotic_plan_tokens_description_wh3_dlc29_magic_summon_verminlord_dummy_2	{{tr:chaotic_plan_tokens_description_wh3_dlc29_magic_summon_verminlord_dummy_1}}	false
chaotic_plan_tokens_description_wh3_dlc29_magic_summon_verminlord_dummy_3	{{tr:chaotic_plan_tokens_description_wh3_dlc29_magic_summon_verminlord_dummy_1}}	false
chaotic_plan_tokens_description_wh3_dlc29_magic_summon_verminlord_dummy_4	{{tr:chaotic_plan_tokens_description_wh3_dlc29_magic_summon_verminlord_dummy_1}}	false
chaotic_plan_tokens_description_wh3_dlc29_magic_summon_verminlord_dummy_5	{{tr:chaotic_plan_tokens_description_wh3_dlc29_magic_summon_verminlord_dummy_1}}	false
chaotic_plan_tokens_description_wh3_dlc29_magic_summon_verminlord_piece_eshin_1	To summon a conglomerate evil, all Skavendom’s aspects must proliferate – theft, sabotage, and murder foremost among them.	false
chaotic_plan_tokens_description_wh3_dlc29_magic_summon_verminlord_piece_eshin_2	{{tr:chaotic_plan_tokens_description_wh3_dlc29_magic_summon_verminlord_piece_eshin_1}}	false
chaotic_plan_tokens_description_wh3_dlc29_magic_summon_verminlord_piece_eshin_3	{{tr:chaotic_plan_tokens_description_wh3_dlc29_magic_summon_verminlord_piece_eshin_1}}	false
chaotic_plan_tokens_description_wh3_dlc29_magic_summon_verminlord_piece_eshin_4	{{tr:chaotic_plan_tokens_description_wh3_dlc29_magic_summon_verminlord_piece_eshin_1}}	false
chaotic_plan_tokens_description_wh3_dlc29_magic_summon_verminlord_piece_eshin_5	{{tr:chaotic_plan_tokens_description_wh3_dlc29_magic_summon_verminlord_piece_eshin_1}}	false
chaotic_plan_tokens_description_wh3_dlc29_magic_summon_verminlord_piece_moulder_1	Dark are the flesh-craft clan’s creations, and their brazen demands are growing darker still. None who use Hell Pit’s horrors dare question its depravities.	false
chaotic_plan_tokens_description_wh3_dlc29_magic_summon_verminlord_piece_moulder_2	{{tr:chaotic_plan_tokens_description_wh3_dlc29_magic_summon_verminlord_piece_moulder_1}}	false
chaotic_plan_tokens_description_wh3_dlc29_magic_summon_verminlord_piece_moulder_3	{{tr:chaotic_plan_tokens_description_wh3_dlc29_magic_summon_verminlord_piece_moulder_1}}	false
chaotic_plan_tokens_description_wh3_dlc29_magic_summon_verminlord_piece_moulder_4	{{tr:chaotic_plan_tokens_description_wh3_dlc29_magic_summon_verminlord_piece_moulder_1}}	false
chaotic_plan_tokens_description_wh3_dlc29_magic_summon_verminlord_piece_moulder_5	{{tr:chaotic_plan_tokens_description_wh3_dlc29_magic_summon_verminlord_piece_moulder_1}}	false
chaotic_plan_tokens_description_wh3_dlc29_magic_summon_verminlord_piece_pestilens_1	Woe betide those who earn the pestilent priesthood's ire, for from their depthless sockets they bore weeping sores upon the unfaithful.	false
chaotic_plan_tokens_description_wh3_dlc29_magic_summon_verminlord_piece_pestilens_2	{{tr:chaotic_plan_tokens_description_wh3_dlc29_magic_summon_verminlord_piece_pestilens_1}}	false
chaotic_plan_tokens_description_wh3_dlc29_magic_summon_verminlord_piece_pestilens_3	{{tr:chaotic_plan_tokens_description_wh3_dlc29_magic_summon_verminlord_piece_pestilens_1}}	false
chaotic_plan_tokens_description_wh3_dlc29_magic_summon_verminlord_piece_pestilens_4	{{tr:chaotic_plan_tokens_description_wh3_dlc29_magic_summon_verminlord_piece_pestilens_1}}	false
chaotic_plan_tokens_description_wh3_dlc29_magic_summon_verminlord_piece_pestilens_5	{{tr:chaotic_plan_tokens_description_wh3_dlc29_magic_summon_verminlord_piece_pestilens_1}}	false
chaotic_plan_tokens_description_wh3_dlc29_magic_summon_verminlord_piece_skryre_1	Twisted are the Warlock Engineers’ minds, and infernal the devices birthed in their warpforges amid fevered clangour and Warpstone thrum.	false
chaotic_plan_tokens_description_wh3_dlc29_magic_summon_verminlord_piece_skryre_2	{{tr:chaotic_plan_tokens_description_wh3_dlc29_magic_summon_verminlord_piece_skryre_1}}	false
chaotic_plan_tokens_description_wh3_dlc29_magic_summon_verminlord_piece_skryre_3	{{tr:chaotic_plan_tokens_description_wh3_dlc29_magic_summon_verminlord_piece_skryre_1}}	false
chaotic_plan_tokens_description_wh3_dlc29_magic_summon_verminlord_piece_skryre_4	{{tr:chaotic_plan_tokens_description_wh3_dlc29_magic_summon_verminlord_piece_skryre_1}}	false
chaotic_plan_tokens_description_wh3_dlc29_magic_summon_verminlord_piece_skryre_5	{{tr:chaotic_plan_tokens_description_wh3_dlc29_magic_summon_verminlord_piece_skryre_1}}	false
chaotic_plan_tokens_description_wh3_dlc29_magic_summon_verminlord_warbringer_1	The sinewed battle-tyrant emerges amid whorls of acrid smoke, welcomed by chittering tumult. In its presence, the vermin embolden and, by their awe, deepen their malevolence.	false
chaotic_plan_tokens_description_wh3_dlc29_magic_summon_verminlord_warbringer_2	{{tr:chaotic_plan_tokens_description_wh3_dlc29_magic_summon_verminlord_warbringer_1}}	false
chaotic_plan_tokens_description_wh3_dlc29_magic_summon_verminlord_warbringer_3	{{tr:chaotic_plan_tokens_description_wh3_dlc29_magic_summon_verminlord_warbringer_1}}	false
chaotic_plan_tokens_description_wh3_dlc29_magic_summon_verminlord_warbringer_4	{{tr:chaotic_plan_tokens_description_wh3_dlc29_magic_summon_verminlord_warbringer_1}}	false
chaotic_plan_tokens_description_wh3_dlc29_magic_summon_verminlord_warbringer_5	{{tr:chaotic_plan_tokens_description_wh3_dlc29_magic_summon_verminlord_warbringer_1}}	false
chaotic_plan_tokens_description_wh3_dlc29_magic_summon_verminlord_warpseer_1	At the zenith of its triumphant appearance, pitiless lashes of black lightning scorch the earth. A webwork of charred grooves is left in their wake, marking where this fathomless evil has wounded reality.	false
chaotic_plan_tokens_description_wh3_dlc29_magic_summon_verminlord_warpseer_2	{{tr:chaotic_plan_tokens_description_wh3_dlc29_magic_summon_verminlord_warpseer_1}}	false
chaotic_plan_tokens_description_wh3_dlc29_magic_summon_verminlord_warpseer_3	{{tr:chaotic_plan_tokens_description_wh3_dlc29_magic_summon_verminlord_warpseer_1}}	false
chaotic_plan_tokens_description_wh3_dlc29_magic_summon_verminlord_warpseer_4	{{tr:chaotic_plan_tokens_description_wh3_dlc29_magic_summon_verminlord_warpseer_1}}	false
chaotic_plan_tokens_description_wh3_dlc29_magic_summon_verminlord_warpseer_5	{{tr:chaotic_plan_tokens_description_wh3_dlc29_magic_summon_verminlord_warpseer_1}}	false
chaotic_plan_tokens_description_wh3_dlc29_magic_upgrade_verminlord_1	By feverish warp-glow, acolytes of horned sorcery ceaselessly scribble the diabolical incantations required to entreat the most powerful of the Verminlords.	false
chaotic_plan_tokens_description_wh3_dlc29_magic_upgrade_verminlord_2	{{tr:chaotic_plan_tokens_description_wh3_dlc29_magic_upgrade_verminlord_1}}	false
chaotic_plan_tokens_description_wh3_dlc29_magic_upgrade_verminlord_3	{{tr:chaotic_plan_tokens_description_wh3_dlc29_magic_upgrade_verminlord_1}}	false
chaotic_plan_tokens_description_wh3_dlc29_magic_upgrade_verminlord_4	{{tr:chaotic_plan_tokens_description_wh3_dlc29_magic_upgrade_verminlord_1}}	false
chaotic_plan_tokens_description_wh3_dlc29_magic_upgrade_verminlord_5	{{tr:chaotic_plan_tokens_description_wh3_dlc29_magic_upgrade_verminlord_1}}	false
chaotic_plan_tokens_description_wh3_dlc29_magic_verminlord_rank_up	The dimensional veil thins beneath tempestuous Winds of Magic, their howling a dirge for a reality beset by such umbral majesty.	false
chaotic_plan_tokens_description_wh3_dlc29_military_action_assassin	{{tr:unit_description_short_texts_text_wh2_main_unit_short_text_skv_cha_assassin}}	false
chaotic_plan_tokens_description_wh3_dlc29_military_action_assassin_2	{{tr:unit_description_short_texts_text_wh2_main_unit_short_text_skv_cha_assassin}}	false
chaotic_plan_tokens_description_wh3_dlc29_military_action_assassin_3	{{tr:unit_description_short_texts_text_wh2_main_unit_short_text_skv_cha_assassin}}	false
chaotic_plan_tokens_description_wh3_dlc29_military_action_assassin_draw	Beneath the obvious tunnels lies Eshin’s private web: forgotten cracks, murder-holes, and routes known only to those who never miss.	false
chaotic_plan_tokens_description_wh3_dlc29_military_action_bounty_chieftain_0	This rat will only be a liability, they will surely cause the plan to fail – better to profit from their death and remove a potential traitor in one fell swoop!	false
chaotic_plan_tokens_description_wh3_dlc29_military_action_bounty_chieftain_1	{{tr:chaotic_plan_tokens_description_wh3_dlc29_military_action_bounty_chieftain_0}}	false
chaotic_plan_tokens_description_wh3_dlc29_military_action_bounty_packmaster_0	{{tr:chaotic_plan_tokens_description_wh3_dlc29_military_action_bounty_chieftain_0}}	false
chaotic_plan_tokens_description_wh3_dlc29_military_action_bounty_packmaster_2	{{tr:chaotic_plan_tokens_description_wh3_dlc29_military_action_bounty_chieftain_0}}	false
chaotic_plan_tokens_description_wh3_dlc29_military_action_bounty_plague_priest_0	{{tr:chaotic_plan_tokens_description_wh3_dlc29_military_action_bounty_chieftain_0}}	false
chaotic_plan_tokens_description_wh3_dlc29_military_action_bounty_plague_priest_2	{{tr:chaotic_plan_tokens_description_wh3_dlc29_military_action_bounty_chieftain_0}}	false
chaotic_plan_tokens_description_wh3_dlc29_military_action_bounty_warlock_engineer	{{tr:chaotic_plan_tokens_description_wh3_dlc29_military_action_bounty_chieftain_0}}	false
chaotic_plan_tokens_description_wh3_dlc29_military_action_chieftain_0	{{tr:unit_description_short_texts_text_wh2_dlc16_unit_short_text_skv_cha_chieftain}}	false
chaotic_plan_tokens_description_wh3_dlc29_military_action_chieftain_1	{{tr:unit_description_short_texts_text_wh2_dlc16_unit_short_text_skv_cha_chieftain}}	false
chaotic_plan_tokens_description_wh3_dlc29_military_action_chieftain_2	{{tr:unit_description_short_texts_text_wh2_dlc16_unit_short_text_skv_cha_chieftain}}	false
chaotic_plan_tokens_description_wh3_dlc29_military_action_eshin_sorcerer	{{tr:unit_description_short_texts_text_wh2_dlc14_unit_short_text_skv_cha_eshin_sorcerer}}	false
chaotic_plan_tokens_description_wh3_dlc29_military_action_eshin_sorcerer_1	{{tr:unit_description_short_texts_text_wh2_dlc14_unit_short_text_skv_cha_eshin_sorcerer}}	false
chaotic_plan_tokens_description_wh3_dlc29_military_action_eshin_sorcerer_2	{{tr:unit_description_short_texts_text_wh2_dlc14_unit_short_text_skv_cha_eshin_sorcerer}}	false
chaotic_plan_tokens_description_wh3_dlc29_military_action_packmaster_0	{{tr:unit_description_short_texts_text_wh2_dlc16_unit_short_text_skv_cha_packmaster}}	false
chaotic_plan_tokens_description_wh3_dlc29_military_action_packmaster_1	{{tr:unit_description_short_texts_text_wh2_dlc16_unit_short_text_skv_cha_packmaster}}	false
chaotic_plan_tokens_description_wh3_dlc29_military_action_packmaster_2	{{tr:unit_description_short_texts_text_wh2_dlc16_unit_short_text_skv_cha_packmaster}}	false
chaotic_plan_tokens_description_wh3_dlc29_military_action_plague_priest_0	{{tr:unit_description_short_texts_text_wh2_main_unit_short_text_skv_cha_plague_priest_0}}	false
chaotic_plan_tokens_description_wh3_dlc29_military_action_plague_priest_1	{{tr:unit_description_short_texts_text_wh2_main_unit_short_text_skv_cha_plague_priest_0}}	false
chaotic_plan_tokens_description_wh3_dlc29_military_action_plague_priest_2	{{tr:unit_description_short_texts_text_wh2_main_unit_short_text_skv_cha_plague_priest_0}}	false
chaotic_plan_tokens_description_wh3_dlc29_military_action_skill_grey_seer_censer_bearers	Dare not question the diseased ones' favour. Better to chant the Liturgus Infectus and stoke their unflinching zeal into unholy fervour.	false
chaotic_plan_tokens_description_wh3_dlc29_military_action_skill_grey_seer_draw_units_1	The Underling deems better rat-fodder a worthy expense, lest a weak army bring dire consequences upon his own hide.	false
chaotic_plan_tokens_description_wh3_dlc29_military_action_skill_grey_seer_draw_units_2	{{tr:chaotic_plan_tokens_description_wh3_dlc29_military_action_skill_grey_seer_draw_units_1}}	false
chaotic_plan_tokens_description_wh3_dlc29_military_action_skill_grey_seer_draw_units_3	{{tr:chaotic_plan_tokens_description_wh3_dlc29_military_action_skill_grey_seer_draw_units_1}}	false
chaotic_plan_tokens_description_wh3_dlc29_military_action_skill_grey_seer_draw_units_4	{{tr:chaotic_plan_tokens_description_wh3_dlc29_military_action_skill_grey_seer_draw_units_1}}	false
chaotic_plan_tokens_description_wh3_dlc29_military_action_skill_grey_seer_draw_units_5	{{tr:chaotic_plan_tokens_description_wh3_dlc29_military_action_skill_grey_seer_draw_units_1}}	false
chaotic_plan_tokens_description_wh3_dlc29_military_action_skill_grey_seer_stormfiend	Unholy amalgams of Moulder fleshcraft and Skryre techno-sorcery, these hulking abominations bear grafts that spew vile, burning ooze.	false
chaotic_plan_tokens_description_wh3_dlc29_military_action_skill_grey_seer_stormvermin_generated	{{tr:chaotic_plan_tokens_description_wh3_dlc29_military_green_rictus_stormvermin_1}}	false
chaotic_plan_tokens_description_wh3_dlc29_military_action_skill_spawn_cauldron_poxes_1	{{tr:chaotic_plan_tokens_description_wh3_dlc29_military_action_skill_spawn_cauldron_poxes_generated}}	false
chaotic_plan_tokens_description_wh3_dlc29_military_action_skill_spawn_cauldron_poxes_2	{{tr:chaotic_plan_tokens_description_wh3_dlc29_military_action_skill_spawn_cauldron_poxes_generated}}	false
chaotic_plan_tokens_description_wh3_dlc29_military_action_skill_spawn_cauldron_poxes_3	{{tr:chaotic_plan_tokens_description_wh3_dlc29_military_action_skill_spawn_cauldron_poxes_generated}}	false
chaotic_plan_tokens_description_wh3_dlc29_military_action_skill_spawn_cauldron_poxes_generated	The appearance of such a virulent relic is a mighty honour of the pestilent order, for these pox-bearing vessels are ancient beyond memory and precious few in number.	false
chaotic_plan_tokens_description_wh3_dlc29_military_action_skill_spawn_death_globe_bombadiers_generated	{{tr:unit_description_short_texts_text_wh2_main_unit_short_text_skv_inf_death_globe_bombardiers}}	false
chaotic_plan_tokens_description_wh3_dlc29_military_action_skill_spawn_hell_pit_abomination_1	This living mountain of misshapen flesh requires an equally hideous quantity of sustenance.	false
chaotic_plan_tokens_description_wh3_dlc29_military_action_skill_spawn_hell_pit_abomination_2	{{tr:chaotic_plan_tokens_description_wh3_dlc29_military_action_skill_spawn_hell_pit_abomination_1}}	false
chaotic_plan_tokens_description_wh3_dlc29_military_action_skill_spawn_hell_pit_abomination_generated	Most foes flee this behemoth: a rippling tide of unnatural spasms, dragging itself forwards with surprising speed on limbs, grafts, and mechanical bits.	false
chaotic_plan_tokens_description_wh3_dlc29_military_action_skill_spawn_poisoned_wind_mortars_dlc_generated	{{tr:unit_description_short_texts_text_wh2_dlc14_unit_short_text_skv_poison_wind_mortar}}	false
chaotic_plan_tokens_description_wh3_dlc29_military_action_skill_spawn_stormvermin_rank_9_generated	Leadership squabbles among the Skaven are regularly settled by butchery, and an armoured cadre of Stormvermin is ideal for such dirty work.	false
chaotic_plan_tokens_description_wh3_dlc29_military_action_skill_spawn_warp_doom_magma_cannon	What possessed the Warlock Engineers to deem the unearthly devastation of a warp-beam insufficient, and therefore in need of enhancement?	false
chaotic_plan_tokens_description_wh3_dlc29_military_action_skill_spawn_warp_doom_magma_cannon_generated	{{tr:unit_description_short_texts_text_wh3_dlc29_unit_short_text_skv_art_warp_doom_magma_cannon}}	false
chaotic_plan_tokens_description_wh3_dlc29_military_action_warlock_engineer	{{tr:unit_description_short_texts_text_wh2_main_unit_short_text_skv_cha_warlock_engineer}}	false
chaotic_plan_tokens_description_wh3_dlc29_military_action_warlock_engineer_2	{{tr:unit_description_short_texts_text_wh2_main_unit_short_text_skv_cha_warlock_engineer}}	false
chaotic_plan_tokens_description_wh3_dlc29_military_action_warlock_engineer_3	{{tr:unit_description_short_texts_text_wh2_main_unit_short_text_skv_cha_warlock_engineer}}	false
chaotic_plan_tokens_description_wh3_dlc29_military_green_assassin	{{tr:unit_description_short_texts_text_wh2_main_unit_short_text_skv_cha_assassin}}	false
chaotic_plan_tokens_description_wh3_dlc29_military_green_assassin_2	{{tr:unit_description_short_texts_text_wh2_main_unit_short_text_skv_cha_assassin}}	false
chaotic_plan_tokens_description_wh3_dlc29_military_green_assassin_3	{{tr:unit_description_short_texts_text_wh2_main_unit_short_text_skv_cha_assassin}}	false
chaotic_plan_tokens_description_wh3_dlc29_military_green_basic_infantry_1	Of all the teeming masses, only the slave-rat worker dregs surpass Clanrats in number and contempt.	false
chaotic_plan_tokens_description_wh3_dlc29_military_green_basic_infantry_2	The arming standards of a chittering war machine – utterly indifferent to the masses that fuel it – are predictably low, producing unsophisticated but crudely effective results.	false
chaotic_plan_tokens_description_wh3_dlc29_military_green_basic_infantry_grey_seer_3	The arming standards of a chittering war machine – utterly indifferent to the masses that fuel it – are predictably low, producing unsophisticated but crudely effective results.	false
chaotic_plan_tokens_description_wh3_dlc29_military_green_basic_infantry_grey_seer_3_generated	The arming standards of a chittering war machine – utterly indifferent to the masses that fuel it – are predictably low, producing unsophisticated but crudely effective results.	false
chaotic_plan_tokens_description_wh3_dlc29_military_green_basic_infantry_spears_1	Viciously hooked and deformed by rust and misuse, the simple armaments of the Clanrat masses inflict wounds that long outlast their wielders.	false
chaotic_plan_tokens_description_wh3_dlc29_military_green_basic_infantry_spears_2	{{tr:unit_description_short_texts_text_wh2_main_unit_short_text_skv_inf_clanrat_spearmen_1}}	false
chaotic_plan_tokens_description_wh3_dlc29_military_green_basic_missile_infantry_1	These furtive squads move in the shadows well in advance of the verminous ranks – capturing strategic positions, harassing the foe and luring hasty pursuits into nasty death-traps.	false
chaotic_plan_tokens_description_wh3_dlc29_military_green_basic_missile_infantry_slingers_1	{{tr:unit_description_short_texts_text_wh2_main_unit_short_text_skv_inf_night_runners_1}}	false
chaotic_plan_tokens_description_wh3_dlc29_military_green_basic_monsters_1	This hulking crossbreed is a pinnacle of Moulder flesh-weaving, blending the frantic nature of Skaven with an Ogre's might and somehow magnifying the desperate hunger of both races.	false
chaotic_plan_tokens_description_wh3_dlc29_military_green_basic_pusbags_1	The already unenviable fate of the Skavenslaves takes a turn for the worse in Clan Pestilens, where they double as test subjects of the newest maladies and contagions.	false
chaotic_plan_tokens_description_wh3_dlc29_military_green_basic_pusbags_2	{{tr:chaotic_plan_tokens_description_wh3_dlc29_military_green_basic_pusbags_1}}	false
chaotic_plan_tokens_description_wh3_dlc29_military_green_basic_skavenslaves	The majority of the Under-Empire's population is made up of its lowest caste individuals – a teeming, short-lived, verminous mass that is bereft of any hope save a quick and (relatively) painless death.	false
chaotic_plan_tokens_description_wh3_dlc29_military_green_basic_skavenslaves_lower_chance	The majority of the Under-Empire's population is made up of its lowest caste individuals – a teeming, short-lived, verminous mass that is bereft of any hope save a quick and (relatively) painless death.	false
chaotic_plan_tokens_description_wh3_dlc29_military_green_brood_horror_dlc_1	{{tr:unit_description_short_texts_text_wh2_dlc16_unit_short_text_skv_mon_brood_horror}}	false
chaotic_plan_tokens_description_wh3_dlc29_military_green_brood_horror_dlc_2	{{tr:unit_description_short_texts_text_wh2_dlc16_unit_short_text_skv_mon_brood_horror}}	false
chaotic_plan_tokens_description_wh3_dlc29_military_green_chieftain_0	{{tr:unit_description_short_texts_text_wh2_dlc16_unit_short_text_skv_cha_chieftain}}	false
chaotic_plan_tokens_description_wh3_dlc29_military_green_chieftain_1	{{tr:unit_description_short_texts_text_wh2_dlc16_unit_short_text_skv_cha_chieftain}}	false
chaotic_plan_tokens_description_wh3_dlc29_military_green_chieftain_2	{{tr:unit_description_short_texts_text_wh2_dlc16_unit_short_text_skv_cha_chieftain}}	false
chaotic_plan_tokens_description_wh3_dlc29_military_green_death_globe_bombadiers_1	"Take caution-care with this globe, for in its murk coils a roiling fug that scalds flesh from bone and fills the lungs with pus."\\n– Phikk the Impurged, Master Engineer	false
chaotic_plan_tokens_description_wh3_dlc29_military_green_death_globe_bombadiers_2	"Take caution-care with this globe, for in its murk coils a roiling fug that scalds flesh from bone and fills the lungs with pus."\\n– Phikk the Impurged, Master Engineer	false
chaotic_plan_tokens_description_wh3_dlc29_military_green_death_runners_1	Night raids, arson attacks, and befouled water supplies are favoured terror tactics of these clandestine death-masters.	false
chaotic_plan_tokens_description_wh3_dlc29_military_green_death_runners_2	Night raids, arson attacks, and befouled water supplies are favoured terror tactics of these clandestine death-masters.	false
chaotic_plan_tokens_description_wh3_dlc29_military_green_death_runners_3	Night raids, arson attacks, and befouled water supplies are favoured terror tactics of these clandestine death-masters.	false
chaotic_plan_tokens_description_wh3_dlc29_military_green_doom_flayer_dlc_1	A death-dealing apparatus of an almost too-Skaven design, this whirling abattoir marries a warpstone generator to serrated devastation.	false
chaotic_plan_tokens_description_wh3_dlc29_military_green_doom_flayer_dlc_2	A death-dealing apparatus of an almost too-Skaven design, this whirling abattoir marries a Warpstone generator to serrated devastation.	false
chaotic_plan_tokens_description_wh3_dlc29_military_green_doomwheel_1	{{tr:unit_description_short_texts_text_wh2_main_unit_short_text_skv_veh_doomwheel}}	false
chaotic_plan_tokens_description_wh3_dlc29_military_green_doomwheel_2	{{tr:unit_description_short_texts_text_wh2_main_unit_short_text_skv_veh_doomwheel}}	false
chaotic_plan_tokens_description_wh3_dlc29_military_green_eshin_sorcerer	{{tr:unit_description_short_texts_text_wh2_dlc14_unit_short_text_skv_cha_eshin_sorcerer}}	false
chaotic_plan_tokens_description_wh3_dlc29_military_green_eshin_sorcerer_1	{{tr:unit_description_short_texts_text_wh2_dlc14_unit_short_text_skv_cha_eshin_sorcerer}}	false
chaotic_plan_tokens_description_wh3_dlc29_military_green_eshin_sorcerer_2	{{tr:unit_description_short_texts_text_wh2_dlc14_unit_short_text_skv_cha_eshin_sorcerer}}	false
chaotic_plan_tokens_description_wh3_dlc29_military_green_eshin_triads_dlc_1	Though black-furred vermin often take the soldier’s path due to their size and brawn, some develop speed and reflex enough to become a subtler breed of death-dealer.	false
chaotic_plan_tokens_description_wh3_dlc29_military_green_gutter_runners_1	{{tr:unit_description_short_texts_text_wh2_main_unit_short_text_skv_inf_gutter_runners_0}}	false
chaotic_plan_tokens_description_wh3_dlc29_military_green_gutter_runners_1_double	"The warlord stiffened suddenly, his eyes widening in disbelief. Blood rose from his throat in a gurgling froth. A second assassin wrenched his dark, serrated blade from the warlord's back."\\n– an Eshin tale	false
chaotic_plan_tokens_description_wh3_dlc29_military_green_gutter_runners_1_poison	{{tr:unit_description_short_texts_text_wh2_main_unit_short_text_skv_inf_gutter_runners_1}}	false
chaotic_plan_tokens_description_wh3_dlc29_military_green_gutter_runners_slingers_1	{{tr:unit_description_short_texts_text_wh2_main_unit_short_text_skv_inf_gutter_runner_slingers_0}}	false
chaotic_plan_tokens_description_wh3_dlc29_military_green_gutter_runners_slingers_1_poison	{{tr:unit_description_short_texts_text_wh2_main_unit_short_text_skv_inf_gutter_runner_slingers_0}}	false
chaotic_plan_tokens_description_wh3_dlc29_military_green_hell_pit_abomination	{{tr:chaotic_plan_tokens_description_wh3_dlc29_military_action_skill_spawn_hell_pit_abomination_generated}}	false
chaotic_plan_tokens_description_wh3_dlc29_military_green_moulder_stormfiends_doomflayer_1	Panicked retreat is wholesale preferable to facing these monstrous tunnel fighters, for the spinning cleaver blades adorning their extremities are too well suited to butchery in the enclosed spaces of the labyrinthine dark.	false
chaotic_plan_tokens_description_wh3_dlc29_military_green_moulder_stormfiends_doomflayer_2	{{tr:chaotic_plan_tokens_description_wh3_dlc29_military_green_moulder_stormfiends_doomflayer_1}}	false
chaotic_plan_tokens_description_wh3_dlc29_military_green_moulder_stormfiends_grinder_1	What was initially a utility-driven flesh-graft quickly proved its effectiveness on the battlefield – for if a tool tunnels with ease through rock, what chance could bone stand?	false
chaotic_plan_tokens_description_wh3_dlc29_military_green_moulder_stormfiends_grinder_2	{{tr:chaotic_plan_tokens_description_wh3_dlc29_military_green_moulder_stormfiends_grinder_1}}	false
chaotic_plan_tokens_description_wh3_dlc29_military_green_moulder_stormfiends_shock_1	Warp-lightning wreathes the brute’s hulking mass, its limb-like arcs flailing with near-intelligent malevolence, turning all they touch to ash.	false
chaotic_plan_tokens_description_wh3_dlc29_military_green_moulder_stormfiends_shock_2	{{tr:chaotic_plan_tokens_description_wh3_dlc29_military_green_moulder_stormfiends_shock_1}}	false
chaotic_plan_tokens_description_wh3_dlc29_military_green_moulder_wolf_rats_dlc_1	Look no further for proof that a Master Moulder's flesh-craft is not a crude pursuit of strength and size, and can breed all sorts of nightmarish amalgamations driven by ravening hunger.	false
chaotic_plan_tokens_description_wh3_dlc29_military_green_moulder_wolf_rats_dlc_2	{{tr:unit_description_short_texts_text_wh2_dlc16_unit_short_text_skv_mon_wolf_rats_1}}	false
chaotic_plan_tokens_description_wh3_dlc29_military_green_mutant_rat_ogre_dlc_1	Multiple snarling heads? Muscles bulging beyond practicality? Projecting discharge of corrosive bile? Who knows what months-long submersion in the warp-vats and some creative surgery might bring?	false
chaotic_plan_tokens_description_wh3_dlc29_military_green_mutant_rat_ogre_dlc_2	Multiple snarling heads? Muscles bulging beyond practicality? Projecting discharge of corrosive bile? Who knows what months-long submersion in the warp-vats and some creative surgery might bring?	false
chaotic_plan_tokens_description_wh3_dlc29_military_green_packmaster_0	{{tr:unit_description_short_texts_text_wh2_dlc16_unit_short_text_skv_cha_packmaster}}	false
chaotic_plan_tokens_description_wh3_dlc29_military_green_packmaster_1	{{tr:unit_description_short_texts_text_wh2_dlc16_unit_short_text_skv_cha_packmaster}}	false
chaotic_plan_tokens_description_wh3_dlc29_military_green_packmaster_2	{{tr:unit_description_short_texts_text_wh2_dlc16_unit_short_text_skv_cha_packmaster}}	false
chaotic_plan_tokens_description_wh3_dlc29_military_green_plague_censer_bearers	{{tr:unit_description_short_texts_text_wh2_main_unit_short_text_skv_inf_plague_monk_censer_bearer}}	false
chaotic_plan_tokens_description_wh3_dlc29_military_green_plague_monks_1	{{tr:unit_description_short_texts_text_wh2_main_unit_short_text_skv_inf_plague_monks}}	false
chaotic_plan_tokens_description_wh3_dlc29_military_green_plague_monks_2	{{tr:unit_description_short_texts_text_wh2_main_unit_short_text_skv_inf_plague_monks}}	false
chaotic_plan_tokens_description_wh3_dlc29_military_green_plague_priest_0	{{tr:unit_description_short_texts_text_wh2_main_unit_short_text_skv_cha_plague_priest_0}}	false
chaotic_plan_tokens_description_wh3_dlc29_military_green_plague_priest_1	{{tr:unit_description_short_texts_text_wh2_main_unit_short_text_skv_cha_plague_priest_0}}	false
chaotic_plan_tokens_description_wh3_dlc29_military_green_plague_priest_2	{{tr:unit_description_short_texts_text_wh2_main_unit_short_text_skv_cha_plague_priest_0}}	false
chaotic_plan_tokens_description_wh3_dlc29_military_green_plagueclaw_catapult_1	{{tr:unit_description_short_texts_text_wh2_main_unit_short_text_skv_art_plagueclaw_catapult}}	false
chaotic_plan_tokens_description_wh3_dlc29_military_green_plagueclaw_catapult_2	{{tr:unit_description_short_texts_text_wh2_main_unit_short_text_skv_art_plagueclaw_catapult}}	false
chaotic_plan_tokens_description_wh3_dlc29_military_green_plagueclaw_catapult_3	{{tr:unit_description_short_texts_text_wh2_main_unit_short_text_skv_art_plagueclaw_catapult}}	false
chaotic_plan_tokens_description_wh3_dlc29_military_green_poison_wind_globadiers_1	The fragile spheres of glass lobbed by the globadier skirmishers are filled with Warpstone-fueled fumes that, once inhaled, cause the flesh of their unfortunate victim to slough off in ruin.	false
chaotic_plan_tokens_description_wh3_dlc29_military_green_poison_wind_globadiers_2	The fragile spheres of glass lobbed by the globadier skirmishers are filled with Warpstone-fueled fumes that, once inhaled, cause the flesh of their unfortunate victim to slough off in ruin.	false
chaotic_plan_tokens_description_wh3_dlc29_military_green_poison_wind_mortars_1	{{tr:unit_description_short_texts_text_wh2_dlc14_unit_short_text_skv_poison_wind_mortar}}	false
chaotic_plan_tokens_description_wh3_dlc29_military_green_poison_wind_mortars_2	{{tr:unit_description_short_texts_text_wh2_dlc14_unit_short_text_skv_poison_wind_mortar}}	false
chaotic_plan_tokens_description_wh3_dlc29_military_green_rictus_stormvermin_1	{{tr:unit_description_short_texts_text_wh2_main_unit_short_text_skv_inf_stormvermin_0}}	false
chaotic_plan_tokens_description_wh3_dlc29_military_green_rictus_stormvermin_2	{{tr:unit_description_short_texts_text_wh2_main_unit_short_text_skv_inf_stormvermin_0}}	false
chaotic_plan_tokens_description_wh3_dlc29_military_green_rictus_stormvermin_grey_seer_1	{{tr:unit_description_short_texts_text_wh2_main_unit_short_text_skv_inf_stormvermin_0}}	false
chaotic_plan_tokens_description_wh3_dlc29_military_green_rictus_stormvermin_halberds_1	Displays of tactical acumen, anticipation of treachery, or simply unquestioning brutality are lavishly praised and rewarded by more cunning leaders, who grant access to armaments otherwise inaccessible to lower-ranking warriors.	false
chaotic_plan_tokens_description_wh3_dlc29_military_green_rictus_stormvermin_halberds_2	{{tr:unit_description_short_texts_text_wh2_main_unit_short_text_skv_inf_stormvermin_0}}	false
chaotic_plan_tokens_description_wh3_dlc29_military_green_rictus_stormvermin_halberds_rank_9	Displays of tactical acumen, anticipation of treachery, or simply unquestioning brutality are lavishly praised and rewarded by more cunning leaders, who grant access to armaments otherwise inaccessible to lower-ranking warriors.	false
chaotic_plan_tokens_description_wh3_dlc29_military_green_skryre_ratling_guns_dlc_1	These foul and ingenious devices come in many shapes and sizes, but most can be summed up as 'a whirling, multi-barrelled death-dealer – as likely to decimate enemy ranks as to malfunction and shred its operators in a shower of shrapnel.'	false
chaotic_plan_tokens_description_wh3_dlc29_military_green_skryre_ratling_guns_dlc_2	{{tr:chaotic_plan_tokens_description_wh3_dlc29_military_green_skryre_ratling_guns_dlc_1}}	false
chaotic_plan_tokens_description_wh3_dlc29_military_green_skryre_stormfiends_ratling_1	Bedecked with three sets of eight-barrelled weapons, even a dim-witted Rat Ogre can take simple pleasure in the carnage, slobbering a laugh-like gurgle.	false
chaotic_plan_tokens_description_wh3_dlc29_military_green_skryre_stormfiends_ratling_2	{{tr:chaotic_plan_tokens_description_wh3_dlc29_military_green_skryre_stormfiends_ratling_1}}	false
chaotic_plan_tokens_description_wh3_dlc29_military_green_skryre_stormfiends_warpfire_1	The slow-witted and rage-prone brute quickly engulfs the battlefield in thick curtains of green-black warpfire, soon devolving into a hellscape for all sides involved.	false
chaotic_plan_tokens_description_wh3_dlc29_military_green_skryre_stormfiends_warpfire_2	{{tr:chaotic_plan_tokens_description_wh3_dlc29_military_green_skryre_stormfiends_warpfire_1}}	false
chaotic_plan_tokens_description_wh3_dlc29_military_green_skryre_stormfiends_windlauncher_1	Chemical warfare is a horror all too Skaven, for no panoply can withstand the gaseous embrace of shattered vapour-globes, and no prayer can ward off the death-smoke curling into the lungs.	false
chaotic_plan_tokens_description_wh3_dlc29_military_green_skryre_stormfiends_windlauncher_2	{{tr:chaotic_plan_tokens_description_wh3_dlc29_military_green_skryre_stormfiends_windlauncher_1}}	false
chaotic_plan_tokens_description_wh3_dlc29_military_green_skryre_warpfire_throwers_1	Much like the stone it was refined from, warpflame melts the skin and mutates the flesh – leaving a congealed biomass at best and a screaming, deformed cripple at worst. Spreading such devastation en masse is a terrifying prospect indeed.	false
chaotic_plan_tokens_description_wh3_dlc29_military_green_skryre_warpfire_throwers_2	Much like the stone it was refined from, warpflame melts the skin and mutates the flesh – leaving a congealed biomass at best and a screaming, deformed cripple at worst. Spreading such devastation en masse is a terrifying prospect indeed.	false
chaotic_plan_tokens_description_wh3_dlc29_military_green_stormvermin_rank_9	Displays of tactical acumen, anticipation of treachery, or simply unquestioning brutality are lavishly praised and rewarded by more cunning leaders, who grant access to armaments otherwise inaccessible to lower-ranking warriors.	false
chaotic_plan_tokens_description_wh3_dlc29_military_green_warlock_engineer	{{tr:unit_description_short_texts_text_wh2_main_unit_short_text_skv_cha_warlock_engineer}}	false
chaotic_plan_tokens_description_wh3_dlc29_military_green_warlock_engineer_2	{{tr:unit_description_short_texts_text_wh2_main_unit_short_text_skv_cha_warlock_engineer}}	false
chaotic_plan_tokens_description_wh3_dlc29_military_green_warlock_engineer_3	{{tr:unit_description_short_texts_text_wh2_main_unit_short_text_skv_cha_warlock_engineer}}	false
chaotic_plan_tokens_description_wh3_dlc29_military_green_warp_grinders_dlc_1	These devices marry great drills with warp energies, vaporising broken debris – or broken bodies – as the machine bores onward.	false
chaotic_plan_tokens_description_wh3_dlc29_military_green_warp_lightning_cannon_1	The rune-etched barrel of this fiendishly clever contraption is built to withstand the concentrated energy of an enormous hunk of Warpstone, directing it as a singular, destructive beam that eats away at matter with unearthly voracity.	false
chaotic_plan_tokens_description_wh3_dlc29_military_green_warp_lightning_cannon_2	{{tr:chaotic_plan_tokens_description_wh3_dlc29_military_green_warp_lightning_cannon_1}}	false
chaotic_plan_tokens_description_wh3_dlc29_military_green_warp_lightning_cannon_3	{{tr:chaotic_plan_tokens_description_wh3_dlc29_military_green_warp_lightning_cannon_1}}	false
chaotic_plan_tokens_description_wh3_dlc29_military_green_warp_lightning_cannon_unique	{{tr:chaotic_plan_tokens_description_wh3_dlc29_military_green_warp_lightning_cannon_1}}	false
chaotic_plan_tokens_description_wh3_dlc29_military_green_warp_lightning_cannon_warlock_1	{{tr:chaotic_plan_tokens_description_wh3_dlc29_military_green_warp_lightning_cannon_1}}	false
chaotic_plan_tokens_description_wh3_dlc29_military_green_warp_lightning_cannon_warlock_2	{{tr:chaotic_plan_tokens_description_wh3_dlc29_military_green_warp_lightning_cannon_1}}	false
chaotic_plan_tokens_description_wh3_dlc29_military_green_warplock_jezzails_dlc_1	Dwarf Engineers would never admit that in their rat-fiend way, Skaven Warlock Engineers perfected their handgun design, capable of punching through armour forged by the surface-dwelling races.	false
chaotic_plan_tokens_description_wh3_dlc29_military_green_warplock_jezzails_dlc_2	Dwarf Engineers would never admit that in their rat-fiend way, Skaven Warlock Engineers perfected their handgun design, capable of punching through armour forged by the surface-dwelling races.	false
chaotic_plan_tokens_description_wh3_dlc29_military_mod_pool_basic_infantry_2	{{tr:chaotic_plan_tokens_description_wh3_dlc29_military_green_basic_infantry_2}}	false
chaotic_plan_tokens_description_wh3_dlc29_military_mod_pool_basic_infantry_spears_1	{{tr:chaotic_plan_tokens_description_wh3_dlc29_military_green_basic_infantry_spears_1}}	false
chaotic_plan_tokens_description_wh3_dlc29_military_mod_pool_basic_pusbags_1	{{tr:chaotic_plan_tokens_description_wh3_dlc29_military_green_basic_pusbags_1}}	false
chaotic_plan_tokens_description_wh3_dlc29_military_mod_pool_brood_horror_dlc_1	{{tr:chaotic_plan_tokens_description_wh3_dlc29_military_green_brood_horror_dlc_1}}	false
chaotic_plan_tokens_description_wh3_dlc29_military_mod_pool_clanrats_grey_seer_2	It is not uncommon for a Grey Seer to request support from any one of the numerous Warlord clans, for the best laid plans require large amounts of fodder.	false
chaotic_plan_tokens_description_wh3_dlc29_military_mod_pool_clanrats_grey_seer_3	{{tr:chaotic_plan_tokens_description_wh3_dlc29_military_mod_pool_clanrats_grey_seer_2}}	false
chaotic_plan_tokens_description_wh3_dlc29_military_mod_pool_clanrats_grey_seer_4	{{tr:chaotic_plan_tokens_description_wh3_dlc29_military_mod_pool_clanrats_grey_seer_2}}	false
chaotic_plan_tokens_description_wh3_dlc29_military_mod_pool_clanrats_grey_seer_5	{{tr:chaotic_plan_tokens_description_wh3_dlc29_military_mod_pool_clanrats_grey_seer_2}}.	false
chaotic_plan_tokens_description_wh3_dlc29_military_mod_pool_death_globe_bombadiers_1	{{tr:chaotic_plan_tokens_description_wh3_dlc29_military_green_death_globe_bombadiers_1}}	false
chaotic_plan_tokens_description_wh3_dlc29_military_mod_pool_death_runners_1	{{tr:chaotic_plan_tokens_description_wh3_dlc29_military_green_death_runners_1}}	false
chaotic_plan_tokens_description_wh3_dlc29_military_mod_pool_doom_flayer_dlc_1	{{tr:chaotic_plan_tokens_description_wh3_dlc29_military_green_doom_flayer_dlc_1}}	false
chaotic_plan_tokens_description_wh3_dlc29_military_mod_pool_doomwheel_1	{{tr:unit_description_short_texts_text_wh2_main_unit_short_text_skv_veh_doomwheel}}	false
chaotic_plan_tokens_description_wh3_dlc29_military_mod_pool_eshin_triads_dlc_1	{{tr:chaotic_plan_tokens_description_wh3_dlc29_military_green_eshin_triads_dlc_1}}	false
chaotic_plan_tokens_description_wh3_dlc29_military_mod_pool_moulder_wolf_rats_dlc_1	{{tr:chaotic_plan_tokens_description_wh3_dlc29_military_green_moulder_wolf_rats_dlc_1}}	false
chaotic_plan_tokens_description_wh3_dlc29_military_mod_pool_mutant_rat_ogre_dlc	A Master Moulder can't stop tinkering and adjusting the fleshy creations he has grown in vats, bred, and stitched together. A dozen failed grafts and self-maiming organisms are well worth any breakthrough in the creation of these hulks.	false
chaotic_plan_tokens_description_wh3_dlc29_military_mod_pool_night_runners_slingers_1	{{tr:unit_description_short_texts_text_wh2_main_unit_short_text_skv_inf_night_runners_1}}	false
chaotic_plan_tokens_description_wh3_dlc29_military_mod_pool_plague_censer_bearers	{{tr:unit_description_short_texts_text_wh2_main_unit_short_text_skv_inf_plague_monk_censer_bearer}}	false
chaotic_plan_tokens_description_wh3_dlc29_military_mod_pool_plague_monks_1	{{tr:unit_description_short_texts_text_wh2_main_unit_short_text_skv_inf_plague_monks}}	false
chaotic_plan_tokens_description_wh3_dlc29_military_mod_pool_plagueclaw_catapult_1	{{tr:unit_description_short_texts_text_wh2_main_unit_short_text_skv_art_plagueclaw_catapult}}	false
chaotic_plan_tokens_description_wh3_dlc29_military_mod_pool_poison_wind_globadiers_1	{{tr:chaotic_plan_tokens_description_wh3_dlc29_military_green_poison_wind_globadiers_1}}	false
chaotic_plan_tokens_description_wh3_dlc29_military_mod_pool_poison_wind_mortars_1	{{tr:chaotic_plan_tokens_description_wh3_dlc29_military_green_poison_wind_mortars_1}}	false
chaotic_plan_tokens_description_wh3_dlc29_military_mod_pool_remove_skavenslaves	Skaven bodies are so numerous that a savvy Warlord would do well to sift through the chaff and pick out which rats to be equipped and which to serve as target practice.	false
chaotic_plan_tokens_description_wh3_dlc29_military_mod_pool_rictus_stormvermin_1	{{tr:chaotic_plan_tokens_description_wh3_dlc29_military_green_rictus_stormvermin_1}}	false
chaotic_plan_tokens_description_wh3_dlc29_military_mod_pool_rictus_stormvermin_3	{{tr:chaotic_plan_tokens_description_wh3_dlc29_military_green_rictus_stormvermin_1}}	false
chaotic_plan_tokens_description_wh3_dlc29_military_mod_pool_rictus_stormvermin_halberds_1	{{tr:chaotic_plan_tokens_description_wh3_dlc29_military_green_rictus_stormvermin_1}}	false
chaotic_plan_tokens_description_wh3_dlc29_military_mod_pool_skryre_ratling_guns_dlc_1	{{tr:chaotic_plan_tokens_description_wh3_dlc29_military_green_skryre_ratling_guns_dlc_1}}	false
chaotic_plan_tokens_description_wh3_dlc29_military_mod_pool_skryre_warpfire_throwers_1	{{tr:chaotic_plan_tokens_description_wh3_dlc29_military_green_skryre_warpfire_throwers_1}}	false
chaotic_plan_tokens_description_wh3_dlc29_military_mod_pool_stormfiends_warlock_1	Unholy amalgams of Moulder fleshcraft and Skryre techno-sorcery, these hulking abominations bear grafts that spew vile, burning ooze.	false
chaotic_plan_tokens_description_wh3_dlc29_military_mod_pool_stormfiends_warlock_2	{{tr:chaotic_plan_tokens_description_wh3_dlc29_military_mod_pool_stormfiends_warlock_1}}	false
chaotic_plan_tokens_description_wh3_dlc29_military_mod_pool_stormfiends_warlock_3	{{tr:chaotic_plan_tokens_description_wh3_dlc29_military_mod_pool_stormfiends_warlock_1}}	false
chaotic_plan_tokens_description_wh3_dlc29_military_mod_pool_stormfiends_warlord_1	{{tr:chaotic_plan_tokens_description_wh3_dlc29_military_mod_pool_stormfiends_warlock_1}}	false
chaotic_plan_tokens_description_wh3_dlc29_military_mod_pool_stormfiends_warlord_2	{{tr:chaotic_plan_tokens_description_wh3_dlc29_military_mod_pool_stormfiends_warlock_1}}	false
chaotic_plan_tokens_description_wh3_dlc29_military_mod_pool_stormfiends_warlord_3	{{tr:chaotic_plan_tokens_description_wh3_dlc29_military_mod_pool_stormfiends_warlock_1}}	false
chaotic_plan_tokens_description_wh3_dlc29_military_mod_pool_stormvermin_rank_9	Displays of tactical acumen, anticipation of treachery, or simply unquestioning brutality are lavishly praised and rewarded by more cunning leaders, who grant access to armaments otherwise inaccessible to lower-ranking warriors.	false
chaotic_plan_tokens_description_wh3_dlc29_military_mod_pool_warp_grinders_dlc_1	{{tr:chaotic_plan_tokens_description_wh3_dlc29_military_green_warp_grinders_dlc_1}}	false
chaotic_plan_tokens_description_wh3_dlc29_military_mod_pool_warp_lightning_cannon_1	{{tr:chaotic_plan_tokens_description_wh3_dlc29_military_green_warp_lightning_cannon_1}}	false
chaotic_plan_tokens_description_wh3_dlc29_military_mod_pool_warp_lightning_cannon_warlock_1	{{tr:chaotic_plan_tokens_description_wh3_dlc29_military_green_warp_lightning_cannon_1}}	false
chaotic_plan_tokens_description_wh3_dlc29_military_mod_pool_warplock_jezzails_dlc_1	{{tr:chaotic_plan_tokens_description_wh3_dlc29_military_green_warplock_jezzails_dlc_1}}	false
chaotic_plan_tokens_description_wh3_dlc29_military_purple_bounty_chieftain_0	They can be a powerful ally in the battle to come... or your Underling can earn some currency by fulfilling an assassination contract for the rat's head.	false
chaotic_plan_tokens_description_wh3_dlc29_military_purple_bounty_chieftain_1	{{tr:chaotic_plan_tokens_description_wh3_dlc29_military_purple_bounty_chieftain_0}}	false
chaotic_plan_tokens_description_wh3_dlc29_military_purple_bounty_packmaster_0	{{tr:chaotic_plan_tokens_description_wh3_dlc29_military_purple_bounty_chieftain_0}}	false
chaotic_plan_tokens_description_wh3_dlc29_military_purple_bounty_packmaster_2	{{tr:chaotic_plan_tokens_description_wh3_dlc29_military_purple_bounty_chieftain_0}}	false
chaotic_plan_tokens_description_wh3_dlc29_military_purple_bounty_plague_priest_0	{{tr:chaotic_plan_tokens_description_wh3_dlc29_military_purple_bounty_chieftain_0}}	false
chaotic_plan_tokens_description_wh3_dlc29_military_purple_bounty_plague_priest_2	{{tr:chaotic_plan_tokens_description_wh3_dlc29_military_purple_bounty_chieftain_0}}	false
chaotic_plan_tokens_description_wh3_dlc29_military_purple_bounty_warlock_engineer	{{tr:chaotic_plan_tokens_description_wh3_dlc29_military_purple_bounty_chieftain_0}}	false
chaotic_plan_tokens_description_wh3_dlc29_military_red_explosion_guard_1	As an entire unlucky regiment of the verminous horde is engulfed in what can best be described as "ravening hellfire", you pray to the Horned One that this sabotage – *surely* it was sabotage! – took the miserable backstabbers with it.	false
chaotic_plan_tokens_description_wh3_dlc29_military_red_hellpit_guard_1	The undulating, writhing mass of limbs collapses upon an unfortunate pack of vermin, their last screeches mingling with the loathsome sounds of the abomination's gorging.	false
chaotic_plan_tokens_description_wh3_dlc29_military_red_plague_guard_1	Thinking themselves exceptionally clever, these unfortunate miscreants have gorged on contaminated supplies meant for surface world sabotage and now seem to be bleeding from every imaginable orifice, screeching an unholy racket in what are surely their death throes.	false
chaotic_plan_tokens_description_wh3_dlc29_military_upgrade_basic_infantry_spears_2	{{tr:unit_description_short_texts_text_wh2_main_unit_short_text_skv_inf_clanrat_spearmen_1}}	false
chaotic_plan_tokens_description_wh3_dlc29_military_upgrade_basic_pusbags_2	{{tr:chaotic_plan_tokens_description_wh3_dlc29_military_green_basic_pusbags_1}}	false
chaotic_plan_tokens_description_wh3_dlc29_military_upgrade_death_runners_2	{{tr:chaotic_plan_tokens_description_wh3_dlc29_military_green_death_runners_1}}	false
chaotic_plan_tokens_description_wh3_dlc29_military_upgrade_death_runners_3	{{tr:chaotic_plan_tokens_description_wh3_dlc29_military_green_death_runners_1}}	false
chaotic_plan_tokens_description_wh3_dlc29_military_upgrade_double_units_warlock	In Skryre, talent means surviving your own devices and others’ envy. Prove unscrupulous enough, and the whole ladder bends under your claws.	false
chaotic_plan_tokens_description_wh3_dlc29_military_upgrade_gutter_runners_1	{{tr:chaotic_plan_tokens_description_wh3_dlc29_military_green_gutter_runners_1}}	false
chaotic_plan_tokens_description_wh3_dlc29_military_upgrade_gutter_runners_poison_1	{{tr:unit_description_short_texts_text_wh2_main_unit_short_text_skv_inf_gutter_runners_1}}	false
chaotic_plan_tokens_description_wh3_dlc29_military_upgrade_moulder_wolf_rats_dlc_2	{{tr:chaotic_plan_tokens_description_wh3_dlc29_military_green_moulder_wolf_rats_dlc_2}}	false
chaotic_plan_tokens_description_wh3_dlc29_military_upgrade_moulder_wolf_rats_dlc_3	{{tr:chaotic_plan_tokens_description_wh3_dlc29_military_green_moulder_wolf_rats_dlc_2}}	false
chaotic_plan_tokens_description_wh3_dlc29_military_upgrade_mutant_rat_ogre_brood_horror_2	{{tr:chaotic_plan_tokens_description_wh3_dlc29_military_green_brood_horror_dlc_1}}	false
chaotic_plan_tokens_description_wh3_dlc29_military_upgrade_plague_monks_2	{{tr:unit_description_short_texts_text_wh2_main_unit_short_text_skv_inf_plague_monks}}	false
chaotic_plan_tokens_description_wh3_dlc29_military_upgrade_plagueclaw_catapult_2	{{tr:unit_description_short_texts_text_wh2_main_unit_short_text_skv_art_plagueclaw_catapult}}	false
chaotic_plan_tokens_description_wh3_dlc29_military_upgrade_plagueclaw_catapult_3	{{tr:unit_description_short_texts_text_wh2_main_unit_short_text_skv_art_plagueclaw_catapult}}	false
chaotic_plan_tokens_description_wh3_dlc29_military_upgrade_rictus_stormvermin_2	{{tr:unit_description_short_texts_text_wh2_main_unit_short_text_skv_inf_stormvermin_0}}	false
chaotic_plan_tokens_description_wh3_dlc29_military_upgrade_warp_lightning_cannon_2	{{tr:chaotic_plan_tokens_description_wh3_dlc29_military_green_warp_lightning_cannon_1}}	false
chaotic_plan_tokens_description_wh3_dlc29_military_upgrade_warp_lightning_cannon_3	{{tr:chaotic_plan_tokens_description_wh3_dlc29_military_green_warp_lightning_cannon_1}}	false
chaotic_plan_tokens_description_wh3_dlc29_purple_any_chaos_experience	While the Skaven thrive amongst softer races and climates, a perilous assignment for the Council in the Chaos-ridden northern reaches – one he was not at all expected to return from – has hardened the resolve and deepened the malice of this specimen.	false
chaotic_plan_tokens_description_wh3_dlc29_purple_any_empire_skaven_not_real	It serves the Skaven well that, even when faced with irrefutable evidence, many fools deny the existence of bipedal ratmen.	false
chaotic_plan_tokens_description_wh3_dlc29_purple_any_reduce_guards	A dozing guard-thing is the first favourable omen of the raid. Slit his throat and eat him quick-quick, to ensure good fortune.	false
chaotic_plan_tokens_description_wh3_dlc29_purple_any_skaven_blackmail	"Know one Skaven secret, and you hold his tail. Know two, and you seize his scruff. Know three, and your claw is at his throat."\\n– Skaven proverb	false
chaotic_plan_tokens_description_wh3_dlc29_purple_dwarfs_any_dwarf_brew	During tunnel extension, a stockpile of Dwarf-made barrels was found – perhaps it should be furtively moved to the guardhouse mess hall, tempting their drunken revelry?	false
chaotic_plan_tokens_description_wh3_dlc29_purple_dwarfs_any_dwarf_brew_use	{{tr:chaotic_plan_tokens_description_wh3_dlc29_purple_dwarfs_any_dwarf_brew}}	false
chaotic_plan_tokens_description_wh3_dlc29_purple_dwarfs_any_dwarf_brew_use_generated_1	The ale-trap bears fruit – our agents will have an easier time sneaking past bloodshot eyes and hiccup-ridden mumbling!	false
chaotic_plan_tokens_description_wh3_dlc29_purple_dwarfs_any_dwarf_brew_use_generated_2	A rare and unfortunate circumstance – these solemn beard-fools are resolute in their duty and refuse to drink!	false
chaotic_plan_tokens_description_wh3_dlc29_purple_economic_bretonnia_food	Golden are these man-thing fields, yes-yes, and their posh tin-heads stare too long at bright banners to notice what scurries below.	false
chaotic_plan_tokens_description_wh3_dlc29_purple_economic_bretonnia_treasury	If these vow-apes wish to keep their treasures, perhaps they should toss them in their precious Lady's lake. Surely she's more observant than their clank-clad guard!	false
chaotic_plan_tokens_description_wh3_dlc29_purple_economic_cathay_warpstone	For an "Iron" Dragon, the eastern lord-thing meddles too much with substances beyond his unrefined taste. Better for everyone to rid-strip him of precious supplies like these, lest they go to waste.	false
chaotic_plan_tokens_description_wh3_dlc29_purple_economic_chaos_dwarfs_treasury	The fire-stunties must share the wit of the horned animal-god they so fervently worship, trusting chains and locks to guard the spoils of their slaving ways.	false
chaotic_plan_tokens_description_wh3_dlc29_purple_economic_chaos_warpstone	Daemon-things waste abundant warp-matter in mindless veneration of their squabbling, lesser gods. Skaven will put it to better use, yes-yes.	false
chaotic_plan_tokens_description_wh3_dlc29_purple_economic_dangerous_treasury	A lucky find! Or is it a trap in disguise, a plot by a rival Skaven to undermine the plan and embarrass the Underling?	false
chaotic_plan_tokens_description_wh3_dlc29_purple_economic_dangerous_warpstone	{{tr:chaotic_plan_tokens_description_wh3_dlc29_purple_economic_dangerous_treasury}}	false
chaotic_plan_tokens_description_wh3_dlc29_purple_economic_greenskins_food	The Greenskins are contemptible morons, whose unpredictable bloodthirst can be as much a detriment as it can be a blessing. Raid the stockpile quick-quick, before these lunatics return!	false
chaotic_plan_tokens_description_wh3_dlc29_purple_economic_ogre_kingdoms_food	Warp-addled vermin speculate that the lineage of Skaven and Ogres can be traced to a common origin, for the flesh-craft of the two races is among the most successful of Moulder experiments, and they both share such uncanny, insatiable hunger...	false
chaotic_plan_tokens_description_wh3_dlc29_purple_economic_ogre_kingdoms_treasury	These intractable lumpen-brutes pile their ill-got gains for some inevitable tribute to the gnaw-hole they call a god! Best redirect such resources to more discerning minds.	false
chaotic_plan_tokens_description_wh3_dlc29_purple_economic_undead_warpstone	Most frustratingly, the withered dead-things seem largely unaffected by prolonged exposure to the god-stone and use it for their own wasteful, inscrutable ends! Strike during their dormancy and place it in rightful paws.	false
chaotic_plan_tokens_description_wh3_dlc29_purple_economic_vault_1	The Underling has somehow tunneled into a vault room – opening it carries risk of alerting the guards, but the riches that could be inside...	false
chaotic_plan_tokens_description_wh3_dlc29_purple_economy_vampire_food_big	Your Underling has already started displacing the meat contents of multiple Corpse Carts, either lazily unguarded or left without the owning Necromancer.	false
chaotic_plan_tokens_description_wh3_dlc29_purple_economy_vampire_food_small	Stumbling upon a location full of corpses, belonging to a well-prepared Necromancer or Vampire, your Underling believes that some meat can be salvaged from the bones.	false
chaotic_plan_tokens_description_wh3_dlc29_purple_lucky_draw	Nought is more suspicious than an overly helpful agent of the Council. Exploit this servile schemer – but cut him loose-loose before the trap is sprung!	false
chaotic_plan_tokens_description_wh3_dlc29_purple_magic_draw_combo_piece	Strong Winds blowing from the north have been felt by the Underling – they can be used, but with some risk of drawing Daemonic influence.	false
chaotic_plan_tokens_description_wh3_dlc29_purple_magic_draw_combo_piece_action	The Underling attempts to use the arcane energies to suffuse the ritual with more power, dismissing the chance of magical complications.	false
chaotic_plan_tokens_description_wh3_dlc29_purple_magic_tzeentch_draw_tokens	Without utmost concentration, these prismatic things are a formless shimmer threading at the doorstep of the unseen.	false
chaotic_plan_tokens_description_wh3_dlc29_purple_military_lab_1	A secret Skaven laboratory glows in the gloom. Feed it warpstone, silence the shrieks, and its horrors may yet serve your design.	false
chaotic_plan_tokens_description_wh3_dlc29_purple_military_mercenaries_1	A hidden Skaven regiment, planted for another scheme, has surfaced within reach. Steal its loyalty before its true master notices.	false
chaotic_plan_tokens_description_wh3_dlc29_purple_military_multiple_cultures_stormvermin	Scarred Stormvermin stand ready, their halberds nicked by old battles and their loyalty sharpened by ample payment.	false
chaotic_plan_tokens_description_wh3_dlc29_purple_military_ogre_kingdoms_mercenaries	A mercenary company of Ogres has been spotted – if we do not hire them, their hunger could lead them to our tunnels!	false
chaotic_plan_tokens_description_wh3_dlc29_purple_military_ogre_kingdoms_mercenaries_pay	Pay the Ogres to have them join you for this {{tr:chaotic_plans_name_wh3_dlc29_military_plan}} battle – we don't know what exact troops they will send, but it will be Ogres!	false
chaotic_plan_tokens_description_wh3_dlc29_purple_military_ogre_kingdoms_mercenaries_reward_1	The Underling is now the client of an Ogre mercenary company – they will be joined in battle!	false
chaotic_plan_tokens_description_wh3_dlc29_purple_military_ogre_kingdoms_mercenaries_reward_2	{{tr:chaotic_plan_tokens_description_wh3_dlc29_purple_military_ogre_kingdoms_mercenaries_reward_1}}	false
chaotic_plan_tokens_description_wh3_dlc29_purple_military_ogre_kingdoms_mercenaries_reward_3	{{tr:chaotic_plan_tokens_description_wh3_dlc29_purple_military_ogre_kingdoms_mercenaries_reward_1}}	false
chaotic_plan_tokens_description_wh3_dlc29_purple_military_ogre_kingdoms_mercenaries_reward_4	{{tr:chaotic_plan_tokens_description_wh3_dlc29_purple_military_ogre_kingdoms_mercenaries_reward_1}}	false
chaotic_plan_tokens_description_wh3_dlc29_purple_military_ogre_kingdoms_mercenaries_reward_5	{{tr:chaotic_plan_tokens_description_wh3_dlc29_purple_military_ogre_kingdoms_mercenaries_reward_1}}	false
chaotic_plan_tokens_description_wh3_dlc29_purple_military_ogre_kingdoms_rat_ogres	Hulking and pleasingly obedient, these Rat Ogres resemble their surface namesakes only in appetite and the ruin they leave behind.	false
chaotic_plan_tokens_description_wh3_dlc29_purple_military_reinforcements	The bickering fools have agreed on a most prudent decision – to offer support to the Underling.	false
chaotic_plan_tokens_description_wh3_dlc29_purple_military_skaven_guards_1	Skaven guards are still guards, however wretched. Distract them with threats from above, then strike from the tunnel beside them.	false
chaotic_plan_tokens_description_wh3_dlc29_purple_military_skaven_stormvermin	Black-furred killers have decided survival lies with you. Reward their wisdom, but keep enough blades at their backs.	false
chaotic_plan_tokens_description_wh3_dlc29_purple_military_tomb_kings_guards_1	Dry bones and rusted blades bar the path. They do not fear, hunger, or tire, which makes them deeply irritating guards.	false
chaotic_plan_tokens_description_wh3_dlc29_purple_military_tzeentch_guards_1	Cackling Daemon-things split, shriek, and caper where discipline should stand. Such nonsense is dangerous!	false
chaotic_plan_tokens_description_wh3_dlc29_purple_military_undead_death_runners	Death Runners pick through the aftermath with blades already wet. Best recruit them before they decide you are the aftermath.	false
chaotic_plan_tokens_description_wh3_dlc29_purple_military_undead_legions_elites_2	Nagash’s favoured dead cast long shadows. Even absent, their will leaves grave-cold discipline where your schemes must pass.	false
chaotic_plan_tokens_description_wh3_dlc29_purple_military_vampire_pay_for_reward	A practicioner of Dark Magic requires corpses for their experiments – perhaps some Skaven warriors can be spared for a deal?	false
chaotic_plan_tokens_description_wh3_dlc29_purple_military_wood_elves_elites_1	The tree elf-things move with hateful grace, arrows ready at the twitch of a whisker. Perhaps simply burning the whole cursed weald is better than risking an arrow through the eye?	false
chaotic_plan_tokens_description_wh3_dlc29_red_any_bretonnia_alarm	With growing fear, you realise this man-thing peers beyond the veil for hidden truths – not least, likely, your presence!	false
chaotic_plan_tokens_description_wh3_dlc29_red_any_cathay_elites	Spaced evenly around the oxen carts, battle-hardened veterans march in unnerving harmony, eyes set forward and blades ready.	false
chaotic_plan_tokens_description_wh3_dlc29_red_any_chaos_alarm	Heedless sorcery has twisted these man-things' feeble forms, and filled the Daemon-eaten chasms of their souls with a craving for the profane.	false
chaotic_plan_tokens_description_wh3_dlc29_red_any_chaos_dwarfs_alarm	This strange and tortured Dwarf-thing hobbles away from its hateful throng with considerable effort, hoarsely rumbling a chant along the way – an incantation that ushers in a most fearsome presence...	false
chaotic_plan_tokens_description_wh3_dlc29_red_any_chaos_dwarfs_elites	Brass chains clink beneath guttural barks as black-clad stunties circle their subjugated throng like carrion birds.	false
chaotic_plan_tokens_description_wh3_dlc29_red_any_dark_elves_alarm	Surface finery cannot soften the cruelty etched upon this Elf-thing’s face – a grimace used to seeing all squirm beneath her penetrating gaze.	false
chaotic_plan_tokens_description_wh3_dlc29_red_any_felix	{{tr:chaotic_plan_tokens_description_wh3_dlc29_red_any_gotrek}}	false
chaotic_plan_tokens_description_wh3_dlc29_red_any_gotrek	Thirteen curses be inflicted thirteen-fold upon the ginger-furred, one-eyed madman and his man-pet! How can they possibly meddle-spawn right in the midst of your perfect scheme?!	false
chaotic_plan_tokens_description_wh3_dlc29_red_any_greenskins_alarm	Muscle-bound and festooned with bone charms, the Greenskin rattles a skull and contorts his body in rhythmic mockery of conjuration – and, to your horror, something answers its call.	false
chaotic_plan_tokens_description_wh3_dlc29_red_any_high_elves_alarm	May the Horned Rat crack the pointy ears' precious island asunder for standing in your path, and usher the Great Ascendancy snout-first through their realms!	false
chaotic_plan_tokens_description_wh3_dlc29_red_any_high_elves_elites	Your fur bristles of its own accord, as the air around these pointy-helms thrums with unnatural intensity.	false
chaotic_plan_tokens_description_wh3_dlc29_red_any_kislev_alarm	Most fearsome, this man-thing: her sorcerous trickery turns the chittering tide into a sluggish morass of frosted fur.	false
chaotic_plan_tokens_description_wh3_dlc29_red_any_lizardmen_alarm	None is more hated or feared by the Skaven than the bloated frog-wizards, for even in a sluggish state of near-torpor, they can visit untold devastation upon the sprawling webwork of the Underway.	false
chaotic_plan_tokens_description_wh3_dlc29_red_any_norsca_alarm	Woefully crude even by man-thing standards, these addled Shaman-Sorcerers do not seem to mind proferring ratmen guts to their squabbling gods.	false
chaotic_plan_tokens_description_wh3_dlc29_red_any_nurgle_alarm	These festering dregs will surely be of interest to the plague priests, ever in search of new and greater maladies – but first they must be disposed of!	false
chaotic_plan_tokens_description_wh3_dlc29_red_any_ogre_kingdoms_elites	Were you forced to grant these brutes intellect, you would call them proudly competitive in the number and variety of skulls on their belts.	false
chaotic_plan_tokens_description_wh3_dlc29_red_any_ogre_kingdoms_hungry	Ogres roam dangerously close to our tunnels – we could leave some food to sate them and ensure they do not get curious...	false
chaotic_plan_tokens_description_wh3_dlc29_red_any_ogre_kingdoms_hungry_elite	{{tr:chaotic_plan_tokens_description_wh3_dlc29_red_any_ogre_kingdoms_hungry}}	false
chaotic_plan_tokens_description_wh3_dlc29_red_any_ogre_kingdoms_hungry_elite_pay	An Ogre consumes as much as a full warren of Skaven – but it may be worth it to keep the Ogres fed and sleepy.	false
chaotic_plan_tokens_description_wh3_dlc29_red_any_ogre_kingdoms_hungry_elite_pay_generated	Fed and drowzy, the Ogres are much less likely to cause complications for the Underling.	false
chaotic_plan_tokens_description_wh3_dlc29_red_any_ogre_kingdoms_hungry_pay	{{tr:chaotic_plan_tokens_description_wh3_dlc29_red_any_ogre_kingdoms_hungry_elite_pay}}	false
chaotic_plan_tokens_description_wh3_dlc29_red_any_ogre_kingdoms_hungry_pay_generated	{{tr:chaotic_plan_tokens_description_wh3_dlc29_red_any_ogre_kingdoms_hungry_elite_pay_generated}}	false
chaotic_plan_tokens_description_wh3_dlc29_red_any_skaven_guards	Wretched, dim-witted vermin stand in the way of your complex and interweaving schemes. Do they not know who you are?!	false
chaotic_plan_tokens_description_wh3_dlc29_red_any_skaven_haste	Triumph tastes Warpstone-sweet to an Underling with more ambition than cunning sloshing about in his hollow cranium! Reckless fool-fool!	false
chaotic_plan_tokens_description_wh3_dlc29_red_any_tomb_kings_alarm	Cold authority burns in this horror’s hollow sockets, while the dust of aeons shakes from its desiccated garb with every step.	false
chaotic_plan_tokens_description_wh3_dlc29_red_economic_vault_1_generated_alarm	Whether by sheer incompetence or some warding magic, the guards realised that the vault has been breached!	false
chaotic_plan_tokens_description_wh3_dlc29_red_military_bretonnia_elites_1	A terrible curse indeed, to cross paths with a knight-thing pledged in his wandering never to sleep two nights in the same place.	false
chaotic_plan_tokens_description_wh3_dlc29_red_military_bretonnia_guards	Their garb is patchy, their pitchforks pathetic, yet their zeal seems annoyingly feverish. Kill-silence them before they find courage.	false
chaotic_plan_tokens_description_wh3_dlc29_red_military_cathay_guards_2	Upon careful scrutiny, one might observe that the eastern man-things act in practised accord that is nearly... unsettling.	false
chaotic_plan_tokens_description_wh3_dlc29_red_military_chaos_dwarfs_guards_1	These conniving dregs would hurl themselves upon your ranks in reckless frenzy, if only to stave off their wicked masters’ punishment.	false
chaotic_plan_tokens_description_wh3_dlc29_red_military_dark_elves_elites_1	A cloak of dull vermilion drips lavishly across razor-sharp epaulettes and neatly obscures an immaculately woven chainmail. Yet it does nothing to disguise the most wickedly scarred Elf-thing you have ever laid eyes on!	false
chaotic_plan_tokens_description_wh3_dlc29_red_military_dark_elves_guards	Eyes of depthless cruelty sweep the perimeter, while blades of exquisite craftsmanship gleam wickedly in the moonlight.	false
chaotic_plan_tokens_description_wh3_dlc29_red_military_greenskins_guards_2	Why must every Orc-thing rear its ugly mug on your triumphant path? Could their Warboss not call them to a Waaagh! elsewhere?!	false
chaotic_plan_tokens_description_wh3_dlc29_red_military_high_elves_guards_3	The knife-eared host’s garish white garb is almost as unpleasant as their sheer number.	false
chaotic_plan_tokens_description_wh3_dlc29_red_military_khorne_elites_2	Brass-bound killers prowl nearby, frothing for skulls and slaughter. Direct their frenzy elsewhere before they mistake rat-flesh for worthy tribute.	false
chaotic_plan_tokens_description_wh3_dlc29_red_military_kislev_guards	None of the furs cloaking these grim-faced man-things belongs to Skaven, and yet they set your nerves ill at ease.	false
chaotic_plan_tokens_description_wh3_dlc29_red_military_kislev_guards_3	Heavy boots, heavier guns, and colder eyes than any proper man-thing should possess! Avoid their line of fire, then strike from beneath.	false
chaotic_plan_tokens_description_wh3_dlc29_red_military_lizardmen_elites_2	The bloated frog-wizard barely stirs, yet its cold awareness presses upon the Underway. Move fast before its venerable instincts become action!	false
chaotic_plan_tokens_description_wh3_dlc29_red_military_lizardmen_guards	Crests flash in silent warning as scrawny lizard-things scrutinise the perimeter with glassy, unblinking intensity.	false
chaotic_plan_tokens_description_wh3_dlc29_red_military_norsca_guards_2	Reeking northmen stalk the wilds, drunk on ruin and blood. Best not attract their feral gaze...	false
chaotic_plan_tokens_description_wh3_dlc29_red_military_nurgle_guards_3	A tallyman of rot has turned its sunken gaze this way. Every laboured step brings swarming flies and the scrutiny of its rheumy eyes.	false
chaotic_plan_tokens_description_wh3_dlc29_red_military_slaanesh_guards	Observing these feral flesh-things’ contemptible manners, you briefly question what surface-dwellers see in this particular pseudo-deity.	false
chaotic_plan_tokens_description_wh3_dlc29_red_military_undead_legions_guards	With the lurching dead, one key advantage of a sudden Skaven raid – instinctive revulsion and fear – is sadly negated.	false
chaotic_plan_tokens_description_wh3_dlc29_red_military_vampire_pay_to_reduce_alarm	A young Vampire has decided to use our tunnels for combat training – the Underling should form a skirmish group to deal with them!	false
chaotic_plan_tokens_description_wh3_dlc29_red_military_vampire_pay_to_reduce_alarm_elite	A Strigoi Vampire has decided to prey on our tunnels and chew through our ranks – the Underling should form a skirmish group to deal with them!	false
chaotic_plan_tokens_description_wh3_dlc29_red_military_wood_elves_guards	The leaves rustle at your movements and branches snap beneath your paws with an intensity twice their due. Could the wood itself be helping guard this dung-heap?	false
chaotic_plan_tokens_description_wh3_dlc29_skv_final_battle_support_eshin	Secure Clan Eshin's aid, and shadow-blades will stalk the final battlefield, slitting throats around the Morskittar Engine.	false
chaotic_plan_tokens_description_wh3_dlc29_skv_final_battle_support_mors	Buy Clan Mors' strength, and hard-bitten warriors will hold the line with brutal discipline around the Morskittar Engine.	false
chaotic_plan_tokens_description_wh3_dlc29_skv_final_battle_support_moulder	Pay Clan Moulder, and stitched horrors from Hell Pit will be loosed in defence of the Morskittar Engine.	false
chaotic_plan_tokens_description_wh3_dlc29_skv_final_battle_support_pestilens	Appease Clan Pestilens, and diseased zealots will bring contagion and dreadful devotion to the final defence.	false
chaotic_plan_tokens_description_wh3_dlc29_skv_final_battle_support_rictus	Purchase Clan Rictus' loyalty, and black-furred killers will anchor the Morskittar Engine’s defence with grim efficiency.	false
chaotic_plan_tokens_description_wh3_dlc29_skv_final_battle_support_skryre	Fund Clan Skryre, and the final battle will blaze with weaponry only slightly more dangerous to the foe than to its operators.	false
chaotic_plan_tokens_description_wh3_dlc29_skv_red_teleport_daemon_lord	Fold distance beneath claw and horn, hurling a Daemon Lord where its arrival will cause the most useful terror.	false
chaotic_plan_tokens_description_wh3_dlc29_yellow_military_vampire_pay_to_reduce_alarm_action_generated	{{tr:chaotic_plan_tokens_description_wh3_dlc29_action_military_vampire_pay_to_reduce_alarm_elite}}	false
chaotic_plan_tokens_description_wh3_dlc29_yellow_military_vampire_pay_to_reduce_alarm_elite_action_generated	{{tr:chaotic_plan_tokens_description_wh3_dlc29_action_military_vampire_pay_to_reduce_alarm_elite}}	false
chaotic_plan_tokens_how_to_use_description_wh3_dlc29_action_any_remove_red_1	Select any 1 Complication on the board to remove	false
chaotic_plan_tokens_how_to_use_description_wh3_dlc29_action_any_remove_red_2	Select any 1 Complication on the board to remove	false
chaotic_plan_tokens_how_to_use_description_wh3_dlc29_action_any_remove_red_3	Select any 1 Complication on the board to remove	false
chaotic_plan_tokens_how_to_use_description_wh3_dlc29_action_economic_dangerous_treasury	Select {{tr:chaotic_plan_tokens_name_wh3_dlc29_purple_economic_dangerous_treasury}}, then choose an option from the right	false
chaotic_plan_tokens_how_to_use_description_wh3_dlc29_action_economic_dangerous_warpstone	Select {{tr:chaotic_plan_tokens_name_wh3_dlc29_purple_economic_dangerous_treasury}}, then choose an option from the right	false
chaotic_plan_tokens_how_to_use_description_wh3_dlc29_action_economic_focus	Select any one Reward to remove, then choose an option from the right	false
chaotic_plan_tokens_how_to_use_description_wh3_dlc29_action_economic_vault_1_open		false
chaotic_plan_tokens_how_to_use_description_wh3_dlc29_action_military_lab_1_recruit	Select {{tr:chaotic_plan_tokens_name_wh3_dlc29_purple_military_lab_1}} to remove it and receive a unit	false
chaotic_plan_tokens_how_to_use_description_wh3_dlc29_action_military_mercenaries_1_recruit	Select {{tr:chaotic_plan_tokens_name_wh3_dlc29_purple_military_mercenaries_1}} to remove it and receive a unit	false
chaotic_plan_tokens_how_to_use_description_wh3_dlc29_action_military_reinforcements	Select {{tr:chaotic_plan_tokens_name_wh3_dlc29_purple_military_reinforcements}}, then choose an option from the right	false
chaotic_plan_tokens_how_to_use_description_wh3_dlc29_action_military_vampire_pay_for_reward	Select any 2 Rewards to remove and gain Treasury	false
chaotic_plan_tokens_how_to_use_description_wh3_dlc29_action_military_vampire_pay_to_reduce_alarm	Select any 2 Rewards to remove and reduce Alarm	false
chaotic_plan_tokens_how_to_use_description_wh3_dlc29_action_military_vampire_pay_to_reduce_alarm_elite	Select any 3 Rewards to remove and reduce Alarm	false
chaotic_plan_tokens_how_to_use_description_wh3_dlc29_any_action_assassin_sell_instant	Select any one Reward to remove and gain Treasury	false
chaotic_plan_tokens_how_to_use_description_wh3_dlc29_any_action_basic_diversion		false
chaotic_plan_tokens_how_to_use_description_wh3_dlc29_any_action_basic_diversion_generated		false
chaotic_plan_tokens_how_to_use_description_wh3_dlc29_any_action_experience	Select any one Reward to remove and gain Experience at end of the Masterplan	false
chaotic_plan_tokens_how_to_use_description_wh3_dlc29_any_action_experience_generated		false
chaotic_plan_tokens_how_to_use_description_wh3_dlc29_any_action_plague_1	Select {{tr:chaotic_plan_tokens_name_wh3_dlc29_any_red_plague_1}} to remove it	false
chaotic_plan_tokens_how_to_use_description_wh3_dlc29_any_action_plague_1_elite	Select {{tr:chaotic_plan_tokens_name_wh3_dlc29_any_red_plague_elite_1}} to remove it	false
chaotic_plan_tokens_how_to_use_description_wh3_dlc29_any_action_plague_2	Select {{tr:chaotic_plan_tokens_name_wh3_dlc29_any_red_plague_2}} to remove it	false
chaotic_plan_tokens_how_to_use_description_wh3_dlc29_any_action_plague_2_elite	Select {{tr:chaotic_plan_tokens_name_wh3_dlc29_any_red_plague_elite_2}} to remove it	false
chaotic_plan_tokens_how_to_use_description_wh3_dlc29_any_action_plague_3	Select {{tr:chaotic_plan_tokens_name_wh3_dlc29_any_red_plague_3}} to remove it	false
chaotic_plan_tokens_how_to_use_description_wh3_dlc29_any_action_plague_3_elite	Select {{tr:chaotic_plan_tokens_name_wh3_dlc29_any_red_plague_elite_3}} to remove it	false
chaotic_plan_tokens_how_to_use_description_wh3_dlc29_any_action_skill_copy_green_1_economy	Select any one Reward to gain a copy of it	false
chaotic_plan_tokens_how_to_use_description_wh3_dlc29_any_action_skill_copy_green_1_military	Select any one Reward to gain a copy of it	false
chaotic_plan_tokens_how_to_use_description_wh3_dlc29_any_mod_pool_grey_seer_winds		false
chaotic_plan_tokens_how_to_use_description_wh3_dlc29_any_red_alarm_action_cost_1		false
chaotic_plan_tokens_how_to_use_description_wh3_dlc29_any_red_alarm_action_cost_1_payoff	Select {{tr:chaotic_plan_tokens_name_wh3_dlc29_any_red_alarm_action_cost_1}} to remove it	false
chaotic_plan_tokens_how_to_use_description_wh3_dlc29_any_red_alarm_action_cost_2		false
chaotic_plan_tokens_how_to_use_description_wh3_dlc29_any_red_alarm_action_cost_2_payoff	Select {{tr:chaotic_plan_tokens_name_wh3_dlc29_any_red_alarm_action_cost_2}} to remove it	false
chaotic_plan_tokens_how_to_use_description_wh3_dlc29_any_red_attention_generated		false
chaotic_plan_tokens_how_to_use_description_wh3_dlc29_any_red_basic_alarm_1		false
chaotic_plan_tokens_how_to_use_description_wh3_dlc29_any_red_basic_alarm_2		false
chaotic_plan_tokens_how_to_use_description_wh3_dlc29_any_red_basic_alarm_3		false
chaotic_plan_tokens_how_to_use_description_wh3_dlc29_any_red_basic_alarm_4		false
chaotic_plan_tokens_how_to_use_description_wh3_dlc29_any_red_basic_alarm_5		false
chaotic_plan_tokens_how_to_use_description_wh3_dlc29_any_red_basic_alarm_6_economy		false
chaotic_plan_tokens_how_to_use_description_wh3_dlc29_any_red_basic_alarm_6_military		false
chaotic_plan_tokens_how_to_use_description_wh3_dlc29_any_red_basic_elite_1		false
chaotic_plan_tokens_how_to_use_description_wh3_dlc29_any_red_basic_elite_2		false
chaotic_plan_tokens_how_to_use_description_wh3_dlc29_any_red_basic_elite_x2		false
chaotic_plan_tokens_how_to_use_description_wh3_dlc29_any_red_basic_guard_1		false
chaotic_plan_tokens_how_to_use_description_wh3_dlc29_any_red_basic_guard_2		false
chaotic_plan_tokens_how_to_use_description_wh3_dlc29_any_red_basic_guard_3		false
chaotic_plan_tokens_how_to_use_description_wh3_dlc29_any_red_deserters		false
chaotic_plan_tokens_how_to_use_description_wh3_dlc29_any_red_embezzlement		false
chaotic_plan_tokens_how_to_use_description_wh3_dlc29_any_red_eshin_alarm_1		false
chaotic_plan_tokens_how_to_use_description_wh3_dlc29_any_red_eshin_alarm_payoff_1		false
chaotic_plan_tokens_how_to_use_description_wh3_dlc29_any_red_eshin_alarm_payoff_1_generated		false
chaotic_plan_tokens_how_to_use_description_wh3_dlc29_any_red_mors_alarm_1		false
chaotic_plan_tokens_how_to_use_description_wh3_dlc29_any_red_mors_alarm_payoff_1		false
chaotic_plan_tokens_how_to_use_description_wh3_dlc29_any_red_mors_alarm_payoff_1_generated		false
chaotic_plan_tokens_how_to_use_description_wh3_dlc29_any_red_moulder_alarm_1		false
chaotic_plan_tokens_how_to_use_description_wh3_dlc29_any_red_moulder_alarm_payoff_1		false
chaotic_plan_tokens_how_to_use_description_wh3_dlc29_any_red_moulder_alarm_payoff_1_generated		false
chaotic_plan_tokens_how_to_use_description_wh3_dlc29_any_red_pestilens_alarm_1		false
chaotic_plan_tokens_how_to_use_description_wh3_dlc29_any_red_pestilens_alarm_payoff_1		false
chaotic_plan_tokens_how_to_use_description_wh3_dlc29_any_red_pestilens_alarm_payoff_1_generated		false
chaotic_plan_tokens_how_to_use_description_wh3_dlc29_any_red_plague_1		false
chaotic_plan_tokens_how_to_use_description_wh3_dlc29_any_red_plague_2		false
chaotic_plan_tokens_how_to_use_description_wh3_dlc29_any_red_plague_3		false
chaotic_plan_tokens_how_to_use_description_wh3_dlc29_any_red_plague_elite_1		false
chaotic_plan_tokens_how_to_use_description_wh3_dlc29_any_red_plague_elite_2		false
chaotic_plan_tokens_how_to_use_description_wh3_dlc29_any_red_plague_elite_3		false
chaotic_plan_tokens_how_to_use_description_wh3_dlc29_any_red_rictus_alarm_1		false
chaotic_plan_tokens_how_to_use_description_wh3_dlc29_any_red_rictus_alarm_payoff_1		false
chaotic_plan_tokens_how_to_use_description_wh3_dlc29_any_red_rictus_alarm_payoff_1_generated		false
chaotic_plan_tokens_how_to_use_description_wh3_dlc29_any_red_rival_grey_seer_alarm_1		false
chaotic_plan_tokens_how_to_use_description_wh3_dlc29_any_red_rival_grey_seer_alarm_payoff_1		false
chaotic_plan_tokens_how_to_use_description_wh3_dlc29_any_red_rival_grey_seer_alarm_payoff_1_generated		false
chaotic_plan_tokens_how_to_use_description_wh3_dlc29_any_red_skryre_alarm_1		false
chaotic_plan_tokens_how_to_use_description_wh3_dlc29_any_red_skryre_alarm_payoff_1		false
chaotic_plan_tokens_how_to_use_description_wh3_dlc29_any_red_skryre_alarm_payoff_1_generated		false
chaotic_plan_tokens_how_to_use_description_wh3_dlc29_any_red_warlock_alarm_1		false
chaotic_plan_tokens_how_to_use_description_wh3_dlc29_any_red_warlock_alarm_2		false
chaotic_plan_tokens_how_to_use_description_wh3_dlc29_any_red_warlock_economic_alarm_1		false
chaotic_plan_tokens_how_to_use_description_wh3_dlc29_any_red_warlock_military_alarm_1		false
chaotic_plan_tokens_how_to_use_description_wh3_dlc29_any_red_warlock_risk_1		false
chaotic_plan_tokens_how_to_use_description_wh3_dlc29_any_tactic_reduce_risk_1		false
chaotic_plan_tokens_how_to_use_description_wh3_dlc29_any_tactic_reduce_risk_1_generated		false
chaotic_plan_tokens_how_to_use_description_wh3_dlc29_any_tactic_reduce_risk_2		false
chaotic_plan_tokens_how_to_use_description_wh3_dlc29_any_tactic_reduce_risk_2_generated		false
chaotic_plan_tokens_how_to_use_description_wh3_dlc29_any_tactic_reduce_risk_3		false
chaotic_plan_tokens_how_to_use_description_wh3_dlc29_any_tactic_reduce_risk_3_generated		false
chaotic_plan_tokens_how_to_use_description_wh3_dlc29_any_yellow_grey_seer_winds		false
chaotic_plan_tokens_how_to_use_description_wh3_dlc29_any_yellow_warlock_experience_1		false
chaotic_plan_tokens_how_to_use_description_wh3_dlc29_dummy_rank_up_artillery_1		false
chaotic_plan_tokens_how_to_use_description_wh3_dlc29_dummy_rank_up_artillery_2		false
chaotic_plan_tokens_how_to_use_description_wh3_dlc29_dummy_rank_up_artillery_3		false
chaotic_plan_tokens_how_to_use_description_wh3_dlc29_dummy_rank_up_melee_infantry_1		false
chaotic_plan_tokens_how_to_use_description_wh3_dlc29_dummy_rank_up_melee_infantry_2		false
chaotic_plan_tokens_how_to_use_description_wh3_dlc29_dummy_rank_up_melee_infantry_3		false
chaotic_plan_tokens_how_to_use_description_wh3_dlc29_dummy_rank_up_missile_infantry_1		false
chaotic_plan_tokens_how_to_use_description_wh3_dlc29_dummy_rank_up_missile_infantry_2		false
chaotic_plan_tokens_how_to_use_description_wh3_dlc29_dummy_rank_up_missile_infantry_3		false
chaotic_plan_tokens_how_to_use_description_wh3_dlc29_dummy_rank_up_monsters_1		false
chaotic_plan_tokens_how_to_use_description_wh3_dlc29_dummy_rank_up_monsters_2		false
chaotic_plan_tokens_how_to_use_description_wh3_dlc29_dummy_rank_up_monsters_3		false
chaotic_plan_tokens_how_to_use_description_wh3_dlc29_dummy_rank_up_weapon_teams_1		false
chaotic_plan_tokens_how_to_use_description_wh3_dlc29_dummy_rank_up_weapon_teams_2		false
chaotic_plan_tokens_how_to_use_description_wh3_dlc29_dummy_rank_up_weapon_teams_3		false
chaotic_plan_tokens_how_to_use_description_wh3_dlc29_economic_action_draw_warlock		false
chaotic_plan_tokens_how_to_use_description_wh3_dlc29_economic_action_instant_warpstone_1	Select any one Reward to remove and gain Warpstone	false
chaotic_plan_tokens_how_to_use_description_wh3_dlc29_economic_action_instant_warpstone_2	Select any one Reward to remove and gain Warpstone	false
chaotic_plan_tokens_how_to_use_description_wh3_dlc29_economic_action_instant_warpstone_3	Select any one Reward to remove and gain Warpstone	false
chaotic_plan_tokens_how_to_use_description_wh3_dlc29_economic_green_basic_food_mid_1		false
chaotic_plan_tokens_how_to_use_description_wh3_dlc29_economic_green_basic_food_mid_2		false
chaotic_plan_tokens_how_to_use_description_wh3_dlc29_economic_green_basic_food_mid_3		false
chaotic_plan_tokens_how_to_use_description_wh3_dlc29_economic_green_basic_food_small_1		false
chaotic_plan_tokens_how_to_use_description_wh3_dlc29_economic_green_basic_food_small_2		false
chaotic_plan_tokens_how_to_use_description_wh3_dlc29_economic_green_basic_food_small_3		false
chaotic_plan_tokens_how_to_use_description_wh3_dlc29_economic_green_basic_treasury_gdp_large_1		false
chaotic_plan_tokens_how_to_use_description_wh3_dlc29_economic_green_basic_treasury_gdp_large_2		false
chaotic_plan_tokens_how_to_use_description_wh3_dlc29_economic_green_basic_treasury_gdp_large_3		false
chaotic_plan_tokens_how_to_use_description_wh3_dlc29_economic_green_basic_treasury_gdp_large_4		false
chaotic_plan_tokens_how_to_use_description_wh3_dlc29_economic_green_basic_treasury_gdp_large_5		false
chaotic_plan_tokens_how_to_use_description_wh3_dlc29_economic_green_basic_treasury_gdp_small_1		false
chaotic_plan_tokens_how_to_use_description_wh3_dlc29_economic_green_basic_treasury_gdp_small_2		false
chaotic_plan_tokens_how_to_use_description_wh3_dlc29_economic_green_basic_treasury_gdp_small_3		false
chaotic_plan_tokens_how_to_use_description_wh3_dlc29_economic_green_basic_treasury_gdp_small_4		false
chaotic_plan_tokens_how_to_use_description_wh3_dlc29_economic_green_basic_treasury_gdp_small_5		false
chaotic_plan_tokens_how_to_use_description_wh3_dlc29_economic_green_basic_treasury_large_1		false
chaotic_plan_tokens_how_to_use_description_wh3_dlc29_economic_green_basic_treasury_large_2		false
chaotic_plan_tokens_how_to_use_description_wh3_dlc29_economic_green_basic_treasury_large_3		false
chaotic_plan_tokens_how_to_use_description_wh3_dlc29_economic_green_basic_treasury_large_4		false
chaotic_plan_tokens_how_to_use_description_wh3_dlc29_economic_green_basic_treasury_large_5		false
chaotic_plan_tokens_how_to_use_description_wh3_dlc29_economic_green_basic_treasury_mid_1		false
chaotic_plan_tokens_how_to_use_description_wh3_dlc29_economic_green_basic_treasury_mid_2		false
chaotic_plan_tokens_how_to_use_description_wh3_dlc29_economic_green_basic_treasury_mid_3		false
chaotic_plan_tokens_how_to_use_description_wh3_dlc29_economic_green_basic_treasury_small_1		false
chaotic_plan_tokens_how_to_use_description_wh3_dlc29_economic_green_basic_treasury_small_2		false
chaotic_plan_tokens_how_to_use_description_wh3_dlc29_economic_green_basic_treasury_small_3		false
chaotic_plan_tokens_how_to_use_description_wh3_dlc29_economic_green_basic_treasury_very_large_1		false
chaotic_plan_tokens_how_to_use_description_wh3_dlc29_economic_green_basic_treasury_very_large_2		false
chaotic_plan_tokens_how_to_use_description_wh3_dlc29_economic_green_basic_treasury_very_large_3		false
chaotic_plan_tokens_how_to_use_description_wh3_dlc29_economic_green_basic_warpstone_gdp_large_1		false
chaotic_plan_tokens_how_to_use_description_wh3_dlc29_economic_green_basic_warpstone_gdp_large_2		false
chaotic_plan_tokens_how_to_use_description_wh3_dlc29_economic_green_basic_warpstone_gdp_large_3		false
chaotic_plan_tokens_how_to_use_description_wh3_dlc29_economic_green_basic_warpstone_gdp_large_4		false
chaotic_plan_tokens_how_to_use_description_wh3_dlc29_economic_green_basic_warpstone_gdp_large_5		false
chaotic_plan_tokens_how_to_use_description_wh3_dlc29_economic_green_basic_warpstone_gdp_small_1		false
chaotic_plan_tokens_how_to_use_description_wh3_dlc29_economic_green_basic_warpstone_gdp_small_2		false
chaotic_plan_tokens_how_to_use_description_wh3_dlc29_economic_green_basic_warpstone_gdp_small_3		false
chaotic_plan_tokens_how_to_use_description_wh3_dlc29_economic_green_basic_warpstone_gdp_small_4		false
chaotic_plan_tokens_how_to_use_description_wh3_dlc29_economic_green_basic_warpstone_gdp_small_5		false
chaotic_plan_tokens_how_to_use_description_wh3_dlc29_economic_green_basic_warpstone_large_1		false
chaotic_plan_tokens_how_to_use_description_wh3_dlc29_economic_green_basic_warpstone_large_2		false
chaotic_plan_tokens_how_to_use_description_wh3_dlc29_economic_green_basic_warpstone_large_3		false
chaotic_plan_tokens_how_to_use_description_wh3_dlc29_economic_green_basic_warpstone_large_4		false
chaotic_plan_tokens_how_to_use_description_wh3_dlc29_economic_green_basic_warpstone_large_5		false
chaotic_plan_tokens_how_to_use_description_wh3_dlc29_economic_green_basic_warpstone_mid_1		false
chaotic_plan_tokens_how_to_use_description_wh3_dlc29_economic_green_basic_warpstone_mid_2		false
chaotic_plan_tokens_how_to_use_description_wh3_dlc29_economic_green_basic_warpstone_mid_3		false
chaotic_plan_tokens_how_to_use_description_wh3_dlc29_economic_green_basic_warpstone_small_1		false
chaotic_plan_tokens_how_to_use_description_wh3_dlc29_economic_green_basic_warpstone_small_2		false
chaotic_plan_tokens_how_to_use_description_wh3_dlc29_economic_green_basic_warpstone_small_3		false
chaotic_plan_tokens_how_to_use_description_wh3_dlc29_economic_green_basic_warpstone_very_large_1		false
chaotic_plan_tokens_how_to_use_description_wh3_dlc29_economic_green_basic_warpstone_very_large_2		false
chaotic_plan_tokens_how_to_use_description_wh3_dlc29_economic_green_basic_warpstone_very_large_3		false
chaotic_plan_tokens_how_to_use_description_wh3_dlc29_economic_green_eshin_all_1		false
chaotic_plan_tokens_how_to_use_description_wh3_dlc29_economic_green_eshin_all_2		false
chaotic_plan_tokens_how_to_use_description_wh3_dlc29_economic_green_eshin_all_3		false
chaotic_plan_tokens_how_to_use_description_wh3_dlc29_economic_green_grey_seer_treasury_large_1		false
chaotic_plan_tokens_how_to_use_description_wh3_dlc29_economic_green_grey_seer_treasury_large_2		false
chaotic_plan_tokens_how_to_use_description_wh3_dlc29_economic_green_grey_seer_treasury_large_3		false
chaotic_plan_tokens_how_to_use_description_wh3_dlc29_economic_green_rictus_warpstone_1		false
chaotic_plan_tokens_how_to_use_description_wh3_dlc29_economic_green_rictus_warpstone_2		false
chaotic_plan_tokens_how_to_use_description_wh3_dlc29_economic_green_rictus_warpstone_3		false
chaotic_plan_tokens_how_to_use_description_wh3_dlc29_economic_green_skill_food_huge		false
chaotic_plan_tokens_how_to_use_description_wh3_dlc29_economic_green_skill_treasury_huge		false
chaotic_plan_tokens_how_to_use_description_wh3_dlc29_economic_green_skill_warpstone_huge		false
chaotic_plan_tokens_how_to_use_description_wh3_dlc29_economic_green_skryre_treasury_1		false
chaotic_plan_tokens_how_to_use_description_wh3_dlc29_economic_green_skryre_treasury_2		false
chaotic_plan_tokens_how_to_use_description_wh3_dlc29_economic_green_skryre_treasury_3		false
chaotic_plan_tokens_how_to_use_description_wh3_dlc29_economic_green_skryre_warpstone_1		false
chaotic_plan_tokens_how_to_use_description_wh3_dlc29_economic_green_skryre_warpstone_2		false
chaotic_plan_tokens_how_to_use_description_wh3_dlc29_economic_green_skryre_warpstone_3		false
chaotic_plan_tokens_how_to_use_description_wh3_dlc29_economic_mod_pool_eshin_all_1		false
chaotic_plan_tokens_how_to_use_description_wh3_dlc29_economic_mod_pool_grey_seer_treasury_large_1		false
chaotic_plan_tokens_how_to_use_description_wh3_dlc29_economic_mod_pool_rictus_warpstone_1		false
chaotic_plan_tokens_how_to_use_description_wh3_dlc29_economic_mod_pool_skryre_treasury_1		false
chaotic_plan_tokens_how_to_use_description_wh3_dlc29_economic_mod_pool_skryre_warpstone_1		false
chaotic_plan_tokens_how_to_use_description_wh3_dlc29_economic_red_have_warpstone_lose_food		false
chaotic_plan_tokens_how_to_use_description_wh3_dlc29_economic_upgrade_basic_treasury_gdp_2		false
chaotic_plan_tokens_how_to_use_description_wh3_dlc29_economic_upgrade_basic_treasury_gdp_3		false
chaotic_plan_tokens_how_to_use_description_wh3_dlc29_economic_upgrade_basic_treasury_gdp_4		false
chaotic_plan_tokens_how_to_use_description_wh3_dlc29_economic_upgrade_basic_treasury_gdp_5		false
chaotic_plan_tokens_how_to_use_description_wh3_dlc29_economic_upgrade_basic_warpstone_gdp_2		false
chaotic_plan_tokens_how_to_use_description_wh3_dlc29_economic_upgrade_basic_warpstone_gdp_3		false
chaotic_plan_tokens_how_to_use_description_wh3_dlc29_economic_upgrade_basic_warpstone_gdp_4		false
chaotic_plan_tokens_how_to_use_description_wh3_dlc29_economic_upgrade_basic_warpstone_gdp_5		false
chaotic_plan_tokens_how_to_use_description_wh3_dlc29_economic_upgrade_eshin_all_2		false
chaotic_plan_tokens_how_to_use_description_wh3_dlc29_economic_upgrade_eshin_all_3		false
chaotic_plan_tokens_how_to_use_description_wh3_dlc29_economic_upgrade_grey_seer_treasury_large_2		false
chaotic_plan_tokens_how_to_use_description_wh3_dlc29_economic_upgrade_grey_seer_treasury_large_3		false
chaotic_plan_tokens_how_to_use_description_wh3_dlc29_economic_upgrade_rictus_warpstone_2		false
chaotic_plan_tokens_how_to_use_description_wh3_dlc29_economic_upgrade_rictus_warpstone_3		false
chaotic_plan_tokens_how_to_use_description_wh3_dlc29_economic_upgrade_skryre_treasury_2		false
chaotic_plan_tokens_how_to_use_description_wh3_dlc29_economic_upgrade_skryre_treasury_3		false
chaotic_plan_tokens_how_to_use_description_wh3_dlc29_economic_upgrade_skryre_warpstone_2		false
chaotic_plan_tokens_how_to_use_description_wh3_dlc29_economic_upgrade_skryre_warpstone_3		false
chaotic_plan_tokens_how_to_use_description_wh3_dlc29_economy_action_assassin_draw		false
chaotic_plan_tokens_how_to_use_description_wh3_dlc29_economy_action_select_resource	Select any one Reward to remove, then choose an option from the right	false
chaotic_plan_tokens_how_to_use_description_wh3_dlc29_economy_mod_pool_basic_food_mid_1		false
chaotic_plan_tokens_how_to_use_description_wh3_dlc29_economy_mod_pool_basic_food_small_1		false
chaotic_plan_tokens_how_to_use_description_wh3_dlc29_economy_mod_pool_basic_treasury_mid_1		false
chaotic_plan_tokens_how_to_use_description_wh3_dlc29_economy_mod_pool_basic_treasury_mid_2		false
chaotic_plan_tokens_how_to_use_description_wh3_dlc29_economy_mod_pool_basic_treasury_mid_3		false
chaotic_plan_tokens_how_to_use_description_wh3_dlc29_economy_mod_pool_basic_treasury_very_large_1		false
chaotic_plan_tokens_how_to_use_description_wh3_dlc29_economy_mod_pool_basic_treasury_very_large_2		false
chaotic_plan_tokens_how_to_use_description_wh3_dlc29_economy_mod_pool_basic_treasury_very_large_3		false
chaotic_plan_tokens_how_to_use_description_wh3_dlc29_economy_mod_pool_basic_warpstone_mid_1		false
chaotic_plan_tokens_how_to_use_description_wh3_dlc29_economy_mod_pool_basic_warpstone_mid_2		false
chaotic_plan_tokens_how_to_use_description_wh3_dlc29_economy_mod_pool_basic_warpstone_mid_3		false
chaotic_plan_tokens_how_to_use_description_wh3_dlc29_economy_mod_pool_basic_warpstone_very_large_1		false
chaotic_plan_tokens_how_to_use_description_wh3_dlc29_economy_mod_pool_basic_warpstone_very_large_2		false
chaotic_plan_tokens_how_to_use_description_wh3_dlc29_economy_mod_pool_basic_warpstone_very_large_3		false
chaotic_plan_tokens_how_to_use_description_wh3_dlc29_economy_red_alarm_food_1		false
chaotic_plan_tokens_how_to_use_description_wh3_dlc29_economy_red_alarm_food_2		false
chaotic_plan_tokens_how_to_use_description_wh3_dlc29_economy_red_alarm_food_3		false
chaotic_plan_tokens_how_to_use_description_wh3_dlc29_economy_red_alarm_treasury_1		false
chaotic_plan_tokens_how_to_use_description_wh3_dlc29_economy_red_alarm_treasury_2		false
chaotic_plan_tokens_how_to_use_description_wh3_dlc29_economy_red_alarm_treasury_3		false
chaotic_plan_tokens_how_to_use_description_wh3_dlc29_economy_red_alarm_warpstone_1		false
chaotic_plan_tokens_how_to_use_description_wh3_dlc29_economy_red_alarm_warpstone_2		false
chaotic_plan_tokens_how_to_use_description_wh3_dlc29_economy_red_alarm_warpstone_3		false
chaotic_plan_tokens_how_to_use_description_wh3_dlc29_economy_upgrade_basic_food_mid_2		false
chaotic_plan_tokens_how_to_use_description_wh3_dlc29_economy_upgrade_basic_food_mid_3		false
chaotic_plan_tokens_how_to_use_description_wh3_dlc29_economy_upgrade_basic_food_small_2		false
chaotic_plan_tokens_how_to_use_description_wh3_dlc29_economy_upgrade_basic_food_small_3		false
chaotic_plan_tokens_how_to_use_description_wh3_dlc29_economy_yellow_select_resource_speed		false
chaotic_plan_tokens_how_to_use_description_wh3_dlc29_economy_yellow_select_resource_treasury		false
chaotic_plan_tokens_how_to_use_description_wh3_dlc29_economy_yellow_select_resource_warpstone		false
chaotic_plan_tokens_how_to_use_description_wh3_dlc29_green_economic_dangerous_treasury_generated		false
chaotic_plan_tokens_how_to_use_description_wh3_dlc29_green_economic_dangerous_warpstone_generated		false
chaotic_plan_tokens_how_to_use_description_wh3_dlc29_green_military_lab_1_generated		false
chaotic_plan_tokens_how_to_use_description_wh3_dlc29_green_military_lab_2_generated		false
chaotic_plan_tokens_how_to_use_description_wh3_dlc29_green_military_lab_3_generated		false
chaotic_plan_tokens_how_to_use_description_wh3_dlc29_green_military_mercenaries_1_generated		false
chaotic_plan_tokens_how_to_use_description_wh3_dlc29_green_military_mercenaries_2_generated		false
chaotic_plan_tokens_how_to_use_description_wh3_dlc29_green_military_mercenaries_3_generated		false
chaotic_plan_tokens_how_to_use_description_wh3_dlc29_green_military_reinforcements_generated		false
chaotic_plan_tokens_how_to_use_description_wh3_dlc29_green_military_warp_doom_magma_cannon		false
chaotic_plan_tokens_how_to_use_description_wh3_dlc29_magic_create_undercity_1		false
chaotic_plan_tokens_how_to_use_description_wh3_dlc29_magic_create_undercity_filler_token_assassins		false
chaotic_plan_tokens_how_to_use_description_wh3_dlc29_magic_create_undercity_filler_token_crafting		false
chaotic_plan_tokens_how_to_use_description_wh3_dlc29_magic_create_undercity_filler_token_kidnappers		false
chaotic_plan_tokens_how_to_use_description_wh3_dlc29_magic_create_undercity_filler_token_mine		false
chaotic_plan_tokens_how_to_use_description_wh3_dlc29_magic_create_undercity_filler_token_refinery		false
chaotic_plan_tokens_how_to_use_description_wh3_dlc29_magic_create_undercity_filler_token_strip_mine		false
chaotic_plan_tokens_how_to_use_description_wh3_dlc29_magic_create_undercity_filler_token_thieves		false
chaotic_plan_tokens_how_to_use_description_wh3_dlc29_magic_create_undercity_filler_token_treasury		false
chaotic_plan_tokens_how_to_use_description_wh3_dlc29_magic_create_undercity_piece_a_1		false
chaotic_plan_tokens_how_to_use_description_wh3_dlc29_magic_create_undercity_piece_b_1		false
chaotic_plan_tokens_how_to_use_description_wh3_dlc29_magic_create_undercity_piece_c_1		false
chaotic_plan_tokens_how_to_use_description_wh3_dlc29_magic_create_undercity_piece_d_1		false
chaotic_plan_tokens_how_to_use_description_wh3_dlc29_magic_draw_combo_piece		false
chaotic_plan_tokens_how_to_use_description_wh3_dlc29_magic_pull_moon_1		false
chaotic_plan_tokens_how_to_use_description_wh3_dlc29_magic_pull_moon_filler_token_food		false
chaotic_plan_tokens_how_to_use_description_wh3_dlc29_magic_pull_moon_filler_token_recruitment_slots		false
chaotic_plan_tokens_how_to_use_description_wh3_dlc29_magic_pull_moon_filler_token_skaven_corruption		false
chaotic_plan_tokens_how_to_use_description_wh3_dlc29_magic_pull_moon_filler_token_warpstone		false
chaotic_plan_tokens_how_to_use_description_wh3_dlc29_magic_pull_moon_piece_a_1		false
chaotic_plan_tokens_how_to_use_description_wh3_dlc29_magic_pull_moon_piece_b_1		false
chaotic_plan_tokens_how_to_use_description_wh3_dlc29_magic_pull_moon_piece_c_1		false
chaotic_plan_tokens_how_to_use_description_wh3_dlc29_magic_pull_moon_piece_d_1		false
chaotic_plan_tokens_how_to_use_description_wh3_dlc29_magic_red_chaos_corruption_1		false
chaotic_plan_tokens_how_to_use_description_wh3_dlc29_magic_red_chaos_corruption_2		false
chaotic_plan_tokens_how_to_use_description_wh3_dlc29_magic_red_chaos_corruption_3		false
chaotic_plan_tokens_how_to_use_description_wh3_dlc29_magic_red_elite_chaos_corruption_1		false
chaotic_plan_tokens_how_to_use_description_wh3_dlc29_magic_red_elite_khorne_corruption_1		false
chaotic_plan_tokens_how_to_use_description_wh3_dlc29_magic_red_elite_nurgle_corruption_1		false
chaotic_plan_tokens_how_to_use_description_wh3_dlc29_magic_red_elite_slaanesh_corruption_1		false
chaotic_plan_tokens_how_to_use_description_wh3_dlc29_magic_red_elite_tzeentch_corruption_1		false
chaotic_plan_tokens_how_to_use_description_wh3_dlc29_magic_red_enemy_verminlord_corruptor_1		false
chaotic_plan_tokens_how_to_use_description_wh3_dlc29_magic_red_enemy_verminlord_deceiver_1		false
chaotic_plan_tokens_how_to_use_description_wh3_dlc29_magic_red_enemy_verminlord_warbringer_1		false
chaotic_plan_tokens_how_to_use_description_wh3_dlc29_magic_red_enemy_verminlord_warpseer_1		false
chaotic_plan_tokens_how_to_use_description_wh3_dlc29_magic_red_eshin_alarm_1		false
chaotic_plan_tokens_how_to_use_description_wh3_dlc29_magic_red_khorne_corruption_1		false
chaotic_plan_tokens_how_to_use_description_wh3_dlc29_magic_red_moulder_alarm_1		false
chaotic_plan_tokens_how_to_use_description_wh3_dlc29_magic_red_nurgle_corruption_1		false
chaotic_plan_tokens_how_to_use_description_wh3_dlc29_magic_red_rictus_alarm_1		false
chaotic_plan_tokens_how_to_use_description_wh3_dlc29_magic_red_skryre_alarm_1		false
chaotic_plan_tokens_how_to_use_description_wh3_dlc29_magic_red_slaanesh_corruption_1		false
chaotic_plan_tokens_how_to_use_description_wh3_dlc29_magic_red_tzeentch_corruption_1		false
chaotic_plan_tokens_how_to_use_description_wh3_dlc29_magic_res_activated_negative_daemon_khorne		false
chaotic_plan_tokens_how_to_use_description_wh3_dlc29_magic_res_activated_negative_daemon_nurgle		false
chaotic_plan_tokens_how_to_use_description_wh3_dlc29_magic_res_activated_negative_daemon_slaanesh		false
chaotic_plan_tokens_how_to_use_description_wh3_dlc29_magic_res_activated_negative_daemon_tzeentch		false
chaotic_plan_tokens_how_to_use_description_wh3_dlc29_magic_summon_verminlord_corruptor_1		false
chaotic_plan_tokens_how_to_use_description_wh3_dlc29_magic_summon_verminlord_corruptor_2		false
chaotic_plan_tokens_how_to_use_description_wh3_dlc29_magic_summon_verminlord_corruptor_3		false
chaotic_plan_tokens_how_to_use_description_wh3_dlc29_magic_summon_verminlord_corruptor_4		false
chaotic_plan_tokens_how_to_use_description_wh3_dlc29_magic_summon_verminlord_corruptor_5		false
chaotic_plan_tokens_how_to_use_description_wh3_dlc29_magic_summon_verminlord_deceiver_1		false
chaotic_plan_tokens_how_to_use_description_wh3_dlc29_magic_summon_verminlord_deceiver_2		false
chaotic_plan_tokens_how_to_use_description_wh3_dlc29_magic_summon_verminlord_deceiver_3		false
chaotic_plan_tokens_how_to_use_description_wh3_dlc29_magic_summon_verminlord_deceiver_4		false
chaotic_plan_tokens_how_to_use_description_wh3_dlc29_magic_summon_verminlord_deceiver_5		false
chaotic_plan_tokens_how_to_use_description_wh3_dlc29_magic_summon_verminlord_dummy_1		false
chaotic_plan_tokens_how_to_use_description_wh3_dlc29_magic_summon_verminlord_dummy_2		false
chaotic_plan_tokens_how_to_use_description_wh3_dlc29_magic_summon_verminlord_dummy_3		false
chaotic_plan_tokens_how_to_use_description_wh3_dlc29_magic_summon_verminlord_dummy_4		false
chaotic_plan_tokens_how_to_use_description_wh3_dlc29_magic_summon_verminlord_dummy_5		false
chaotic_plan_tokens_how_to_use_description_wh3_dlc29_magic_summon_verminlord_piece_eshin_1		false
chaotic_plan_tokens_how_to_use_description_wh3_dlc29_magic_summon_verminlord_piece_eshin_2		false
chaotic_plan_tokens_how_to_use_description_wh3_dlc29_magic_summon_verminlord_piece_eshin_3		false
chaotic_plan_tokens_how_to_use_description_wh3_dlc29_magic_summon_verminlord_piece_eshin_4		false
chaotic_plan_tokens_how_to_use_description_wh3_dlc29_magic_summon_verminlord_piece_eshin_5		false
chaotic_plan_tokens_how_to_use_description_wh3_dlc29_magic_summon_verminlord_piece_moulder_1		false
chaotic_plan_tokens_how_to_use_description_wh3_dlc29_magic_summon_verminlord_piece_moulder_2		false
chaotic_plan_tokens_how_to_use_description_wh3_dlc29_magic_summon_verminlord_piece_moulder_3		false
chaotic_plan_tokens_how_to_use_description_wh3_dlc29_magic_summon_verminlord_piece_moulder_4		false
chaotic_plan_tokens_how_to_use_description_wh3_dlc29_magic_summon_verminlord_piece_moulder_5		false
chaotic_plan_tokens_how_to_use_description_wh3_dlc29_magic_summon_verminlord_piece_pestilens_1		false
chaotic_plan_tokens_how_to_use_description_wh3_dlc29_magic_summon_verminlord_piece_pestilens_2		false
chaotic_plan_tokens_how_to_use_description_wh3_dlc29_magic_summon_verminlord_piece_pestilens_3		false
chaotic_plan_tokens_how_to_use_description_wh3_dlc29_magic_summon_verminlord_piece_pestilens_4		false
chaotic_plan_tokens_how_to_use_description_wh3_dlc29_magic_summon_verminlord_piece_pestilens_5		false
chaotic_plan_tokens_how_to_use_description_wh3_dlc29_magic_summon_verminlord_piece_skryre_1		false
chaotic_plan_tokens_how_to_use_description_wh3_dlc29_magic_summon_verminlord_piece_skryre_2		false
chaotic_plan_tokens_how_to_use_description_wh3_dlc29_magic_summon_verminlord_piece_skryre_3		false
chaotic_plan_tokens_how_to_use_description_wh3_dlc29_magic_summon_verminlord_piece_skryre_4		false
chaotic_plan_tokens_how_to_use_description_wh3_dlc29_magic_summon_verminlord_piece_skryre_5		false
chaotic_plan_tokens_how_to_use_description_wh3_dlc29_magic_summon_verminlord_warbringer_1		false
chaotic_plan_tokens_how_to_use_description_wh3_dlc29_magic_summon_verminlord_warbringer_2		false
chaotic_plan_tokens_how_to_use_description_wh3_dlc29_magic_summon_verminlord_warbringer_3		false
chaotic_plan_tokens_how_to_use_description_wh3_dlc29_magic_summon_verminlord_warbringer_4		false
chaotic_plan_tokens_how_to_use_description_wh3_dlc29_magic_summon_verminlord_warbringer_5		false
chaotic_plan_tokens_how_to_use_description_wh3_dlc29_magic_summon_verminlord_warpseer_1		false
chaotic_plan_tokens_how_to_use_description_wh3_dlc29_magic_summon_verminlord_warpseer_2		false
chaotic_plan_tokens_how_to_use_description_wh3_dlc29_magic_summon_verminlord_warpseer_3		false
chaotic_plan_tokens_how_to_use_description_wh3_dlc29_magic_summon_verminlord_warpseer_4		false
chaotic_plan_tokens_how_to_use_description_wh3_dlc29_magic_summon_verminlord_warpseer_5		false
chaotic_plan_tokens_how_to_use_description_wh3_dlc29_magic_upgrade_verminlord_1		false
chaotic_plan_tokens_how_to_use_description_wh3_dlc29_magic_upgrade_verminlord_2		false
chaotic_plan_tokens_how_to_use_description_wh3_dlc29_magic_upgrade_verminlord_3		false
chaotic_plan_tokens_how_to_use_description_wh3_dlc29_magic_upgrade_verminlord_4		false
chaotic_plan_tokens_how_to_use_description_wh3_dlc29_magic_upgrade_verminlord_5		false
chaotic_plan_tokens_how_to_use_description_wh3_dlc29_magic_verminlord_rank_up		false
chaotic_plan_tokens_how_to_use_description_wh3_dlc29_military_action_assassin		false
chaotic_plan_tokens_how_to_use_description_wh3_dlc29_military_action_assassin_2		false
chaotic_plan_tokens_how_to_use_description_wh3_dlc29_military_action_assassin_3		false
chaotic_plan_tokens_how_to_use_description_wh3_dlc29_military_action_assassin_draw		false
chaotic_plan_tokens_how_to_use_description_wh3_dlc29_military_action_bounty_chieftain_0	Select {{tr:chaotic_plan_tokens_name_wh3_dlc29_military_purple_bounty_chieftain_0}} to remove it and gain Treasury	false
chaotic_plan_tokens_how_to_use_description_wh3_dlc29_military_action_bounty_chieftain_1	Select {{tr:chaotic_plan_tokens_name_wh3_dlc29_military_purple_bounty_chieftain_1}} to remove it and gain Treasury	false
chaotic_plan_tokens_how_to_use_description_wh3_dlc29_military_action_bounty_packmaster_0	Select {{tr:chaotic_plan_tokens_name_wh3_dlc29_military_purple_bounty_packmaster_0}} to remove it and gain Treasury	false
chaotic_plan_tokens_how_to_use_description_wh3_dlc29_military_action_bounty_packmaster_2	Select {{tr:chaotic_plan_tokens_name_wh3_dlc29_military_purple_bounty_packmaster_2}} to remove it and gain Treasury	false
chaotic_plan_tokens_how_to_use_description_wh3_dlc29_military_action_bounty_plague_priest_0	Select {{tr:chaotic_plan_tokens_name_wh3_dlc29_military_purple_bounty_plague_priest_0}} to remove it and gain Treasury	false
chaotic_plan_tokens_how_to_use_description_wh3_dlc29_military_action_bounty_plague_priest_2	Select {{tr:chaotic_plan_tokens_name_wh3_dlc29_military_purple_bounty_plague_priest_2}} to remove it and gain Treasury	false
chaotic_plan_tokens_how_to_use_description_wh3_dlc29_military_action_bounty_warlock_engineer	Select {{tr:chaotic_plan_tokens_name_wh3_dlc29_military_purple_bounty_warlock_engineer}} to remove it and gain Treasury	false
chaotic_plan_tokens_how_to_use_description_wh3_dlc29_military_action_chieftain_0		false
chaotic_plan_tokens_how_to_use_description_wh3_dlc29_military_action_chieftain_1		false
chaotic_plan_tokens_how_to_use_description_wh3_dlc29_military_action_chieftain_2		false
chaotic_plan_tokens_how_to_use_description_wh3_dlc29_military_action_eshin_sorcerer		false
chaotic_plan_tokens_how_to_use_description_wh3_dlc29_military_action_eshin_sorcerer_1		false
chaotic_plan_tokens_how_to_use_description_wh3_dlc29_military_action_eshin_sorcerer_2		false
chaotic_plan_tokens_how_to_use_description_wh3_dlc29_military_action_packmaster_0		false
chaotic_plan_tokens_how_to_use_description_wh3_dlc29_military_action_packmaster_1		false
chaotic_plan_tokens_how_to_use_description_wh3_dlc29_military_action_packmaster_2		false
chaotic_plan_tokens_how_to_use_description_wh3_dlc29_military_action_plague_priest_0		false
chaotic_plan_tokens_how_to_use_description_wh3_dlc29_military_action_plague_priest_1		false
chaotic_plan_tokens_how_to_use_description_wh3_dlc29_military_action_plague_priest_2		false
chaotic_plan_tokens_how_to_use_description_wh3_dlc29_military_action_skill_grey_seer_censer_bearers		false
chaotic_plan_tokens_how_to_use_description_wh3_dlc29_military_action_skill_grey_seer_draw_units_1	Select any one Reward to remove, then choose an option from the right	false
chaotic_plan_tokens_how_to_use_description_wh3_dlc29_military_action_skill_grey_seer_draw_units_2	Select any one Reward to remove, then choose an option from the right	false
chaotic_plan_tokens_how_to_use_description_wh3_dlc29_military_action_skill_grey_seer_draw_units_3	Select any one Reward to remove, then choose an option from the right	false
chaotic_plan_tokens_how_to_use_description_wh3_dlc29_military_action_skill_grey_seer_draw_units_4	Select any one Reward to remove, then choose an option from the right	false
chaotic_plan_tokens_how_to_use_description_wh3_dlc29_military_action_skill_grey_seer_draw_units_5	Select any one Reward to remove, then choose an option from the right	false
chaotic_plan_tokens_how_to_use_description_wh3_dlc29_military_action_skill_grey_seer_stormfiend		false
chaotic_plan_tokens_how_to_use_description_wh3_dlc29_military_action_skill_grey_seer_stormvermin_generated		false
chaotic_plan_tokens_how_to_use_description_wh3_dlc29_military_action_skill_spawn_cauldron_poxes_1	Select any one Reward to remove and gain a unit	false
chaotic_plan_tokens_how_to_use_description_wh3_dlc29_military_action_skill_spawn_cauldron_poxes_2	Select any one Reward to remove and gain units	false
chaotic_plan_tokens_how_to_use_description_wh3_dlc29_military_action_skill_spawn_cauldron_poxes_3	Select any one Reward to remove and gain units	false
chaotic_plan_tokens_how_to_use_description_wh3_dlc29_military_action_skill_spawn_cauldron_poxes_generated		false
chaotic_plan_tokens_how_to_use_description_wh3_dlc29_military_action_skill_spawn_death_globe_bombadiers_generated		false
chaotic_plan_tokens_how_to_use_description_wh3_dlc29_military_action_skill_spawn_hell_pit_abomination_1	Select any 2 Rewards to remove and gain a unit	false
chaotic_plan_tokens_how_to_use_description_wh3_dlc29_military_action_skill_spawn_hell_pit_abomination_2	Select any one Reward to remove and gain a unit	false
chaotic_plan_tokens_how_to_use_description_wh3_dlc29_military_action_skill_spawn_hell_pit_abomination_generated		false
chaotic_plan_tokens_how_to_use_description_wh3_dlc29_military_action_skill_spawn_poisoned_wind_mortars_dlc_generated		false
chaotic_plan_tokens_how_to_use_description_wh3_dlc29_military_action_skill_spawn_stormvermin_rank_9_generated		false
chaotic_plan_tokens_how_to_use_description_wh3_dlc29_military_action_skill_spawn_warp_doom_magma_cannon		false
chaotic_plan_tokens_how_to_use_description_wh3_dlc29_military_action_skill_spawn_warp_doom_magma_cannon_generated		false
chaotic_plan_tokens_how_to_use_description_wh3_dlc29_military_action_warlock_engineer		false
chaotic_plan_tokens_how_to_use_description_wh3_dlc29_military_action_warlock_engineer_2		false
chaotic_plan_tokens_how_to_use_description_wh3_dlc29_military_action_warlock_engineer_3		false
chaotic_plan_tokens_how_to_use_description_wh3_dlc29_military_green_assassin		false
chaotic_plan_tokens_how_to_use_description_wh3_dlc29_military_green_assassin_2		false
chaotic_plan_tokens_how_to_use_description_wh3_dlc29_military_green_assassin_3		false
chaotic_plan_tokens_how_to_use_description_wh3_dlc29_military_green_basic_infantry_1		false
chaotic_plan_tokens_how_to_use_description_wh3_dlc29_military_green_basic_infantry_2		false
chaotic_plan_tokens_how_to_use_description_wh3_dlc29_military_green_basic_infantry_grey_seer_3		false
chaotic_plan_tokens_how_to_use_description_wh3_dlc29_military_green_basic_infantry_grey_seer_3_generated		false
chaotic_plan_tokens_how_to_use_description_wh3_dlc29_military_green_basic_infantry_spears_1		false
chaotic_plan_tokens_how_to_use_description_wh3_dlc29_military_green_basic_infantry_spears_2		false
chaotic_plan_tokens_how_to_use_description_wh3_dlc29_military_green_basic_missile_infantry_1		false
chaotic_plan_tokens_how_to_use_description_wh3_dlc29_military_green_basic_missile_infantry_slingers_1		false
chaotic_plan_tokens_how_to_use_description_wh3_dlc29_military_green_basic_monsters_1		false
chaotic_plan_tokens_how_to_use_description_wh3_dlc29_military_green_basic_pusbags_1		false
chaotic_plan_tokens_how_to_use_description_wh3_dlc29_military_green_basic_pusbags_2		false
chaotic_plan_tokens_how_to_use_description_wh3_dlc29_military_green_basic_skavenslaves		false
chaotic_plan_tokens_how_to_use_description_wh3_dlc29_military_green_basic_skavenslaves_lower_chance		false
chaotic_plan_tokens_how_to_use_description_wh3_dlc29_military_green_brood_horror_dlc_1		false
chaotic_plan_tokens_how_to_use_description_wh3_dlc29_military_green_brood_horror_dlc_2		false
chaotic_plan_tokens_how_to_use_description_wh3_dlc29_military_green_chieftain_0		false
chaotic_plan_tokens_how_to_use_description_wh3_dlc29_military_green_chieftain_1		false
chaotic_plan_tokens_how_to_use_description_wh3_dlc29_military_green_chieftain_2		false
chaotic_plan_tokens_how_to_use_description_wh3_dlc29_military_green_death_globe_bombadiers_1		false
chaotic_plan_tokens_how_to_use_description_wh3_dlc29_military_green_death_globe_bombadiers_2		false
chaotic_plan_tokens_how_to_use_description_wh3_dlc29_military_green_death_runners_1		false
chaotic_plan_tokens_how_to_use_description_wh3_dlc29_military_green_death_runners_2		false
chaotic_plan_tokens_how_to_use_description_wh3_dlc29_military_green_death_runners_3		false
chaotic_plan_tokens_how_to_use_description_wh3_dlc29_military_green_doom_flayer_dlc_1		false
chaotic_plan_tokens_how_to_use_description_wh3_dlc29_military_green_doom_flayer_dlc_2		false
chaotic_plan_tokens_how_to_use_description_wh3_dlc29_military_green_doomwheel_1		false
chaotic_plan_tokens_how_to_use_description_wh3_dlc29_military_green_doomwheel_2		false
chaotic_plan_tokens_how_to_use_description_wh3_dlc29_military_green_eshin_sorcerer		false
chaotic_plan_tokens_how_to_use_description_wh3_dlc29_military_green_eshin_sorcerer_1		false
chaotic_plan_tokens_how_to_use_description_wh3_dlc29_military_green_eshin_sorcerer_2		false
chaotic_plan_tokens_how_to_use_description_wh3_dlc29_military_green_eshin_triads_dlc_1		false
chaotic_plan_tokens_how_to_use_description_wh3_dlc29_military_green_gutter_runners_1		false
chaotic_plan_tokens_how_to_use_description_wh3_dlc29_military_green_gutter_runners_1_double		false
chaotic_plan_tokens_how_to_use_description_wh3_dlc29_military_green_gutter_runners_1_poison		false
chaotic_plan_tokens_how_to_use_description_wh3_dlc29_military_green_gutter_runners_slingers_1		false
chaotic_plan_tokens_how_to_use_description_wh3_dlc29_military_green_gutter_runners_slingers_1_poison		false
chaotic_plan_tokens_how_to_use_description_wh3_dlc29_military_green_hell_pit_abomination		false
chaotic_plan_tokens_how_to_use_description_wh3_dlc29_military_green_moulder_stormfiends_doomflayer_1		false
chaotic_plan_tokens_how_to_use_description_wh3_dlc29_military_green_moulder_stormfiends_doomflayer_2		false
chaotic_plan_tokens_how_to_use_description_wh3_dlc29_military_green_moulder_stormfiends_grinder_1		false
chaotic_plan_tokens_how_to_use_description_wh3_dlc29_military_green_moulder_stormfiends_grinder_2		false
chaotic_plan_tokens_how_to_use_description_wh3_dlc29_military_green_moulder_stormfiends_shock_1		false
chaotic_plan_tokens_how_to_use_description_wh3_dlc29_military_green_moulder_stormfiends_shock_2		false
chaotic_plan_tokens_how_to_use_description_wh3_dlc29_military_green_moulder_wolf_rats_dlc_1		false
chaotic_plan_tokens_how_to_use_description_wh3_dlc29_military_green_moulder_wolf_rats_dlc_2		false
chaotic_plan_tokens_how_to_use_description_wh3_dlc29_military_green_mutant_rat_ogre_dlc_1		false
chaotic_plan_tokens_how_to_use_description_wh3_dlc29_military_green_mutant_rat_ogre_dlc_2		false
chaotic_plan_tokens_how_to_use_description_wh3_dlc29_military_green_packmaster_0		false
chaotic_plan_tokens_how_to_use_description_wh3_dlc29_military_green_packmaster_1		false
chaotic_plan_tokens_how_to_use_description_wh3_dlc29_military_green_packmaster_2		false
chaotic_plan_tokens_how_to_use_description_wh3_dlc29_military_green_plague_censer_bearers		false
chaotic_plan_tokens_how_to_use_description_wh3_dlc29_military_green_plague_monks_1		false
chaotic_plan_tokens_how_to_use_description_wh3_dlc29_military_green_plague_monks_2		false
chaotic_plan_tokens_how_to_use_description_wh3_dlc29_military_green_plague_priest_0		false
chaotic_plan_tokens_how_to_use_description_wh3_dlc29_military_green_plague_priest_1		false
chaotic_plan_tokens_how_to_use_description_wh3_dlc29_military_green_plague_priest_2		false
chaotic_plan_tokens_how_to_use_description_wh3_dlc29_military_green_plagueclaw_catapult_1		false
chaotic_plan_tokens_how_to_use_description_wh3_dlc29_military_green_plagueclaw_catapult_2		false
chaotic_plan_tokens_how_to_use_description_wh3_dlc29_military_green_plagueclaw_catapult_3		false
chaotic_plan_tokens_how_to_use_description_wh3_dlc29_military_green_poison_wind_globadiers_1		false
chaotic_plan_tokens_how_to_use_description_wh3_dlc29_military_green_poison_wind_globadiers_2		false
chaotic_plan_tokens_how_to_use_description_wh3_dlc29_military_green_poison_wind_mortars_1		false
chaotic_plan_tokens_how_to_use_description_wh3_dlc29_military_green_poison_wind_mortars_2		false
chaotic_plan_tokens_how_to_use_description_wh3_dlc29_military_green_rictus_stormvermin_1		false
chaotic_plan_tokens_how_to_use_description_wh3_dlc29_military_green_rictus_stormvermin_2		false
chaotic_plan_tokens_how_to_use_description_wh3_dlc29_military_green_rictus_stormvermin_grey_seer_1		false
chaotic_plan_tokens_how_to_use_description_wh3_dlc29_military_green_rictus_stormvermin_halberds_1		false
chaotic_plan_tokens_how_to_use_description_wh3_dlc29_military_green_rictus_stormvermin_halberds_2		false
chaotic_plan_tokens_how_to_use_description_wh3_dlc29_military_green_rictus_stormvermin_halberds_rank_9		false
chaotic_plan_tokens_how_to_use_description_wh3_dlc29_military_green_skryre_ratling_guns_dlc_1		false
chaotic_plan_tokens_how_to_use_description_wh3_dlc29_military_green_skryre_ratling_guns_dlc_2		false
chaotic_plan_tokens_how_to_use_description_wh3_dlc29_military_green_skryre_stormfiends_ratling_1		false
chaotic_plan_tokens_how_to_use_description_wh3_dlc29_military_green_skryre_stormfiends_ratling_2		false
chaotic_plan_tokens_how_to_use_description_wh3_dlc29_military_green_skryre_stormfiends_warpfire_1		false
chaotic_plan_tokens_how_to_use_description_wh3_dlc29_military_green_skryre_stormfiends_warpfire_2		false
chaotic_plan_tokens_how_to_use_description_wh3_dlc29_military_green_skryre_stormfiends_windlauncher_1		false
chaotic_plan_tokens_how_to_use_description_wh3_dlc29_military_green_skryre_stormfiends_windlauncher_2		false
chaotic_plan_tokens_how_to_use_description_wh3_dlc29_military_green_skryre_warpfire_throwers_1		false
chaotic_plan_tokens_how_to_use_description_wh3_dlc29_military_green_skryre_warpfire_throwers_2		false
chaotic_plan_tokens_how_to_use_description_wh3_dlc29_military_green_stormvermin_rank_9		false
chaotic_plan_tokens_how_to_use_description_wh3_dlc29_military_green_warlock_engineer		false
chaotic_plan_tokens_how_to_use_description_wh3_dlc29_military_green_warlock_engineer_2		false
chaotic_plan_tokens_how_to_use_description_wh3_dlc29_military_green_warlock_engineer_3		false
chaotic_plan_tokens_how_to_use_description_wh3_dlc29_military_green_warp_grinders_dlc_1		false
chaotic_plan_tokens_how_to_use_description_wh3_dlc29_military_green_warp_lightning_cannon_1		false
chaotic_plan_tokens_how_to_use_description_wh3_dlc29_military_green_warp_lightning_cannon_2		false
chaotic_plan_tokens_how_to_use_description_wh3_dlc29_military_green_warp_lightning_cannon_3		false
chaotic_plan_tokens_how_to_use_description_wh3_dlc29_military_green_warp_lightning_cannon_unique		false
chaotic_plan_tokens_how_to_use_description_wh3_dlc29_military_green_warp_lightning_cannon_warlock_1		false
chaotic_plan_tokens_how_to_use_description_wh3_dlc29_military_green_warp_lightning_cannon_warlock_2		false
chaotic_plan_tokens_how_to_use_description_wh3_dlc29_military_green_warplock_jezzails_dlc_1		false
chaotic_plan_tokens_how_to_use_description_wh3_dlc29_military_green_warplock_jezzails_dlc_2		false
chaotic_plan_tokens_how_to_use_description_wh3_dlc29_military_mod_pool_basic_infantry_2		false
chaotic_plan_tokens_how_to_use_description_wh3_dlc29_military_mod_pool_basic_infantry_spears_1		false
chaotic_plan_tokens_how_to_use_description_wh3_dlc29_military_mod_pool_basic_pusbags_1		false
chaotic_plan_tokens_how_to_use_description_wh3_dlc29_military_mod_pool_brood_horror_dlc_1		false
chaotic_plan_tokens_how_to_use_description_wh3_dlc29_military_mod_pool_clanrats_grey_seer_2		false
chaotic_plan_tokens_how_to_use_description_wh3_dlc29_military_mod_pool_clanrats_grey_seer_3		false
chaotic_plan_tokens_how_to_use_description_wh3_dlc29_military_mod_pool_clanrats_grey_seer_4		false
chaotic_plan_tokens_how_to_use_description_wh3_dlc29_military_mod_pool_clanrats_grey_seer_5		false
chaotic_plan_tokens_how_to_use_description_wh3_dlc29_military_mod_pool_death_globe_bombadiers_1		false
chaotic_plan_tokens_how_to_use_description_wh3_dlc29_military_mod_pool_death_runners_1		false
chaotic_plan_tokens_how_to_use_description_wh3_dlc29_military_mod_pool_doom_flayer_dlc_1		false
chaotic_plan_tokens_how_to_use_description_wh3_dlc29_military_mod_pool_doomwheel_1		false
chaotic_plan_tokens_how_to_use_description_wh3_dlc29_military_mod_pool_eshin_triads_dlc_1		false
chaotic_plan_tokens_how_to_use_description_wh3_dlc29_military_mod_pool_moulder_wolf_rats_dlc_1		false
chaotic_plan_tokens_how_to_use_description_wh3_dlc29_military_mod_pool_mutant_rat_ogre_dlc		false
chaotic_plan_tokens_how_to_use_description_wh3_dlc29_military_mod_pool_night_runners_slingers_1		false
chaotic_plan_tokens_how_to_use_description_wh3_dlc29_military_mod_pool_plague_censer_bearers		false
chaotic_plan_tokens_how_to_use_description_wh3_dlc29_military_mod_pool_plague_monks_1		false
chaotic_plan_tokens_how_to_use_description_wh3_dlc29_military_mod_pool_plagueclaw_catapult_1		false
chaotic_plan_tokens_how_to_use_description_wh3_dlc29_military_mod_pool_poison_wind_globadiers_1		false
chaotic_plan_tokens_how_to_use_description_wh3_dlc29_military_mod_pool_poison_wind_mortars_1		false
chaotic_plan_tokens_how_to_use_description_wh3_dlc29_military_mod_pool_remove_skavenslaves		false
chaotic_plan_tokens_how_to_use_description_wh3_dlc29_military_mod_pool_rictus_stormvermin_1		false
chaotic_plan_tokens_how_to_use_description_wh3_dlc29_military_mod_pool_rictus_stormvermin_3		false
chaotic_plan_tokens_how_to_use_description_wh3_dlc29_military_mod_pool_rictus_stormvermin_halberds_1		false
chaotic_plan_tokens_how_to_use_description_wh3_dlc29_military_mod_pool_skryre_ratling_guns_dlc_1		false
chaotic_plan_tokens_how_to_use_description_wh3_dlc29_military_mod_pool_skryre_warpfire_throwers_1		false
chaotic_plan_tokens_how_to_use_description_wh3_dlc29_military_mod_pool_stormfiends_warlock_1		false
chaotic_plan_tokens_how_to_use_description_wh3_dlc29_military_mod_pool_stormfiends_warlock_2		false
chaotic_plan_tokens_how_to_use_description_wh3_dlc29_military_mod_pool_stormfiends_warlock_3		false
chaotic_plan_tokens_how_to_use_description_wh3_dlc29_military_mod_pool_stormfiends_warlord_1		false
chaotic_plan_tokens_how_to_use_description_wh3_dlc29_military_mod_pool_stormfiends_warlord_2		false
chaotic_plan_tokens_how_to_use_description_wh3_dlc29_military_mod_pool_stormfiends_warlord_3		false
chaotic_plan_tokens_how_to_use_description_wh3_dlc29_military_mod_pool_stormvermin_rank_9		false
chaotic_plan_tokens_how_to_use_description_wh3_dlc29_military_mod_pool_warp_grinders_dlc_1		false
chaotic_plan_tokens_how_to_use_description_wh3_dlc29_military_mod_pool_warp_lightning_cannon_1		false
chaotic_plan_tokens_how_to_use_description_wh3_dlc29_military_mod_pool_warp_lightning_cannon_warlock_1		false
chaotic_plan_tokens_how_to_use_description_wh3_dlc29_military_mod_pool_warplock_jezzails_dlc_1		false
chaotic_plan_tokens_how_to_use_description_wh3_dlc29_military_purple_bounty_chieftain_0		false
chaotic_plan_tokens_how_to_use_description_wh3_dlc29_military_purple_bounty_chieftain_1		false
chaotic_plan_tokens_how_to_use_description_wh3_dlc29_military_purple_bounty_packmaster_0		false
chaotic_plan_tokens_how_to_use_description_wh3_dlc29_military_purple_bounty_packmaster_2		false
chaotic_plan_tokens_how_to_use_description_wh3_dlc29_military_purple_bounty_plague_priest_0		false
chaotic_plan_tokens_how_to_use_description_wh3_dlc29_military_purple_bounty_plague_priest_2		false
chaotic_plan_tokens_how_to_use_description_wh3_dlc29_military_purple_bounty_warlock_engineer		false
chaotic_plan_tokens_how_to_use_description_wh3_dlc29_military_red_explosion_guard_1		false
chaotic_plan_tokens_how_to_use_description_wh3_dlc29_military_red_hellpit_guard_1		false
chaotic_plan_tokens_how_to_use_description_wh3_dlc29_military_red_plague_guard_1		false
chaotic_plan_tokens_how_to_use_description_wh3_dlc29_military_upgrade_basic_infantry_spears_2		false
chaotic_plan_tokens_how_to_use_description_wh3_dlc29_military_upgrade_basic_pusbags_2		false
chaotic_plan_tokens_how_to_use_description_wh3_dlc29_military_upgrade_death_runners_2		false
chaotic_plan_tokens_how_to_use_description_wh3_dlc29_military_upgrade_death_runners_3		false
chaotic_plan_tokens_how_to_use_description_wh3_dlc29_military_upgrade_double_units_warlock		false
chaotic_plan_tokens_how_to_use_description_wh3_dlc29_military_upgrade_gutter_runners_1		false
chaotic_plan_tokens_how_to_use_description_wh3_dlc29_military_upgrade_gutter_runners_poison_1		false
chaotic_plan_tokens_how_to_use_description_wh3_dlc29_military_upgrade_moulder_wolf_rats_dlc_2		false
chaotic_plan_tokens_how_to_use_description_wh3_dlc29_military_upgrade_moulder_wolf_rats_dlc_3		false
chaotic_plan_tokens_how_to_use_description_wh3_dlc29_military_upgrade_mutant_rat_ogre_brood_horror_2		false
chaotic_plan_tokens_how_to_use_description_wh3_dlc29_military_upgrade_plague_monks_2		false
chaotic_plan_tokens_how_to_use_description_wh3_dlc29_military_upgrade_plagueclaw_catapult_2		false
chaotic_plan_tokens_how_to_use_description_wh3_dlc29_military_upgrade_plagueclaw_catapult_3		false
chaotic_plan_tokens_how_to_use_description_wh3_dlc29_military_upgrade_rictus_stormvermin_2		false
chaotic_plan_tokens_how_to_use_description_wh3_dlc29_military_upgrade_warp_lightning_cannon_2		false
chaotic_plan_tokens_how_to_use_description_wh3_dlc29_military_upgrade_warp_lightning_cannon_3		false
chaotic_plan_tokens_how_to_use_description_wh3_dlc29_purple_any_chaos_experience		false
chaotic_plan_tokens_how_to_use_description_wh3_dlc29_purple_any_empire_skaven_not_real		false
chaotic_plan_tokens_how_to_use_description_wh3_dlc29_purple_any_reduce_guards		false
chaotic_plan_tokens_how_to_use_description_wh3_dlc29_purple_any_skaven_blackmail		false
chaotic_plan_tokens_how_to_use_description_wh3_dlc29_purple_dwarfs_any_dwarf_brew		false
chaotic_plan_tokens_how_to_use_description_wh3_dlc29_purple_dwarfs_any_dwarf_brew_use		false
chaotic_plan_tokens_how_to_use_description_wh3_dlc29_purple_dwarfs_any_dwarf_brew_use_generated_1		false
chaotic_plan_tokens_how_to_use_description_wh3_dlc29_purple_dwarfs_any_dwarf_brew_use_generated_2		false
chaotic_plan_tokens_how_to_use_description_wh3_dlc29_purple_economic_bretonnia_food		false
chaotic_plan_tokens_how_to_use_description_wh3_dlc29_purple_economic_bretonnia_treasury		false
chaotic_plan_tokens_how_to_use_description_wh3_dlc29_purple_economic_cathay_warpstone		false
chaotic_plan_tokens_how_to_use_description_wh3_dlc29_purple_economic_chaos_dwarfs_treasury		false
chaotic_plan_tokens_how_to_use_description_wh3_dlc29_purple_economic_chaos_warpstone		false
chaotic_plan_tokens_how_to_use_description_wh3_dlc29_purple_economic_dangerous_treasury		false
chaotic_plan_tokens_how_to_use_description_wh3_dlc29_purple_economic_dangerous_warpstone		false
chaotic_plan_tokens_how_to_use_description_wh3_dlc29_purple_economic_greenskins_food		false
chaotic_plan_tokens_how_to_use_description_wh3_dlc29_purple_economic_ogre_kingdoms_food		false
chaotic_plan_tokens_how_to_use_description_wh3_dlc29_purple_economic_ogre_kingdoms_treasury		false
chaotic_plan_tokens_how_to_use_description_wh3_dlc29_purple_economic_undead_warpstone		false
chaotic_plan_tokens_how_to_use_description_wh3_dlc29_purple_economic_vault_1		false
chaotic_plan_tokens_how_to_use_description_wh3_dlc29_purple_economy_vampire_food_big		false
chaotic_plan_tokens_how_to_use_description_wh3_dlc29_purple_economy_vampire_food_small		false
chaotic_plan_tokens_how_to_use_description_wh3_dlc29_purple_lucky_draw		false
chaotic_plan_tokens_how_to_use_description_wh3_dlc29_purple_magic_draw_combo_piece		false
chaotic_plan_tokens_how_to_use_description_wh3_dlc29_purple_magic_draw_combo_piece_action		false
chaotic_plan_tokens_how_to_use_description_wh3_dlc29_purple_magic_tzeentch_draw_tokens		false
chaotic_plan_tokens_how_to_use_description_wh3_dlc29_purple_military_lab_1		false
chaotic_plan_tokens_how_to_use_description_wh3_dlc29_purple_military_mercenaries_1		false
chaotic_plan_tokens_how_to_use_description_wh3_dlc29_purple_military_multiple_cultures_stormvermin		false
chaotic_plan_tokens_how_to_use_description_wh3_dlc29_purple_military_ogre_kingdoms_mercenaries		false
chaotic_plan_tokens_how_to_use_description_wh3_dlc29_purple_military_ogre_kingdoms_mercenaries_pay		false
chaotic_plan_tokens_how_to_use_description_wh3_dlc29_purple_military_ogre_kingdoms_mercenaries_reward_1		false
chaotic_plan_tokens_how_to_use_description_wh3_dlc29_purple_military_ogre_kingdoms_mercenaries_reward_2		false
chaotic_plan_tokens_how_to_use_description_wh3_dlc29_purple_military_ogre_kingdoms_mercenaries_reward_3		false
chaotic_plan_tokens_how_to_use_description_wh3_dlc29_purple_military_ogre_kingdoms_mercenaries_reward_4		false
chaotic_plan_tokens_how_to_use_description_wh3_dlc29_purple_military_ogre_kingdoms_mercenaries_reward_5		false
chaotic_plan_tokens_how_to_use_description_wh3_dlc29_purple_military_ogre_kingdoms_rat_ogres		false
chaotic_plan_tokens_how_to_use_description_wh3_dlc29_purple_military_reinforcements		false
chaotic_plan_tokens_how_to_use_description_wh3_dlc29_purple_military_skaven_guards_1		false
chaotic_plan_tokens_how_to_use_description_wh3_dlc29_purple_military_skaven_stormvermin		false
chaotic_plan_tokens_how_to_use_description_wh3_dlc29_purple_military_tomb_kings_guards_1		false
chaotic_plan_tokens_how_to_use_description_wh3_dlc29_purple_military_tzeentch_guards_1		false
chaotic_plan_tokens_how_to_use_description_wh3_dlc29_purple_military_undead_death_runners		false
chaotic_plan_tokens_how_to_use_description_wh3_dlc29_purple_military_undead_legions_elites_2		false
chaotic_plan_tokens_how_to_use_description_wh3_dlc29_purple_military_vampire_pay_for_reward		false
chaotic_plan_tokens_how_to_use_description_wh3_dlc29_purple_military_wood_elves_elites_1		false
chaotic_plan_tokens_how_to_use_description_wh3_dlc29_red_any_bretonnia_alarm		false
chaotic_plan_tokens_how_to_use_description_wh3_dlc29_red_any_cathay_elites		false
chaotic_plan_tokens_how_to_use_description_wh3_dlc29_red_any_chaos_alarm		false
chaotic_plan_tokens_how_to_use_description_wh3_dlc29_red_any_chaos_dwarfs_alarm		false
chaotic_plan_tokens_how_to_use_description_wh3_dlc29_red_any_chaos_dwarfs_elites		false
chaotic_plan_tokens_how_to_use_description_wh3_dlc29_red_any_dark_elves_alarm		false
chaotic_plan_tokens_how_to_use_description_wh3_dlc29_red_any_felix		false
chaotic_plan_tokens_how_to_use_description_wh3_dlc29_red_any_gotrek		false
chaotic_plan_tokens_how_to_use_description_wh3_dlc29_red_any_greenskins_alarm		false
chaotic_plan_tokens_how_to_use_description_wh3_dlc29_red_any_high_elves_alarm		false
chaotic_plan_tokens_how_to_use_description_wh3_dlc29_red_any_high_elves_elites		false
chaotic_plan_tokens_how_to_use_description_wh3_dlc29_red_any_kislev_alarm		false
chaotic_plan_tokens_how_to_use_description_wh3_dlc29_red_any_lizardmen_alarm		false
chaotic_plan_tokens_how_to_use_description_wh3_dlc29_red_any_norsca_alarm		false
chaotic_plan_tokens_how_to_use_description_wh3_dlc29_red_any_nurgle_alarm		false
chaotic_plan_tokens_how_to_use_description_wh3_dlc29_red_any_ogre_kingdoms_elites		false
chaotic_plan_tokens_how_to_use_description_wh3_dlc29_red_any_ogre_kingdoms_hungry		false
chaotic_plan_tokens_how_to_use_description_wh3_dlc29_red_any_ogre_kingdoms_hungry_elite		false
chaotic_plan_tokens_how_to_use_description_wh3_dlc29_red_any_ogre_kingdoms_hungry_elite_pay		false
chaotic_plan_tokens_how_to_use_description_wh3_dlc29_red_any_ogre_kingdoms_hungry_elite_pay_generated		false
chaotic_plan_tokens_how_to_use_description_wh3_dlc29_red_any_ogre_kingdoms_hungry_pay		false
chaotic_plan_tokens_how_to_use_description_wh3_dlc29_red_any_ogre_kingdoms_hungry_pay_generated		false
chaotic_plan_tokens_how_to_use_description_wh3_dlc29_red_any_skaven_guards		false
chaotic_plan_tokens_how_to_use_description_wh3_dlc29_red_any_skaven_haste		false
chaotic_plan_tokens_how_to_use_description_wh3_dlc29_red_any_tomb_kings_alarm		false
chaotic_plan_tokens_how_to_use_description_wh3_dlc29_red_economic_vault_1_generated_alarm		false
chaotic_plan_tokens_how_to_use_description_wh3_dlc29_red_military_bretonnia_elites_1		false
chaotic_plan_tokens_how_to_use_description_wh3_dlc29_red_military_bretonnia_guards		false
chaotic_plan_tokens_how_to_use_description_wh3_dlc29_red_military_cathay_guards_2		false
chaotic_plan_tokens_how_to_use_description_wh3_dlc29_red_military_chaos_dwarfs_guards_1		false
chaotic_plan_tokens_how_to_use_description_wh3_dlc29_red_military_dark_elves_elites_1		false
chaotic_plan_tokens_how_to_use_description_wh3_dlc29_red_military_dark_elves_guards		false
chaotic_plan_tokens_how_to_use_description_wh3_dlc29_red_military_greenskins_guards_2		false
chaotic_plan_tokens_how_to_use_description_wh3_dlc29_red_military_high_elves_guards_3		false
chaotic_plan_tokens_how_to_use_description_wh3_dlc29_red_military_khorne_elites_2		false
chaotic_plan_tokens_how_to_use_description_wh3_dlc29_red_military_kislev_guards		false
chaotic_plan_tokens_how_to_use_description_wh3_dlc29_red_military_kislev_guards_3		false
chaotic_plan_tokens_how_to_use_description_wh3_dlc29_red_military_lizardmen_elites_2		false
chaotic_plan_tokens_how_to_use_description_wh3_dlc29_red_military_lizardmen_guards		false
chaotic_plan_tokens_how_to_use_description_wh3_dlc29_red_military_norsca_guards_2		false
chaotic_plan_tokens_how_to_use_description_wh3_dlc29_red_military_nurgle_guards_3		false
chaotic_plan_tokens_how_to_use_description_wh3_dlc29_red_military_slaanesh_guards		false
chaotic_plan_tokens_how_to_use_description_wh3_dlc29_red_military_undead_legions_guards		false
chaotic_plan_tokens_how_to_use_description_wh3_dlc29_red_military_vampire_pay_to_reduce_alarm		false
chaotic_plan_tokens_how_to_use_description_wh3_dlc29_red_military_vampire_pay_to_reduce_alarm_elite		false
chaotic_plan_tokens_how_to_use_description_wh3_dlc29_red_military_wood_elves_guards		false
chaotic_plan_tokens_how_to_use_description_wh3_dlc29_skv_final_battle_support_eshin		false
chaotic_plan_tokens_how_to_use_description_wh3_dlc29_skv_final_battle_support_mors		false
chaotic_plan_tokens_how_to_use_description_wh3_dlc29_skv_final_battle_support_moulder		false
chaotic_plan_tokens_how_to_use_description_wh3_dlc29_skv_final_battle_support_pestilens		false
chaotic_plan_tokens_how_to_use_description_wh3_dlc29_skv_final_battle_support_rictus		false
chaotic_plan_tokens_how_to_use_description_wh3_dlc29_skv_final_battle_support_skryre		false
chaotic_plan_tokens_how_to_use_description_wh3_dlc29_skv_red_teleport_daemon_lord		false
chaotic_plan_tokens_how_to_use_description_wh3_dlc29_yellow_military_vampire_pay_to_reduce_alarm_action_generated		false
chaotic_plan_tokens_how_to_use_description_wh3_dlc29_yellow_military_vampire_pay_to_reduce_alarm_elite_action_generated		false
chaotic_plan_tokens_name_wh3_dlc29_action_any_remove_red_1	Versatile Approach I	false
chaotic_plan_tokens_name_wh3_dlc29_action_any_remove_red_2	Versatile Approach II	false
chaotic_plan_tokens_name_wh3_dlc29_action_any_remove_red_3	Versatile Approach III	false
chaotic_plan_tokens_name_wh3_dlc29_action_economic_dangerous_treasury	Treasure... or Trap?	false
chaotic_plan_tokens_name_wh3_dlc29_action_economic_dangerous_warpstone	Treasure... or Trap?	false
chaotic_plan_tokens_name_wh3_dlc29_action_economic_focus	{{tr:chaotic_plan_tokens_name_wh3_dlc29_economy_action_select_resource}}	false
chaotic_plan_tokens_name_wh3_dlc29_action_economic_vault_1_open	Crack the Vault	false
chaotic_plan_tokens_name_wh3_dlc29_action_military_lab_1_recruit	Supply the Lab	false
chaotic_plan_tokens_name_wh3_dlc29_action_military_mercenaries_1_recruit	Rabble-Clan Muster	false
chaotic_plan_tokens_name_wh3_dlc29_action_military_reinforcements	Council Reinforcements	false
chaotic_plan_tokens_name_wh3_dlc29_action_military_vampire_pay_for_reward	Pay with Skaven	false
chaotic_plan_tokens_name_wh3_dlc29_action_military_vampire_pay_to_reduce_alarm	Fight the Vampire	false
chaotic_plan_tokens_name_wh3_dlc29_action_military_vampire_pay_to_reduce_alarm_elite	{{tr:chaotic_plan_tokens_name_wh3_dlc29_action_military_vampire_pay_to_reduce_alarm}}	false
chaotic_plan_tokens_name_wh3_dlc29_any_action_assassin_sell_instant	The Surest Revenue	false
chaotic_plan_tokens_name_wh3_dlc29_any_action_basic_diversion	Baited Diversion	false
chaotic_plan_tokens_name_wh3_dlc29_any_action_basic_diversion_generated	{{tr:chaotic_plan_tokens_name_wh3_dlc29_any_action_basic_diversion}}	false
chaotic_plan_tokens_name_wh3_dlc29_any_action_experience	"Subsidised" Progress	false
chaotic_plan_tokens_name_wh3_dlc29_any_action_experience_generated	"Subsidised" Learnings	false
chaotic_plan_tokens_name_wh3_dlc29_any_action_plague_1	{{tr:chaotic_plan_tokens_name_wh3_dlc29_any_action_plague_1_elite}}	false
chaotic_plan_tokens_name_wh3_dlc29_any_action_plague_1_elite	Clear Out the Plague	false
chaotic_plan_tokens_name_wh3_dlc29_any_action_plague_2	{{tr:chaotic_plan_tokens_name_wh3_dlc29_any_action_plague_1_elite}}	false
chaotic_plan_tokens_name_wh3_dlc29_any_action_plague_2_elite	{{tr:chaotic_plan_tokens_name_wh3_dlc29_any_action_plague_1_elite}}	false
chaotic_plan_tokens_name_wh3_dlc29_any_action_plague_3	{{tr:chaotic_plan_tokens_name_wh3_dlc29_any_action_plague_1_elite}}	false
chaotic_plan_tokens_name_wh3_dlc29_any_action_plague_3_elite	{{tr:chaotic_plan_tokens_name_wh3_dlc29_any_action_plague_1_elite}}	false
chaotic_plan_tokens_name_wh3_dlc29_any_action_skill_copy_green_1_economy	Prototype (Steal-Take)	false
chaotic_plan_tokens_name_wh3_dlc29_any_action_skill_copy_green_1_military	Prototype (Kill-Stab)	false
chaotic_plan_tokens_name_wh3_dlc29_any_mod_pool_grey_seer_winds	Attunement to the Horned Rat	false
chaotic_plan_tokens_name_wh3_dlc29_any_red_alarm_action_cost_1	Horrid Incompetence	false
chaotic_plan_tokens_name_wh3_dlc29_any_red_alarm_action_cost_1_payoff	De-musk-alation	false
chaotic_plan_tokens_name_wh3_dlc29_any_red_alarm_action_cost_2	Rival Plots	false
chaotic_plan_tokens_name_wh3_dlc29_any_red_alarm_action_cost_2_payoff	Perfidy Thwarted	false
chaotic_plan_tokens_name_wh3_dlc29_any_red_attention_generated	Attention	false
chaotic_plan_tokens_name_wh3_dlc29_any_red_basic_alarm_1	High Alert	false
chaotic_plan_tokens_name_wh3_dlc29_any_red_basic_alarm_2	Watchful Eyes	false
chaotic_plan_tokens_name_wh3_dlc29_any_red_basic_alarm_3	Raised Suspicion	false
chaotic_plan_tokens_name_wh3_dlc29_any_red_basic_alarm_4	Rival Clan Sabotage	false
chaotic_plan_tokens_name_wh3_dlc29_any_red_basic_alarm_5	Loud Chittering	false
chaotic_plan_tokens_name_wh3_dlc29_any_red_basic_alarm_6_economy	{{tr:chaotic_plan_tokens_name_wh3_dlc29_any_red_basic_alarm_6_military}}	false
chaotic_plan_tokens_name_wh3_dlc29_any_red_basic_alarm_6_military	Tunnel Explosion	false
chaotic_plan_tokens_name_wh3_dlc29_any_red_basic_elite_1	Monster Hunters	false
chaotic_plan_tokens_name_wh3_dlc29_any_red_basic_elite_2	Guard Captain	false
chaotic_plan_tokens_name_wh3_dlc29_any_red_basic_elite_x2	Eshin Contract	false
chaotic_plan_tokens_name_wh3_dlc29_any_red_basic_guard_1	Patrol	false
chaotic_plan_tokens_name_wh3_dlc29_any_red_basic_guard_2	Tunnel Left Open	false
chaotic_plan_tokens_name_wh3_dlc29_any_red_basic_guard_3	Hunters	false
chaotic_plan_tokens_name_wh3_dlc29_any_red_deserters	Deserters	false
chaotic_plan_tokens_name_wh3_dlc29_any_red_embezzlement	Embezzlers	false
chaotic_plan_tokens_name_wh3_dlc29_any_red_eshin_alarm_1	Eshin Counterbid	false
chaotic_plan_tokens_name_wh3_dlc29_any_red_eshin_alarm_payoff_1	Pay Eshin Off	false
chaotic_plan_tokens_name_wh3_dlc29_any_red_eshin_alarm_payoff_1_generated	Eshin Counter-Bribe	false
chaotic_plan_tokens_name_wh3_dlc29_any_red_mors_alarm_1	Mors Obstruction	false
chaotic_plan_tokens_name_wh3_dlc29_any_red_mors_alarm_payoff_1	Mors Tribute	false
chaotic_plan_tokens_name_wh3_dlc29_any_red_mors_alarm_payoff_1_generated	Mors Contribution	false
chaotic_plan_tokens_name_wh3_dlc29_any_red_moulder_alarm_1	Moulder Leverage	false
chaotic_plan_tokens_name_wh3_dlc29_any_red_moulder_alarm_payoff_1	Pay Clan Moulder	false
chaotic_plan_tokens_name_wh3_dlc29_any_red_moulder_alarm_payoff_1_generated	Moulder Arrangement	false
chaotic_plan_tokens_name_wh3_dlc29_any_red_pestilens_alarm_1	Pox-Fug	false
chaotic_plan_tokens_name_wh3_dlc29_any_red_pestilens_alarm_payoff_1	Pestilens Offering	false
chaotic_plan_tokens_name_wh3_dlc29_any_red_pestilens_alarm_payoff_1_generated	Pox-Fug Lifted	false
chaotic_plan_tokens_name_wh3_dlc29_any_red_plague_1	Starveling Blight	false
chaotic_plan_tokens_name_wh3_dlc29_any_red_plague_2	Worming Lambency	false
chaotic_plan_tokens_name_wh3_dlc29_any_red_plague_3	Scab-Scourge	false
chaotic_plan_tokens_name_wh3_dlc29_any_red_plague_elite_1	Virulent {{tr:chaotic_plan_tokens_name_wh3_dlc29_any_red_plague_1}}	false
chaotic_plan_tokens_name_wh3_dlc29_any_red_plague_elite_2	Virulent {{tr:chaotic_plan_tokens_name_wh3_dlc29_any_red_plague_2}}	false
chaotic_plan_tokens_name_wh3_dlc29_any_red_plague_elite_3	Virulent {{tr:chaotic_plan_tokens_name_wh3_dlc29_any_red_plague_3}}	false
chaotic_plan_tokens_name_wh3_dlc29_any_red_rictus_alarm_1	Rictus Toll	false
chaotic_plan_tokens_name_wh3_dlc29_any_red_rictus_alarm_payoff_1	Pay Clan Rictus	false
chaotic_plan_tokens_name_wh3_dlc29_any_red_rictus_alarm_payoff_1_generated	Rictus Tribute	false
chaotic_plan_tokens_name_wh3_dlc29_any_red_rival_grey_seer_alarm_1	Rival Seer Demand	false
chaotic_plan_tokens_name_wh3_dlc29_any_red_rival_grey_seer_alarm_payoff_1	Pay Rival Seer	false
chaotic_plan_tokens_name_wh3_dlc29_any_red_rival_grey_seer_alarm_payoff_1_generated	Rival Seer Offering	false
chaotic_plan_tokens_name_wh3_dlc29_any_red_skryre_alarm_1	Fault-Prone Devices	false
chaotic_plan_tokens_name_wh3_dlc29_any_red_skryre_alarm_payoff_1	Pay Clan Skryre	false
chaotic_plan_tokens_name_wh3_dlc29_any_red_skryre_alarm_payoff_1_generated	Green-Goggled Sneer	false
chaotic_plan_tokens_name_wh3_dlc29_any_red_warlock_alarm_1	Light Warp-fuel Spillage	false
chaotic_plan_tokens_name_wh3_dlc29_any_red_warlock_alarm_2	"Unexpected" Detonation	false
chaotic_plan_tokens_name_wh3_dlc29_any_red_warlock_economic_alarm_1	Massive Explosion	false
chaotic_plan_tokens_name_wh3_dlc29_any_red_warlock_military_alarm_1	Massive Explosion	false
chaotic_plan_tokens_name_wh3_dlc29_any_red_warlock_risk_1	Something's Ticking...	false
chaotic_plan_tokens_name_wh3_dlc29_any_tactic_reduce_risk_1	Find a Crack I	false
chaotic_plan_tokens_name_wh3_dlc29_any_tactic_reduce_risk_1_generated	Under-way Hideout I	false
chaotic_plan_tokens_name_wh3_dlc29_any_tactic_reduce_risk_2	Find a Crack II	false
chaotic_plan_tokens_name_wh3_dlc29_any_tactic_reduce_risk_2_generated	Under-way Hideout II	false
chaotic_plan_tokens_name_wh3_dlc29_any_tactic_reduce_risk_3	Find a Crack III	false
chaotic_plan_tokens_name_wh3_dlc29_any_tactic_reduce_risk_3_generated	Under-way Hideout III	false
chaotic_plan_tokens_name_wh3_dlc29_any_yellow_grey_seer_winds	Empowering Winds	false
chaotic_plan_tokens_name_wh3_dlc29_any_yellow_warlock_experience_1	Success!	false
chaotic_plan_tokens_name_wh3_dlc29_dummy_rank_up_artillery_1	Training: Artillery I	false
chaotic_plan_tokens_name_wh3_dlc29_dummy_rank_up_artillery_2	Training: Artillery II	false
chaotic_plan_tokens_name_wh3_dlc29_dummy_rank_up_artillery_3	Training: Artillery III	false
chaotic_plan_tokens_name_wh3_dlc29_dummy_rank_up_melee_infantry_1	Training: Infantry I	false
chaotic_plan_tokens_name_wh3_dlc29_dummy_rank_up_melee_infantry_2	Training: Infantry II	false
chaotic_plan_tokens_name_wh3_dlc29_dummy_rank_up_melee_infantry_3	Training: Infantry III	false
chaotic_plan_tokens_name_wh3_dlc29_dummy_rank_up_missile_infantry_1	Training: Missile I	false
chaotic_plan_tokens_name_wh3_dlc29_dummy_rank_up_missile_infantry_2	Training: Missile II	false
chaotic_plan_tokens_name_wh3_dlc29_dummy_rank_up_missile_infantry_3	Training: Missile III	false
chaotic_plan_tokens_name_wh3_dlc29_dummy_rank_up_monsters_1	Training: Monsters I	false
chaotic_plan_tokens_name_wh3_dlc29_dummy_rank_up_monsters_2	Training: Monsters II	false
chaotic_plan_tokens_name_wh3_dlc29_dummy_rank_up_monsters_3	Training: Monsters III	false
chaotic_plan_tokens_name_wh3_dlc29_dummy_rank_up_weapon_teams_1	Training: Weapon Teams I	false
chaotic_plan_tokens_name_wh3_dlc29_dummy_rank_up_weapon_teams_2	Training: Weapon Teams II	false
chaotic_plan_tokens_name_wh3_dlc29_dummy_rank_up_weapon_teams_3	Training: Weapon Teams III	false
chaotic_plan_tokens_name_wh3_dlc29_economic_action_draw_warlock	"Excavation" Device	false
chaotic_plan_tokens_name_wh3_dlc29_economic_action_instant_warpstone_1	Grey Seer Deals I	false
chaotic_plan_tokens_name_wh3_dlc29_economic_action_instant_warpstone_2	Grey Seer Deals II	false
chaotic_plan_tokens_name_wh3_dlc29_economic_action_instant_warpstone_3	Grey Seer Deals III	false
chaotic_plan_tokens_name_wh3_dlc29_economic_green_basic_food_mid_1	Plundered Victuals I	false
chaotic_plan_tokens_name_wh3_dlc29_economic_green_basic_food_mid_2	Plundered Victuals II	false
chaotic_plan_tokens_name_wh3_dlc29_economic_green_basic_food_mid_3	Plundered Victuals III	false
chaotic_plan_tokens_name_wh3_dlc29_economic_green_basic_food_small_1	Miserable Morsels I	false
chaotic_plan_tokens_name_wh3_dlc29_economic_green_basic_food_small_2	Miserable Morsels II	false
chaotic_plan_tokens_name_wh3_dlc29_economic_green_basic_food_small_3	Miserable Morsels III	false
chaotic_plan_tokens_name_wh3_dlc29_economic_green_basic_treasury_gdp_large_1	Stashed Riches	false
chaotic_plan_tokens_name_wh3_dlc29_economic_green_basic_treasury_gdp_large_2	{{tr:chaotic_plan_tokens_name_wh3_dlc29_economic_green_basic_treasury_gdp_large_1}}	false
chaotic_plan_tokens_name_wh3_dlc29_economic_green_basic_treasury_gdp_large_3	{{tr:chaotic_plan_tokens_name_wh3_dlc29_economic_green_basic_treasury_gdp_large_1}}	false
chaotic_plan_tokens_name_wh3_dlc29_economic_green_basic_treasury_gdp_large_4	{{tr:chaotic_plan_tokens_name_wh3_dlc29_economic_green_basic_treasury_gdp_large_1}}	false
chaotic_plan_tokens_name_wh3_dlc29_economic_green_basic_treasury_gdp_large_5	{{tr:chaotic_plan_tokens_name_wh3_dlc29_economic_green_basic_treasury_gdp_large_1}}	false
chaotic_plan_tokens_name_wh3_dlc29_economic_green_basic_treasury_gdp_small_1	Miserable Morsels	false
chaotic_plan_tokens_name_wh3_dlc29_economic_green_basic_treasury_gdp_small_2	{{tr:chaotic_plan_tokens_name_wh3_dlc29_economic_green_basic_treasury_gdp_small_1}}	false
chaotic_plan_tokens_name_wh3_dlc29_economic_green_basic_treasury_gdp_small_3	{{tr:chaotic_plan_tokens_name_wh3_dlc29_economic_green_basic_treasury_gdp_small_1}}	false
chaotic_plan_tokens_name_wh3_dlc29_economic_green_basic_treasury_gdp_small_4	{{tr:chaotic_plan_tokens_name_wh3_dlc29_economic_green_basic_treasury_gdp_small_1}}	false
chaotic_plan_tokens_name_wh3_dlc29_economic_green_basic_treasury_gdp_small_5	{{tr:chaotic_plan_tokens_name_wh3_dlc29_economic_green_basic_treasury_gdp_small_1}}	false
chaotic_plan_tokens_name_wh3_dlc29_economic_green_basic_treasury_large_1	Stashed Riches	false
chaotic_plan_tokens_name_wh3_dlc29_economic_green_basic_treasury_large_2	{{tr:chaotic_plan_tokens_name_wh3_dlc29_economic_green_basic_treasury_large_1}}	false
chaotic_plan_tokens_name_wh3_dlc29_economic_green_basic_treasury_large_3	{{tr:chaotic_plan_tokens_name_wh3_dlc29_economic_green_basic_treasury_large_1}}	false
chaotic_plan_tokens_name_wh3_dlc29_economic_green_basic_treasury_large_4	{{tr:chaotic_plan_tokens_name_wh3_dlc29_economic_green_basic_treasury_large_1}}	false
chaotic_plan_tokens_name_wh3_dlc29_economic_green_basic_treasury_large_5	{{tr:chaotic_plan_tokens_name_wh3_dlc29_economic_green_basic_treasury_large_1}}	false
chaotic_plan_tokens_name_wh3_dlc29_economic_green_basic_treasury_mid_1	Scavenge-Spoils I	false
chaotic_plan_tokens_name_wh3_dlc29_economic_green_basic_treasury_mid_2	Scavenge-Spoils II	false
chaotic_plan_tokens_name_wh3_dlc29_economic_green_basic_treasury_mid_3	Scavenge-Spoils III	false
chaotic_plan_tokens_name_wh3_dlc29_economic_green_basic_treasury_small_1	Glitter-Scraps	false
chaotic_plan_tokens_name_wh3_dlc29_economic_green_basic_treasury_small_2	{{tr:chaotic_plan_tokens_name_wh3_dlc29_economic_green_basic_treasury_small_1}}	false
chaotic_plan_tokens_name_wh3_dlc29_economic_green_basic_treasury_small_3	{{tr:chaotic_plan_tokens_name_wh3_dlc29_economic_green_basic_treasury_small_1}}	false
chaotic_plan_tokens_name_wh3_dlc29_economic_green_basic_treasury_very_large_1	Theft Shafts I	false
chaotic_plan_tokens_name_wh3_dlc29_economic_green_basic_treasury_very_large_2	Theft Shafts II	false
chaotic_plan_tokens_name_wh3_dlc29_economic_green_basic_treasury_very_large_3	Theft Shafts III	false
chaotic_plan_tokens_name_wh3_dlc29_economic_green_basic_warpstone_gdp_large_1	Warpstone Cache	false
chaotic_plan_tokens_name_wh3_dlc29_economic_green_basic_warpstone_gdp_large_2	{{tr:chaotic_plan_tokens_name_wh3_dlc29_economic_green_basic_warpstone_gdp_large_1}}	false
chaotic_plan_tokens_name_wh3_dlc29_economic_green_basic_warpstone_gdp_large_3	{{tr:chaotic_plan_tokens_name_wh3_dlc29_economic_green_basic_warpstone_gdp_large_1}}	false
chaotic_plan_tokens_name_wh3_dlc29_economic_green_basic_warpstone_gdp_large_4	{{tr:chaotic_plan_tokens_name_wh3_dlc29_economic_green_basic_warpstone_gdp_large_1}}	false
chaotic_plan_tokens_name_wh3_dlc29_economic_green_basic_warpstone_gdp_large_5	{{tr:chaotic_plan_tokens_name_wh3_dlc29_economic_green_basic_warpstone_gdp_large_1}}	false
chaotic_plan_tokens_name_wh3_dlc29_economic_green_basic_warpstone_gdp_small_1	Warpstone Shard	false
chaotic_plan_tokens_name_wh3_dlc29_economic_green_basic_warpstone_gdp_small_2	{{tr:chaotic_plan_tokens_name_wh3_dlc29_economic_green_basic_warpstone_gdp_small_1}}	false
chaotic_plan_tokens_name_wh3_dlc29_economic_green_basic_warpstone_gdp_small_3	{{tr:chaotic_plan_tokens_name_wh3_dlc29_economic_green_basic_warpstone_gdp_small_1}}	false
chaotic_plan_tokens_name_wh3_dlc29_economic_green_basic_warpstone_gdp_small_4	{{tr:chaotic_plan_tokens_name_wh3_dlc29_economic_green_basic_warpstone_gdp_small_1}}	false
chaotic_plan_tokens_name_wh3_dlc29_economic_green_basic_warpstone_gdp_small_5	{{tr:chaotic_plan_tokens_name_wh3_dlc29_economic_green_basic_warpstone_gdp_small_1}}	false
chaotic_plan_tokens_name_wh3_dlc29_economic_green_basic_warpstone_large_1	Warpstone Cache	false
chaotic_plan_tokens_name_wh3_dlc29_economic_green_basic_warpstone_large_2	{{tr:chaotic_plan_tokens_name_wh3_dlc29_economic_green_basic_warpstone_large_1}}	false
chaotic_plan_tokens_name_wh3_dlc29_economic_green_basic_warpstone_large_3	{{tr:chaotic_plan_tokens_name_wh3_dlc29_economic_green_basic_warpstone_large_1}}	false
chaotic_plan_tokens_name_wh3_dlc29_economic_green_basic_warpstone_large_4	{{tr:chaotic_plan_tokens_name_wh3_dlc29_economic_green_basic_warpstone_large_1}}	false
chaotic_plan_tokens_name_wh3_dlc29_economic_green_basic_warpstone_large_5	{{tr:chaotic_plan_tokens_name_wh3_dlc29_economic_green_basic_warpstone_large_1}}	false
chaotic_plan_tokens_name_wh3_dlc29_economic_green_basic_warpstone_mid_1	Warpstone Mining I	false
chaotic_plan_tokens_name_wh3_dlc29_economic_green_basic_warpstone_mid_2	Warpstone Mining II	false
chaotic_plan_tokens_name_wh3_dlc29_economic_green_basic_warpstone_mid_3	Warpstone Mining III	false
chaotic_plan_tokens_name_wh3_dlc29_economic_green_basic_warpstone_small_1	Warpstone Shard	false
chaotic_plan_tokens_name_wh3_dlc29_economic_green_basic_warpstone_small_2	{{tr:chaotic_plan_tokens_name_wh3_dlc29_economic_green_basic_warpstone_small_1}}	false
chaotic_plan_tokens_name_wh3_dlc29_economic_green_basic_warpstone_small_3	{{tr:chaotic_plan_tokens_name_wh3_dlc29_economic_green_basic_warpstone_small_1}}	false
chaotic_plan_tokens_name_wh3_dlc29_economic_green_basic_warpstone_very_large_1	Morrslieb Meteor I	false
chaotic_plan_tokens_name_wh3_dlc29_economic_green_basic_warpstone_very_large_2	Morrslieb Meteor II	false
chaotic_plan_tokens_name_wh3_dlc29_economic_green_basic_warpstone_very_large_3	Morrslieb Meteor III	false
chaotic_plan_tokens_name_wh3_dlc29_economic_green_eshin_all_1	Clan Eshin Thieves	false
chaotic_plan_tokens_name_wh3_dlc29_economic_green_eshin_all_2	Clan Eshin Veteran Thieves	false
chaotic_plan_tokens_name_wh3_dlc29_economic_green_eshin_all_3	Clan Eshin Elite Thieves	false
chaotic_plan_tokens_name_wh3_dlc29_economic_green_grey_seer_treasury_large_1	"Magical" Items I	false
chaotic_plan_tokens_name_wh3_dlc29_economic_green_grey_seer_treasury_large_2	"Magical" Items II	false
chaotic_plan_tokens_name_wh3_dlc29_economic_green_grey_seer_treasury_large_3	"Magical" Items III	false
chaotic_plan_tokens_name_wh3_dlc29_economic_green_rictus_warpstone_1	Clan Rictus Miners	false
chaotic_plan_tokens_name_wh3_dlc29_economic_green_rictus_warpstone_2	Clan Rictus Veteran Miners	false
chaotic_plan_tokens_name_wh3_dlc29_economic_green_rictus_warpstone_3	Clan Rictus Elite Miners	false
chaotic_plan_tokens_name_wh3_dlc29_economic_green_skill_food_huge	Rabble-Clan Feast	false
chaotic_plan_tokens_name_wh3_dlc29_economic_green_skill_treasury_huge	Bountiful Lair	false
chaotic_plan_tokens_name_wh3_dlc29_economic_green_skill_warpstone_huge	Dark Moon's Gift	false
chaotic_plan_tokens_name_wh3_dlc29_economic_green_skryre_treasury_1	Clan Skryre Engineers	false
chaotic_plan_tokens_name_wh3_dlc29_economic_green_skryre_treasury_2	Clan Skryre Veteran Engineers	false
chaotic_plan_tokens_name_wh3_dlc29_economic_green_skryre_treasury_3	Clan Skryre Elite Engineers	false
chaotic_plan_tokens_name_wh3_dlc29_economic_green_skryre_warpstone_1	Clan Skryre Drillers	false
chaotic_plan_tokens_name_wh3_dlc29_economic_green_skryre_warpstone_2	Clan Skryre Veteran Drillers	false
chaotic_plan_tokens_name_wh3_dlc29_economic_green_skryre_warpstone_3	Clan Skryre Elite Drillers	false
chaotic_plan_tokens_name_wh3_dlc29_economic_mod_pool_eshin_all_1	{{tr:chaotic_plan_tokens_name_wh3_dlc29_economic_green_eshin_all_1}}	false
chaotic_plan_tokens_name_wh3_dlc29_economic_mod_pool_grey_seer_treasury_large_1	Trinket Trade Network I	false
chaotic_plan_tokens_name_wh3_dlc29_economic_mod_pool_rictus_warpstone_1	Rictus Miners' Holes	false
chaotic_plan_tokens_name_wh3_dlc29_economic_mod_pool_skryre_treasury_1	{{tr:chaotic_plan_tokens_name_wh3_dlc29_economic_green_skryre_treasury_1}}	false
chaotic_plan_tokens_name_wh3_dlc29_economic_mod_pool_skryre_warpstone_1	{{tr:chaotic_plan_tokens_name_wh3_dlc29_economic_green_skryre_warpstone_1}}	false
chaotic_plan_tokens_name_wh3_dlc29_economic_red_have_warpstone_lose_food	Black Hunger	false
chaotic_plan_tokens_name_wh3_dlc29_economic_upgrade_basic_treasury_gdp_2	Training: Thievery I	false
chaotic_plan_tokens_name_wh3_dlc29_economic_upgrade_basic_treasury_gdp_3	Training: Thievery II	false
chaotic_plan_tokens_name_wh3_dlc29_economic_upgrade_basic_treasury_gdp_4	Training: Thievery III	false
chaotic_plan_tokens_name_wh3_dlc29_economic_upgrade_basic_treasury_gdp_5	Training: Thievery IV	false
chaotic_plan_tokens_name_wh3_dlc29_economic_upgrade_basic_warpstone_gdp_2	Training: Warp-Finding I	false
chaotic_plan_tokens_name_wh3_dlc29_economic_upgrade_basic_warpstone_gdp_3	Training: Warp-Finding II	false
chaotic_plan_tokens_name_wh3_dlc29_economic_upgrade_basic_warpstone_gdp_4	Training: Warp-Finding III	false
chaotic_plan_tokens_name_wh3_dlc29_economic_upgrade_basic_warpstone_gdp_5	Training: Warp-Finding IV	false
chaotic_plan_tokens_name_wh3_dlc29_economic_upgrade_eshin_all_2	{{tr:chaotic_plan_tokens_name_wh3_dlc29_economic_green_eshin_all_2}}	false
chaotic_plan_tokens_name_wh3_dlc29_economic_upgrade_eshin_all_3	{{tr:chaotic_plan_tokens_name_wh3_dlc29_economic_green_eshin_all_3}}	false
chaotic_plan_tokens_name_wh3_dlc29_economic_upgrade_grey_seer_treasury_large_2	Trinket Trade Network II	false
chaotic_plan_tokens_name_wh3_dlc29_economic_upgrade_grey_seer_treasury_large_3	Trinket Trade Network III	false
chaotic_plan_tokens_name_wh3_dlc29_economic_upgrade_rictus_warpstone_2	Rictus Diggers' Quarters	false
chaotic_plan_tokens_name_wh3_dlc29_economic_upgrade_rictus_warpstone_3	Rictus Foreman's Tower	false
chaotic_plan_tokens_name_wh3_dlc29_economic_upgrade_skryre_treasury_2	{{tr:chaotic_plan_tokens_name_wh3_dlc29_economic_green_skryre_treasury_2}}	false
chaotic_plan_tokens_name_wh3_dlc29_economic_upgrade_skryre_treasury_3	{{tr:chaotic_plan_tokens_name_wh3_dlc29_economic_green_skryre_treasury_3}}	false
chaotic_plan_tokens_name_wh3_dlc29_economic_upgrade_skryre_warpstone_2	{{tr:chaotic_plan_tokens_name_wh3_dlc29_economic_green_skryre_warpstone_2}}	false
chaotic_plan_tokens_name_wh3_dlc29_economic_upgrade_skryre_warpstone_3	{{tr:chaotic_plan_tokens_name_wh3_dlc29_economic_green_skryre_warpstone_3}}	false
chaotic_plan_tokens_name_wh3_dlc29_economy_action_assassin_draw	Seek-Find Valuables	false
chaotic_plan_tokens_name_wh3_dlc29_economy_action_select_resource	Focus Efforts	false
chaotic_plan_tokens_name_wh3_dlc29_economy_mod_pool_basic_food_mid_1	Guarded Meat-Pile I	false
chaotic_plan_tokens_name_wh3_dlc29_economy_mod_pool_basic_food_small_1	Food-Finders I	false
chaotic_plan_tokens_name_wh3_dlc29_economy_mod_pool_basic_treasury_mid_1	Looters' Dens I	false
chaotic_plan_tokens_name_wh3_dlc29_economy_mod_pool_basic_treasury_mid_2	Looters' Dens II	false
chaotic_plan_tokens_name_wh3_dlc29_economy_mod_pool_basic_treasury_mid_3	Looters' Dens III	false
chaotic_plan_tokens_name_wh3_dlc29_economy_mod_pool_basic_treasury_very_large_1	Theft Shafts I	false
chaotic_plan_tokens_name_wh3_dlc29_economy_mod_pool_basic_treasury_very_large_2	Theft Shafts II	false
chaotic_plan_tokens_name_wh3_dlc29_economy_mod_pool_basic_treasury_very_large_3	Theft Shafts III	false
chaotic_plan_tokens_name_wh3_dlc29_economy_mod_pool_basic_warpstone_mid_1	Miner's Pits I	false
chaotic_plan_tokens_name_wh3_dlc29_economy_mod_pool_basic_warpstone_mid_2	Miner's Pits II	false
chaotic_plan_tokens_name_wh3_dlc29_economy_mod_pool_basic_warpstone_mid_3	Miner's Pits III	false
chaotic_plan_tokens_name_wh3_dlc29_economy_mod_pool_basic_warpstone_very_large_1	Morrslieb Meteor I	false
chaotic_plan_tokens_name_wh3_dlc29_economy_mod_pool_basic_warpstone_very_large_2	Morrslieb Meteor II	false
chaotic_plan_tokens_name_wh3_dlc29_economy_mod_pool_basic_warpstone_very_large_3	Morrslieb Meteor III	false
chaotic_plan_tokens_name_wh3_dlc29_economy_red_alarm_food_1	Provision Brawl	false
chaotic_plan_tokens_name_wh3_dlc29_economy_red_alarm_food_2	Provision Collapse	false
chaotic_plan_tokens_name_wh3_dlc29_economy_red_alarm_food_3	Stockpile Arson	false
chaotic_plan_tokens_name_wh3_dlc29_economy_red_alarm_treasury_1	Slave-Scuttle Theft	false
chaotic_plan_tokens_name_wh3_dlc29_economy_red_alarm_treasury_2	Premature Raid	false
chaotic_plan_tokens_name_wh3_dlc29_economy_red_alarm_treasury_3	Shattered Convoy	false
chaotic_plan_tokens_name_wh3_dlc29_economy_red_alarm_warpstone_1	Warp-Flesh Rampage	false
chaotic_plan_tokens_name_wh3_dlc29_economy_red_alarm_warpstone_2	Engine-Room Backfire	false
chaotic_plan_tokens_name_wh3_dlc29_economy_red_alarm_warpstone_3	Acolyte Screed	false
chaotic_plan_tokens_name_wh3_dlc29_economy_upgrade_basic_food_mid_2	Guarded Meat-Pile II	false
chaotic_plan_tokens_name_wh3_dlc29_economy_upgrade_basic_food_mid_3	Guarded Meat-Pile III	false
chaotic_plan_tokens_name_wh3_dlc29_economy_upgrade_basic_food_small_2	Food-Finders II	false
chaotic_plan_tokens_name_wh3_dlc29_economy_upgrade_basic_food_small_3	Food-Finders III	false
chaotic_plan_tokens_name_wh3_dlc29_economy_yellow_select_resource_speed	Focus On Quickness	false
chaotic_plan_tokens_name_wh3_dlc29_economy_yellow_select_resource_treasury	Focus on Treasury	false
chaotic_plan_tokens_name_wh3_dlc29_economy_yellow_select_resource_warpstone	Focus On Warpstone	false
chaotic_plan_tokens_name_wh3_dlc29_green_economic_dangerous_treasury_generated	Treasure!	false
chaotic_plan_tokens_name_wh3_dlc29_green_economic_dangerous_warpstone_generated	Warp-Treasure!	false
chaotic_plan_tokens_name_wh3_dlc29_green_military_lab_1_generated	Lab-Bred Abomination	false
chaotic_plan_tokens_name_wh3_dlc29_green_military_lab_2_generated	Prototype Stormfiends	false
chaotic_plan_tokens_name_wh3_dlc29_green_military_lab_3_generated	Hidden Doomwheel	false
chaotic_plan_tokens_name_wh3_dlc29_green_military_mercenaries_1_generated	Gutter Runners	false
chaotic_plan_tokens_name_wh3_dlc29_green_military_mercenaries_2_generated	Rictus Stormvermin	false
chaotic_plan_tokens_name_wh3_dlc29_green_military_mercenaries_3_generated	Skryre Death Globes	false
chaotic_plan_tokens_name_wh3_dlc29_green_military_reinforcements_generated	Reinforcements Arrive	false
chaotic_plan_tokens_name_wh3_dlc29_green_military_warp_doom_magma_cannon	Warp-Doom Magma Cannon	false
chaotic_plan_tokens_name_wh3_dlc29_magic_create_undercity_1	Under-Empire Foundation	false
chaotic_plan_tokens_name_wh3_dlc29_magic_create_undercity_filler_token_assassins	{{tr:building_culture_variants_name_wh2_dlc12_under_empire_discovery_assassins_1wh2_main_skv_skavenwh2_main_sc_skv_skaven}}	false
chaotic_plan_tokens_name_wh3_dlc29_magic_create_undercity_filler_token_crafting	{{tr:building_culture_variants_name_wh2_dlc12_under_empire_money_crafting_1wh2_main_skv_skavenwh2_main_sc_skv_skaven}}	false
chaotic_plan_tokens_name_wh3_dlc29_magic_create_undercity_filler_token_kidnappers	{{tr:building_culture_variants_name_wh2_dlc12_under_empire_food_kidnappers_1wh2_main_skv_skavenwh2_main_sc_skv_skaven}}	false
chaotic_plan_tokens_name_wh3_dlc29_magic_create_undercity_filler_token_mine	{{tr:building_culture_variants_name_wh2_dlc12_under_empire_warpstone_mine_1wh2_main_skv_skavenwh2_main_sc_skv_skaven}}	false
chaotic_plan_tokens_name_wh3_dlc29_magic_create_undercity_filler_token_refinery	{{tr:building_culture_variants_name_wh2_dlc12_under_empire_warpstone_refinery_1wh2_main_skv_skavenwh2_main_sc_skv_skaven}}	false
chaotic_plan_tokens_name_wh3_dlc29_magic_create_undercity_filler_token_strip_mine	{{tr:building_culture_variants_name_wh2_dlc12_under_empire_warpstone_strip_mine_1wh2_main_skv_skavenwh2_main_sc_skv_skaven}}	false
chaotic_plan_tokens_name_wh3_dlc29_magic_create_undercity_filler_token_thieves	{{tr:building_culture_variants_name_wh2_dlc12_under_empire_money_thieves_1wh2_main_skv_skavenwh2_main_sc_skv_skaven}}	false
chaotic_plan_tokens_name_wh3_dlc29_magic_create_undercity_filler_token_treasury	Hidden Riches	false
chaotic_plan_tokens_name_wh3_dlc29_magic_create_undercity_piece_a_1	Eshin Ill-Gotten Gains	false
chaotic_plan_tokens_name_wh3_dlc29_magic_create_undercity_piece_b_1	Moulder Opulence	false
chaotic_plan_tokens_name_wh3_dlc29_magic_create_undercity_piece_c_1	Rictus Tribute	false
chaotic_plan_tokens_name_wh3_dlc29_magic_create_undercity_piece_d_1	Skryre Investments	false
chaotic_plan_tokens_name_wh3_dlc29_magic_draw_combo_piece	Hasten Ritual	false
chaotic_plan_tokens_name_wh3_dlc29_magic_pull_moon_1	Entreat the Horned Rat	false
chaotic_plan_tokens_name_wh3_dlc29_magic_pull_moon_filler_token_food	Horned Rat's Favour – Hunger	false
chaotic_plan_tokens_name_wh3_dlc29_magic_pull_moon_filler_token_recruitment_slots	Horned Rat's Favour – Aggression	false
chaotic_plan_tokens_name_wh3_dlc29_magic_pull_moon_filler_token_skaven_corruption	Horned Rat's Favour – Presence	false
chaotic_plan_tokens_name_wh3_dlc29_magic_pull_moon_filler_token_warpstone	Residual Warp-Fragments	false
chaotic_plan_tokens_name_wh3_dlc29_magic_pull_moon_piece_a_1	Pestilent Brotherhood Bile	false
chaotic_plan_tokens_name_wh3_dlc29_magic_pull_moon_piece_b_1	Flesh-Mould Brutes	false
chaotic_plan_tokens_name_wh3_dlc29_magic_pull_moon_piece_c_1	Warp-Lens Sextants	false
chaotic_plan_tokens_name_wh3_dlc29_magic_pull_moon_piece_d_1	Spy-Craft Shroud	false
chaotic_plan_tokens_name_wh3_dlc29_magic_red_chaos_corruption_1	Chaos Seeps In	false
chaotic_plan_tokens_name_wh3_dlc29_magic_red_chaos_corruption_2	{{tr:chaotic_plan_tokens_name_wh3_dlc29_magic_red_chaos_corruption_1}}	false
chaotic_plan_tokens_name_wh3_dlc29_magic_red_chaos_corruption_3	{{tr:chaotic_plan_tokens_name_wh3_dlc29_magic_red_chaos_corruption_1}}	false
chaotic_plan_tokens_name_wh3_dlc29_magic_red_elite_chaos_corruption_1	The Eye of Chaos	false
chaotic_plan_tokens_name_wh3_dlc29_magic_red_elite_khorne_corruption_1	Extreme Violence	false
chaotic_plan_tokens_name_wh3_dlc29_magic_red_elite_nurgle_corruption_1	Extreme Decay	false
chaotic_plan_tokens_name_wh3_dlc29_magic_red_elite_slaanesh_corruption_1	Extreme Excess	false
chaotic_plan_tokens_name_wh3_dlc29_magic_red_elite_tzeentch_corruption_1	Extreme Confusion	false
chaotic_plan_tokens_name_wh3_dlc29_magic_red_enemy_verminlord_corruptor_1	Corruptor Unbound	false
chaotic_plan_tokens_name_wh3_dlc29_magic_red_enemy_verminlord_deceiver_1	Deceiver Unbound	false
chaotic_plan_tokens_name_wh3_dlc29_magic_red_enemy_verminlord_warbringer_1	Warbringer Unbound	false
chaotic_plan_tokens_name_wh3_dlc29_magic_red_enemy_verminlord_warpseer_1	Warpseer Unbound	false
chaotic_plan_tokens_name_wh3_dlc29_magic_red_eshin_alarm_1	Eshin Treachery	false
chaotic_plan_tokens_name_wh3_dlc29_magic_red_khorne_corruption_1	Violence Seeps In	false
chaotic_plan_tokens_name_wh3_dlc29_magic_red_moulder_alarm_1	Moulder Treachery	false
chaotic_plan_tokens_name_wh3_dlc29_magic_red_nurgle_corruption_1	Decay Seeps In	false
chaotic_plan_tokens_name_wh3_dlc29_magic_red_rictus_alarm_1	Rictus Treachery	false
chaotic_plan_tokens_name_wh3_dlc29_magic_red_skryre_alarm_1	Skryre Treachery	false
chaotic_plan_tokens_name_wh3_dlc29_magic_red_slaanesh_corruption_1	Excess Seeps In	false
chaotic_plan_tokens_name_wh3_dlc29_magic_red_tzeentch_corruption_1	Confusion Seeps In	false
chaotic_plan_tokens_name_wh3_dlc29_magic_res_activated_negative_daemon_khorne	{{tr:chaotic_plan_tokens_name_wh3_dlc29_magic_res_activated_negative_daemon_nurgle}}	false
chaotic_plan_tokens_name_wh3_dlc29_magic_res_activated_negative_daemon_nurgle	Daemon Breach	false
chaotic_plan_tokens_name_wh3_dlc29_magic_res_activated_negative_daemon_slaanesh	{{tr:chaotic_plan_tokens_name_wh3_dlc29_magic_res_activated_negative_daemon_nurgle}}	false
chaotic_plan_tokens_name_wh3_dlc29_magic_res_activated_negative_daemon_tzeentch	{{tr:chaotic_plan_tokens_name_wh3_dlc29_magic_res_activated_negative_daemon_nurgle}}	false
chaotic_plan_tokens_name_wh3_dlc29_magic_summon_verminlord_corruptor_1	Summon Corruptor	false
chaotic_plan_tokens_name_wh3_dlc29_magic_summon_verminlord_corruptor_2	Summon Corruptor II	false
chaotic_plan_tokens_name_wh3_dlc29_magic_summon_verminlord_corruptor_3	Summon Corruptor III	false
chaotic_plan_tokens_name_wh3_dlc29_magic_summon_verminlord_corruptor_4	Summon Corruptor IV	false
chaotic_plan_tokens_name_wh3_dlc29_magic_summon_verminlord_corruptor_5	Summon Corruptor V	false
chaotic_plan_tokens_name_wh3_dlc29_magic_summon_verminlord_deceiver_1	Summon Deceiver	false
chaotic_plan_tokens_name_wh3_dlc29_magic_summon_verminlord_deceiver_2	Summon Deceiver II	false
chaotic_plan_tokens_name_wh3_dlc29_magic_summon_verminlord_deceiver_3	Summon Deceiver III	false
chaotic_plan_tokens_name_wh3_dlc29_magic_summon_verminlord_deceiver_4	Summon Deceiver IV	false
chaotic_plan_tokens_name_wh3_dlc29_magic_summon_verminlord_deceiver_5	Summon Deceiver V	false
chaotic_plan_tokens_name_wh3_dlc29_magic_summon_verminlord_dummy_1	Summon Verminlord	false
chaotic_plan_tokens_name_wh3_dlc29_magic_summon_verminlord_dummy_2	Summon Verminlord II	false
chaotic_plan_tokens_name_wh3_dlc29_magic_summon_verminlord_dummy_3	Summon Verminlord III	false
chaotic_plan_tokens_name_wh3_dlc29_magic_summon_verminlord_dummy_4	Summon Verminlord IV	false
chaotic_plan_tokens_name_wh3_dlc29_magic_summon_verminlord_dummy_5	Summon Verminlord V	false
chaotic_plan_tokens_name_wh3_dlc29_magic_summon_verminlord_piece_eshin_1	Stolen Artefacts I	false
chaotic_plan_tokens_name_wh3_dlc29_magic_summon_verminlord_piece_eshin_2	Stolen Artefacts II	false
chaotic_plan_tokens_name_wh3_dlc29_magic_summon_verminlord_piece_eshin_3	Stolen Artefacts III	false
chaotic_plan_tokens_name_wh3_dlc29_magic_summon_verminlord_piece_eshin_4	Stolen Artefacts IV	false
chaotic_plan_tokens_name_wh3_dlc29_magic_summon_verminlord_piece_eshin_5	Stolen Artefacts V	false
chaotic_plan_tokens_name_wh3_dlc29_magic_summon_verminlord_piece_moulder_1	Experimental Sacrifices I	false
chaotic_plan_tokens_name_wh3_dlc29_magic_summon_verminlord_piece_moulder_2	Experimental Sacrifices II	false
chaotic_plan_tokens_name_wh3_dlc29_magic_summon_verminlord_piece_moulder_3	Experimental Sacrifices III	false
chaotic_plan_tokens_name_wh3_dlc29_magic_summon_verminlord_piece_moulder_4	Experimental Sacrifices IV	false
chaotic_plan_tokens_name_wh3_dlc29_magic_summon_verminlord_piece_moulder_5	Experimental Sacrifices V	false
chaotic_plan_tokens_name_wh3_dlc29_magic_summon_verminlord_piece_pestilens_1	Plague Priest Prayers I	false
chaotic_plan_tokens_name_wh3_dlc29_magic_summon_verminlord_piece_pestilens_2	Plague Priest Prayers II	false
chaotic_plan_tokens_name_wh3_dlc29_magic_summon_verminlord_piece_pestilens_3	Plague Priest Prayers III	false
chaotic_plan_tokens_name_wh3_dlc29_magic_summon_verminlord_piece_pestilens_4	Plague Priest Prayers IV	false
chaotic_plan_tokens_name_wh3_dlc29_magic_summon_verminlord_piece_pestilens_5	Plague Priest Prayers V	false
chaotic_plan_tokens_name_wh3_dlc29_magic_summon_verminlord_piece_skryre_1	Ritual-Tech Contraptions I	false
chaotic_plan_tokens_name_wh3_dlc29_magic_summon_verminlord_piece_skryre_2	Ritual-Tech Contraptions II	false
chaotic_plan_tokens_name_wh3_dlc29_magic_summon_verminlord_piece_skryre_3	Ritual-Tech Contraptions III	false
chaotic_plan_tokens_name_wh3_dlc29_magic_summon_verminlord_piece_skryre_4	Ritual-Tech Contraptions IV	false
chaotic_plan_tokens_name_wh3_dlc29_magic_summon_verminlord_piece_skryre_5	Ritual-Tech Contraptions V	false
chaotic_plan_tokens_name_wh3_dlc29_magic_summon_verminlord_warbringer_1	Summon Warbringer	false
chaotic_plan_tokens_name_wh3_dlc29_magic_summon_verminlord_warbringer_2	Summon Warbringer II	false
chaotic_plan_tokens_name_wh3_dlc29_magic_summon_verminlord_warbringer_3	Summon Warbringer III	false
chaotic_plan_tokens_name_wh3_dlc29_magic_summon_verminlord_warbringer_4	Summon Warbringer IV	false
chaotic_plan_tokens_name_wh3_dlc29_magic_summon_verminlord_warbringer_5	Summon Warbringer V	false
chaotic_plan_tokens_name_wh3_dlc29_magic_summon_verminlord_warpseer_1	Summon Warpseer	false
chaotic_plan_tokens_name_wh3_dlc29_magic_summon_verminlord_warpseer_2	Summon Warpseer II	false
chaotic_plan_tokens_name_wh3_dlc29_magic_summon_verminlord_warpseer_3	Summon Warpseer III	false
chaotic_plan_tokens_name_wh3_dlc29_magic_summon_verminlord_warpseer_4	Summon Warpseer IV	false
chaotic_plan_tokens_name_wh3_dlc29_magic_summon_verminlord_warpseer_5	Summon Warpseer V	false
chaotic_plan_tokens_name_wh3_dlc29_magic_upgrade_verminlord_1	Verminlord Study I	false
chaotic_plan_tokens_name_wh3_dlc29_magic_upgrade_verminlord_2	Verminlord Study II	false
chaotic_plan_tokens_name_wh3_dlc29_magic_upgrade_verminlord_3	Verminlord Study III	false
chaotic_plan_tokens_name_wh3_dlc29_magic_upgrade_verminlord_4	Verminlord Study IV	false
chaotic_plan_tokens_name_wh3_dlc29_magic_upgrade_verminlord_5	Verminlord Study V	false
chaotic_plan_tokens_name_wh3_dlc29_magic_verminlord_rank_up	Summoned Strength	false
chaotic_plan_tokens_name_wh3_dlc29_military_action_assassin	{{tr:land_units_onscreen_name_wh2_main_skv_cha_assassin}}	false
chaotic_plan_tokens_name_wh3_dlc29_military_action_assassin_2	Veteran {{tr:land_units_onscreen_name_wh2_main_skv_cha_assassin}}	false
chaotic_plan_tokens_name_wh3_dlc29_military_action_assassin_3	Elite {{tr:land_units_onscreen_name_wh2_main_skv_cha_assassin}}	false
chaotic_plan_tokens_name_wh3_dlc29_military_action_assassin_draw	Seek-Find Recruits	false
chaotic_plan_tokens_name_wh3_dlc29_military_action_bounty_chieftain_0	Fulfil Eshin Contract	false
chaotic_plan_tokens_name_wh3_dlc29_military_action_bounty_chieftain_1	Fulfil Eshin Contract	false
chaotic_plan_tokens_name_wh3_dlc29_military_action_bounty_packmaster_0	Fulfil Eshin Contract	false
chaotic_plan_tokens_name_wh3_dlc29_military_action_bounty_packmaster_2	Fulfil Eshin Contract	false
chaotic_plan_tokens_name_wh3_dlc29_military_action_bounty_plague_priest_0	Fulfil Eshin Contract	false
chaotic_plan_tokens_name_wh3_dlc29_military_action_bounty_plague_priest_2	Fulfil Eshin Contract	false
chaotic_plan_tokens_name_wh3_dlc29_military_action_bounty_warlock_engineer	Fulfil Eshin Contract	false
chaotic_plan_tokens_name_wh3_dlc29_military_action_chieftain_0	{{tr:land_units_onscreen_name_wh2_dlc16_skv_cha_chieftain_0}}	false
chaotic_plan_tokens_name_wh3_dlc29_military_action_chieftain_1	Veteran {{tr:land_units_onscreen_name_wh2_dlc16_skv_cha_chieftain_0}}	false
chaotic_plan_tokens_name_wh3_dlc29_military_action_chieftain_2	Elite {{tr:land_units_onscreen_name_wh2_dlc16_skv_cha_chieftain_0}}	false
chaotic_plan_tokens_name_wh3_dlc29_military_action_eshin_sorcerer	{{tr:land_units_onscreen_name_wh2_dlc14_skv_cha_eshin_sorcerer_0}}	false
chaotic_plan_tokens_name_wh3_dlc29_military_action_eshin_sorcerer_1	Veteran {{tr:land_units_onscreen_name_wh2_dlc14_skv_cha_eshin_sorcerer_0}}	false
chaotic_plan_tokens_name_wh3_dlc29_military_action_eshin_sorcerer_2	Elite {{tr:land_units_onscreen_name_wh2_dlc14_skv_cha_eshin_sorcerer_0}}	false
chaotic_plan_tokens_name_wh3_dlc29_military_action_packmaster_0	{{tr:land_units_onscreen_name_wh2_dlc16_skv_cha_packmaster_0}}	false
chaotic_plan_tokens_name_wh3_dlc29_military_action_packmaster_1	Veteran {{tr:land_units_onscreen_name_wh2_dlc16_skv_cha_packmaster_0}}	false
chaotic_plan_tokens_name_wh3_dlc29_military_action_packmaster_2	Elite {{tr:land_units_onscreen_name_wh2_dlc16_skv_cha_packmaster_0}}	false
chaotic_plan_tokens_name_wh3_dlc29_military_action_plague_priest_0	{{tr:land_units_onscreen_name_wh2_main_skv_cha_plague_priest_0}}	false
chaotic_plan_tokens_name_wh3_dlc29_military_action_plague_priest_1	Veteran {{tr:land_units_onscreen_name_wh2_main_skv_cha_plague_priest_0}}	false
chaotic_plan_tokens_name_wh3_dlc29_military_action_plague_priest_2	Elite {{tr:land_units_onscreen_name_wh2_main_skv_cha_plague_priest_0}}	false
chaotic_plan_tokens_name_wh3_dlc29_military_action_skill_grey_seer_censer_bearers	Censer Bearers Bodyguard	false
chaotic_plan_tokens_name_wh3_dlc29_military_action_skill_grey_seer_draw_units_1	Better Rats!	false
chaotic_plan_tokens_name_wh3_dlc29_military_action_skill_grey_seer_draw_units_2	Superior Rats!	false
chaotic_plan_tokens_name_wh3_dlc29_military_action_skill_grey_seer_draw_units_3	Finest Rats!	false
chaotic_plan_tokens_name_wh3_dlc29_military_action_skill_grey_seer_draw_units_4	Supreme Rats!	false
chaotic_plan_tokens_name_wh3_dlc29_military_action_skill_grey_seer_draw_units_5	Best-Best Rats!	false
chaotic_plan_tokens_name_wh3_dlc29_military_action_skill_grey_seer_stormfiend	Stormfiend Bodyguard	false
chaotic_plan_tokens_name_wh3_dlc29_military_action_skill_grey_seer_stormvermin_generated	Summoned Stormvermin	false
chaotic_plan_tokens_name_wh3_dlc29_military_action_skill_spawn_cauldron_poxes_1	Pox-Cauldron Offering	false
chaotic_plan_tokens_name_wh3_dlc29_military_action_skill_spawn_cauldron_poxes_2	Pox-Cauldron Offering II	false
chaotic_plan_tokens_name_wh3_dlc29_military_action_skill_spawn_cauldron_poxes_3	Pox-Cauldron Offering III	false
chaotic_plan_tokens_name_wh3_dlc29_military_action_skill_spawn_cauldron_poxes_generated	Cauldron of a Thousand Poxes	false
chaotic_plan_tokens_name_wh3_dlc29_military_action_skill_spawn_death_globe_bombadiers_generated	Death Globe Bombardiers	false
chaotic_plan_tokens_name_wh3_dlc29_military_action_skill_spawn_hell_pit_abomination_1	Feeding I	false
chaotic_plan_tokens_name_wh3_dlc29_military_action_skill_spawn_hell_pit_abomination_2	Feeding II	false
chaotic_plan_tokens_name_wh3_dlc29_military_action_skill_spawn_hell_pit_abomination_generated	Hell-Pit Abomination	false
chaotic_plan_tokens_name_wh3_dlc29_military_action_skill_spawn_poisoned_wind_mortars_dlc_generated	Poisoned Wind Mortars	false
chaotic_plan_tokens_name_wh3_dlc29_military_action_skill_spawn_stormvermin_rank_9_generated	Elite Vanguard	false
chaotic_plan_tokens_name_wh3_dlc29_military_action_skill_spawn_warp_doom_magma_cannon	Warp-Doom Magma Cannon	false
chaotic_plan_tokens_name_wh3_dlc29_military_action_skill_spawn_warp_doom_magma_cannon_generated	Warp-Doom Magma Cannon	false
chaotic_plan_tokens_name_wh3_dlc29_military_action_warlock_engineer	{{tr:land_units_onscreen_name_wh2_main_skv_cha_warlock_engineer}}	false
chaotic_plan_tokens_name_wh3_dlc29_military_action_warlock_engineer_2	Veteran {{tr:land_units_onscreen_name_wh2_main_skv_cha_warlock_engineer}}	false
chaotic_plan_tokens_name_wh3_dlc29_military_action_warlock_engineer_3	Elite {{tr:land_units_onscreen_name_wh2_main_skv_cha_warlock_engineer}}	false
chaotic_plan_tokens_name_wh3_dlc29_military_green_assassin	{{tr:land_units_onscreen_name_wh2_main_skv_cha_assassin}}	false
chaotic_plan_tokens_name_wh3_dlc29_military_green_assassin_2	Veteran {{tr:land_units_onscreen_name_wh2_main_skv_cha_assassin}}	false
chaotic_plan_tokens_name_wh3_dlc29_military_green_assassin_3	Veteran {{tr:land_units_onscreen_name_wh2_main_skv_cha_assassin}}	false
chaotic_plan_tokens_name_wh3_dlc29_military_green_basic_infantry_1	{{tr:land_units_onscreen_name_wh2_main_skv_inf_clanrats_0}}	false
chaotic_plan_tokens_name_wh3_dlc29_military_green_basic_infantry_2	{{tr:land_units_onscreen_name_wh2_main_skv_inf_clanrats_1}}	false
chaotic_plan_tokens_name_wh3_dlc29_military_green_basic_infantry_grey_seer_3	{{tr:land_units_onscreen_name_wh2_main_skv_inf_clanrats_1}}	false
chaotic_plan_tokens_name_wh3_dlc29_military_green_basic_infantry_grey_seer_3_generated	{{tr:land_units_onscreen_name_wh2_main_skv_inf_clanrats_1}}	false
chaotic_plan_tokens_name_wh3_dlc29_military_green_basic_infantry_spears_1	{{tr:land_units_onscreen_name_wh2_main_skv_inf_clanrat_spearmen_0}}	false
chaotic_plan_tokens_name_wh3_dlc29_military_green_basic_infantry_spears_2	{{tr:land_units_onscreen_name_wh2_main_skv_inf_clanrat_spearmen_1}}	false
chaotic_plan_tokens_name_wh3_dlc29_military_green_basic_missile_infantry_1	{{tr:land_units_onscreen_name_wh2_main_skv_inf_night_runners_0}}	false
chaotic_plan_tokens_name_wh3_dlc29_military_green_basic_missile_infantry_slingers_1	{{tr:land_units_onscreen_name_wh2_main_skv_inf_night_runners_1}}	false
chaotic_plan_tokens_name_wh3_dlc29_military_green_basic_monsters_1	{{tr:land_units_onscreen_name_wh2_main_skv_mon_rat_ogres}}	false
chaotic_plan_tokens_name_wh3_dlc29_military_green_basic_pusbags_1	{{tr:land_units_onscreen_name_wh3_dlc29_skv_inf_pusbags}}	false
chaotic_plan_tokens_name_wh3_dlc29_military_green_basic_pusbags_2	Numerous {{tr:land_units_onscreen_name_wh3_dlc29_skv_inf_pusbags}}	false
chaotic_plan_tokens_name_wh3_dlc29_military_green_basic_skavenslaves	{{tr:land_units_onscreen_name_wh2_main_skv_inf_skavenslaves_0}}	false
chaotic_plan_tokens_name_wh3_dlc29_military_green_basic_skavenslaves_lower_chance	{{tr:land_units_onscreen_name_wh2_main_skv_inf_skavenslaves_0}}	false
chaotic_plan_tokens_name_wh3_dlc29_military_green_brood_horror_dlc_1	{{tr:land_units_onscreen_name_wh2_dlc16_skv_mon_brood_horror_0}}	false
chaotic_plan_tokens_name_wh3_dlc29_military_green_brood_horror_dlc_2	{{tr:land_units_onscreen_name_wh2_dlc16_skv_mon_brood_horror_0}}	false
chaotic_plan_tokens_name_wh3_dlc29_military_green_chieftain_0	Elite {{tr:land_units_onscreen_name_wh2_dlc16_skv_cha_chieftain_0}}	false
chaotic_plan_tokens_name_wh3_dlc29_military_green_chieftain_1	Veteran {{tr:land_units_onscreen_name_wh2_dlc16_skv_cha_chieftain_0}}	false
chaotic_plan_tokens_name_wh3_dlc29_military_green_chieftain_2	Elite {{tr:land_units_onscreen_name_wh2_dlc16_skv_cha_chieftain_0}} (Bonebreaker)	false
chaotic_plan_tokens_name_wh3_dlc29_military_green_death_globe_bombadiers_1	Death Globe Bombardiers	false
chaotic_plan_tokens_name_wh3_dlc29_military_green_death_globe_bombadiers_2	Death Globe Bombardiers	false
chaotic_plan_tokens_name_wh3_dlc29_military_green_death_runners_1	{{tr:land_units_onscreen_name_wh2_main_skv_inf_death_runners_0}}	false
chaotic_plan_tokens_name_wh3_dlc29_military_green_death_runners_2	{{tr:land_units_onscreen_name_wh2_main_skv_inf_death_runners_0}}	false
chaotic_plan_tokens_name_wh3_dlc29_military_green_death_runners_3	{{tr:land_units_onscreen_name_wh2_main_skv_inf_death_runners_0}}	false
chaotic_plan_tokens_name_wh3_dlc29_military_green_doom_flayer_dlc_1	{{tr:land_units_onscreen_name_wh2_dlc12_skv_veh_doom_flayer_0}}	false
chaotic_plan_tokens_name_wh3_dlc29_military_green_doom_flayer_dlc_2	{{tr:land_units_onscreen_name_wh2_dlc12_skv_veh_doom_flayer_0}}	false
chaotic_plan_tokens_name_wh3_dlc29_military_green_doomwheel_1	{{tr:land_units_onscreen_name_wh2_main_skv_veh_doomwheel}}	false
chaotic_plan_tokens_name_wh3_dlc29_military_green_doomwheel_2	{{tr:land_units_onscreen_name_wh2_main_skv_veh_doomwheel}}	false
chaotic_plan_tokens_name_wh3_dlc29_military_green_eshin_sorcerer	{{tr:land_units_onscreen_name_wh2_dlc14_skv_cha_eshin_sorcerer_0}}	false
chaotic_plan_tokens_name_wh3_dlc29_military_green_eshin_sorcerer_1	Veteran {{tr:land_units_onscreen_name_wh2_dlc14_skv_cha_eshin_sorcerer_0}}	false
chaotic_plan_tokens_name_wh3_dlc29_military_green_eshin_sorcerer_2	Elite {{tr:land_units_onscreen_name_wh2_dlc14_skv_cha_eshin_sorcerer_0}}	false
chaotic_plan_tokens_name_wh3_dlc29_military_green_eshin_triads_dlc_1	Eshin Triads	false
chaotic_plan_tokens_name_wh3_dlc29_military_green_gutter_runners_1	Gutter Runners	false
chaotic_plan_tokens_name_wh3_dlc29_military_green_gutter_runners_1_double	Double Gutter Runners	false
chaotic_plan_tokens_name_wh3_dlc29_military_green_gutter_runners_1_poison	Gutter Runners (Poison)	false
chaotic_plan_tokens_name_wh3_dlc29_military_green_gutter_runners_slingers_1	{{tr:land_units_onscreen_name_wh2_main_skv_inf_gutter_runner_slingers_0}}	false
chaotic_plan_tokens_name_wh3_dlc29_military_green_gutter_runners_slingers_1_poison	{{tr:land_units_onscreen_name_wh2_main_skv_inf_gutter_runner_slingers_1}}	false
chaotic_plan_tokens_name_wh3_dlc29_military_green_hell_pit_abomination	{{tr:chaotic_plan_tokens_name_wh3_dlc29_military_action_skill_spawn_hell_pit_abomination_generated}}	false
chaotic_plan_tokens_name_wh3_dlc29_military_green_moulder_stormfiends_doomflayer_1	{{tr:land_units_onscreen_name_wh3_dlc29_skv_mon_stormfiend_doomflayer_gauntlets}}	false
chaotic_plan_tokens_name_wh3_dlc29_military_green_moulder_stormfiends_doomflayer_2	{{tr:land_units_onscreen_name_wh3_dlc29_skv_mon_stormfiend_doomflayer_gauntlets}}	false
chaotic_plan_tokens_name_wh3_dlc29_military_green_moulder_stormfiends_grinder_1	{{tr:land_units_onscreen_name_wh3_dlc29_skv_mon_stormfiend_grinderfists}}	false
chaotic_plan_tokens_name_wh3_dlc29_military_green_moulder_stormfiends_grinder_2	{{tr:land_units_onscreen_name_wh3_dlc29_skv_mon_stormfiend_grinderfists}}	false
chaotic_plan_tokens_name_wh3_dlc29_military_green_moulder_stormfiends_shock_1	{{tr:land_units_onscreen_name_wh3_dlc29_skv_mon_stormfiend_shock_gauntlets}}	false
chaotic_plan_tokens_name_wh3_dlc29_military_green_moulder_stormfiends_shock_2	{{tr:land_units_onscreen_name_wh3_dlc29_skv_mon_stormfiend_shock_gauntlets}}	false
chaotic_plan_tokens_name_wh3_dlc29_military_green_moulder_wolf_rats_dlc_1	{{tr:land_units_onscreen_name_wh2_dlc16_skv_mon_wolf_rats_0}}	false
chaotic_plan_tokens_name_wh3_dlc29_military_green_moulder_wolf_rats_dlc_2	{{tr:land_units_onscreen_name_wh2_dlc16_skv_mon_wolf_rats_1}}	false
chaotic_plan_tokens_name_wh3_dlc29_military_green_mutant_rat_ogre_dlc_1	{{tr:land_units_onscreen_name_wh2_dlc16_skv_mon_rat_ogre_mutant}}	false
chaotic_plan_tokens_name_wh3_dlc29_military_green_mutant_rat_ogre_dlc_2	{{tr:land_units_onscreen_name_wh2_dlc16_skv_mon_rat_ogre_mutant}}	false
chaotic_plan_tokens_name_wh3_dlc29_military_green_packmaster_0	{{tr:land_units_onscreen_name_wh2_dlc16_skv_cha_packmaster_0}}	false
chaotic_plan_tokens_name_wh3_dlc29_military_green_packmaster_1	Veteran {{tr:land_units_onscreen_name_wh2_dlc16_skv_cha_packmaster_0}}	false
chaotic_plan_tokens_name_wh3_dlc29_military_green_packmaster_2	Elite {{tr:land_units_onscreen_name_wh2_dlc16_skv_cha_packmaster_0}}	false
chaotic_plan_tokens_name_wh3_dlc29_military_green_plague_censer_bearers	{{tr:land_units_onscreen_name_wh2_main_skv_inf_plague_monk_censer_bearer}}	false
chaotic_plan_tokens_name_wh3_dlc29_military_green_plague_monks_1	{{tr:land_units_onscreen_name_wh2_main_skv_inf_plague_monks}}	false
chaotic_plan_tokens_name_wh3_dlc29_military_green_plague_monks_2	{{tr:land_units_onscreen_name_wh2_main_skv_inf_plague_monks}}	false
chaotic_plan_tokens_name_wh3_dlc29_military_green_plague_priest_0	{{tr:land_units_onscreen_name_wh2_main_skv_cha_plague_priest_0}}	false
chaotic_plan_tokens_name_wh3_dlc29_military_green_plague_priest_1	Veteran {{tr:land_units_onscreen_name_wh2_main_skv_cha_plague_priest_0}}	false
chaotic_plan_tokens_name_wh3_dlc29_military_green_plague_priest_2	Elite {{tr:land_units_onscreen_name_wh2_main_skv_cha_plague_priest_0}}	false
chaotic_plan_tokens_name_wh3_dlc29_military_green_plagueclaw_catapult_1	{{tr:land_units_onscreen_name_wh2_main_skv_art_plagueclaw_catapult}}	false
chaotic_plan_tokens_name_wh3_dlc29_military_green_plagueclaw_catapult_2	{{tr:land_units_onscreen_name_wh2_main_skv_art_plagueclaw_catapult}} II	false
chaotic_plan_tokens_name_wh3_dlc29_military_green_plagueclaw_catapult_3	{{tr:land_units_onscreen_name_wh2_main_skv_art_plagueclaw_catapult}} III	false
chaotic_plan_tokens_name_wh3_dlc29_military_green_poison_wind_globadiers_1	Poisoned Wind Globadiers	false
chaotic_plan_tokens_name_wh3_dlc29_military_green_poison_wind_globadiers_2	Poisoned Wind Globadiers	false
chaotic_plan_tokens_name_wh3_dlc29_military_green_poison_wind_mortars_1	Poisoned Wind Mortars	false
chaotic_plan_tokens_name_wh3_dlc29_military_green_poison_wind_mortars_2	Poisoned Wind Mortars	false
chaotic_plan_tokens_name_wh3_dlc29_military_green_rictus_stormvermin_1	{{tr:land_units_onscreen_name_wh2_main_skv_inf_stormvermin_1}}	false
chaotic_plan_tokens_name_wh3_dlc29_military_green_rictus_stormvermin_2	{{tr:land_units_onscreen_name_wh2_main_skv_inf_stormvermin_1}}	false
chaotic_plan_tokens_name_wh3_dlc29_military_green_rictus_stormvermin_grey_seer_1	{{tr:land_units_onscreen_name_wh2_main_skv_inf_stormvermin_1}}	false
chaotic_plan_tokens_name_wh3_dlc29_military_green_rictus_stormvermin_halberds_1	{{tr:land_units_onscreen_name_wh2_main_skv_inf_stormvermin_0}}	false
chaotic_plan_tokens_name_wh3_dlc29_military_green_rictus_stormvermin_halberds_2	{{tr:land_units_onscreen_name_wh2_main_skv_inf_stormvermin_0}}	false
chaotic_plan_tokens_name_wh3_dlc29_military_green_rictus_stormvermin_halberds_rank_9	Elite {{tr:land_units_onscreen_name_wh2_main_skv_inf_stormvermin_0}}	false
chaotic_plan_tokens_name_wh3_dlc29_military_green_skryre_ratling_guns_dlc_1	Ratling Guns	false
chaotic_plan_tokens_name_wh3_dlc29_military_green_skryre_ratling_guns_dlc_2	{{tr:chaotic_plan_tokens_name_wh3_dlc29_military_green_skryre_ratling_guns_dlc_1}}	false
chaotic_plan_tokens_name_wh3_dlc29_military_green_skryre_stormfiends_ratling_1	{{tr:land_units_onscreen_name_wh3_dlc29_skv_mon_stormfiend_ratling_cannons}}	false
chaotic_plan_tokens_name_wh3_dlc29_military_green_skryre_stormfiends_ratling_2	{{tr:land_units_onscreen_name_wh3_dlc29_skv_mon_stormfiend_ratling_cannons}}	false
chaotic_plan_tokens_name_wh3_dlc29_military_green_skryre_stormfiends_warpfire_1	{{tr:land_units_onscreen_name_wh3_dlc29_skv_mon_stormfiend_warpfire_projectors}}	false
chaotic_plan_tokens_name_wh3_dlc29_military_green_skryre_stormfiends_warpfire_2	{{tr:land_units_onscreen_name_wh3_dlc29_skv_mon_stormfiend_warpfire_projectors}}	false
chaotic_plan_tokens_name_wh3_dlc29_military_green_skryre_stormfiends_windlauncher_1	{{tr:land_units_onscreen_name_wh3_dlc29_skv_mon_stormfiend_windlaunchers}}	false
chaotic_plan_tokens_name_wh3_dlc29_military_green_skryre_stormfiends_windlauncher_2	{{tr:land_units_onscreen_name_wh3_dlc29_skv_mon_stormfiend_windlaunchers}}	false
chaotic_plan_tokens_name_wh3_dlc29_military_green_skryre_warpfire_throwers_1	{{tr:land_units_onscreen_name_wh2_main_skv_inf_warpfire_thrower}}	false
chaotic_plan_tokens_name_wh3_dlc29_military_green_skryre_warpfire_throwers_2	{{tr:land_units_onscreen_name_wh2_main_skv_inf_warpfire_thrower}}	false
chaotic_plan_tokens_name_wh3_dlc29_military_green_stormvermin_rank_9	Elite {{tr:land_units_onscreen_name_wh2_main_skv_inf_stormvermin_1}}	false
chaotic_plan_tokens_name_wh3_dlc29_military_green_warlock_engineer	{{tr:land_units_onscreen_name_wh2_main_skv_cha_warlock_engineer}}	false
chaotic_plan_tokens_name_wh3_dlc29_military_green_warlock_engineer_2	Veteran {{tr:land_units_onscreen_name_wh2_main_skv_cha_warlock_engineer}}	false
chaotic_plan_tokens_name_wh3_dlc29_military_green_warlock_engineer_3	Elite {{tr:land_units_onscreen_name_wh2_main_skv_cha_warlock_engineer}}	false
chaotic_plan_tokens_name_wh3_dlc29_military_green_warp_grinders_dlc_1	{{tr:land_units_onscreen_name_wh2_dlc14_skv_inf_warp_grinder_0}}	false
chaotic_plan_tokens_name_wh3_dlc29_military_green_warp_lightning_cannon_1	{{tr:land_units_onscreen_name_wh2_main_skv_art_warp_lightning_cannon}}	false
chaotic_plan_tokens_name_wh3_dlc29_military_green_warp_lightning_cannon_2	{{tr:land_units_onscreen_name_wh2_main_skv_art_warp_lightning_cannon}}	false
chaotic_plan_tokens_name_wh3_dlc29_military_green_warp_lightning_cannon_3	{{tr:land_units_onscreen_name_wh2_main_skv_art_warp_lightning_cannon}}	false
chaotic_plan_tokens_name_wh3_dlc29_military_green_warp_lightning_cannon_unique	Stolen {{tr:land_units_onscreen_name_wh2_main_skv_art_warp_lightning_cannon}}	false
chaotic_plan_tokens_name_wh3_dlc29_military_green_warp_lightning_cannon_warlock_1	{{tr:land_units_onscreen_name_wh2_main_skv_art_warp_lightning_cannon}}	false
chaotic_plan_tokens_name_wh3_dlc29_military_green_warp_lightning_cannon_warlock_2	{{tr:land_units_onscreen_name_wh2_main_skv_art_warp_lightning_cannon}}	false
chaotic_plan_tokens_name_wh3_dlc29_military_green_warplock_jezzails_dlc_1	Warplock Jezzails	false
chaotic_plan_tokens_name_wh3_dlc29_military_green_warplock_jezzails_dlc_2	Warplock Jezzails	false
chaotic_plan_tokens_name_wh3_dlc29_military_mod_pool_basic_infantry_2	{{tr:chaotic_plan_tokens_name_wh3_dlc29_military_green_basic_infantry_2}}	false
chaotic_plan_tokens_name_wh3_dlc29_military_mod_pool_basic_infantry_spears_1	Clan Pits I	false
chaotic_plan_tokens_name_wh3_dlc29_military_mod_pool_basic_pusbags_1	Clan Pestilens Testing Grounds	false
chaotic_plan_tokens_name_wh3_dlc29_military_mod_pool_brood_horror_dlc_1	Clan Moulder Breeding Lab II	false
chaotic_plan_tokens_name_wh3_dlc29_military_mod_pool_clanrats_grey_seer_2	Warlord Clan's Tunnel I	false
chaotic_plan_tokens_name_wh3_dlc29_military_mod_pool_clanrats_grey_seer_3	Warlord Clan's Tunnel II	false
chaotic_plan_tokens_name_wh3_dlc29_military_mod_pool_clanrats_grey_seer_4	Warlord Clan's Tunnel III	false
chaotic_plan_tokens_name_wh3_dlc29_military_mod_pool_clanrats_grey_seer_5	Warlord Clan's Tunnel IV	false
chaotic_plan_tokens_name_wh3_dlc29_military_mod_pool_death_globe_bombadiers_1	Death Globe Bombardiers	false
chaotic_plan_tokens_name_wh3_dlc29_military_mod_pool_death_runners_1	Den of Death I	false
chaotic_plan_tokens_name_wh3_dlc29_military_mod_pool_doom_flayer_dlc_1	{{tr:chaotic_plan_tokens_name_wh3_dlc29_military_green_doom_flayer_dlc_1}}	false
chaotic_plan_tokens_name_wh3_dlc29_military_mod_pool_doomwheel_1	Skryre Balistics Range II	false
chaotic_plan_tokens_name_wh3_dlc29_military_mod_pool_eshin_triads_dlc_1	Guandao Training	false
chaotic_plan_tokens_name_wh3_dlc29_military_mod_pool_moulder_wolf_rats_dlc_1	Clan Moulder Pup Pens I	false
chaotic_plan_tokens_name_wh3_dlc29_military_mod_pool_mutant_rat_ogre_dlc	Clan Moulder Breeding Lab I	false
chaotic_plan_tokens_name_wh3_dlc29_military_mod_pool_night_runners_slingers_1	Eshin Warrens I	false
chaotic_plan_tokens_name_wh3_dlc29_military_mod_pool_plague_censer_bearers	Clan Pestilens Fighting Pits III	false
chaotic_plan_tokens_name_wh3_dlc29_military_mod_pool_plague_monks_1	Clan Pestilens Fighting Pits I	false
chaotic_plan_tokens_name_wh3_dlc29_military_mod_pool_plagueclaw_catapult_1	Catapult Workshop	false
chaotic_plan_tokens_name_wh3_dlc29_military_mod_pool_poison_wind_globadiers_1	{{tr:chaotic_plan_tokens_name_wh3_dlc29_military_green_poison_wind_globadiers_1}}	false
chaotic_plan_tokens_name_wh3_dlc29_military_mod_pool_poison_wind_mortars_1	{{tr:chaotic_plan_tokens_name_wh3_dlc29_military_green_poison_wind_mortars_1}}	false
chaotic_plan_tokens_name_wh3_dlc29_military_mod_pool_remove_skavenslaves	"Training" Warrens	false
chaotic_plan_tokens_name_wh3_dlc29_military_mod_pool_rictus_stormvermin_1	Clan Rictus Quarters I	false
chaotic_plan_tokens_name_wh3_dlc29_military_mod_pool_rictus_stormvermin_3	Clan Rictus Quarters IV	false
chaotic_plan_tokens_name_wh3_dlc29_military_mod_pool_rictus_stormvermin_halberds_1	Clan Rictus Quarters II	false
chaotic_plan_tokens_name_wh3_dlc29_military_mod_pool_skryre_ratling_guns_dlc_1	{{tr:chaotic_plan_tokens_name_wh3_dlc29_military_green_skryre_ratling_guns_dlc_1}}	false
chaotic_plan_tokens_name_wh3_dlc29_military_mod_pool_skryre_warpfire_throwers_1	Warpfire Equipment Racks	false
chaotic_plan_tokens_name_wh3_dlc29_military_mod_pool_stormfiends_warlock_1	Heavy Weapons Facility I	false
chaotic_plan_tokens_name_wh3_dlc29_military_mod_pool_stormfiends_warlock_2	Heavy Weapons Facility II	false
chaotic_plan_tokens_name_wh3_dlc29_military_mod_pool_stormfiends_warlock_3	Heavy Weapons Facility III	false
chaotic_plan_tokens_name_wh3_dlc29_military_mod_pool_stormfiends_warlord_1	Stormfiend Equipment Lab I	false
chaotic_plan_tokens_name_wh3_dlc29_military_mod_pool_stormfiends_warlord_2	Stormfiend Equipment Lab II	false
chaotic_plan_tokens_name_wh3_dlc29_military_mod_pool_stormfiends_warlord_3	Stormfiend Equipment Lab III	false
chaotic_plan_tokens_name_wh3_dlc29_military_mod_pool_stormvermin_rank_9	Clan Rictus Elite Warren	false
chaotic_plan_tokens_name_wh3_dlc29_military_mod_pool_warp_grinders_dlc_1	{{tr:chaotic_plan_tokens_name_wh3_dlc29_military_green_warp_grinders_dlc_1}}	false
chaotic_plan_tokens_name_wh3_dlc29_military_mod_pool_warp_lightning_cannon_1	Skryre Weapons Shipment I	false
chaotic_plan_tokens_name_wh3_dlc29_military_mod_pool_warp_lightning_cannon_warlock_1	Skryre Balistics Range I	false
chaotic_plan_tokens_name_wh3_dlc29_military_mod_pool_warplock_jezzails_dlc_1	{{tr:chaotic_plan_tokens_name_wh3_dlc29_military_green_warplock_jezzails_dlc_1}}	false
chaotic_plan_tokens_name_wh3_dlc29_military_purple_bounty_chieftain_0	{{tr:land_units_onscreen_name_wh2_dlc16_skv_cha_chieftain_0}} - Eshin Target	false
chaotic_plan_tokens_name_wh3_dlc29_military_purple_bounty_chieftain_1	Veteran {{tr:land_units_onscreen_name_wh2_dlc16_skv_cha_chieftain_0}} - Eshin Target	false
chaotic_plan_tokens_name_wh3_dlc29_military_purple_bounty_packmaster_0	{{tr:land_units_onscreen_name_wh2_dlc16_skv_cha_packmaster_0}} - Eshin Target	false
chaotic_plan_tokens_name_wh3_dlc29_military_purple_bounty_packmaster_2	Veteran {{tr:land_units_onscreen_name_wh2_dlc16_skv_cha_packmaster_0}} - Eshin Target	false
chaotic_plan_tokens_name_wh3_dlc29_military_purple_bounty_plague_priest_0	{{tr:land_units_onscreen_name_wh2_main_skv_cha_plague_priest_0}} - Eshin Target	false
chaotic_plan_tokens_name_wh3_dlc29_military_purple_bounty_plague_priest_2	Veteran {{tr:land_units_onscreen_name_wh2_main_skv_cha_plague_priest_0}}- Eshin Target	false
chaotic_plan_tokens_name_wh3_dlc29_military_purple_bounty_warlock_engineer	{{tr:land_units_onscreen_name_wh2_main_skv_cha_warlock_engineer}} - Eshin Target	false
chaotic_plan_tokens_name_wh3_dlc29_military_red_explosion_guard_1	Ravening Warpfire	false
chaotic_plan_tokens_name_wh3_dlc29_military_red_hellpit_guard_1	Gorging Collapse	false
chaotic_plan_tokens_name_wh3_dlc29_military_red_plague_guard_1	Contaminated Gluttony	false
chaotic_plan_tokens_name_wh3_dlc29_military_upgrade_basic_infantry_spears_2	Clan Pits II	false
chaotic_plan_tokens_name_wh3_dlc29_military_upgrade_basic_pusbags_2	Clan Pestilens Conclaves	false
chaotic_plan_tokens_name_wh3_dlc29_military_upgrade_death_runners_2	Den of Death II	false
chaotic_plan_tokens_name_wh3_dlc29_military_upgrade_death_runners_3	Den of Death III	false
chaotic_plan_tokens_name_wh3_dlc29_military_upgrade_double_units_warlock	Mass Production Lines	false
chaotic_plan_tokens_name_wh3_dlc29_military_upgrade_gutter_runners_1	Eshin Warrens II	false
chaotic_plan_tokens_name_wh3_dlc29_military_upgrade_gutter_runners_poison_1	Eshin Warrens III	false
chaotic_plan_tokens_name_wh3_dlc29_military_upgrade_moulder_wolf_rats_dlc_2	Clan Moulder Pup Pens II	false
chaotic_plan_tokens_name_wh3_dlc29_military_upgrade_moulder_wolf_rats_dlc_3	Clan Moulder Pup Pens III	false
chaotic_plan_tokens_name_wh3_dlc29_military_upgrade_mutant_rat_ogre_brood_horror_2	Clan Moulder Breeding Lab III	false
chaotic_plan_tokens_name_wh3_dlc29_military_upgrade_plague_monks_2	Clan Pestilens Fighting Pits II	false
chaotic_plan_tokens_name_wh3_dlc29_military_upgrade_plagueclaw_catapult_2	Catapult Workshop II	false
chaotic_plan_tokens_name_wh3_dlc29_military_upgrade_plagueclaw_catapult_3	Catapult Workshop III	false
chaotic_plan_tokens_name_wh3_dlc29_military_upgrade_rictus_stormvermin_2	Clan Rictus Quarters III	false
chaotic_plan_tokens_name_wh3_dlc29_military_upgrade_warp_lightning_cannon_2	Skryre Weapons Shipment II	false
chaotic_plan_tokens_name_wh3_dlc29_military_upgrade_warp_lightning_cannon_3	Skryre Weapons Shipment III	false
chaotic_plan_tokens_name_wh3_dlc29_purple_any_chaos_experience	Deeds in Perilous Lands	false
chaotic_plan_tokens_name_wh3_dlc29_purple_any_empire_skaven_not_real	No Such Thing as Giant Rats!	false
chaotic_plan_tokens_name_wh3_dlc29_purple_any_reduce_guards	Sleepy Guards	false
chaotic_plan_tokens_name_wh3_dlc29_purple_any_skaven_blackmail	Stolen Secrets	false
chaotic_plan_tokens_name_wh3_dlc29_purple_dwarfs_any_dwarf_brew	Dwarf Ale	false
chaotic_plan_tokens_name_wh3_dlc29_purple_dwarfs_any_dwarf_brew_use	Move the Barrels	false
chaotic_plan_tokens_name_wh3_dlc29_purple_dwarfs_any_dwarf_brew_use_generated_1	Drunk Guards	false
chaotic_plan_tokens_name_wh3_dlc29_purple_dwarfs_any_dwarf_brew_use_generated_2	Resolute Guards	false
chaotic_plan_tokens_name_wh3_dlc29_purple_economic_bretonnia_food	Peasant Crops	false
chaotic_plan_tokens_name_wh3_dlc29_purple_economic_bretonnia_treasury	Knight's Stash	false
chaotic_plan_tokens_name_wh3_dlc29_purple_economic_cathay_warpstone	Alchemist's Caravan	false
chaotic_plan_tokens_name_wh3_dlc29_purple_economic_chaos_dwarfs_treasury	Materials Stockpile	false
chaotic_plan_tokens_name_wh3_dlc29_purple_economic_chaos_warpstone	Crystallised Chaos	false
chaotic_plan_tokens_name_wh3_dlc29_purple_economic_dangerous_treasury	Treasure... or Trap?	false
chaotic_plan_tokens_name_wh3_dlc29_purple_economic_dangerous_warpstone	Treasure... or Trap?	false
chaotic_plan_tokens_name_wh3_dlc29_purple_economic_greenskins_food	Meat & Scraps	false
chaotic_plan_tokens_name_wh3_dlc29_purple_economic_ogre_kingdoms_food	Pile of Meat	false
chaotic_plan_tokens_name_wh3_dlc29_purple_economic_ogre_kingdoms_treasury	Tyrant's Hoard	false
chaotic_plan_tokens_name_wh3_dlc29_purple_economic_undead_warpstone	Warpstone Mines	false
chaotic_plan_tokens_name_wh3_dlc29_purple_economic_vault_1	Vault	false
chaotic_plan_tokens_name_wh3_dlc29_purple_economy_vampire_food_big	Corpse Cart Storage	false
chaotic_plan_tokens_name_wh3_dlc29_purple_economy_vampire_food_small	Corpse Stockpile	false
chaotic_plan_tokens_name_wh3_dlc29_purple_lucky_draw	Council Agent	false
chaotic_plan_tokens_name_wh3_dlc29_purple_magic_draw_combo_piece	Winds of Magic	false
chaotic_plan_tokens_name_wh3_dlc29_purple_magic_draw_combo_piece_action	Draw on Winds	false
chaotic_plan_tokens_name_wh3_dlc29_purple_magic_tzeentch_draw_tokens	Winds Manipulation	false
chaotic_plan_tokens_name_wh3_dlc29_purple_military_lab_1	Hidden Lab	false
chaotic_plan_tokens_name_wh3_dlc29_purple_military_mercenaries_1	Sleeper Agents	false
chaotic_plan_tokens_name_wh3_dlc29_purple_military_multiple_cultures_stormvermin	Seasoned Veterans	false
chaotic_plan_tokens_name_wh3_dlc29_purple_military_ogre_kingdoms_mercenaries	Ogres for Hire	false
chaotic_plan_tokens_name_wh3_dlc29_purple_military_ogre_kingdoms_mercenaries_pay	Hire Ogres	false
chaotic_plan_tokens_name_wh3_dlc29_purple_military_ogre_kingdoms_mercenaries_reward_1	Ogre Mercenaries	false
chaotic_plan_tokens_name_wh3_dlc29_purple_military_ogre_kingdoms_mercenaries_reward_2	{{tr:chaotic_plan_tokens_name_wh3_dlc29_purple_military_ogre_kingdoms_mercenaries_reward_1}}	false
chaotic_plan_tokens_name_wh3_dlc29_purple_military_ogre_kingdoms_mercenaries_reward_3	{{tr:chaotic_plan_tokens_name_wh3_dlc29_purple_military_ogre_kingdoms_mercenaries_reward_1}}	false
chaotic_plan_tokens_name_wh3_dlc29_purple_military_ogre_kingdoms_mercenaries_reward_4	{{tr:chaotic_plan_tokens_name_wh3_dlc29_purple_military_ogre_kingdoms_mercenaries_reward_1}}	false
chaotic_plan_tokens_name_wh3_dlc29_purple_military_ogre_kingdoms_mercenaries_reward_5	{{tr:chaotic_plan_tokens_name_wh3_dlc29_purple_military_ogre_kingdoms_mercenaries_reward_1}}	false
chaotic_plan_tokens_name_wh3_dlc29_purple_military_ogre_kingdoms_rat_ogres	...Ogres?	false
chaotic_plan_tokens_name_wh3_dlc29_purple_military_reinforcements	Council Reinforcements	false
chaotic_plan_tokens_name_wh3_dlc29_purple_military_skaven_guards_1	Rat Guards	false
chaotic_plan_tokens_name_wh3_dlc29_purple_military_skaven_stormvermin	Stormvermin Defectors	false
chaotic_plan_tokens_name_wh3_dlc29_purple_military_tomb_kings_guards_1	Skeleton Guards	false
chaotic_plan_tokens_name_wh3_dlc29_purple_military_tzeentch_guards_1	Blue and Pink Guards	false
chaotic_plan_tokens_name_wh3_dlc29_purple_military_undead_death_runners	Death-Runner Scavengers	false
chaotic_plan_tokens_name_wh3_dlc29_purple_military_undead_legions_elites_2	Mortarch Menace	false
chaotic_plan_tokens_name_wh3_dlc29_purple_military_vampire_pay_for_reward	Yearning for Corpses	false
chaotic_plan_tokens_name_wh3_dlc29_purple_military_wood_elves_elites_1	Swift Ambush	false
chaotic_plan_tokens_name_wh3_dlc29_red_any_bretonnia_alarm	Damsel Interference	false
chaotic_plan_tokens_name_wh3_dlc29_red_any_cathay_elites	Protected Caravan	false
chaotic_plan_tokens_name_wh3_dlc29_red_any_chaos_alarm	Chaos Sorcerer Interference	false
chaotic_plan_tokens_name_wh3_dlc29_red_any_chaos_dwarfs_alarm	Daemonsmith Interference	false
chaotic_plan_tokens_name_wh3_dlc29_red_any_chaos_dwarfs_elites	Protected Convoy	false
chaotic_plan_tokens_name_wh3_dlc29_red_any_dark_elves_alarm	Sorceress Interference	false
chaotic_plan_tokens_name_wh3_dlc29_red_any_felix	Felix Jaeger	false
chaotic_plan_tokens_name_wh3_dlc29_red_any_gotrek	Gotrek Gurnisson	false
chaotic_plan_tokens_name_wh3_dlc29_red_any_greenskins_alarm	Shaman Interference	false
chaotic_plan_tokens_name_wh3_dlc29_red_any_high_elves_alarm	Hoeth Interference	false
chaotic_plan_tokens_name_wh3_dlc29_red_any_high_elves_elites	Disciplined Guards	false
chaotic_plan_tokens_name_wh3_dlc29_red_any_kislev_alarm	Ice Witch Interference	false
chaotic_plan_tokens_name_wh3_dlc29_red_any_lizardmen_alarm	Slann Interference	false
chaotic_plan_tokens_name_wh3_dlc29_red_any_norsca_alarm	Shaman-Sorcerer Interference	false
chaotic_plan_tokens_name_wh3_dlc29_red_any_nurgle_alarm	Unclean Interference	false
chaotic_plan_tokens_name_wh3_dlc29_red_any_ogre_kingdoms_elites	Don't Touch the Hoard!	false
chaotic_plan_tokens_name_wh3_dlc29_red_any_ogre_kingdoms_hungry	Hungry Ogres	false
chaotic_plan_tokens_name_wh3_dlc29_red_any_ogre_kingdoms_hungry_elite	Famished Ogres	false
chaotic_plan_tokens_name_wh3_dlc29_red_any_ogre_kingdoms_hungry_elite_pay	Leave Food for Ogres	false
chaotic_plan_tokens_name_wh3_dlc29_red_any_ogre_kingdoms_hungry_elite_pay_generated	Sleepy Ogres	false
chaotic_plan_tokens_name_wh3_dlc29_red_any_ogre_kingdoms_hungry_pay	{{tr:chaotic_plan_tokens_name_wh3_dlc29_red_any_ogre_kingdoms_hungry_elite_pay}}	false
chaotic_plan_tokens_name_wh3_dlc29_red_any_ogre_kingdoms_hungry_pay_generated	{{tr:chaotic_plan_tokens_name_wh3_dlc29_red_any_ogre_kingdoms_hungry_elite_pay_generated}}	false
chaotic_plan_tokens_name_wh3_dlc29_red_any_skaven_guards	Stash Guards	false
chaotic_plan_tokens_name_wh3_dlc29_red_any_skaven_haste	Wanton Scheming	false
chaotic_plan_tokens_name_wh3_dlc29_red_any_tomb_kings_alarm	Liche Interference	false
chaotic_plan_tokens_name_wh3_dlc29_red_economic_vault_1_generated_alarm	Alerted Guards	false
chaotic_plan_tokens_name_wh3_dlc29_red_military_bretonnia_elites_1	Questing Knight	false
chaotic_plan_tokens_name_wh3_dlc29_red_military_bretonnia_guards	Peasant Protectors	false
chaotic_plan_tokens_name_wh3_dlc29_red_military_cathay_guards_2	Jade Guards	false
chaotic_plan_tokens_name_wh3_dlc29_red_military_chaos_dwarfs_guards_1	Goblin Guard	false
chaotic_plan_tokens_name_wh3_dlc29_red_military_dark_elves_elites_1	Highborn on Patrol	false
chaotic_plan_tokens_name_wh3_dlc29_red_military_dark_elves_guards	Vicious Guards	false
chaotic_plan_tokens_name_wh3_dlc29_red_military_greenskins_guards_2	Orc Guards	false
chaotic_plan_tokens_name_wh3_dlc29_red_military_high_elves_guards_3	Disciplined Guards	false
chaotic_plan_tokens_name_wh3_dlc29_red_military_khorne_elites_2	Blood-Crazed Warriors	false
chaotic_plan_tokens_name_wh3_dlc29_red_military_kislev_guards	Stern Guards	false
chaotic_plan_tokens_name_wh3_dlc29_red_military_kislev_guards_3	Streltsi Patrol	false
chaotic_plan_tokens_name_wh3_dlc29_red_military_lizardmen_elites_2	Slann's Gaze	false
chaotic_plan_tokens_name_wh3_dlc29_red_military_lizardmen_guards	Skink Patrol	false
chaotic_plan_tokens_name_wh3_dlc29_red_military_norsca_guards_2	Wandering Marauders	false
chaotic_plan_tokens_name_wh3_dlc29_red_military_nurgle_guards_3	Plaguebearer's Attention	false
chaotic_plan_tokens_name_wh3_dlc29_red_military_slaanesh_guards	Guards of Excess	false
chaotic_plan_tokens_name_wh3_dlc29_red_military_undead_legions_guards	Shambling Guards	false
chaotic_plan_tokens_name_wh3_dlc29_red_military_vampire_pay_to_reduce_alarm	Combat Practice	false
chaotic_plan_tokens_name_wh3_dlc29_red_military_vampire_pay_to_reduce_alarm_elite	Caught Scent	false
chaotic_plan_tokens_name_wh3_dlc29_red_military_wood_elves_guards	Treemen Guards	false
chaotic_plan_tokens_name_wh3_dlc29_skv_final_battle_support_eshin	Final Battle Support – Eshin	false
chaotic_plan_tokens_name_wh3_dlc29_skv_final_battle_support_mors	Final Battle Support – Mors	false
chaotic_plan_tokens_name_wh3_dlc29_skv_final_battle_support_moulder	Final Battle Support – Moulder	false
chaotic_plan_tokens_name_wh3_dlc29_skv_final_battle_support_pestilens	Final Battle Support – Pestilens	false
chaotic_plan_tokens_name_wh3_dlc29_skv_final_battle_support_rictus	Final Battle Support – Rictus	false
chaotic_plan_tokens_name_wh3_dlc29_skv_final_battle_support_skryre	Final Battle Support – Skryre	false
chaotic_plan_tokens_name_wh3_dlc29_skv_red_teleport_daemon_lord	Teleport Daemon Lord	false
chaotic_plan_tokens_name_wh3_dlc29_yellow_military_vampire_pay_to_reduce_alarm_action_generated	Fight the Vampire	false
chaotic_plan_tokens_name_wh3_dlc29_yellow_military_vampire_pay_to_reduce_alarm_elite_action_generated	Fight the Vampire	false
chaotic_plan_tokens_special_description_wh3_dlc29_action_any_remove_red_1		false
chaotic_plan_tokens_special_description_wh3_dlc29_action_any_remove_red_2		false
chaotic_plan_tokens_special_description_wh3_dlc29_action_any_remove_red_3		false
chaotic_plan_tokens_special_description_wh3_dlc29_action_economic_dangerous_treasury		false
chaotic_plan_tokens_special_description_wh3_dlc29_action_economic_dangerous_warpstone		false
chaotic_plan_tokens_special_description_wh3_dlc29_action_economic_focus		false
chaotic_plan_tokens_special_description_wh3_dlc29_action_economic_vault_1_open		false
chaotic_plan_tokens_special_description_wh3_dlc29_action_military_lab_1_recruit		false
chaotic_plan_tokens_special_description_wh3_dlc29_action_military_mercenaries_1_recruit		false
chaotic_plan_tokens_special_description_wh3_dlc29_action_military_reinforcements		false
chaotic_plan_tokens_special_description_wh3_dlc29_action_military_vampire_pay_for_reward		false
chaotic_plan_tokens_special_description_wh3_dlc29_action_military_vampire_pay_to_reduce_alarm		false
chaotic_plan_tokens_special_description_wh3_dlc29_action_military_vampire_pay_to_reduce_alarm_elite		false
chaotic_plan_tokens_special_description_wh3_dlc29_any_action_assassin_sell_instant		false
chaotic_plan_tokens_special_description_wh3_dlc29_any_action_basic_diversion		false
chaotic_plan_tokens_special_description_wh3_dlc29_any_action_basic_diversion_generated	{{tr:ui_text_replacements_localised_text_wh3_dlc29_manipulation_event_log_start}}  [[col:yellow]]{{tr:chaotic_plan_tokens_name_wh3_dlc29_any_action_basic_diversion_generated}}[[/col]]\\n{{tr:chaotic_plan_tokens_description_wh3_dlc29_any_action_basic_diversion_generated}}	false
chaotic_plan_tokens_special_description_wh3_dlc29_any_action_experience		false
chaotic_plan_tokens_special_description_wh3_dlc29_any_action_experience_generated	{{tr:ui_text_replacements_localised_text_wh3_dlc29_manipulation_event_log_start}}  [[col:yellow]]{{tr:chaotic_plan_tokens_name_wh3_dlc29_any_action_experience_generated}}[[/col]]\\n{{tr:chaotic_plan_tokens_description_wh3_dlc29_any_action_experience_generated}}	false
chaotic_plan_tokens_special_description_wh3_dlc29_any_action_plague_1		false
chaotic_plan_tokens_special_description_wh3_dlc29_any_action_plague_1_elite		false
chaotic_plan_tokens_special_description_wh3_dlc29_any_action_plague_2		false
chaotic_plan_tokens_special_description_wh3_dlc29_any_action_plague_2_elite		false
chaotic_plan_tokens_special_description_wh3_dlc29_any_action_plague_3		false
chaotic_plan_tokens_special_description_wh3_dlc29_any_action_plague_3_elite		false
chaotic_plan_tokens_special_description_wh3_dlc29_any_action_skill_copy_green_1_economy		false
chaotic_plan_tokens_special_description_wh3_dlc29_any_action_skill_copy_green_1_military		false
chaotic_plan_tokens_special_description_wh3_dlc29_any_mod_pool_grey_seer_winds		false
chaotic_plan_tokens_special_description_wh3_dlc29_any_red_alarm_action_cost_1	{{tr:ui_text_replacements_localised_text_wh3_dlc29_complication_event_log_start}} [[col:red]]{{tr:chaotic_plan_tokens_name_wh3_dlc29_any_red_alarm_action_cost_1}}[[/col]]\\n{{tr:chaotic_plan_tokens_description_wh3_dlc29_any_red_alarm_action_cost_1}}	false
chaotic_plan_tokens_special_description_wh3_dlc29_any_red_alarm_action_cost_1_payoff		false
chaotic_plan_tokens_special_description_wh3_dlc29_any_red_alarm_action_cost_2	{{tr:ui_text_replacements_localised_text_wh3_dlc29_complication_event_log_start}} [[col:red]]{{tr:chaotic_plan_tokens_name_wh3_dlc29_any_red_alarm_action_cost_2}}[[/col]]\\n{{tr:chaotic_plan_tokens_description_wh3_dlc29_any_red_alarm_action_cost_2}}	false
chaotic_plan_tokens_special_description_wh3_dlc29_any_red_alarm_action_cost_2_payoff		false
chaotic_plan_tokens_special_description_wh3_dlc29_any_red_attention_generated	{{tr:ui_text_replacements_localised_text_wh3_dlc29_complication_event_log_start}} [[col:red]]{{tr:chaotic_plan_tokens_name_wh3_dlc29_any_red_attention_generated}}[[/col]]\\n{{tr:chaotic_plan_tokens_description_wh3_dlc29_any_red_attention_generated}}	false
chaotic_plan_tokens_special_description_wh3_dlc29_any_red_basic_alarm_1	{{tr:ui_text_replacements_localised_text_wh3_dlc29_complication_event_log_start}} [[col:red]]{{tr:chaotic_plan_tokens_name_wh3_dlc29_any_red_basic_alarm_1}}[[/col]]\\n{{tr:chaotic_plan_tokens_description_wh3_dlc29_any_red_basic_alarm_1}}	false
chaotic_plan_tokens_special_description_wh3_dlc29_any_red_basic_alarm_2	{{tr:ui_text_replacements_localised_text_wh3_dlc29_complication_event_log_start}} [[col:red]]{{tr:chaotic_plan_tokens_name_wh3_dlc29_any_red_basic_alarm_2}}[[/col]]\\n{{tr:chaotic_plan_tokens_description_wh3_dlc29_any_red_basic_alarm_2}}	false
chaotic_plan_tokens_special_description_wh3_dlc29_any_red_basic_alarm_3	{{tr:ui_text_replacements_localised_text_wh3_dlc29_complication_event_log_start}} [[col:red]]{{tr:chaotic_plan_tokens_name_wh3_dlc29_any_red_basic_alarm_3}}[[/col]]\\n{{tr:chaotic_plan_tokens_description_wh3_dlc29_any_red_basic_alarm_3}}	false
chaotic_plan_tokens_special_description_wh3_dlc29_any_red_basic_alarm_4	{{tr:ui_text_replacements_localised_text_wh3_dlc29_complication_event_log_start}} [[col:red]]{{tr:chaotic_plan_tokens_name_wh3_dlc29_any_red_basic_alarm_4}}[[/col]]\\n{{tr:chaotic_plan_tokens_description_wh3_dlc29_any_red_basic_alarm_4}}	false
chaotic_plan_tokens_special_description_wh3_dlc29_any_red_basic_alarm_5	{{tr:ui_text_replacements_localised_text_wh3_dlc29_complication_event_log_start}} [[col:red]]{{tr:chaotic_plan_tokens_name_wh3_dlc29_any_red_basic_alarm_5}}[[/col]]\\n{{tr:chaotic_plan_tokens_description_wh3_dlc29_any_red_basic_alarm_5}}	false
chaotic_plan_tokens_special_description_wh3_dlc29_any_red_basic_alarm_6_economy	{{tr:ui_text_replacements_localised_text_wh3_dlc29_complication_event_log_start}} [[col:red]]{{tr:chaotic_plan_tokens_name_wh3_dlc29_any_red_basic_alarm_6_military}}[[/col]]\\n{{tr:chaotic_plan_tokens_description_wh3_dlc29_any_red_basic_alarm_6_military}}	false
chaotic_plan_tokens_special_description_wh3_dlc29_any_red_basic_alarm_6_military	{{tr:ui_text_replacements_localised_text_wh3_dlc29_complication_event_log_start}} [[col:red]]{{tr:chaotic_plan_tokens_name_wh3_dlc29_any_red_basic_alarm_6_military}}[[/col]]\\n{{tr:chaotic_plan_tokens_description_wh3_dlc29_any_red_basic_alarm_6_military}}	false
chaotic_plan_tokens_special_description_wh3_dlc29_any_red_basic_elite_1	{{tr:ui_text_replacements_localised_text_wh3_dlc29_complication_event_log_start}} [[col:red]]{{tr:chaotic_plan_tokens_name_wh3_dlc29_any_red_basic_elite_1}}[[/col]]\\n{{tr:chaotic_plan_tokens_description_wh3_dlc29_any_red_basic_elite_1}}	false
chaotic_plan_tokens_special_description_wh3_dlc29_any_red_basic_elite_2	{{tr:ui_text_replacements_localised_text_wh3_dlc29_complication_event_log_start}} [[col:red]]{{tr:chaotic_plan_tokens_name_wh3_dlc29_any_red_basic_elite_2}}[[/col]]\\n{{tr:chaotic_plan_tokens_description_wh3_dlc29_any_red_basic_elite_2}}	false
chaotic_plan_tokens_special_description_wh3_dlc29_any_red_basic_elite_x2	{{tr:ui_text_replacements_localised_text_wh3_dlc29_complication_event_log_start}} [[col:red]]{{tr:chaotic_plan_tokens_name_wh3_dlc29_any_red_basic_elite_x2}}[[/col]]\\n{{tr:chaotic_plan_tokens_description_wh3_dlc29_any_red_basic_elite_x2}}	false
chaotic_plan_tokens_special_description_wh3_dlc29_any_red_basic_guard_1	{{tr:ui_text_replacements_localised_text_wh3_dlc29_complication_event_log_start}} [[col:red]]{{tr:chaotic_plan_tokens_name_wh3_dlc29_any_red_basic_guard_1}}[[/col]]\\n{{tr:chaotic_plan_tokens_description_wh3_dlc29_any_red_basic_guard_1}}	false
chaotic_plan_tokens_special_description_wh3_dlc29_any_red_basic_guard_2	{{tr:ui_text_replacements_localised_text_wh3_dlc29_complication_event_log_start}} [[col:red]]{{tr:chaotic_plan_tokens_name_wh3_dlc29_any_red_basic_guard_2}}[[/col]]\\n{{tr:chaotic_plan_tokens_description_wh3_dlc29_any_red_basic_guard_2}}	false
chaotic_plan_tokens_special_description_wh3_dlc29_any_red_basic_guard_3	{{tr:ui_text_replacements_localised_text_wh3_dlc29_complication_event_log_start}} [[col:red]]{{tr:chaotic_plan_tokens_name_wh3_dlc29_any_red_basic_guard_3}}[[/col]]\\n{{tr:chaotic_plan_tokens_description_wh3_dlc29_any_red_basic_guard_3}}	false
chaotic_plan_tokens_special_description_wh3_dlc29_any_red_deserters	{{tr:ui_text_replacements_localised_text_wh3_dlc29_complication_event_log_start}} [[col:red]]{{tr:chaotic_plan_tokens_name_wh3_dlc29_any_red_deserters}}[[/col]]\\n{{tr:chaotic_plan_tokens_description_wh3_dlc29_any_red_deserters}}	false
chaotic_plan_tokens_special_description_wh3_dlc29_any_red_embezzlement	{{tr:ui_text_replacements_localised_text_wh3_dlc29_coincidence_event_log_start}} [[col:subtitle_azazel]]{{tr:chaotic_plan_tokens_name_wh3_dlc29_purple_lucky_draw}}[[/col]]\\n{{tr:chaotic_plan_tokens_description_wh3_dlc29_purple_lucky_draw}}	false
chaotic_plan_tokens_special_description_wh3_dlc29_any_red_eshin_alarm_1	{{tr:ui_text_replacements_localised_text_wh3_dlc29_complication_event_log_start}} [[col:red]]{{tr:chaotic_plan_tokens_name_wh3_dlc29_any_red_eshin_alarm_1}}[[/col]]\\n{{tr:chaotic_plan_tokens_description_wh3_dlc29_any_red_eshin_alarm_1}}	false
chaotic_plan_tokens_special_description_wh3_dlc29_any_red_eshin_alarm_payoff_1		false
chaotic_plan_tokens_special_description_wh3_dlc29_any_red_eshin_alarm_payoff_1_generated	{{tr:ui_text_replacements_localised_text_wh3_dlc29_manipulation_event_log_start}}  [[col:yellow]]{{tr:chaotic_plan_tokens_name_wh3_dlc29_any_red_eshin_alarm_payoff_1_generated}}[[/col]]\\n{{tr:chaotic_plan_tokens_description_wh3_dlc29_any_red_eshin_alarm_payoff_1_generated}}	false
chaotic_plan_tokens_special_description_wh3_dlc29_any_red_mors_alarm_1	{{tr:ui_text_replacements_localised_text_wh3_dlc29_complication_event_log_start}} [[col:red]]{{tr:chaotic_plan_tokens_name_wh3_dlc29_any_red_mors_alarm_1}}[[/col]]\\n{{tr:chaotic_plan_tokens_description_wh3_dlc29_any_red_mors_alarm_1}}	false
chaotic_plan_tokens_special_description_wh3_dlc29_any_red_mors_alarm_payoff_1		false
chaotic_plan_tokens_special_description_wh3_dlc29_any_red_mors_alarm_payoff_1_generated	{{tr:ui_text_replacements_localised_text_wh3_dlc29_manipulation_event_log_start}}  [[col:yellow]]{{tr:chaotic_plan_tokens_name_wh3_dlc29_any_red_mors_alarm_payoff_1_generated}}[[/col]]\\n{{tr:chaotic_plan_tokens_description_wh3_dlc29_any_red_mors_alarm_payoff_1_generated}}	false
chaotic_plan_tokens_special_description_wh3_dlc29_any_red_moulder_alarm_1	{{tr:ui_text_replacements_localised_text_wh3_dlc29_complication_event_log_start}} [[col:red]]{{tr:chaotic_plan_tokens_name_wh3_dlc29_any_red_moulder_alarm_1}}[[/col]]\\n{{tr:chaotic_plan_tokens_description_wh3_dlc29_any_red_moulder_alarm_1}}	false
chaotic_plan_tokens_special_description_wh3_dlc29_any_red_moulder_alarm_payoff_1		false
chaotic_plan_tokens_special_description_wh3_dlc29_any_red_moulder_alarm_payoff_1_generated	{{tr:ui_text_replacements_localised_text_wh3_dlc29_manipulation_event_log_start}}  [[col:yellow]]{{tr:chaotic_plan_tokens_name_wh3_dlc29_any_red_moulder_alarm_payoff_1_generated}}[[/col]]\\n{{tr:chaotic_plan_tokens_description_wh3_dlc29_any_red_moulder_alarm_payoff_1_generated}}	false
chaotic_plan_tokens_special_description_wh3_dlc29_any_red_pestilens_alarm_1	{{tr:ui_text_replacements_localised_text_wh3_dlc29_complication_event_log_start}} [[col:red]]{{tr:chaotic_plan_tokens_name_wh3_dlc29_any_red_pestilens_alarm_1}}[[/col]]\\n{{tr:chaotic_plan_tokens_description_wh3_dlc29_any_red_pestilens_alarm_1}}	false
chaotic_plan_tokens_special_description_wh3_dlc29_any_red_pestilens_alarm_payoff_1		false
chaotic_plan_tokens_special_description_wh3_dlc29_any_red_pestilens_alarm_payoff_1_generated	{{tr:ui_text_replacements_localised_text_wh3_dlc29_manipulation_event_log_start}}  [[col:yellow]]{{tr:chaotic_plan_tokens_name_wh3_dlc29_any_red_pestilens_alarm_payoff_1_generated}}[[/col]]\\n{{tr:chaotic_plan_tokens_description_wh3_dlc29_any_red_pestilens_alarm_payoff_1_generated}}	false
chaotic_plan_tokens_special_description_wh3_dlc29_any_red_plague_1	{{tr:ui_text_replacements_localised_text_wh3_dlc29_complication_event_log_start}} [[col:red]]{{tr:chaotic_plan_tokens_name_wh3_dlc29_any_red_plague_1}}[[/col]]\\n{{tr:chaotic_plan_tokens_description_wh3_dlc29_any_red_plague_1}}	false
chaotic_plan_tokens_special_description_wh3_dlc29_any_red_plague_2	{{tr:ui_text_replacements_localised_text_wh3_dlc29_complication_event_log_start}} [[col:red]]{{tr:chaotic_plan_tokens_name_wh3_dlc29_any_red_plague_2}}[[/col]]\\n{{tr:chaotic_plan_tokens_description_wh3_dlc29_any_red_plague_2}}	false
chaotic_plan_tokens_special_description_wh3_dlc29_any_red_plague_3	{{tr:ui_text_replacements_localised_text_wh3_dlc29_complication_event_log_start}} [[col:red]]{{tr:chaotic_plan_tokens_name_wh3_dlc29_any_red_plague_3}}[[/col]]\\n{{tr:chaotic_plan_tokens_description_wh3_dlc29_any_red_plague_3}}	false
chaotic_plan_tokens_special_description_wh3_dlc29_any_red_plague_elite_1	{{tr:ui_text_replacements_localised_text_wh3_dlc29_complication_event_log_start}} [[col:red]]{{tr:chaotic_plan_tokens_name_wh3_dlc29_any_red_plague_elite_1}}[[/col]]\\n{{tr:chaotic_plan_tokens_description_wh3_dlc29_any_red_plague_elite_1}}	false
chaotic_plan_tokens_special_description_wh3_dlc29_any_red_plague_elite_2	{{tr:ui_text_replacements_localised_text_wh3_dlc29_complication_event_log_start}} [[col:red]]{{tr:chaotic_plan_tokens_name_wh3_dlc29_any_red_plague_elite_2}}[[/col]]\\n{{tr:chaotic_plan_tokens_description_wh3_dlc29_any_red_plague_elite_2}}	false
chaotic_plan_tokens_special_description_wh3_dlc29_any_red_plague_elite_3	{{tr:ui_text_replacements_localised_text_wh3_dlc29_complication_event_log_start}} [[col:red]]{{tr:chaotic_plan_tokens_name_wh3_dlc29_any_red_plague_elite_3}}[[/col]]\\n{{tr:chaotic_plan_tokens_description_wh3_dlc29_any_red_plague_elite_3}}	false
chaotic_plan_tokens_special_description_wh3_dlc29_any_red_rictus_alarm_1	{{tr:ui_text_replacements_localised_text_wh3_dlc29_complication_event_log_start}} [[col:red]]{{tr:chaotic_plan_tokens_name_wh3_dlc29_any_red_rictus_alarm_1}}[[/col]]\\n{{tr:chaotic_plan_tokens_description_wh3_dlc29_any_red_rictus_alarm_1}}	false
chaotic_plan_tokens_special_description_wh3_dlc29_any_red_rictus_alarm_payoff_1		false
chaotic_plan_tokens_special_description_wh3_dlc29_any_red_rictus_alarm_payoff_1_generated	{{tr:ui_text_replacements_localised_text_wh3_dlc29_manipulation_event_log_start}}  [[col:yellow]]{{tr:chaotic_plan_tokens_name_wh3_dlc29_any_red_rictus_alarm_payoff_1_generated}}[[/col]]\\n{{tr:chaotic_plan_tokens_description_wh3_dlc29_any_red_rictus_alarm_payoff_1_generated}}	false
chaotic_plan_tokens_special_description_wh3_dlc29_any_red_rival_grey_seer_alarm_1	{{tr:ui_text_replacements_localised_text_wh3_dlc29_complication_event_log_start}} [[col:red]]{{tr:chaotic_plan_tokens_name_wh3_dlc29_any_red_rival_grey_seer_alarm_1}}[[/col]]\\n{{tr:chaotic_plan_tokens_description_wh3_dlc29_any_red_rival_grey_seer_alarm_1}}	false
chaotic_plan_tokens_special_description_wh3_dlc29_any_red_rival_grey_seer_alarm_payoff_1		false
chaotic_plan_tokens_special_description_wh3_dlc29_any_red_rival_grey_seer_alarm_payoff_1_generated	{{tr:ui_text_replacements_localised_text_wh3_dlc29_manipulation_event_log_start}}  [[col:yellow]]{{tr:chaotic_plan_tokens_name_wh3_dlc29_any_red_rival_grey_seer_alarm_payoff_1_generated}}[[/col]]\\n{{tr:chaotic_plan_tokens_description_wh3_dlc29_any_red_rival_grey_seer_alarm_payoff_1_generated}}	false
chaotic_plan_tokens_special_description_wh3_dlc29_any_red_skryre_alarm_1	{{tr:ui_text_replacements_localised_text_wh3_dlc29_complication_event_log_start}} [[col:red]]{{tr:chaotic_plan_tokens_name_wh3_dlc29_any_red_skryre_alarm_1}}[[/col]]\\n{{tr:chaotic_plan_tokens_description_wh3_dlc29_any_red_skryre_alarm_1}}	false
chaotic_plan_tokens_special_description_wh3_dlc29_any_red_skryre_alarm_payoff_1		false
chaotic_plan_tokens_special_description_wh3_dlc29_any_red_skryre_alarm_payoff_1_generated	{{tr:ui_text_replacements_localised_text_wh3_dlc29_manipulation_event_log_start}}  [[col:yellow]]{{tr:chaotic_plan_tokens_name_wh3_dlc29_any_red_skryre_alarm_payoff_1_generated}}[[/col]]\\n{{tr:chaotic_plan_tokens_description_wh3_dlc29_any_red_skryre_alarm_payoff_1_generated}}	false
chaotic_plan_tokens_special_description_wh3_dlc29_any_red_warlock_alarm_1	{{tr:ui_text_replacements_localised_text_wh3_dlc29_complication_event_log_start}} [[col:red]]{{tr:chaotic_plan_tokens_name_wh3_dlc29_any_red_warlock_alarm_1}}[[/col]]\\n{{tr:chaotic_plan_tokens_description_wh3_dlc29_any_red_warlock_alarm_1}}	false
chaotic_plan_tokens_special_description_wh3_dlc29_any_red_warlock_alarm_2	{{tr:ui_text_replacements_localised_text_wh3_dlc29_complication_event_log_start}} [[col:red]]{{tr:chaotic_plan_tokens_name_wh3_dlc29_any_red_warlock_alarm_2}}[[/col]]\\n{{tr:chaotic_plan_tokens_description_wh3_dlc29_any_red_warlock_alarm_2}}	false
chaotic_plan_tokens_special_description_wh3_dlc29_any_red_warlock_economic_alarm_1	{{tr:ui_text_replacements_localised_text_wh3_dlc29_complication_event_log_start}} [[col:red]]{{tr:chaotic_plan_tokens_name_wh3_dlc29_any_red_warlock_economic_alarm_1}}[[/col]]\\n{{tr:chaotic_plan_tokens_description_wh3_dlc29_any_red_warlock_economic_alarm_1}}	false
chaotic_plan_tokens_special_description_wh3_dlc29_any_red_warlock_military_alarm_1	{{tr:ui_text_replacements_localised_text_wh3_dlc29_complication_event_log_start}} [[col:red]]{{tr:chaotic_plan_tokens_name_wh3_dlc29_any_red_warlock_military_alarm_1}}[[/col]]\\n{{tr:chaotic_plan_tokens_description_wh3_dlc29_any_red_warlock_military_alarm_1}}	false
chaotic_plan_tokens_special_description_wh3_dlc29_any_red_warlock_risk_1	{{tr:ui_text_replacements_localised_text_wh3_dlc29_complication_event_log_start}} [[col:red]]{{tr:chaotic_plan_tokens_name_wh3_dlc29_any_red_warlock_risk_1}}[[/col]]\\n{{tr:chaotic_plan_tokens_description_wh3_dlc29_any_red_warlock_risk_1}}	false
chaotic_plan_tokens_special_description_wh3_dlc29_any_tactic_reduce_risk_1		false
chaotic_plan_tokens_special_description_wh3_dlc29_any_tactic_reduce_risk_1_generated	{{tr:ui_text_replacements_localised_text_wh3_dlc29_manipulation_event_log_start}}  [[col:yellow]]{{tr:chaotic_plan_tokens_name_wh3_dlc29_any_tactic_reduce_risk_1_generated}}[[/col]]\\n{{tr:chaotic_plan_tokens_description_wh3_dlc29_any_tactic_reduce_risk_1_generated}}	false
chaotic_plan_tokens_special_description_wh3_dlc29_any_tactic_reduce_risk_2		false
chaotic_plan_tokens_special_description_wh3_dlc29_any_tactic_reduce_risk_2_generated	{{tr:ui_text_replacements_localised_text_wh3_dlc29_manipulation_event_log_start}}  [[col:yellow]]{{tr:chaotic_plan_tokens_name_wh3_dlc29_any_tactic_reduce_risk_2_generated}}[[/col]]\\n{{tr:chaotic_plan_tokens_description_wh3_dlc29_any_tactic_reduce_risk_2_generated}}	false
chaotic_plan_tokens_special_description_wh3_dlc29_any_tactic_reduce_risk_3		false
chaotic_plan_tokens_special_description_wh3_dlc29_any_tactic_reduce_risk_3_generated	{{tr:ui_text_replacements_localised_text_wh3_dlc29_manipulation_event_log_start}}  [[col:yellow]]{{tr:chaotic_plan_tokens_name_wh3_dlc29_any_tactic_reduce_risk_3_generated}}[[/col]]\\n{{tr:chaotic_plan_tokens_description_wh3_dlc29_any_tactic_reduce_risk_3_generated}}	false
chaotic_plan_tokens_special_description_wh3_dlc29_any_yellow_grey_seer_winds	{{tr:ui_text_replacements_localised_text_wh3_dlc29_manipulation_event_log_start}}  [[col:yellow]]{{tr:chaotic_plan_tokens_name_wh3_dlc29_any_yellow_grey_seer_winds}}[[/col]]\\n{{tr:chaotic_plan_tokens_description_wh3_dlc29_any_yellow_grey_seer_winds}}	false
chaotic_plan_tokens_special_description_wh3_dlc29_any_yellow_warlock_experience_1	{{tr:ui_text_replacements_localised_text_wh3_dlc29_manipulation_event_log_start}}  [[col:yellow]]{{tr:chaotic_plan_tokens_name_wh3_dlc29_any_yellow_warlock_experience_1}}[[/col]]\\n{{tr:chaotic_plan_tokens_description_wh3_dlc29_any_yellow_warlock_experience_1}}	false
chaotic_plan_tokens_special_description_wh3_dlc29_dummy_rank_up_artillery_1		false
chaotic_plan_tokens_special_description_wh3_dlc29_dummy_rank_up_artillery_2		false
chaotic_plan_tokens_special_description_wh3_dlc29_dummy_rank_up_artillery_3		false
chaotic_plan_tokens_special_description_wh3_dlc29_dummy_rank_up_melee_infantry_1		false
chaotic_plan_tokens_special_description_wh3_dlc29_dummy_rank_up_melee_infantry_2		false
chaotic_plan_tokens_special_description_wh3_dlc29_dummy_rank_up_melee_infantry_3		false
chaotic_plan_tokens_special_description_wh3_dlc29_dummy_rank_up_missile_infantry_1		false
chaotic_plan_tokens_special_description_wh3_dlc29_dummy_rank_up_missile_infantry_2		false
chaotic_plan_tokens_special_description_wh3_dlc29_dummy_rank_up_missile_infantry_3		false
chaotic_plan_tokens_special_description_wh3_dlc29_dummy_rank_up_monsters_1		false
chaotic_plan_tokens_special_description_wh3_dlc29_dummy_rank_up_monsters_2		false
chaotic_plan_tokens_special_description_wh3_dlc29_dummy_rank_up_monsters_3		false
chaotic_plan_tokens_special_description_wh3_dlc29_dummy_rank_up_weapon_teams_1		false
chaotic_plan_tokens_special_description_wh3_dlc29_dummy_rank_up_weapon_teams_2		false
chaotic_plan_tokens_special_description_wh3_dlc29_dummy_rank_up_weapon_teams_3		false
chaotic_plan_tokens_special_description_wh3_dlc29_economic_action_draw_warlock		false
chaotic_plan_tokens_special_description_wh3_dlc29_economic_action_instant_warpstone_1		false
chaotic_plan_tokens_special_description_wh3_dlc29_economic_action_instant_warpstone_2		false
chaotic_plan_tokens_special_description_wh3_dlc29_economic_action_instant_warpstone_3		false
chaotic_plan_tokens_special_description_wh3_dlc29_economic_green_basic_food_mid_1		false
chaotic_plan_tokens_special_description_wh3_dlc29_economic_green_basic_food_mid_2		false
chaotic_plan_tokens_special_description_wh3_dlc29_economic_green_basic_food_mid_3		false
chaotic_plan_tokens_special_description_wh3_dlc29_economic_green_basic_food_small_1		false
chaotic_plan_tokens_special_description_wh3_dlc29_economic_green_basic_food_small_2		false
chaotic_plan_tokens_special_description_wh3_dlc29_economic_green_basic_food_small_3		false
chaotic_plan_tokens_special_description_wh3_dlc29_economic_green_basic_treasury_gdp_large_1		false
chaotic_plan_tokens_special_description_wh3_dlc29_economic_green_basic_treasury_gdp_large_2		false
chaotic_plan_tokens_special_description_wh3_dlc29_economic_green_basic_treasury_gdp_large_3		false
chaotic_plan_tokens_special_description_wh3_dlc29_economic_green_basic_treasury_gdp_large_4		false
chaotic_plan_tokens_special_description_wh3_dlc29_economic_green_basic_treasury_gdp_large_5		false
chaotic_plan_tokens_special_description_wh3_dlc29_economic_green_basic_treasury_gdp_small_1		false
chaotic_plan_tokens_special_description_wh3_dlc29_economic_green_basic_treasury_gdp_small_2		false
chaotic_plan_tokens_special_description_wh3_dlc29_economic_green_basic_treasury_gdp_small_3		false
chaotic_plan_tokens_special_description_wh3_dlc29_economic_green_basic_treasury_gdp_small_4		false
chaotic_plan_tokens_special_description_wh3_dlc29_economic_green_basic_treasury_gdp_small_5		false
chaotic_plan_tokens_special_description_wh3_dlc29_economic_green_basic_treasury_large_1		false
chaotic_plan_tokens_special_description_wh3_dlc29_economic_green_basic_treasury_large_2		false
chaotic_plan_tokens_special_description_wh3_dlc29_economic_green_basic_treasury_large_3		false
chaotic_plan_tokens_special_description_wh3_dlc29_economic_green_basic_treasury_large_4		false
chaotic_plan_tokens_special_description_wh3_dlc29_economic_green_basic_treasury_large_5		false
chaotic_plan_tokens_special_description_wh3_dlc29_economic_green_basic_treasury_mid_1		false
chaotic_plan_tokens_special_description_wh3_dlc29_economic_green_basic_treasury_mid_2		false
chaotic_plan_tokens_special_description_wh3_dlc29_economic_green_basic_treasury_mid_3		false
chaotic_plan_tokens_special_description_wh3_dlc29_economic_green_basic_treasury_small_1		false
chaotic_plan_tokens_special_description_wh3_dlc29_economic_green_basic_treasury_small_2		false
chaotic_plan_tokens_special_description_wh3_dlc29_economic_green_basic_treasury_small_3		false
chaotic_plan_tokens_special_description_wh3_dlc29_economic_green_basic_treasury_very_large_1		false
chaotic_plan_tokens_special_description_wh3_dlc29_economic_green_basic_treasury_very_large_2		false
chaotic_plan_tokens_special_description_wh3_dlc29_economic_green_basic_treasury_very_large_3		false
chaotic_plan_tokens_special_description_wh3_dlc29_economic_green_basic_warpstone_gdp_large_1		false
chaotic_plan_tokens_special_description_wh3_dlc29_economic_green_basic_warpstone_gdp_large_2		false
chaotic_plan_tokens_special_description_wh3_dlc29_economic_green_basic_warpstone_gdp_large_3		false
chaotic_plan_tokens_special_description_wh3_dlc29_economic_green_basic_warpstone_gdp_large_4		false
chaotic_plan_tokens_special_description_wh3_dlc29_economic_green_basic_warpstone_gdp_large_5		false
chaotic_plan_tokens_special_description_wh3_dlc29_economic_green_basic_warpstone_gdp_small_1		false
chaotic_plan_tokens_special_description_wh3_dlc29_economic_green_basic_warpstone_gdp_small_2		false
chaotic_plan_tokens_special_description_wh3_dlc29_economic_green_basic_warpstone_gdp_small_3		false
chaotic_plan_tokens_special_description_wh3_dlc29_economic_green_basic_warpstone_gdp_small_4		false
chaotic_plan_tokens_special_description_wh3_dlc29_economic_green_basic_warpstone_gdp_small_5		false
chaotic_plan_tokens_special_description_wh3_dlc29_economic_green_basic_warpstone_large_1		false
chaotic_plan_tokens_special_description_wh3_dlc29_economic_green_basic_warpstone_large_2		false
chaotic_plan_tokens_special_description_wh3_dlc29_economic_green_basic_warpstone_large_3		false
chaotic_plan_tokens_special_description_wh3_dlc29_economic_green_basic_warpstone_large_4		false
chaotic_plan_tokens_special_description_wh3_dlc29_economic_green_basic_warpstone_large_5		false
chaotic_plan_tokens_special_description_wh3_dlc29_economic_green_basic_warpstone_mid_1		false
chaotic_plan_tokens_special_description_wh3_dlc29_economic_green_basic_warpstone_mid_2		false
chaotic_plan_tokens_special_description_wh3_dlc29_economic_green_basic_warpstone_mid_3		false
chaotic_plan_tokens_special_description_wh3_dlc29_economic_green_basic_warpstone_small_1		false
chaotic_plan_tokens_special_description_wh3_dlc29_economic_green_basic_warpstone_small_2		false
chaotic_plan_tokens_special_description_wh3_dlc29_economic_green_basic_warpstone_small_3		false
chaotic_plan_tokens_special_description_wh3_dlc29_economic_green_basic_warpstone_very_large_1		false
chaotic_plan_tokens_special_description_wh3_dlc29_economic_green_basic_warpstone_very_large_2		false
chaotic_plan_tokens_special_description_wh3_dlc29_economic_green_basic_warpstone_very_large_3		false
chaotic_plan_tokens_special_description_wh3_dlc29_economic_green_eshin_all_1		false
chaotic_plan_tokens_special_description_wh3_dlc29_economic_green_eshin_all_2		false
chaotic_plan_tokens_special_description_wh3_dlc29_economic_green_eshin_all_3		false
chaotic_plan_tokens_special_description_wh3_dlc29_economic_green_grey_seer_treasury_large_1		false
chaotic_plan_tokens_special_description_wh3_dlc29_economic_green_grey_seer_treasury_large_2		false
chaotic_plan_tokens_special_description_wh3_dlc29_economic_green_grey_seer_treasury_large_3		false
chaotic_plan_tokens_special_description_wh3_dlc29_economic_green_rictus_warpstone_1		false
chaotic_plan_tokens_special_description_wh3_dlc29_economic_green_rictus_warpstone_2		false
chaotic_plan_tokens_special_description_wh3_dlc29_economic_green_rictus_warpstone_3		false
chaotic_plan_tokens_special_description_wh3_dlc29_economic_green_skill_food_huge		false
chaotic_plan_tokens_special_description_wh3_dlc29_economic_green_skill_treasury_huge		false
chaotic_plan_tokens_special_description_wh3_dlc29_economic_green_skill_warpstone_huge		false
chaotic_plan_tokens_special_description_wh3_dlc29_economic_green_skryre_treasury_1		false
chaotic_plan_tokens_special_description_wh3_dlc29_economic_green_skryre_treasury_2		false
chaotic_plan_tokens_special_description_wh3_dlc29_economic_green_skryre_treasury_3		false
chaotic_plan_tokens_special_description_wh3_dlc29_economic_green_skryre_warpstone_1		false
chaotic_plan_tokens_special_description_wh3_dlc29_economic_green_skryre_warpstone_2		false
chaotic_plan_tokens_special_description_wh3_dlc29_economic_green_skryre_warpstone_3		false
chaotic_plan_tokens_special_description_wh3_dlc29_economic_mod_pool_eshin_all_1		false
chaotic_plan_tokens_special_description_wh3_dlc29_economic_mod_pool_grey_seer_treasury_large_1		false
chaotic_plan_tokens_special_description_wh3_dlc29_economic_mod_pool_rictus_warpstone_1		false
chaotic_plan_tokens_special_description_wh3_dlc29_economic_mod_pool_skryre_treasury_1		false
chaotic_plan_tokens_special_description_wh3_dlc29_economic_mod_pool_skryre_warpstone_1		false
chaotic_plan_tokens_special_description_wh3_dlc29_economic_red_have_warpstone_lose_food	{{tr:ui_text_replacements_localised_text_wh3_dlc29_complication_event_log_start}} [[col:red]]{{tr:chaotic_plan_tokens_name_wh3_dlc29_economic_red_have_warpstone_lose_food}}[[/col]]\\n{{tr:chaotic_plan_tokens_description_wh3_dlc29_economic_red_have_warpstone_lose_food}}	false
chaotic_plan_tokens_special_description_wh3_dlc29_economic_upgrade_basic_treasury_gdp_2		false
chaotic_plan_tokens_special_description_wh3_dlc29_economic_upgrade_basic_treasury_gdp_3		false
chaotic_plan_tokens_special_description_wh3_dlc29_economic_upgrade_basic_treasury_gdp_4		false
chaotic_plan_tokens_special_description_wh3_dlc29_economic_upgrade_basic_treasury_gdp_5		false
chaotic_plan_tokens_special_description_wh3_dlc29_economic_upgrade_basic_warpstone_gdp_2		false
chaotic_plan_tokens_special_description_wh3_dlc29_economic_upgrade_basic_warpstone_gdp_3		false
chaotic_plan_tokens_special_description_wh3_dlc29_economic_upgrade_basic_warpstone_gdp_4		false
chaotic_plan_tokens_special_description_wh3_dlc29_economic_upgrade_basic_warpstone_gdp_5		false
chaotic_plan_tokens_special_description_wh3_dlc29_economic_upgrade_eshin_all_2		false
chaotic_plan_tokens_special_description_wh3_dlc29_economic_upgrade_eshin_all_3		false
chaotic_plan_tokens_special_description_wh3_dlc29_economic_upgrade_grey_seer_treasury_large_2		false
chaotic_plan_tokens_special_description_wh3_dlc29_economic_upgrade_grey_seer_treasury_large_3		false
chaotic_plan_tokens_special_description_wh3_dlc29_economic_upgrade_rictus_warpstone_2		false
chaotic_plan_tokens_special_description_wh3_dlc29_economic_upgrade_rictus_warpstone_3		false
chaotic_plan_tokens_special_description_wh3_dlc29_economic_upgrade_skryre_treasury_2		false
chaotic_plan_tokens_special_description_wh3_dlc29_economic_upgrade_skryre_treasury_3		false
chaotic_plan_tokens_special_description_wh3_dlc29_economic_upgrade_skryre_warpstone_2		false
chaotic_plan_tokens_special_description_wh3_dlc29_economic_upgrade_skryre_warpstone_3		false
chaotic_plan_tokens_special_description_wh3_dlc29_economy_action_assassin_draw		false
chaotic_plan_tokens_special_description_wh3_dlc29_economy_action_select_resource		false
chaotic_plan_tokens_special_description_wh3_dlc29_economy_mod_pool_basic_food_mid_1		false
chaotic_plan_tokens_special_description_wh3_dlc29_economy_mod_pool_basic_food_small_1		false
chaotic_plan_tokens_special_description_wh3_dlc29_economy_mod_pool_basic_treasury_mid_1		false
chaotic_plan_tokens_special_description_wh3_dlc29_economy_mod_pool_basic_treasury_mid_2		false
chaotic_plan_tokens_special_description_wh3_dlc29_economy_mod_pool_basic_treasury_mid_3		false
chaotic_plan_tokens_special_description_wh3_dlc29_economy_mod_pool_basic_treasury_very_large_1		false
chaotic_plan_tokens_special_description_wh3_dlc29_economy_mod_pool_basic_treasury_very_large_2		false
chaotic_plan_tokens_special_description_wh3_dlc29_economy_mod_pool_basic_treasury_very_large_3		false
chaotic_plan_tokens_special_description_wh3_dlc29_economy_mod_pool_basic_warpstone_mid_1		false
chaotic_plan_tokens_special_description_wh3_dlc29_economy_mod_pool_basic_warpstone_mid_2		false
chaotic_plan_tokens_special_description_wh3_dlc29_economy_mod_pool_basic_warpstone_mid_3		false
chaotic_plan_tokens_special_description_wh3_dlc29_economy_mod_pool_basic_warpstone_very_large_1		false
chaotic_plan_tokens_special_description_wh3_dlc29_economy_mod_pool_basic_warpstone_very_large_2		false
chaotic_plan_tokens_special_description_wh3_dlc29_economy_mod_pool_basic_warpstone_very_large_3		false
chaotic_plan_tokens_special_description_wh3_dlc29_economy_red_alarm_food_1	{{tr:ui_text_replacements_localised_text_wh3_dlc29_complication_event_log_start}} [[col:red]]{{tr:chaotic_plan_tokens_name_wh3_dlc29_economy_red_alarm_food_1}}[[/col]]\\n{{tr:chaotic_plan_tokens_description_wh3_dlc29_economy_red_alarm_food_1}}	false
chaotic_plan_tokens_special_description_wh3_dlc29_economy_red_alarm_food_2	{{tr:ui_text_replacements_localised_text_wh3_dlc29_complication_event_log_start}} [[col:red]]{{tr:chaotic_plan_tokens_name_wh3_dlc29_economy_red_alarm_food_2}}[[/col]]\\n{{tr:chaotic_plan_tokens_description_wh3_dlc29_economy_red_alarm_food_2}}	false
chaotic_plan_tokens_special_description_wh3_dlc29_economy_red_alarm_food_3	{{tr:ui_text_replacements_localised_text_wh3_dlc29_complication_event_log_start}} [[col:red]]{{tr:chaotic_plan_tokens_name_wh3_dlc29_economy_red_alarm_food_3}}[[/col]]\\n{{tr:chaotic_plan_tokens_description_wh3_dlc29_economy_red_alarm_food_3}}	false
chaotic_plan_tokens_special_description_wh3_dlc29_economy_red_alarm_treasury_1	{{tr:ui_text_replacements_localised_text_wh3_dlc29_complication_event_log_start}} [[col:red]]{{tr:chaotic_plan_tokens_name_wh3_dlc29_economy_red_alarm_treasury_1}}[[/col]]\\n{{tr:chaotic_plan_tokens_description_wh3_dlc29_economy_red_alarm_treasury_1}}	false
chaotic_plan_tokens_special_description_wh3_dlc29_economy_red_alarm_treasury_2	{{tr:ui_text_replacements_localised_text_wh3_dlc29_complication_event_log_start}} [[col:red]]{{tr:chaotic_plan_tokens_name_wh3_dlc29_economy_red_alarm_treasury_2}}[[/col]]\\n{{tr:chaotic_plan_tokens_description_wh3_dlc29_economy_red_alarm_treasury_2}}	false
chaotic_plan_tokens_special_description_wh3_dlc29_economy_red_alarm_treasury_3	{{tr:ui_text_replacements_localised_text_wh3_dlc29_complication_event_log_start}} [[col:red]]{{tr:chaotic_plan_tokens_name_wh3_dlc29_economy_red_alarm_treasury_3}}[[/col]]\\n{{tr:chaotic_plan_tokens_description_wh3_dlc29_economy_red_alarm_treasury_3}}	false
chaotic_plan_tokens_special_description_wh3_dlc29_economy_red_alarm_warpstone_1	{{tr:ui_text_replacements_localised_text_wh3_dlc29_complication_event_log_start}} [[col:red]]{{tr:chaotic_plan_tokens_name_wh3_dlc29_economy_red_alarm_warpstone_1}}[[/col]]\\n{{tr:chaotic_plan_tokens_description_wh3_dlc29_economy_red_alarm_warpstone_1}}	false
chaotic_plan_tokens_special_description_wh3_dlc29_economy_red_alarm_warpstone_2	{{tr:ui_text_replacements_localised_text_wh3_dlc29_complication_event_log_start}} [[col:red]]{{tr:chaotic_plan_tokens_name_wh3_dlc29_economy_red_alarm_warpstone_2}}[[/col]]\\n{{tr:chaotic_plan_tokens_description_wh3_dlc29_economy_red_alarm_warpstone_2}}	false
chaotic_plan_tokens_special_description_wh3_dlc29_economy_red_alarm_warpstone_3	{{tr:ui_text_replacements_localised_text_wh3_dlc29_complication_event_log_start}} [[col:red]]{{tr:chaotic_plan_tokens_name_wh3_dlc29_economy_red_alarm_warpstone_3}}[[/col]]\\n{{tr:chaotic_plan_tokens_description_wh3_dlc29_economy_red_alarm_warpstone_3}}	false
chaotic_plan_tokens_special_description_wh3_dlc29_economy_upgrade_basic_food_mid_2		false
chaotic_plan_tokens_special_description_wh3_dlc29_economy_upgrade_basic_food_mid_3		false
chaotic_plan_tokens_special_description_wh3_dlc29_economy_upgrade_basic_food_small_2		false
chaotic_plan_tokens_special_description_wh3_dlc29_economy_upgrade_basic_food_small_3		false
chaotic_plan_tokens_special_description_wh3_dlc29_economy_yellow_select_resource_speed	{{tr:ui_text_replacements_localised_text_wh3_dlc29_manipulation_event_log_start}}  [[col:yellow]]{{tr:chaotic_plan_tokens_name_wh3_dlc29_economy_yellow_select_resource_speed}}[[/col]]\\n{{tr:chaotic_plan_tokens_description_wh3_dlc29_economy_yellow_select_resource_speed}}	false
chaotic_plan_tokens_special_description_wh3_dlc29_economy_yellow_select_resource_treasury	{{tr:ui_text_replacements_localised_text_wh3_dlc29_manipulation_event_log_start}}  [[col:yellow]]{{tr:chaotic_plan_tokens_name_wh3_dlc29_economy_yellow_select_resource_treasury}}[[/col]]\\n{{tr:chaotic_plan_tokens_description_wh3_dlc29_economy_yellow_select_resource_treasury}}	false
chaotic_plan_tokens_special_description_wh3_dlc29_economy_yellow_select_resource_warpstone	{{tr:ui_text_replacements_localised_text_wh3_dlc29_manipulation_event_log_start}}  [[col:yellow]]{{tr:chaotic_plan_tokens_name_wh3_dlc29_economy_yellow_select_resource_warpstone}}[[/col]]\\n{{tr:chaotic_plan_tokens_description_wh3_dlc29_economy_yellow_select_resource_warpstone}}	false
chaotic_plan_tokens_special_description_wh3_dlc29_green_economic_dangerous_treasury_generated		false
chaotic_plan_tokens_special_description_wh3_dlc29_green_economic_dangerous_warpstone_generated		false
chaotic_plan_tokens_special_description_wh3_dlc29_green_military_lab_1_generated		false
chaotic_plan_tokens_special_description_wh3_dlc29_green_military_lab_2_generated		false
chaotic_plan_tokens_special_description_wh3_dlc29_green_military_lab_3_generated		false
chaotic_plan_tokens_special_description_wh3_dlc29_green_military_mercenaries_1_generated		false
chaotic_plan_tokens_special_description_wh3_dlc29_green_military_mercenaries_2_generated		false
chaotic_plan_tokens_special_description_wh3_dlc29_green_military_mercenaries_3_generated		false
chaotic_plan_tokens_special_description_wh3_dlc29_green_military_reinforcements_generated		false
chaotic_plan_tokens_special_description_wh3_dlc29_green_military_warp_doom_magma_cannon		false
chaotic_plan_tokens_special_description_wh3_dlc29_magic_create_undercity_1		false
chaotic_plan_tokens_special_description_wh3_dlc29_magic_create_undercity_filler_token_assassins		false
chaotic_plan_tokens_special_description_wh3_dlc29_magic_create_undercity_filler_token_crafting		false
chaotic_plan_tokens_special_description_wh3_dlc29_magic_create_undercity_filler_token_kidnappers		false
chaotic_plan_tokens_special_description_wh3_dlc29_magic_create_undercity_filler_token_mine		false
chaotic_plan_tokens_special_description_wh3_dlc29_magic_create_undercity_filler_token_refinery		false
chaotic_plan_tokens_special_description_wh3_dlc29_magic_create_undercity_filler_token_strip_mine		false
chaotic_plan_tokens_special_description_wh3_dlc29_magic_create_undercity_filler_token_thieves		false
chaotic_plan_tokens_special_description_wh3_dlc29_magic_create_undercity_filler_token_treasury		false
chaotic_plan_tokens_special_description_wh3_dlc29_magic_create_undercity_piece_a_1		false
chaotic_plan_tokens_special_description_wh3_dlc29_magic_create_undercity_piece_b_1		false
chaotic_plan_tokens_special_description_wh3_dlc29_magic_create_undercity_piece_c_1		false
chaotic_plan_tokens_special_description_wh3_dlc29_magic_create_undercity_piece_d_1		false
chaotic_plan_tokens_special_description_wh3_dlc29_magic_draw_combo_piece		false
chaotic_plan_tokens_special_description_wh3_dlc29_magic_pull_moon_1		false
chaotic_plan_tokens_special_description_wh3_dlc29_magic_pull_moon_filler_token_food		false
chaotic_plan_tokens_special_description_wh3_dlc29_magic_pull_moon_filler_token_recruitment_slots		false
chaotic_plan_tokens_special_description_wh3_dlc29_magic_pull_moon_filler_token_skaven_corruption		false
chaotic_plan_tokens_special_description_wh3_dlc29_magic_pull_moon_filler_token_warpstone		false
chaotic_plan_tokens_special_description_wh3_dlc29_magic_pull_moon_piece_a_1		false
chaotic_plan_tokens_special_description_wh3_dlc29_magic_pull_moon_piece_b_1		false
chaotic_plan_tokens_special_description_wh3_dlc29_magic_pull_moon_piece_c_1		false
chaotic_plan_tokens_special_description_wh3_dlc29_magic_pull_moon_piece_d_1		false
chaotic_plan_tokens_special_description_wh3_dlc29_magic_red_chaos_corruption_1	{{tr:ui_text_replacements_localised_text_wh3_dlc29_complication_event_log_start}} [[col:red]]{{tr:chaotic_plan_tokens_name_wh3_dlc29_magic_red_chaos_corruption_1}}[[/col]]\\n{{tr:chaotic_plan_tokens_description_wh3_dlc29_magic_red_chaos_corruption_1}}	false
chaotic_plan_tokens_special_description_wh3_dlc29_magic_red_chaos_corruption_2	{{tr:ui_text_replacements_localised_text_wh3_dlc29_complication_event_log_start}} [[col:red]]{{tr:chaotic_plan_tokens_name_wh3_dlc29_magic_red_chaos_corruption_2}}[[/col]]\\n{{tr:chaotic_plan_tokens_description_wh3_dlc29_magic_red_chaos_corruption_2}}	false
chaotic_plan_tokens_special_description_wh3_dlc29_magic_red_chaos_corruption_3	{{tr:ui_text_replacements_localised_text_wh3_dlc29_complication_event_log_start}} [[col:red]]{{tr:chaotic_plan_tokens_name_wh3_dlc29_magic_red_chaos_corruption_3}}[[/col]]\\n{{tr:chaotic_plan_tokens_description_wh3_dlc29_magic_red_chaos_corruption_3}}	false
chaotic_plan_tokens_special_description_wh3_dlc29_magic_red_elite_chaos_corruption_1	{{tr:ui_text_replacements_localised_text_wh3_dlc29_complication_event_log_start}} [[col:red]]{{tr:chaotic_plan_tokens_name_wh3_dlc29_magic_red_elite_chaos_corruption_1}}[[/col]]\\n{{tr:chaotic_plan_tokens_description_wh3_dlc29_magic_red_elite_chaos_corruption_1}}	false
chaotic_plan_tokens_special_description_wh3_dlc29_magic_red_elite_khorne_corruption_1	{{tr:ui_text_replacements_localised_text_wh3_dlc29_complication_event_log_start}} [[col:red]]{{tr:chaotic_plan_tokens_name_wh3_dlc29_magic_red_elite_khorne_corruption_1}}[[/col]]\\n{{tr:chaotic_plan_tokens_description_wh3_dlc29_magic_red_elite_khorne_corruption_1}}	false
chaotic_plan_tokens_special_description_wh3_dlc29_magic_red_elite_nurgle_corruption_1	{{tr:ui_text_replacements_localised_text_wh3_dlc29_complication_event_log_start}} [[col:red]]{{tr:chaotic_plan_tokens_name_wh3_dlc29_magic_red_elite_nurgle_corruption_1}}[[/col]]\\n{{tr:chaotic_plan_tokens_description_wh3_dlc29_magic_red_elite_nurgle_corruption_1}}	false
chaotic_plan_tokens_special_description_wh3_dlc29_magic_red_elite_slaanesh_corruption_1	{{tr:ui_text_replacements_localised_text_wh3_dlc29_complication_event_log_start}} [[col:red]]{{tr:chaotic_plan_tokens_name_wh3_dlc29_magic_red_elite_slaanesh_corruption_1}}[[/col]]\\n{{tr:chaotic_plan_tokens_description_wh3_dlc29_magic_red_elite_slaanesh_corruption_1}}	false
chaotic_plan_tokens_special_description_wh3_dlc29_magic_red_elite_tzeentch_corruption_1	{{tr:ui_text_replacements_localised_text_wh3_dlc29_complication_event_log_start}} [[col:red]]{{tr:chaotic_plan_tokens_name_wh3_dlc29_magic_red_elite_tzeentch_corruption_1}}[[/col]]\\n{{tr:chaotic_plan_tokens_description_wh3_dlc29_magic_red_elite_tzeentch_corruption_1}}	false
chaotic_plan_tokens_special_description_wh3_dlc29_magic_red_enemy_verminlord_corruptor_1	{{tr:ui_text_replacements_localised_text_wh3_dlc29_complication_event_log_start}} [[col:red]]{{tr:chaotic_plan_tokens_name_wh3_dlc29_magic_red_enemy_verminlord_corruptor_1}}[[/col]]\\n{{tr:chaotic_plan_tokens_description_wh3_dlc29_magic_red_enemy_verminlord_corruptor_1}}	false
chaotic_plan_tokens_special_description_wh3_dlc29_magic_red_enemy_verminlord_deceiver_1	{{tr:ui_text_replacements_localised_text_wh3_dlc29_complication_event_log_start}} [[col:red]]{{tr:chaotic_plan_tokens_name_wh3_dlc29_magic_red_enemy_verminlord_deceiver_1}}[[/col]]\\n{{tr:chaotic_plan_tokens_description_wh3_dlc29_magic_red_enemy_verminlord_deceiver_1}}	false
chaotic_plan_tokens_special_description_wh3_dlc29_magic_red_enemy_verminlord_warbringer_1	{{tr:ui_text_replacements_localised_text_wh3_dlc29_complication_event_log_start}} [[col:red]]{{tr:chaotic_plan_tokens_name_wh3_dlc29_magic_red_enemy_verminlord_warbringer_1}}[[/col]]\\n{{tr:chaotic_plan_tokens_description_wh3_dlc29_magic_red_enemy_verminlord_warbringer_1}}	false
chaotic_plan_tokens_special_description_wh3_dlc29_magic_red_enemy_verminlord_warpseer_1	{{tr:ui_text_replacements_localised_text_wh3_dlc29_complication_event_log_start}} [[col:red]]{{tr:chaotic_plan_tokens_name_wh3_dlc29_magic_red_enemy_verminlord_warpseer_1}}[[/col]]\\n{{tr:chaotic_plan_tokens_description_wh3_dlc29_magic_red_enemy_verminlord_warpseer_1}}	false
chaotic_plan_tokens_special_description_wh3_dlc29_magic_red_eshin_alarm_1	{{tr:ui_text_replacements_localised_text_wh3_dlc29_complication_event_log_start}} [[col:red]]{{tr:chaotic_plan_tokens_name_wh3_dlc29_magic_red_eshin_alarm_1}}[[/col]]\\n{{tr:chaotic_plan_tokens_description_wh3_dlc29_magic_red_eshin_alarm_1}}	false
chaotic_plan_tokens_special_description_wh3_dlc29_magic_red_khorne_corruption_1	{{tr:ui_text_replacements_localised_text_wh3_dlc29_complication_event_log_start}} [[col:red]]{{tr:chaotic_plan_tokens_name_wh3_dlc29_magic_red_khorne_corruption_1}}[[/col]]\\n{{tr:chaotic_plan_tokens_description_wh3_dlc29_magic_red_khorne_corruption_1}}	false
chaotic_plan_tokens_special_description_wh3_dlc29_magic_red_moulder_alarm_1	{{tr:ui_text_replacements_localised_text_wh3_dlc29_complication_event_log_start}} [[col:red]]{{tr:chaotic_plan_tokens_name_wh3_dlc29_magic_red_moulder_alarm_1}}[[/col]]\\n{{tr:chaotic_plan_tokens_description_wh3_dlc29_magic_red_moulder_alarm_1}}	false
chaotic_plan_tokens_special_description_wh3_dlc29_magic_red_nurgle_corruption_1	{{tr:ui_text_replacements_localised_text_wh3_dlc29_complication_event_log_start}} [[col:red]]{{tr:chaotic_plan_tokens_name_wh3_dlc29_magic_red_nurgle_corruption_1}}[[/col]]\\n{{tr:chaotic_plan_tokens_description_wh3_dlc29_magic_red_nurgle_corruption_1}}	false
chaotic_plan_tokens_special_description_wh3_dlc29_magic_red_rictus_alarm_1	{{tr:ui_text_replacements_localised_text_wh3_dlc29_complication_event_log_start}} [[col:red]]{{tr:chaotic_plan_tokens_name_wh3_dlc29_magic_red_rictus_alarm_1}}[[/col]]\\n{{tr:chaotic_plan_tokens_description_wh3_dlc29_magic_red_rictus_alarm_1}}	false
chaotic_plan_tokens_special_description_wh3_dlc29_magic_red_skryre_alarm_1	{{tr:ui_text_replacements_localised_text_wh3_dlc29_complication_event_log_start}} [[col:red]]{{tr:chaotic_plan_tokens_name_wh3_dlc29_magic_red_skryre_alarm_1}}[[/col]]\\n{{tr:chaotic_plan_tokens_description_wh3_dlc29_magic_red_skryre_alarm_1}}	false
chaotic_plan_tokens_special_description_wh3_dlc29_magic_red_slaanesh_corruption_1	{{tr:ui_text_replacements_localised_text_wh3_dlc29_complication_event_log_start}} [[col:red]]{{tr:chaotic_plan_tokens_name_wh3_dlc29_magic_red_slaanesh_corruption_1}}[[/col]]\\n{{tr:chaotic_plan_tokens_description_wh3_dlc29_magic_red_slaanesh_corruption_1}}	false
chaotic_plan_tokens_special_description_wh3_dlc29_magic_red_tzeentch_corruption_1	{{tr:ui_text_replacements_localised_text_wh3_dlc29_complication_event_log_start}} [[col:red]]{{tr:chaotic_plan_tokens_name_wh3_dlc29_magic_red_tzeentch_corruption_1}}[[/col]]\\n{{tr:chaotic_plan_tokens_description_wh3_dlc29_magic_red_tzeentch_corruption_1}}	false
chaotic_plan_tokens_special_description_wh3_dlc29_magic_res_activated_negative_daemon_khorne	{{tr:ui_text_replacements_localised_text_wh3_dlc29_complication_event_log_start}} [[col:red]]{{tr:chaotic_plan_tokens_name_wh3_dlc29_magic_res_activated_negative_daemon_nurgle}}[[/col]]\\n{{tr:chaotic_plan_tokens_description_wh3_dlc29_magic_res_activated_negative_daemon_nurgle}}	false
chaotic_plan_tokens_special_description_wh3_dlc29_magic_res_activated_negative_daemon_nurgle	{{tr:ui_text_replacements_localised_text_wh3_dlc29_complication_event_log_start}} [[col:red]]{{tr:chaotic_plan_tokens_name_wh3_dlc29_magic_res_activated_negative_daemon_nurgle}}[[/col]]\\n{{tr:chaotic_plan_tokens_description_wh3_dlc29_magic_res_activated_negative_daemon_nurgle}}	false
chaotic_plan_tokens_special_description_wh3_dlc29_magic_res_activated_negative_daemon_slaanesh	{{tr:ui_text_replacements_localised_text_wh3_dlc29_complication_event_log_start}} [[col:red]]{{tr:chaotic_plan_tokens_name_wh3_dlc29_magic_res_activated_negative_daemon_nurgle}}[[/col]]\\n{{tr:chaotic_plan_tokens_description_wh3_dlc29_magic_res_activated_negative_daemon_nurgle}}	false
chaotic_plan_tokens_special_description_wh3_dlc29_magic_res_activated_negative_daemon_tzeentch	{{tr:ui_text_replacements_localised_text_wh3_dlc29_complication_event_log_start}} [[col:red]]{{tr:chaotic_plan_tokens_name_wh3_dlc29_magic_res_activated_negative_daemon_nurgle}}[[/col]]\\n{{tr:chaotic_plan_tokens_description_wh3_dlc29_magic_res_activated_negative_daemon_nurgle}}	false
chaotic_plan_tokens_special_description_wh3_dlc29_magic_summon_verminlord_corruptor_1		false
chaotic_plan_tokens_special_description_wh3_dlc29_magic_summon_verminlord_corruptor_2		false
chaotic_plan_tokens_special_description_wh3_dlc29_magic_summon_verminlord_corruptor_3		false
chaotic_plan_tokens_special_description_wh3_dlc29_magic_summon_verminlord_corruptor_4		false
chaotic_plan_tokens_special_description_wh3_dlc29_magic_summon_verminlord_corruptor_5		false
chaotic_plan_tokens_special_description_wh3_dlc29_magic_summon_verminlord_deceiver_1		false
chaotic_plan_tokens_special_description_wh3_dlc29_magic_summon_verminlord_deceiver_2		false
chaotic_plan_tokens_special_description_wh3_dlc29_magic_summon_verminlord_deceiver_3		false
chaotic_plan_tokens_special_description_wh3_dlc29_magic_summon_verminlord_deceiver_4		false
chaotic_plan_tokens_special_description_wh3_dlc29_magic_summon_verminlord_deceiver_5		false
chaotic_plan_tokens_special_description_wh3_dlc29_magic_summon_verminlord_dummy_1		false
chaotic_plan_tokens_special_description_wh3_dlc29_magic_summon_verminlord_dummy_2		false
chaotic_plan_tokens_special_description_wh3_dlc29_magic_summon_verminlord_dummy_3		false
chaotic_plan_tokens_special_description_wh3_dlc29_magic_summon_verminlord_dummy_4		false
chaotic_plan_tokens_special_description_wh3_dlc29_magic_summon_verminlord_dummy_5		false
chaotic_plan_tokens_special_description_wh3_dlc29_magic_summon_verminlord_piece_eshin_1		false
chaotic_plan_tokens_special_description_wh3_dlc29_magic_summon_verminlord_piece_eshin_2		false
chaotic_plan_tokens_special_description_wh3_dlc29_magic_summon_verminlord_piece_eshin_3		false
chaotic_plan_tokens_special_description_wh3_dlc29_magic_summon_verminlord_piece_eshin_4		false
chaotic_plan_tokens_special_description_wh3_dlc29_magic_summon_verminlord_piece_eshin_5		false
chaotic_plan_tokens_special_description_wh3_dlc29_magic_summon_verminlord_piece_moulder_1		false
chaotic_plan_tokens_special_description_wh3_dlc29_magic_summon_verminlord_piece_moulder_2		false
chaotic_plan_tokens_special_description_wh3_dlc29_magic_summon_verminlord_piece_moulder_3		false
chaotic_plan_tokens_special_description_wh3_dlc29_magic_summon_verminlord_piece_moulder_4		false
chaotic_plan_tokens_special_description_wh3_dlc29_magic_summon_verminlord_piece_moulder_5		false
chaotic_plan_tokens_special_description_wh3_dlc29_magic_summon_verminlord_piece_pestilens_1		false
chaotic_plan_tokens_special_description_wh3_dlc29_magic_summon_verminlord_piece_pestilens_2		false
chaotic_plan_tokens_special_description_wh3_dlc29_magic_summon_verminlord_piece_pestilens_3		false
chaotic_plan_tokens_special_description_wh3_dlc29_magic_summon_verminlord_piece_pestilens_4		false
chaotic_plan_tokens_special_description_wh3_dlc29_magic_summon_verminlord_piece_pestilens_5		false
chaotic_plan_tokens_special_description_wh3_dlc29_magic_summon_verminlord_piece_skryre_1		false
chaotic_plan_tokens_special_description_wh3_dlc29_magic_summon_verminlord_piece_skryre_2		false
chaotic_plan_tokens_special_description_wh3_dlc29_magic_summon_verminlord_piece_skryre_3		false
chaotic_plan_tokens_special_description_wh3_dlc29_magic_summon_verminlord_piece_skryre_4		false
chaotic_plan_tokens_special_description_wh3_dlc29_magic_summon_verminlord_piece_skryre_5		false
chaotic_plan_tokens_special_description_wh3_dlc29_magic_summon_verminlord_warbringer_1		false
chaotic_plan_tokens_special_description_wh3_dlc29_magic_summon_verminlord_warbringer_2		false
chaotic_plan_tokens_special_description_wh3_dlc29_magic_summon_verminlord_warbringer_3		false
chaotic_plan_tokens_special_description_wh3_dlc29_magic_summon_verminlord_warbringer_4		false
chaotic_plan_tokens_special_description_wh3_dlc29_magic_summon_verminlord_warbringer_5		false
chaotic_plan_tokens_special_description_wh3_dlc29_magic_summon_verminlord_warpseer_1		false
chaotic_plan_tokens_special_description_wh3_dlc29_magic_summon_verminlord_warpseer_2		false
chaotic_plan_tokens_special_description_wh3_dlc29_magic_summon_verminlord_warpseer_3		false
chaotic_plan_tokens_special_description_wh3_dlc29_magic_summon_verminlord_warpseer_4		false
chaotic_plan_tokens_special_description_wh3_dlc29_magic_summon_verminlord_warpseer_5		false
chaotic_plan_tokens_special_description_wh3_dlc29_magic_upgrade_verminlord_1		false
chaotic_plan_tokens_special_description_wh3_dlc29_magic_upgrade_verminlord_2		false
chaotic_plan_tokens_special_description_wh3_dlc29_magic_upgrade_verminlord_3		false
chaotic_plan_tokens_special_description_wh3_dlc29_magic_upgrade_verminlord_4		false
chaotic_plan_tokens_special_description_wh3_dlc29_magic_upgrade_verminlord_5		false
chaotic_plan_tokens_special_description_wh3_dlc29_magic_verminlord_rank_up	{{tr:ui_text_replacements_localised_text_wh3_dlc29_manipulation_event_log_start}}  [[col:yellow]]{{tr:chaotic_plan_tokens_name_wh3_dlc29_magic_verminlord_rank_up}}[[/col]]\\n{{tr:chaotic_plan_tokens_description_wh3_dlc29_magic_verminlord_rank_up}}	false
chaotic_plan_tokens_special_description_wh3_dlc29_military_action_assassin		false
chaotic_plan_tokens_special_description_wh3_dlc29_military_action_assassin_2		false
chaotic_plan_tokens_special_description_wh3_dlc29_military_action_assassin_3		false
chaotic_plan_tokens_special_description_wh3_dlc29_military_action_assassin_draw		false
chaotic_plan_tokens_special_description_wh3_dlc29_military_action_bounty_chieftain_0		false
chaotic_plan_tokens_special_description_wh3_dlc29_military_action_bounty_chieftain_1		false
chaotic_plan_tokens_special_description_wh3_dlc29_military_action_bounty_packmaster_0		false
chaotic_plan_tokens_special_description_wh3_dlc29_military_action_bounty_packmaster_2		false
chaotic_plan_tokens_special_description_wh3_dlc29_military_action_bounty_plague_priest_0		false
chaotic_plan_tokens_special_description_wh3_dlc29_military_action_bounty_plague_priest_2		false
chaotic_plan_tokens_special_description_wh3_dlc29_military_action_bounty_warlock_engineer		false
chaotic_plan_tokens_special_description_wh3_dlc29_military_action_chieftain_0		false
chaotic_plan_tokens_special_description_wh3_dlc29_military_action_chieftain_1		false
chaotic_plan_tokens_special_description_wh3_dlc29_military_action_chieftain_2		false
chaotic_plan_tokens_special_description_wh3_dlc29_military_action_eshin_sorcerer		false
chaotic_plan_tokens_special_description_wh3_dlc29_military_action_eshin_sorcerer_1		false
chaotic_plan_tokens_special_description_wh3_dlc29_military_action_eshin_sorcerer_2		false
chaotic_plan_tokens_special_description_wh3_dlc29_military_action_packmaster_0		false
chaotic_plan_tokens_special_description_wh3_dlc29_military_action_packmaster_1		false
chaotic_plan_tokens_special_description_wh3_dlc29_military_action_packmaster_2		false
chaotic_plan_tokens_special_description_wh3_dlc29_military_action_plague_priest_0		false
chaotic_plan_tokens_special_description_wh3_dlc29_military_action_plague_priest_1		false
chaotic_plan_tokens_special_description_wh3_dlc29_military_action_plague_priest_2		false
chaotic_plan_tokens_special_description_wh3_dlc29_military_action_skill_grey_seer_censer_bearers		false
chaotic_plan_tokens_special_description_wh3_dlc29_military_action_skill_grey_seer_draw_units_1	test	false
chaotic_plan_tokens_special_description_wh3_dlc29_military_action_skill_grey_seer_draw_units_2	test	false
chaotic_plan_tokens_special_description_wh3_dlc29_military_action_skill_grey_seer_draw_units_3	test	false
chaotic_plan_tokens_special_description_wh3_dlc29_military_action_skill_grey_seer_draw_units_4	test	false
chaotic_plan_tokens_special_description_wh3_dlc29_military_action_skill_grey_seer_draw_units_5	test	false
chaotic_plan_tokens_special_description_wh3_dlc29_military_action_skill_grey_seer_stormfiend		false
chaotic_plan_tokens_special_description_wh3_dlc29_military_action_skill_grey_seer_stormvermin_generated		false
chaotic_plan_tokens_special_description_wh3_dlc29_military_action_skill_spawn_cauldron_poxes_1		false
chaotic_plan_tokens_special_description_wh3_dlc29_military_action_skill_spawn_cauldron_poxes_2		false
chaotic_plan_tokens_special_description_wh3_dlc29_military_action_skill_spawn_cauldron_poxes_3		false
chaotic_plan_tokens_special_description_wh3_dlc29_military_action_skill_spawn_cauldron_poxes_generated		false
chaotic_plan_tokens_special_description_wh3_dlc29_military_action_skill_spawn_death_globe_bombadiers_generated		false
chaotic_plan_tokens_special_description_wh3_dlc29_military_action_skill_spawn_hell_pit_abomination_1		false
chaotic_plan_tokens_special_description_wh3_dlc29_military_action_skill_spawn_hell_pit_abomination_2		false
chaotic_plan_tokens_special_description_wh3_dlc29_military_action_skill_spawn_hell_pit_abomination_generated		false
chaotic_plan_tokens_special_description_wh3_dlc29_military_action_skill_spawn_poisoned_wind_mortars_dlc_generated		false
chaotic_plan_tokens_special_description_wh3_dlc29_military_action_skill_spawn_stormvermin_rank_9_generated		false
chaotic_plan_tokens_special_description_wh3_dlc29_military_action_skill_spawn_warp_doom_magma_cannon		false
chaotic_plan_tokens_special_description_wh3_dlc29_military_action_skill_spawn_warp_doom_magma_cannon_generated		false
chaotic_plan_tokens_special_description_wh3_dlc29_military_action_warlock_engineer		false
chaotic_plan_tokens_special_description_wh3_dlc29_military_action_warlock_engineer_2		false
chaotic_plan_tokens_special_description_wh3_dlc29_military_action_warlock_engineer_3		false
chaotic_plan_tokens_special_description_wh3_dlc29_military_green_assassin		false
chaotic_plan_tokens_special_description_wh3_dlc29_military_green_assassin_2		false
chaotic_plan_tokens_special_description_wh3_dlc29_military_green_assassin_3		false
chaotic_plan_tokens_special_description_wh3_dlc29_military_green_basic_infantry_1		false
chaotic_plan_tokens_special_description_wh3_dlc29_military_green_basic_infantry_2		false
chaotic_plan_tokens_special_description_wh3_dlc29_military_green_basic_infantry_grey_seer_3		false
chaotic_plan_tokens_special_description_wh3_dlc29_military_green_basic_infantry_grey_seer_3_generated		false
chaotic_plan_tokens_special_description_wh3_dlc29_military_green_basic_infantry_spears_1		false
chaotic_plan_tokens_special_description_wh3_dlc29_military_green_basic_infantry_spears_2		false
chaotic_plan_tokens_special_description_wh3_dlc29_military_green_basic_missile_infantry_1		false
chaotic_plan_tokens_special_description_wh3_dlc29_military_green_basic_missile_infantry_slingers_1		false
chaotic_plan_tokens_special_description_wh3_dlc29_military_green_basic_monsters_1		false
chaotic_plan_tokens_special_description_wh3_dlc29_military_green_basic_pusbags_1		false
chaotic_plan_tokens_special_description_wh3_dlc29_military_green_basic_pusbags_2		false
chaotic_plan_tokens_special_description_wh3_dlc29_military_green_basic_skavenslaves		false
chaotic_plan_tokens_special_description_wh3_dlc29_military_green_basic_skavenslaves_lower_chance		false
chaotic_plan_tokens_special_description_wh3_dlc29_military_green_brood_horror_dlc_1		false
chaotic_plan_tokens_special_description_wh3_dlc29_military_green_brood_horror_dlc_2		false
chaotic_plan_tokens_special_description_wh3_dlc29_military_green_chieftain_0		false
chaotic_plan_tokens_special_description_wh3_dlc29_military_green_chieftain_1		false
chaotic_plan_tokens_special_description_wh3_dlc29_military_green_chieftain_2		false
chaotic_plan_tokens_special_description_wh3_dlc29_military_green_death_globe_bombadiers_1		false
chaotic_plan_tokens_special_description_wh3_dlc29_military_green_death_globe_bombadiers_2		false
chaotic_plan_tokens_special_description_wh3_dlc29_military_green_death_runners_1		false
chaotic_plan_tokens_special_description_wh3_dlc29_military_green_death_runners_2		false
chaotic_plan_tokens_special_description_wh3_dlc29_military_green_death_runners_3		false
chaotic_plan_tokens_special_description_wh3_dlc29_military_green_doom_flayer_dlc_1		false
chaotic_plan_tokens_special_description_wh3_dlc29_military_green_doom_flayer_dlc_2		false
chaotic_plan_tokens_special_description_wh3_dlc29_military_green_doomwheel_1		false
chaotic_plan_tokens_special_description_wh3_dlc29_military_green_doomwheel_2		false
chaotic_plan_tokens_special_description_wh3_dlc29_military_green_eshin_sorcerer		false
chaotic_plan_tokens_special_description_wh3_dlc29_military_green_eshin_sorcerer_1		false
chaotic_plan_tokens_special_description_wh3_dlc29_military_green_eshin_sorcerer_2		false
chaotic_plan_tokens_special_description_wh3_dlc29_military_green_eshin_triads_dlc_1		false
chaotic_plan_tokens_special_description_wh3_dlc29_military_green_gutter_runners_1		false
chaotic_plan_tokens_special_description_wh3_dlc29_military_green_gutter_runners_1_double		false
chaotic_plan_tokens_special_description_wh3_dlc29_military_green_gutter_runners_1_poison		false
chaotic_plan_tokens_special_description_wh3_dlc29_military_green_gutter_runners_slingers_1		false
chaotic_plan_tokens_special_description_wh3_dlc29_military_green_gutter_runners_slingers_1_poison		false
chaotic_plan_tokens_special_description_wh3_dlc29_military_green_hell_pit_abomination		false
chaotic_plan_tokens_special_description_wh3_dlc29_military_green_moulder_stormfiends_doomflayer_1		false
chaotic_plan_tokens_special_description_wh3_dlc29_military_green_moulder_stormfiends_doomflayer_2		false
chaotic_plan_tokens_special_description_wh3_dlc29_military_green_moulder_stormfiends_grinder_1		false
chaotic_plan_tokens_special_description_wh3_dlc29_military_green_moulder_stormfiends_grinder_2		false
chaotic_plan_tokens_special_description_wh3_dlc29_military_green_moulder_stormfiends_shock_1		false
chaotic_plan_tokens_special_description_wh3_dlc29_military_green_moulder_stormfiends_shock_2		false
chaotic_plan_tokens_special_description_wh3_dlc29_military_green_moulder_wolf_rats_dlc_1		false
chaotic_plan_tokens_special_description_wh3_dlc29_military_green_moulder_wolf_rats_dlc_2		false
chaotic_plan_tokens_special_description_wh3_dlc29_military_green_mutant_rat_ogre_dlc_1		false
chaotic_plan_tokens_special_description_wh3_dlc29_military_green_mutant_rat_ogre_dlc_2		false
chaotic_plan_tokens_special_description_wh3_dlc29_military_green_packmaster_0		false
chaotic_plan_tokens_special_description_wh3_dlc29_military_green_packmaster_1		false
chaotic_plan_tokens_special_description_wh3_dlc29_military_green_packmaster_2		false
chaotic_plan_tokens_special_description_wh3_dlc29_military_green_plague_censer_bearers		false
chaotic_plan_tokens_special_description_wh3_dlc29_military_green_plague_monks_1		false
chaotic_plan_tokens_special_description_wh3_dlc29_military_green_plague_monks_2		false
chaotic_plan_tokens_special_description_wh3_dlc29_military_green_plague_priest_0		false
chaotic_plan_tokens_special_description_wh3_dlc29_military_green_plague_priest_1		false
chaotic_plan_tokens_special_description_wh3_dlc29_military_green_plague_priest_2		false
chaotic_plan_tokens_special_description_wh3_dlc29_military_green_plagueclaw_catapult_1		false
chaotic_plan_tokens_special_description_wh3_dlc29_military_green_plagueclaw_catapult_2		false
chaotic_plan_tokens_special_description_wh3_dlc29_military_green_plagueclaw_catapult_3		false
chaotic_plan_tokens_special_description_wh3_dlc29_military_green_poison_wind_globadiers_1		false
chaotic_plan_tokens_special_description_wh3_dlc29_military_green_poison_wind_globadiers_2		false
chaotic_plan_tokens_special_description_wh3_dlc29_military_green_poison_wind_mortars_1		false
chaotic_plan_tokens_special_description_wh3_dlc29_military_green_poison_wind_mortars_2		false
chaotic_plan_tokens_special_description_wh3_dlc29_military_green_rictus_stormvermin_1		false
chaotic_plan_tokens_special_description_wh3_dlc29_military_green_rictus_stormvermin_2		false
chaotic_plan_tokens_special_description_wh3_dlc29_military_green_rictus_stormvermin_grey_seer_1		false
chaotic_plan_tokens_special_description_wh3_dlc29_military_green_rictus_stormvermin_halberds_1		false
chaotic_plan_tokens_special_description_wh3_dlc29_military_green_rictus_stormvermin_halberds_2		false
chaotic_plan_tokens_special_description_wh3_dlc29_military_green_rictus_stormvermin_halberds_rank_9		false
chaotic_plan_tokens_special_description_wh3_dlc29_military_green_skryre_ratling_guns_dlc_1		false
chaotic_plan_tokens_special_description_wh3_dlc29_military_green_skryre_ratling_guns_dlc_2		false
chaotic_plan_tokens_special_description_wh3_dlc29_military_green_skryre_stormfiends_ratling_1		false
chaotic_plan_tokens_special_description_wh3_dlc29_military_green_skryre_stormfiends_ratling_2		false
chaotic_plan_tokens_special_description_wh3_dlc29_military_green_skryre_stormfiends_warpfire_1		false
chaotic_plan_tokens_special_description_wh3_dlc29_military_green_skryre_stormfiends_warpfire_2		false
chaotic_plan_tokens_special_description_wh3_dlc29_military_green_skryre_stormfiends_windlauncher_1		false
chaotic_plan_tokens_special_description_wh3_dlc29_military_green_skryre_stormfiends_windlauncher_2		false
chaotic_plan_tokens_special_description_wh3_dlc29_military_green_skryre_warpfire_throwers_1		false
chaotic_plan_tokens_special_description_wh3_dlc29_military_green_skryre_warpfire_throwers_2		false
chaotic_plan_tokens_special_description_wh3_dlc29_military_green_stormvermin_rank_9		false
chaotic_plan_tokens_special_description_wh3_dlc29_military_green_warlock_engineer		false
chaotic_plan_tokens_special_description_wh3_dlc29_military_green_warlock_engineer_2		false
chaotic_plan_tokens_special_description_wh3_dlc29_military_green_warlock_engineer_3		false
chaotic_plan_tokens_special_description_wh3_dlc29_military_green_warp_grinders_dlc_1		false
chaotic_plan_tokens_special_description_wh3_dlc29_military_green_warp_lightning_cannon_1		false
chaotic_plan_tokens_special_description_wh3_dlc29_military_green_warp_lightning_cannon_2		false
chaotic_plan_tokens_special_description_wh3_dlc29_military_green_warp_lightning_cannon_3		false
chaotic_plan_tokens_special_description_wh3_dlc29_military_green_warp_lightning_cannon_unique		false
chaotic_plan_tokens_special_description_wh3_dlc29_military_green_warp_lightning_cannon_warlock_1		false
chaotic_plan_tokens_special_description_wh3_dlc29_military_green_warp_lightning_cannon_warlock_2		false
chaotic_plan_tokens_special_description_wh3_dlc29_military_green_warplock_jezzails_dlc_1		false
chaotic_plan_tokens_special_description_wh3_dlc29_military_green_warplock_jezzails_dlc_2		false
chaotic_plan_tokens_special_description_wh3_dlc29_military_mod_pool_basic_infantry_2		false
chaotic_plan_tokens_special_description_wh3_dlc29_military_mod_pool_basic_infantry_spears_1		false
chaotic_plan_tokens_special_description_wh3_dlc29_military_mod_pool_basic_pusbags_1		false
chaotic_plan_tokens_special_description_wh3_dlc29_military_mod_pool_brood_horror_dlc_1		false
chaotic_plan_tokens_special_description_wh3_dlc29_military_mod_pool_clanrats_grey_seer_2		false
chaotic_plan_tokens_special_description_wh3_dlc29_military_mod_pool_clanrats_grey_seer_3		false
chaotic_plan_tokens_special_description_wh3_dlc29_military_mod_pool_clanrats_grey_seer_4		false
chaotic_plan_tokens_special_description_wh3_dlc29_military_mod_pool_clanrats_grey_seer_5		false
chaotic_plan_tokens_special_description_wh3_dlc29_military_mod_pool_death_globe_bombadiers_1		false
chaotic_plan_tokens_special_description_wh3_dlc29_military_mod_pool_death_runners_1		false
chaotic_plan_tokens_special_description_wh3_dlc29_military_mod_pool_doom_flayer_dlc_1		false
chaotic_plan_tokens_special_description_wh3_dlc29_military_mod_pool_doomwheel_1		false
chaotic_plan_tokens_special_description_wh3_dlc29_military_mod_pool_eshin_triads_dlc_1		false
chaotic_plan_tokens_special_description_wh3_dlc29_military_mod_pool_moulder_wolf_rats_dlc_1		false
chaotic_plan_tokens_special_description_wh3_dlc29_military_mod_pool_mutant_rat_ogre_dlc		false
chaotic_plan_tokens_special_description_wh3_dlc29_military_mod_pool_night_runners_slingers_1		false
chaotic_plan_tokens_special_description_wh3_dlc29_military_mod_pool_plague_censer_bearers		false
chaotic_plan_tokens_special_description_wh3_dlc29_military_mod_pool_plague_monks_1		false
chaotic_plan_tokens_special_description_wh3_dlc29_military_mod_pool_plagueclaw_catapult_1		false
chaotic_plan_tokens_special_description_wh3_dlc29_military_mod_pool_poison_wind_globadiers_1		false
chaotic_plan_tokens_special_description_wh3_dlc29_military_mod_pool_poison_wind_mortars_1		false
chaotic_plan_tokens_special_description_wh3_dlc29_military_mod_pool_remove_skavenslaves		false
chaotic_plan_tokens_special_description_wh3_dlc29_military_mod_pool_rictus_stormvermin_1		false
chaotic_plan_tokens_special_description_wh3_dlc29_military_mod_pool_rictus_stormvermin_3		false
chaotic_plan_tokens_special_description_wh3_dlc29_military_mod_pool_rictus_stormvermin_halberds_1		false
chaotic_plan_tokens_special_description_wh3_dlc29_military_mod_pool_skryre_ratling_guns_dlc_1		false
chaotic_plan_tokens_special_description_wh3_dlc29_military_mod_pool_skryre_warpfire_throwers_1		false
chaotic_plan_tokens_special_description_wh3_dlc29_military_mod_pool_stormfiends_warlock_1		false
chaotic_plan_tokens_special_description_wh3_dlc29_military_mod_pool_stormfiends_warlock_2		false
chaotic_plan_tokens_special_description_wh3_dlc29_military_mod_pool_stormfiends_warlock_3		false
chaotic_plan_tokens_special_description_wh3_dlc29_military_mod_pool_stormfiends_warlord_1		false
chaotic_plan_tokens_special_description_wh3_dlc29_military_mod_pool_stormfiends_warlord_2		false
chaotic_plan_tokens_special_description_wh3_dlc29_military_mod_pool_stormfiends_warlord_3		false
chaotic_plan_tokens_special_description_wh3_dlc29_military_mod_pool_stormvermin_rank_9		false
chaotic_plan_tokens_special_description_wh3_dlc29_military_mod_pool_warp_grinders_dlc_1		false
chaotic_plan_tokens_special_description_wh3_dlc29_military_mod_pool_warp_lightning_cannon_1		false
chaotic_plan_tokens_special_description_wh3_dlc29_military_mod_pool_warp_lightning_cannon_warlock_1		false
chaotic_plan_tokens_special_description_wh3_dlc29_military_mod_pool_warplock_jezzails_dlc_1		false
chaotic_plan_tokens_special_description_wh3_dlc29_military_purple_bounty_chieftain_0	{{tr:ui_text_replacements_localised_text_wh3_dlc29_coincidence_event_log_start}} [[col:subtitle_azazel]]{{tr:chaotic_plan_tokens_name_wh3_dlc29_military_purple_bounty_chieftain_0}}[[/col]]\\n{{tr:chaotic_plan_tokens_description_wh3_dlc29_military_purple_bounty_chieftain_0}}	false
chaotic_plan_tokens_special_description_wh3_dlc29_military_purple_bounty_chieftain_1	{{tr:ui_text_replacements_localised_text_wh3_dlc29_coincidence_event_log_start}} [[col:subtitle_azazel]]{{tr:chaotic_plan_tokens_name_wh3_dlc29_military_purple_bounty_chieftain_1}}[[/col]]\\n{{tr:chaotic_plan_tokens_description_wh3_dlc29_military_purple_bounty_chieftain_1}}	false
chaotic_plan_tokens_special_description_wh3_dlc29_military_purple_bounty_packmaster_0	{{tr:ui_text_replacements_localised_text_wh3_dlc29_coincidence_event_log_start}} [[col:subtitle_azazel]]{{tr:chaotic_plan_tokens_name_wh3_dlc29_military_purple_bounty_packmaster_0}}[[/col]]\\n{{tr:chaotic_plan_tokens_description_wh3_dlc29_military_purple_bounty_packmaster_0}}	false
chaotic_plan_tokens_special_description_wh3_dlc29_military_purple_bounty_packmaster_2	{{tr:ui_text_replacements_localised_text_wh3_dlc29_coincidence_event_log_start}} [[col:subtitle_azazel]]{{tr:chaotic_plan_tokens_name_wh3_dlc29_military_purple_bounty_packmaster_2}}[[/col]]\\n{{tr:chaotic_plan_tokens_description_wh3_dlc29_military_purple_bounty_packmaster_2}}	false
chaotic_plan_tokens_special_description_wh3_dlc29_military_purple_bounty_plague_priest_0	{{tr:ui_text_replacements_localised_text_wh3_dlc29_coincidence_event_log_start}} [[col:subtitle_azazel]]{{tr:chaotic_plan_tokens_name_wh3_dlc29_military_purple_bounty_plague_priest_0}}[[/col]]\\n{{tr:chaotic_plan_tokens_description_wh3_dlc29_military_purple_bounty_plague_priest_0}}	false
chaotic_plan_tokens_special_description_wh3_dlc29_military_purple_bounty_plague_priest_2	{{tr:ui_text_replacements_localised_text_wh3_dlc29_coincidence_event_log_start}} [[col:subtitle_azazel]]{{tr:chaotic_plan_tokens_name_wh3_dlc29_military_purple_bounty_plague_priest_2}}[[/col]]\\n{{tr:chaotic_plan_tokens_description_wh3_dlc29_military_purple_bounty_plague_priest_2}}	false
chaotic_plan_tokens_special_description_wh3_dlc29_military_purple_bounty_warlock_engineer	{{tr:ui_text_replacements_localised_text_wh3_dlc29_coincidence_event_log_start}} [[col:subtitle_azazel]]{{tr:chaotic_plan_tokens_name_wh3_dlc29_military_purple_bounty_warlock_engineer}}[[/col]]\\n{{tr:chaotic_plan_tokens_description_wh3_dlc29_military_purple_bounty_warlock_engineer}}	false
chaotic_plan_tokens_special_description_wh3_dlc29_military_red_explosion_guard_1	{{tr:ui_text_replacements_localised_text_wh3_dlc29_complication_event_log_start}} [[col:red]]{{tr:chaotic_plan_tokens_name_wh3_dlc29_military_red_explosion_guard_1}}[[/col]]\\n{{tr:chaotic_plan_tokens_description_wh3_dlc29_military_red_explosion_guard_1}}	false
chaotic_plan_tokens_special_description_wh3_dlc29_military_red_hellpit_guard_1	{{tr:ui_text_replacements_localised_text_wh3_dlc29_complication_event_log_start}} [[col:red]]{{tr:chaotic_plan_tokens_name_wh3_dlc29_military_red_hellpit_guard_1}}[[/col]]\\n{{tr:chaotic_plan_tokens_description_wh3_dlc29_military_red_hellpit_guard_1}}	false
chaotic_plan_tokens_special_description_wh3_dlc29_military_red_plague_guard_1	{{tr:ui_text_replacements_localised_text_wh3_dlc29_complication_event_log_start}} [[col:red]]{{tr:chaotic_plan_tokens_name_wh3_dlc29_military_red_plague_guard_1}}[[/col]]\\n{{tr:chaotic_plan_tokens_description_wh3_dlc29_military_red_plague_guard_1}}	false
chaotic_plan_tokens_special_description_wh3_dlc29_military_upgrade_basic_infantry_spears_2		false
chaotic_plan_tokens_special_description_wh3_dlc29_military_upgrade_basic_pusbags_2		false
chaotic_plan_tokens_special_description_wh3_dlc29_military_upgrade_death_runners_2		false
chaotic_plan_tokens_special_description_wh3_dlc29_military_upgrade_death_runners_3		false
chaotic_plan_tokens_special_description_wh3_dlc29_military_upgrade_double_units_warlock		false
chaotic_plan_tokens_special_description_wh3_dlc29_military_upgrade_gutter_runners_1		false
chaotic_plan_tokens_special_description_wh3_dlc29_military_upgrade_gutter_runners_poison_1		false
chaotic_plan_tokens_special_description_wh3_dlc29_military_upgrade_moulder_wolf_rats_dlc_2		false
chaotic_plan_tokens_special_description_wh3_dlc29_military_upgrade_moulder_wolf_rats_dlc_3		false
chaotic_plan_tokens_special_description_wh3_dlc29_military_upgrade_mutant_rat_ogre_brood_horror_2		false
chaotic_plan_tokens_special_description_wh3_dlc29_military_upgrade_plague_monks_2		false
chaotic_plan_tokens_special_description_wh3_dlc29_military_upgrade_plagueclaw_catapult_2		false
chaotic_plan_tokens_special_description_wh3_dlc29_military_upgrade_plagueclaw_catapult_3		false
chaotic_plan_tokens_special_description_wh3_dlc29_military_upgrade_rictus_stormvermin_2		false
chaotic_plan_tokens_special_description_wh3_dlc29_military_upgrade_warp_lightning_cannon_2		false
chaotic_plan_tokens_special_description_wh3_dlc29_military_upgrade_warp_lightning_cannon_3		false
chaotic_plan_tokens_special_description_wh3_dlc29_purple_any_chaos_experience	{{tr:ui_text_replacements_localised_text_wh3_dlc29_coincidence_event_log_start}} [[col:subtitle_azazel]]{{tr:chaotic_plan_tokens_name_wh3_dlc29_purple_any_chaos_experience}}[[/col]]\\n{{tr:chaotic_plan_tokens_description_wh3_dlc29_purple_any_chaos_experience}}	false
chaotic_plan_tokens_special_description_wh3_dlc29_purple_any_empire_skaven_not_real	{{tr:ui_text_replacements_localised_text_wh3_dlc29_coincidence_event_log_start}} [[col:subtitle_azazel]]{{tr:chaotic_plan_tokens_name_wh3_dlc29_purple_any_empire_skaven_not_real}}[[/col]]\\n{{tr:chaotic_plan_tokens_description_wh3_dlc29_purple_any_empire_skaven_not_real}}	false
chaotic_plan_tokens_special_description_wh3_dlc29_purple_any_reduce_guards	{{tr:ui_text_replacements_localised_text_wh3_dlc29_coincidence_event_log_start}} [[col:subtitle_azazel]]{{tr:chaotic_plan_tokens_name_wh3_dlc29_purple_any_reduce_guards}}[[/col]]\\n{{tr:chaotic_plan_tokens_description_wh3_dlc29_purple_any_reduce_guards}}	false
chaotic_plan_tokens_special_description_wh3_dlc29_purple_any_skaven_blackmail	{{tr:ui_text_replacements_localised_text_wh3_dlc29_coincidence_event_log_start}} [[col:subtitle_azazel]]{{tr:chaotic_plan_tokens_name_wh3_dlc29_purple_any_skaven_blackmail}}[[/col]]\\n{{tr:chaotic_plan_tokens_description_wh3_dlc29_purple_any_skaven_blackmail}}	false
chaotic_plan_tokens_special_description_wh3_dlc29_purple_dwarfs_any_dwarf_brew	{{tr:ui_text_replacements_localised_text_wh3_dlc29_coincidence_event_log_start}} [[col:subtitle_azazel]]{{tr:chaotic_plan_tokens_name_wh3_dlc29_purple_dwarfs_any_dwarf_brew}}[[/col]]\\n{{tr:chaotic_plan_tokens_description_wh3_dlc29_purple_dwarfs_any_dwarf_brew}}	false
chaotic_plan_tokens_special_description_wh3_dlc29_purple_dwarfs_any_dwarf_brew_use		false
chaotic_plan_tokens_special_description_wh3_dlc29_purple_dwarfs_any_dwarf_brew_use_generated_1	{{tr:ui_text_replacements_localised_text_wh3_dlc29_manipulation_event_log_start}}  [[col:yellow]]{{tr:chaotic_plan_tokens_name_wh3_dlc29_purple_dwarfs_any_dwarf_brew_use_generated_1}}[[/col]]\\n{{tr:chaotic_plan_tokens_description_wh3_dlc29_purple_dwarfs_any_dwarf_brew_use_generated_1}}	false
chaotic_plan_tokens_special_description_wh3_dlc29_purple_dwarfs_any_dwarf_brew_use_generated_2	{{tr:ui_text_replacements_localised_text_wh3_dlc29_complication_event_log_start}} [[col:red]]{{tr:chaotic_plan_tokens_name_wh3_dlc29_purple_dwarfs_any_dwarf_brew_use_generated_2}}[[/col]]\\n{{tr:chaotic_plan_tokens_description_wh3_dlc29_purple_dwarfs_any_dwarf_brew_use_generated_2}}	false
chaotic_plan_tokens_special_description_wh3_dlc29_purple_economic_bretonnia_food	{{tr:ui_text_replacements_localised_text_wh3_dlc29_coincidence_event_log_start}} [[col:subtitle_azazel]]{{tr:chaotic_plan_tokens_name_wh3_dlc29_purple_economic_bretonnia_food}}[[/col]]\\n{{tr:chaotic_plan_tokens_description_wh3_dlc29_purple_economic_bretonnia_food}}	false
chaotic_plan_tokens_special_description_wh3_dlc29_purple_economic_bretonnia_treasury	{{tr:ui_text_replacements_localised_text_wh3_dlc29_coincidence_event_log_start}} [[col:subtitle_azazel]]{{tr:chaotic_plan_tokens_name_wh3_dlc29_purple_economic_bretonnia_treasury}}[[/col]]\\n{{tr:chaotic_plan_tokens_description_wh3_dlc29_purple_economic_bretonnia_treasury}}	false
chaotic_plan_tokens_special_description_wh3_dlc29_purple_economic_cathay_warpstone	{{tr:ui_text_replacements_localised_text_wh3_dlc29_coincidence_event_log_start}} [[col:subtitle_azazel]]{{tr:chaotic_plan_tokens_name_wh3_dlc29_purple_economic_cathay_warpstone}}[[/col]]\\n{{tr:chaotic_plan_tokens_description_wh3_dlc29_purple_economic_cathay_warpstone}}	false
chaotic_plan_tokens_special_description_wh3_dlc29_purple_economic_chaos_dwarfs_treasury	{{tr:ui_text_replacements_localised_text_wh3_dlc29_coincidence_event_log_start}} [[col:subtitle_azazel]]{{tr:chaotic_plan_tokens_name_wh3_dlc29_purple_economic_chaos_dwarfs_treasury}}[[/col]]\\n{{tr:chaotic_plan_tokens_description_wh3_dlc29_purple_economic_chaos_dwarfs_treasury}}	false
chaotic_plan_tokens_special_description_wh3_dlc29_purple_economic_chaos_warpstone	{{tr:ui_text_replacements_localised_text_wh3_dlc29_coincidence_event_log_start}} [[col:subtitle_azazel]]{{tr:chaotic_plan_tokens_name_wh3_dlc29_purple_economic_chaos_warpstone}}[[/col]]\\n{{tr:chaotic_plan_tokens_description_wh3_dlc29_purple_economic_chaos_warpstone}}	false
chaotic_plan_tokens_special_description_wh3_dlc29_purple_economic_dangerous_treasury	{{tr:ui_text_replacements_localised_text_wh3_dlc29_coincidence_event_log_start}} [[col:subtitle_azazel]]{{tr:chaotic_plan_tokens_name_wh3_dlc29_purple_economic_dangerous_treasury}}[[/col]]\\n{{tr:chaotic_plan_tokens_description_wh3_dlc29_purple_economic_dangerous_treasury}}	false
chaotic_plan_tokens_special_description_wh3_dlc29_purple_economic_dangerous_warpstone	{{tr:ui_text_replacements_localised_text_wh3_dlc29_coincidence_event_log_start}} [[col:subtitle_azazel]]{{tr:chaotic_plan_tokens_name_wh3_dlc29_purple_economic_dangerous_warpstone}}[[/col]]\\n{{tr:chaotic_plan_tokens_description_wh3_dlc29_purple_economic_dangerous_warpstone}}	false
chaotic_plan_tokens_special_description_wh3_dlc29_purple_economic_greenskins_food	{{tr:ui_text_replacements_localised_text_wh3_dlc29_coincidence_event_log_start}} [[col:subtitle_azazel]]{{tr:chaotic_plan_tokens_name_wh3_dlc29_purple_economic_greenskins_food}}[[/col]]\\n{{tr:chaotic_plan_tokens_description_wh3_dlc29_purple_economic_greenskins_food}}	false
chaotic_plan_tokens_special_description_wh3_dlc29_purple_economic_ogre_kingdoms_food	{{tr:ui_text_replacements_localised_text_wh3_dlc29_coincidence_event_log_start}} [[col:subtitle_azazel]]{{tr:chaotic_plan_tokens_name_wh3_dlc29_purple_economic_ogre_kingdoms_food}}[[/col]]\\n{{tr:chaotic_plan_tokens_description_wh3_dlc29_purple_economic_ogre_kingdoms_food}}	false
chaotic_plan_tokens_special_description_wh3_dlc29_purple_economic_ogre_kingdoms_treasury	{{tr:ui_text_replacements_localised_text_wh3_dlc29_coincidence_event_log_start}} [[col:subtitle_azazel]]{{tr:chaotic_plan_tokens_name_wh3_dlc29_purple_economic_ogre_kingdoms_treasury}}[[/col]]\\n{{tr:chaotic_plan_tokens_description_wh3_dlc29_purple_economic_ogre_kingdoms_treasury}}	false
chaotic_plan_tokens_special_description_wh3_dlc29_purple_economic_undead_warpstone	{{tr:ui_text_replacements_localised_text_wh3_dlc29_coincidence_event_log_start}} [[col:subtitle_azazel]]{{tr:chaotic_plan_tokens_name_wh3_dlc29_purple_economic_undead_warpstone}}[[/col]]\\n{{tr:chaotic_plan_tokens_description_wh3_dlc29_purple_economic_undead_warpstone}}	false
chaotic_plan_tokens_special_description_wh3_dlc29_purple_economic_vault_1	{{tr:ui_text_replacements_localised_text_wh3_dlc29_coincidence_event_log_start}} [[col:subtitle_azazel]]{{tr:chaotic_plan_tokens_name_wh3_dlc29_purple_economic_vault_1}}[[/col]]\\n{{tr:chaotic_plan_tokens_description_wh3_dlc29_purple_economic_vault_1}}	false
chaotic_plan_tokens_special_description_wh3_dlc29_purple_economy_vampire_food_big	{{tr:ui_text_replacements_localised_text_wh3_dlc29_coincidence_event_log_start}} [[col:subtitle_azazel]]{{tr:chaotic_plan_tokens_name_wh3_dlc29_purple_economy_vampire_food_big}}[[/col]]\\n{{tr:chaotic_plan_tokens_description_wh3_dlc29_purple_economy_vampire_food_big}}	false
chaotic_plan_tokens_special_description_wh3_dlc29_purple_economy_vampire_food_small	{{tr:ui_text_replacements_localised_text_wh3_dlc29_coincidence_event_log_start}} [[col:subtitle_azazel]]{{tr:chaotic_plan_tokens_name_wh3_dlc29_purple_economy_vampire_food_small}}[[/col]]\\n{{tr:chaotic_plan_tokens_description_wh3_dlc29_purple_economy_vampire_food_small}}	false
chaotic_plan_tokens_special_description_wh3_dlc29_purple_lucky_draw	{{tr:ui_text_replacements_localised_text_wh3_dlc29_coincidence_event_log_start}} [[col:subtitle_azazel]]{{tr:chaotic_plan_tokens_name_wh3_dlc29_purple_lucky_draw}}[[/col]]\\n{{tr:chaotic_plan_tokens_description_wh3_dlc29_purple_lucky_draw}}	false
chaotic_plan_tokens_special_description_wh3_dlc29_purple_magic_draw_combo_piece	{{tr:ui_text_replacements_localised_text_wh3_dlc29_coincidence_event_log_start}} [[col:subtitle_azazel]]{{tr:chaotic_plan_tokens_name_wh3_dlc29_purple_magic_draw_combo_piece}}[[/col]]\\n{{tr:chaotic_plan_tokens_description_wh3_dlc29_purple_magic_draw_combo_piece}}	false
chaotic_plan_tokens_special_description_wh3_dlc29_purple_magic_draw_combo_piece_action		false
chaotic_plan_tokens_special_description_wh3_dlc29_purple_magic_tzeentch_draw_tokens	{{tr:ui_text_replacements_localised_text_wh3_dlc29_coincidence_event_log_start}} [[col:subtitle_azazel]]{{tr:chaotic_plan_tokens_name_wh3_dlc29_purple_magic_tzeentch_draw_tokens}}[[/col]]\\n{{tr:chaotic_plan_tokens_description_wh3_dlc29_purple_magic_tzeentch_draw_tokens}}	false
chaotic_plan_tokens_special_description_wh3_dlc29_purple_military_lab_1	{{tr:ui_text_replacements_localised_text_wh3_dlc29_coincidence_event_log_start}} [[col:subtitle_azazel]]{{tr:chaotic_plan_tokens_name_wh3_dlc29_purple_military_lab_1}}[[/col]]\\n{{tr:chaotic_plan_tokens_description_wh3_dlc29_purple_military_lab_1}}	false
chaotic_plan_tokens_special_description_wh3_dlc29_purple_military_mercenaries_1	{{tr:ui_text_replacements_localised_text_wh3_dlc29_coincidence_event_log_start}} [[col:subtitle_azazel]]{{tr:chaotic_plan_tokens_name_wh3_dlc29_purple_military_mercenaries_1}}[[/col]]\\n{{tr:chaotic_plan_tokens_description_wh3_dlc29_purple_military_mercenaries_1}}	false
chaotic_plan_tokens_special_description_wh3_dlc29_purple_military_multiple_cultures_stormvermin	{{tr:ui_text_replacements_localised_text_wh3_dlc29_coincidence_event_log_start}} [[col:subtitle_azazel]]{{tr:chaotic_plan_tokens_name_wh3_dlc29_purple_military_multiple_cultures_stormvermin}}[[/col]]\\n{{tr:chaotic_plan_tokens_description_wh3_dlc29_purple_military_multiple_cultures_stormvermin}}	false
chaotic_plan_tokens_special_description_wh3_dlc29_purple_military_ogre_kingdoms_mercenaries	{{tr:ui_text_replacements_localised_text_wh3_dlc29_coincidence_event_log_start}} [[col:subtitle_azazel]]{{tr:chaotic_plan_tokens_name_wh3_dlc29_purple_military_ogre_kingdoms_mercenaries}}[[/col]]\\n{{tr:chaotic_plan_tokens_description_wh3_dlc29_purple_military_ogre_kingdoms_mercenaries}}	false
chaotic_plan_tokens_special_description_wh3_dlc29_purple_military_ogre_kingdoms_mercenaries_pay		false
chaotic_plan_tokens_special_description_wh3_dlc29_purple_military_ogre_kingdoms_mercenaries_reward_1	{{tr:ui_text_replacements_localised_text_wh3_dlc29_coincidence_event_log_start}} [[col:subtitle_azazel]]{{tr:chaotic_plan_tokens_name_wh3_dlc29_purple_military_ogre_kingdoms_mercenaries_reward_1}}[[/col]]\\n{{tr:chaotic_plan_tokens_description_wh3_dlc29_purple_military_ogre_kingdoms_mercenaries_reward_1}}	false
chaotic_plan_tokens_special_description_wh3_dlc29_purple_military_ogre_kingdoms_mercenaries_reward_2	{{tr:ui_text_replacements_localised_text_wh3_dlc29_coincidence_event_log_start}} [[col:subtitle_azazel]]{{tr:chaotic_plan_tokens_name_wh3_dlc29_purple_military_ogre_kingdoms_mercenaries_reward_2}}[[/col]]\\n{{tr:chaotic_plan_tokens_description_wh3_dlc29_purple_military_ogre_kingdoms_mercenaries_reward_2}}	false
chaotic_plan_tokens_special_description_wh3_dlc29_purple_military_ogre_kingdoms_mercenaries_reward_3	{{tr:ui_text_replacements_localised_text_wh3_dlc29_coincidence_event_log_start}} [[col:subtitle_azazel]]{{tr:chaotic_plan_tokens_name_wh3_dlc29_purple_military_ogre_kingdoms_mercenaries_reward_3}}[[/col]]\\n{{tr:chaotic_plan_tokens_description_wh3_dlc29_purple_military_ogre_kingdoms_mercenaries_reward_3}}	false
chaotic_plan_tokens_special_description_wh3_dlc29_purple_military_ogre_kingdoms_mercenaries_reward_4	{{tr:ui_text_replacements_localised_text_wh3_dlc29_coincidence_event_log_start}} [[col:subtitle_azazel]]{{tr:chaotic_plan_tokens_name_wh3_dlc29_purple_military_ogre_kingdoms_mercenaries_reward_4}}[[/col]]\\n{{tr:chaotic_plan_tokens_description_wh3_dlc29_purple_military_ogre_kingdoms_mercenaries_reward_4}}	false
chaotic_plan_tokens_special_description_wh3_dlc29_purple_military_ogre_kingdoms_mercenaries_reward_5	{{tr:ui_text_replacements_localised_text_wh3_dlc29_coincidence_event_log_start}} [[col:subtitle_azazel]]{{tr:chaotic_plan_tokens_name_wh3_dlc29_purple_military_ogre_kingdoms_mercenaries_reward_5}}[[/col]]\\n{{tr:chaotic_plan_tokens_description_wh3_dlc29_purple_military_ogre_kingdoms_mercenaries_reward_5}}	false
chaotic_plan_tokens_special_description_wh3_dlc29_purple_military_ogre_kingdoms_rat_ogres	{{tr:ui_text_replacements_localised_text_wh3_dlc29_coincidence_event_log_start}} [[col:subtitle_azazel]]{{tr:chaotic_plan_tokens_name_wh3_dlc29_purple_military_ogre_kingdoms_rat_ogres}}[[/col]]\\n{{tr:chaotic_plan_tokens_description_wh3_dlc29_purple_military_ogre_kingdoms_rat_ogres}}	false
chaotic_plan_tokens_special_description_wh3_dlc29_purple_military_reinforcements	{{tr:ui_text_replacements_localised_text_wh3_dlc29_coincidence_event_log_start}} [[col:subtitle_azazel]]{{tr:chaotic_plan_tokens_name_wh3_dlc29_purple_military_reinforcements}}[[/col]]\\n{{tr:chaotic_plan_tokens_description_wh3_dlc29_purple_military_reinforcements}}	false
chaotic_plan_tokens_special_description_wh3_dlc29_purple_military_skaven_guards_1	{{tr:ui_text_replacements_localised_text_wh3_dlc29_complication_event_log_start}} [[col:red]]{{tr:chaotic_plan_tokens_name_wh3_dlc29_purple_military_skaven_guards_1}}[[/col]]\\n{{tr:chaotic_plan_tokens_description_wh3_dlc29_purple_military_skaven_guards_1}}	false
chaotic_plan_tokens_special_description_wh3_dlc29_purple_military_skaven_stormvermin	{{tr:ui_text_replacements_localised_text_wh3_dlc29_coincidence_event_log_start}} [[col:subtitle_azazel]]{{tr:chaotic_plan_tokens_name_wh3_dlc29_purple_military_skaven_stormvermin}}[[/col]]\\n{{tr:chaotic_plan_tokens_description_wh3_dlc29_purple_military_skaven_stormvermin}}	false
chaotic_plan_tokens_special_description_wh3_dlc29_purple_military_tomb_kings_guards_1	{{tr:ui_text_replacements_localised_text_wh3_dlc29_complication_event_log_start}} [[col:red]]{{tr:chaotic_plan_tokens_name_wh3_dlc29_purple_military_tomb_kings_guards_1}}[[/col]]\\n{{tr:chaotic_plan_tokens_description_wh3_dlc29_purple_military_tomb_kings_guards_1}}	false
chaotic_plan_tokens_special_description_wh3_dlc29_purple_military_tzeentch_guards_1	{{tr:ui_text_replacements_localised_text_wh3_dlc29_complication_event_log_start}} [[col:red]]{{tr:chaotic_plan_tokens_name_wh3_dlc29_purple_military_tzeentch_guards_1}}[[/col]]\\n{{tr:chaotic_plan_tokens_description_wh3_dlc29_purple_military_tzeentch_guards_1}}	false
chaotic_plan_tokens_special_description_wh3_dlc29_purple_military_undead_death_runners	{{tr:ui_text_replacements_localised_text_wh3_dlc29_coincidence_event_log_start}} [[col:subtitle_azazel]]{{tr:chaotic_plan_tokens_name_wh3_dlc29_purple_military_undead_death_runners}}[[/col]]\\n{{tr:chaotic_plan_tokens_description_wh3_dlc29_purple_military_undead_death_runners}}	false
chaotic_plan_tokens_special_description_wh3_dlc29_purple_military_undead_legions_elites_2	{{tr:ui_text_replacements_localised_text_wh3_dlc29_complication_event_log_start}} [[col:red]]{{tr:chaotic_plan_tokens_name_wh3_dlc29_purple_military_undead_legions_elites_2}}[[/col]]\\n{{tr:chaotic_plan_tokens_description_wh3_dlc29_purple_military_undead_legions_elites_2}}	false
chaotic_plan_tokens_special_description_wh3_dlc29_purple_military_vampire_pay_for_reward	{{tr:ui_text_replacements_localised_text_wh3_dlc29_coincidence_event_log_start}} [[col:subtitle_azazel]]{{tr:chaotic_plan_tokens_name_wh3_dlc29_purple_military_vampire_pay_for_reward}}[[/col]]\\n{{tr:chaotic_plan_tokens_description_wh3_dlc29_purple_military_vampire_pay_for_reward}}	false
chaotic_plan_tokens_special_description_wh3_dlc29_purple_military_wood_elves_elites_1	{{tr:ui_text_replacements_localised_text_wh3_dlc29_complication_event_log_start}} [[col:red]]{{tr:chaotic_plan_tokens_name_wh3_dlc29_purple_military_wood_elves_elites_1}}[[/col]]\\n{{tr:chaotic_plan_tokens_description_wh3_dlc29_purple_military_wood_elves_elites_1}}	false
chaotic_plan_tokens_special_description_wh3_dlc29_red_any_bretonnia_alarm	{{tr:ui_text_replacements_localised_text_wh3_dlc29_complication_event_log_start}} [[col:red]]{{tr:chaotic_plan_tokens_name_wh3_dlc29_red_any_bretonnia_alarm}}[[/col]]\\n{{tr:chaotic_plan_tokens_description_wh3_dlc29_red_any_bretonnia_alarm}}	false
chaotic_plan_tokens_special_description_wh3_dlc29_red_any_cathay_elites	{{tr:ui_text_replacements_localised_text_wh3_dlc29_complication_event_log_start}} [[col:red]]{{tr:chaotic_plan_tokens_name_wh3_dlc29_red_any_cathay_elites}}[[/col]]\\n{{tr:chaotic_plan_tokens_description_wh3_dlc29_red_any_cathay_elites}}	false
chaotic_plan_tokens_special_description_wh3_dlc29_red_any_chaos_alarm	{{tr:ui_text_replacements_localised_text_wh3_dlc29_complication_event_log_start}} [[col:red]]{{tr:chaotic_plan_tokens_name_wh3_dlc29_red_any_chaos_alarm}}[[/col]]\\n{{tr:chaotic_plan_tokens_description_wh3_dlc29_red_any_chaos_alarm}}	false
chaotic_plan_tokens_special_description_wh3_dlc29_red_any_chaos_dwarfs_alarm	{{tr:ui_text_replacements_localised_text_wh3_dlc29_complication_event_log_start}} [[col:red]]{{tr:chaotic_plan_tokens_name_wh3_dlc29_red_any_chaos_dwarfs_alarm}}[[/col]]\\n{{tr:chaotic_plan_tokens_description_wh3_dlc29_red_any_chaos_dwarfs_alarm}}	false
chaotic_plan_tokens_special_description_wh3_dlc29_red_any_chaos_dwarfs_elites	{{tr:ui_text_replacements_localised_text_wh3_dlc29_complication_event_log_start}} [[col:red]]{{tr:chaotic_plan_tokens_name_wh3_dlc29_red_any_chaos_dwarfs_elites}}[[/col]]\\n{{tr:chaotic_plan_tokens_description_wh3_dlc29_red_any_chaos_dwarfs_elites}}	false
chaotic_plan_tokens_special_description_wh3_dlc29_red_any_dark_elves_alarm	{{tr:ui_text_replacements_localised_text_wh3_dlc29_complication_event_log_start}} [[col:red]]{{tr:chaotic_plan_tokens_name_wh3_dlc29_red_any_dark_elves_alarm}}[[/col]]\\n{{tr:chaotic_plan_tokens_description_wh3_dlc29_red_any_dark_elves_alarm}}	false
chaotic_plan_tokens_special_description_wh3_dlc29_red_any_felix	{{tr:ui_text_replacements_localised_text_wh3_dlc29_complication_event_log_start}} [[col:red]]{{tr:chaotic_plan_tokens_name_wh3_dlc29_red_any_felix}}[[/col]]\\n{{tr:chaotic_plan_tokens_description_wh3_dlc29_red_any_felix}}	false
chaotic_plan_tokens_special_description_wh3_dlc29_red_any_gotrek	{{tr:ui_text_replacements_localised_text_wh3_dlc29_complication_event_log_start}} [[col:red]]{{tr:chaotic_plan_tokens_name_wh3_dlc29_red_any_gotrek}}[[/col]]\\n{{tr:chaotic_plan_tokens_description_wh3_dlc29_red_any_gotrek}}	false
chaotic_plan_tokens_special_description_wh3_dlc29_red_any_greenskins_alarm	{{tr:ui_text_replacements_localised_text_wh3_dlc29_complication_event_log_start}} [[col:red]]{{tr:chaotic_plan_tokens_name_wh3_dlc29_red_any_greenskins_alarm}}[[/col]]\\n{{tr:chaotic_plan_tokens_description_wh3_dlc29_red_any_greenskins_alarm}}	false
chaotic_plan_tokens_special_description_wh3_dlc29_red_any_high_elves_alarm	{{tr:ui_text_replacements_localised_text_wh3_dlc29_complication_event_log_start}} [[col:red]]{{tr:chaotic_plan_tokens_name_wh3_dlc29_red_any_high_elves_alarm}}[[/col]]\\n{{tr:chaotic_plan_tokens_description_wh3_dlc29_red_any_high_elves_alarm}}	false
chaotic_plan_tokens_special_description_wh3_dlc29_red_any_high_elves_elites	{{tr:ui_text_replacements_localised_text_wh3_dlc29_complication_event_log_start}} [[col:red]]{{tr:chaotic_plan_tokens_name_wh3_dlc29_red_any_high_elves_elites}}[[/col]]\\n{{tr:chaotic_plan_tokens_description_wh3_dlc29_red_any_high_elves_elites}}	false
chaotic_plan_tokens_special_description_wh3_dlc29_red_any_kislev_alarm	{{tr:ui_text_replacements_localised_text_wh3_dlc29_complication_event_log_start}} [[col:red]]{{tr:chaotic_plan_tokens_name_wh3_dlc29_red_any_kislev_alarm}}[[/col]]\\n{{tr:chaotic_plan_tokens_description_wh3_dlc29_red_any_kislev_alarm}}	false
chaotic_plan_tokens_special_description_wh3_dlc29_red_any_lizardmen_alarm	{{tr:ui_text_replacements_localised_text_wh3_dlc29_complication_event_log_start}} [[col:red]]{{tr:chaotic_plan_tokens_name_wh3_dlc29_red_any_lizardmen_alarm}}[[/col]]\\n{{tr:chaotic_plan_tokens_description_wh3_dlc29_red_any_lizardmen_alarm}}	false
chaotic_plan_tokens_special_description_wh3_dlc29_red_any_norsca_alarm	{{tr:ui_text_replacements_localised_text_wh3_dlc29_complication_event_log_start}} [[col:red]]{{tr:chaotic_plan_tokens_name_wh3_dlc29_red_any_norsca_alarm}}[[/col]]\\n{{tr:chaotic_plan_tokens_description_wh3_dlc29_red_any_norsca_alarm}}	false
chaotic_plan_tokens_special_description_wh3_dlc29_red_any_nurgle_alarm	{{tr:ui_text_replacements_localised_text_wh3_dlc29_complication_event_log_start}} [[col:red]]{{tr:chaotic_plan_tokens_name_wh3_dlc29_red_any_nurgle_alarm}}[[/col]]\\n{{tr:chaotic_plan_tokens_description_wh3_dlc29_red_any_nurgle_alarm}}	false
chaotic_plan_tokens_special_description_wh3_dlc29_red_any_ogre_kingdoms_elites	{{tr:ui_text_replacements_localised_text_wh3_dlc29_complication_event_log_start}} [[col:red]]{{tr:chaotic_plan_tokens_name_wh3_dlc29_red_any_ogre_kingdoms_elites}}[[/col]]\\n{{tr:chaotic_plan_tokens_description_wh3_dlc29_red_any_ogre_kingdoms_elites}}	false
chaotic_plan_tokens_special_description_wh3_dlc29_red_any_ogre_kingdoms_hungry	{{tr:ui_text_replacements_localised_text_wh3_dlc29_complication_event_log_start}} [[col:red]]{{tr:chaotic_plan_tokens_name_wh3_dlc29_red_any_ogre_kingdoms_hungry}}[[/col]]\\n{{tr:chaotic_plan_tokens_description_wh3_dlc29_red_any_ogre_kingdoms_hungry}}	false
chaotic_plan_tokens_special_description_wh3_dlc29_red_any_ogre_kingdoms_hungry_elite	{{tr:ui_text_replacements_localised_text_wh3_dlc29_complication_event_log_start}} [[col:red]]{{tr:chaotic_plan_tokens_name_wh3_dlc29_red_any_ogre_kingdoms_hungry_elite}}[[/col]]\\n{{tr:chaotic_plan_tokens_description_wh3_dlc29_red_any_ogre_kingdoms_hungry_elite}}	false
chaotic_plan_tokens_special_description_wh3_dlc29_red_any_ogre_kingdoms_hungry_elite_pay		false
chaotic_plan_tokens_special_description_wh3_dlc29_red_any_ogre_kingdoms_hungry_elite_pay_generated	{{tr:ui_text_replacements_localised_text_wh3_dlc29_manipulation_event_log_start}}  [[col:yellow]]{{tr:chaotic_plan_tokens_name_wh3_dlc29_red_any_ogre_kingdoms_hungry_elite_pay_generated}}[[/col]]\\n{{tr:chaotic_plan_tokens_description_wh3_dlc29_red_any_ogre_kingdoms_hungry_elite_pay_generated}}	false
chaotic_plan_tokens_special_description_wh3_dlc29_red_any_ogre_kingdoms_hungry_pay		false
chaotic_plan_tokens_special_description_wh3_dlc29_red_any_ogre_kingdoms_hungry_pay_generated	{{tr:ui_text_replacements_localised_text_wh3_dlc29_manipulation_event_log_start}}  [[col:yellow]]{{tr:chaotic_plan_tokens_name_wh3_dlc29_red_any_ogre_kingdoms_hungry_pay_generated}}[[/col]]\\n{{tr:chaotic_plan_tokens_description_wh3_dlc29_red_any_ogre_kingdoms_hungry_pay_generated}}	false
chaotic_plan_tokens_special_description_wh3_dlc29_red_any_skaven_guards	{{tr:ui_text_replacements_localised_text_wh3_dlc29_complication_event_log_start}} [[col:red]]{{tr:chaotic_plan_tokens_name_wh3_dlc29_red_any_skaven_guards}}[[/col]]\\n{{tr:chaotic_plan_tokens_description_wh3_dlc29_red_any_skaven_guards}}	false
chaotic_plan_tokens_special_description_wh3_dlc29_red_any_skaven_haste	{{tr:ui_text_replacements_localised_text_wh3_dlc29_complication_event_log_start}} [[col:red]]{{tr:chaotic_plan_tokens_name_wh3_dlc29_red_any_skaven_haste}}[[/col]]\\n{{tr:chaotic_plan_tokens_description_wh3_dlc29_red_any_skaven_haste}}	false
chaotic_plan_tokens_special_description_wh3_dlc29_red_any_tomb_kings_alarm	{{tr:ui_text_replacements_localised_text_wh3_dlc29_complication_event_log_start}} [[col:red]]{{tr:chaotic_plan_tokens_name_wh3_dlc29_red_any_tomb_kings_alarm}}[[/col]]\\n{{tr:chaotic_plan_tokens_description_wh3_dlc29_red_any_tomb_kings_alarm}}	false
chaotic_plan_tokens_special_description_wh3_dlc29_red_economic_vault_1_generated_alarm	{{tr:ui_text_replacements_localised_text_wh3_dlc29_complication_event_log_start}} [[col:red]]{{tr:chaotic_plan_tokens_name_wh3_dlc29_red_economic_vault_1_generated_alarm}}[[/col]]\\n{{tr:chaotic_plan_tokens_description_wh3_dlc29_red_economic_vault_1_generated_alarm}}	false
chaotic_plan_tokens_special_description_wh3_dlc29_red_military_bretonnia_elites_1	{{tr:ui_text_replacements_localised_text_wh3_dlc29_complication_event_log_start}} [[col:red]]{{tr:chaotic_plan_tokens_name_wh3_dlc29_red_military_bretonnia_elites_1}}[[/col]]\\n{{tr:chaotic_plan_tokens_description_wh3_dlc29_red_military_bretonnia_elites_1}}	false
chaotic_plan_tokens_special_description_wh3_dlc29_red_military_bretonnia_guards	{{tr:ui_text_replacements_localised_text_wh3_dlc29_complication_event_log_start}} [[col:red]]{{tr:chaotic_plan_tokens_name_wh3_dlc29_red_military_bretonnia_guards}}[[/col]]\\n{{tr:chaotic_plan_tokens_description_wh3_dlc29_red_military_bretonnia_guards}}	false
chaotic_plan_tokens_special_description_wh3_dlc29_red_military_cathay_guards_2	{{tr:ui_text_replacements_localised_text_wh3_dlc29_complication_event_log_start}} [[col:red]]{{tr:chaotic_plan_tokens_name_wh3_dlc29_red_military_cathay_guards_2}}[[/col]]\\n{{tr:chaotic_plan_tokens_description_wh3_dlc29_red_military_cathay_guards_2}}	false
chaotic_plan_tokens_special_description_wh3_dlc29_red_military_chaos_dwarfs_guards_1	{{tr:ui_text_replacements_localised_text_wh3_dlc29_complication_event_log_start}} [[col:red]]{{tr:chaotic_plan_tokens_name_wh3_dlc29_red_military_chaos_dwarfs_guards_1}}[[/col]]\\n{{tr:chaotic_plan_tokens_description_wh3_dlc29_red_military_chaos_dwarfs_guards_1}}	false
chaotic_plan_tokens_special_description_wh3_dlc29_red_military_dark_elves_elites_1	{{tr:ui_text_replacements_localised_text_wh3_dlc29_complication_event_log_start}} [[col:red]]{{tr:chaotic_plan_tokens_name_wh3_dlc29_red_military_dark_elves_elites_1}}[[/col]]\\n{{tr:chaotic_plan_tokens_description_wh3_dlc29_red_military_dark_elves_elites_1}}	false
chaotic_plan_tokens_special_description_wh3_dlc29_red_military_dark_elves_guards	{{tr:ui_text_replacements_localised_text_wh3_dlc29_complication_event_log_start}} [[col:red]]{{tr:chaotic_plan_tokens_name_wh3_dlc29_red_military_dark_elves_guards}}[[/col]]\\n{{tr:chaotic_plan_tokens_description_wh3_dlc29_red_military_dark_elves_guards}}	false
chaotic_plan_tokens_special_description_wh3_dlc29_red_military_greenskins_guards_2	{{tr:ui_text_replacements_localised_text_wh3_dlc29_complication_event_log_start}} [[col:red]]{{tr:chaotic_plan_tokens_name_wh3_dlc29_red_military_greenskins_guards_2}}[[/col]]\\n{{tr:chaotic_plan_tokens_description_wh3_dlc29_red_military_greenskins_guards_2}}	false
chaotic_plan_tokens_special_description_wh3_dlc29_red_military_high_elves_guards_3	{{tr:ui_text_replacements_localised_text_wh3_dlc29_complication_event_log_start}} [[col:red]]{{tr:chaotic_plan_tokens_name_wh3_dlc29_red_military_high_elves_guards_3}}[[/col]]\\n{{tr:chaotic_plan_tokens_description_wh3_dlc29_red_military_high_elves_guards_3}}	false
chaotic_plan_tokens_special_description_wh3_dlc29_red_military_khorne_elites_2	{{tr:ui_text_replacements_localised_text_wh3_dlc29_complication_event_log_start}} [[col:red]]{{tr:chaotic_plan_tokens_name_wh3_dlc29_red_military_khorne_elites_2}}[[/col]]\\n{{tr:chaotic_plan_tokens_description_wh3_dlc29_red_military_khorne_elites_2}}	false
chaotic_plan_tokens_special_description_wh3_dlc29_red_military_kislev_guards	{{tr:ui_text_replacements_localised_text_wh3_dlc29_complication_event_log_start}} [[col:red]]{{tr:chaotic_plan_tokens_name_wh3_dlc29_red_military_kislev_guards}}[[/col]]\\n{{tr:chaotic_plan_tokens_description_wh3_dlc29_red_military_kislev_guards}}	false
chaotic_plan_tokens_special_description_wh3_dlc29_red_military_kislev_guards_3	{{tr:ui_text_replacements_localised_text_wh3_dlc29_complication_event_log_start}} [[col:red]]{{tr:chaotic_plan_tokens_name_wh3_dlc29_red_military_kislev_guards_3}}[[/col]]\\n{{tr:chaotic_plan_tokens_description_wh3_dlc29_red_military_kislev_guards_3}}	false
chaotic_plan_tokens_special_description_wh3_dlc29_red_military_lizardmen_elites_2	{{tr:ui_text_replacements_localised_text_wh3_dlc29_complication_event_log_start}} [[col:red]]{{tr:chaotic_plan_tokens_name_wh3_dlc29_red_military_lizardmen_elites_2}}[[/col]]\\n{{tr:chaotic_plan_tokens_description_wh3_dlc29_red_military_lizardmen_elites_2}}	false
chaotic_plan_tokens_special_description_wh3_dlc29_red_military_lizardmen_guards	{{tr:ui_text_replacements_localised_text_wh3_dlc29_complication_event_log_start}} [[col:red]]{{tr:chaotic_plan_tokens_name_wh3_dlc29_red_military_lizardmen_guards}}[[/col]]\\n{{tr:chaotic_plan_tokens_description_wh3_dlc29_red_military_lizardmen_guards}}	false
chaotic_plan_tokens_special_description_wh3_dlc29_red_military_norsca_guards_2	{{tr:ui_text_replacements_localised_text_wh3_dlc29_complication_event_log_start}} [[col:red]]{{tr:chaotic_plan_tokens_name_wh3_dlc29_red_military_norsca_guards_2}}[[/col]]\\n{{tr:chaotic_plan_tokens_description_wh3_dlc29_red_military_norsca_guards_2}}	false
chaotic_plan_tokens_special_description_wh3_dlc29_red_military_nurgle_guards_3	{{tr:ui_text_replacements_localised_text_wh3_dlc29_complication_event_log_start}} [[col:red]]{{tr:chaotic_plan_tokens_name_wh3_dlc29_red_military_nurgle_guards_3}}[[/col]]\\n{{tr:chaotic_plan_tokens_description_wh3_dlc29_red_military_nurgle_guards_3}}	false
chaotic_plan_tokens_special_description_wh3_dlc29_red_military_slaanesh_guards	{{tr:ui_text_replacements_localised_text_wh3_dlc29_complication_event_log_start}} [[col:red]]{{tr:chaotic_plan_tokens_name_wh3_dlc29_red_military_slaanesh_guards}}[[/col]]\\n{{tr:chaotic_plan_tokens_description_wh3_dlc29_red_military_slaanesh_guards}}	false
chaotic_plan_tokens_special_description_wh3_dlc29_red_military_undead_legions_guards	{{tr:ui_text_replacements_localised_text_wh3_dlc29_complication_event_log_start}} [[col:red]]{{tr:chaotic_plan_tokens_name_wh3_dlc29_red_military_undead_legions_guards}}[[/col]]\\n{{tr:chaotic_plan_tokens_description_wh3_dlc29_red_military_undead_legions_guards}}	false
chaotic_plan_tokens_special_description_wh3_dlc29_red_military_vampire_pay_to_reduce_alarm	{{tr:ui_text_replacements_localised_text_wh3_dlc29_complication_event_log_start}} [[col:red]]{{tr:chaotic_plan_tokens_name_wh3_dlc29_red_military_vampire_pay_to_reduce_alarm}}[[/col]]\\n{{tr:chaotic_plan_tokens_description_wh3_dlc29_red_military_vampire_pay_to_reduce_alarm}}	false
chaotic_plan_tokens_special_description_wh3_dlc29_red_military_vampire_pay_to_reduce_alarm_elite	{{tr:ui_text_replacements_localised_text_wh3_dlc29_complication_event_log_start}} [[col:red]]{{tr:chaotic_plan_tokens_name_wh3_dlc29_red_military_vampire_pay_to_reduce_alarm_elite}}[[/col]]\\n{{tr:chaotic_plan_tokens_description_wh3_dlc29_red_military_vampire_pay_to_reduce_alarm_elite}}	false
chaotic_plan_tokens_special_description_wh3_dlc29_red_military_wood_elves_guards	{{tr:ui_text_replacements_localised_text_wh3_dlc29_complication_event_log_start}} [[col:red]]{{tr:chaotic_plan_tokens_name_wh3_dlc29_red_military_wood_elves_guards}}[[/col]]\\n{{tr:chaotic_plan_tokens_description_wh3_dlc29_red_military_wood_elves_guards}}	false
chaotic_plan_tokens_special_description_wh3_dlc29_skv_final_battle_support_eshin		false
chaotic_plan_tokens_special_description_wh3_dlc29_skv_final_battle_support_mors		false
chaotic_plan_tokens_special_description_wh3_dlc29_skv_final_battle_support_moulder		false
chaotic_plan_tokens_special_description_wh3_dlc29_skv_final_battle_support_pestilens		false
chaotic_plan_tokens_special_description_wh3_dlc29_skv_final_battle_support_rictus		false
chaotic_plan_tokens_special_description_wh3_dlc29_skv_final_battle_support_skryre		false
chaotic_plan_tokens_special_description_wh3_dlc29_skv_red_teleport_daemon_lord	{{tr:ui_text_replacements_localised_text_wh3_dlc29_complication_event_log_start}} [[col:red]]{{tr:chaotic_plan_tokens_name_wh3_dlc29_skv_red_teleport_daemon_lord}}[[/col]]\\n{{tr:chaotic_plan_tokens_description_wh3_dlc29_skv_red_teleport_daemon_lord}}	false
chaotic_plan_tokens_special_description_wh3_dlc29_yellow_military_vampire_pay_to_reduce_alarm_action_generated	{{tr:ui_text_replacements_localised_text_wh3_dlc29_manipulation_event_log_start}}  [[col:yellow]]{{tr:chaotic_plan_tokens_name_wh3_dlc29_yellow_military_vampire_pay_to_reduce_alarm_action_generated}}[[/col]]\\n{{tr:chaotic_plan_tokens_description_wh3_dlc29_yellow_military_vampire_pay_to_reduce_alarm_action_generated}}	false
chaotic_plan_tokens_special_description_wh3_dlc29_yellow_military_vampire_pay_to_reduce_alarm_elite_action_generated	{{tr:ui_text_replacements_localised_text_wh3_dlc29_manipulation_event_log_start}}  [[col:yellow]]{{tr:chaotic_plan_tokens_name_wh3_dlc29_yellow_military_vampire_pay_to_reduce_alarm_elite_action_generated}}[[/col]]\\n{{tr:chaotic_plan_tokens_description_wh3_dlc29_yellow_military_vampire_pay_to_reduce_alarm_elite_action_generated}}	false
