key	text	tooltip
#Loc;1;text/db/effects_additional_tooltip_details__.loc		
effects_additional_tooltip_details_localised_description_building_upkeep	This amount will be deducted from your {{tr:treasury}} each turn while this building exists.	false
effects_additional_tooltip_details_localised_description_wh2_dlc09_effect_book_vampire_units	Access to the following units:\\n[[img:bullet_point_white]]Hexwraiths\\n[[img:bullet_point_white]]Cairn Wraiths\\n[[img:bullet_point_white]]Spirit Host\\n[[img:bullet_point_white]]Crypt Ghouls\\n[[img:bullet_point_white]]Crypt Horrors\\n[[img:bullet_point_white]]Dire Wolves\\n[[img:bullet_point_white]]Fell Bats\\n[[img:bullet_point_white]]Morghast Archai\\n[[img:bullet_point_white]]Morghast Harbingers	false
effects_additional_tooltip_details_localised_description_wh2_dlc09_effect_force_own_campaign_movement_range_province	{{tr:campaign_movement_range_additional_tooltip}}	false
effects_additional_tooltip_details_localised_description_wh2_dlc09_effect_replenishment_tmb_structures	{{tr:replenishment_additional_tooltip}}	false
effects_additional_tooltip_details_localised_description_wh2_dlc09_effect_replenishment_tmb_tomb_guard	{{tr:replenishment_additional_tooltip}}	false
effects_additional_tooltip_details_localised_description_wh2_dlc09_effect_replenishment_tomb_guard_chariots	{{tr:replenishment_additional_tooltip}}	false
effects_additional_tooltip_details_localised_description_wh2_dlc11_effect_agent_action_hinder_settlement_establish_pirate_cove_buff	[[col:yellow]]{{tr:agent_action_name_establish_pirate_cove}}[[/col]] (Target: Settlement)\\nEstablishes a Pirate Cove in the target settlement.	false
effects_additional_tooltip_details_localised_description_wh2_dlc11_effect_force_all_enemy_campaign_replenishment_rate	{{tr:replenishment_additional_tooltip}}	false
effects_additional_tooltip_details_localised_description_wh2_dlc11_effect_force_flagellants_campaign_replenishment_rate	{{tr:replenishment_additional_tooltip}}	false
effects_additional_tooltip_details_localised_description_wh2_dlc11_effect_force_slayer_campaign_replenishment_rate	{{tr:replenishment_additional_tooltip}}	false
effects_additional_tooltip_details_localised_description_wh2_dlc11_effect_unit_all_zombie_infantry_campaign_replenishment_rate	{{tr:replenishment_additional_tooltip}}	false
effects_additional_tooltip_details_localised_description_wh2_dlc12_effect_agent_action_enable_kroak_hinder_settlement_lord_kroak_colossal_deliverance	[[col:yellow]]{{tr:agent_action_name_colossal_deliverance}}[[/col]] (Target: Settlement)\\nDamages the walls of the target settlement.	false
effects_additional_tooltip_details_localised_description_wh2_dlc12_effect_agent_action_enable_kroak_hinder_settlement_lord_kroak_colossal_deliverance_cooldown_dummy	[[col:yellow]]{{tr:agent_action_name_colossal_deliverance}}[[/col]] (Target: Settlement)\\nDamages the walls of the target settlement.	false
effects_additional_tooltip_details_localised_description_wh2_dlc12_effect_agent_action_enable_kroak_hinder_settlement_lord_kroak_ultimate_deliverance	[[col:yellow]]{{tr:agent_action_name_ultimate_deliverance}}[[/col]] (Target: Settlement)\\nDamages the walls, buildings, and lowers the settlement level of the target settlement.	false
effects_additional_tooltip_details_localised_description_wh2_dlc12_effect_force_redcrested_skink_ark_of_sotek_campaign_replenishment_rate	{{tr:replenishment_additional_tooltip}}	false
effects_additional_tooltip_details_localised_description_wh2_dlc12_effect_force_terradon_ripperdactyl_campaign_replenishment_rate	{{tr:replenishment_additional_tooltip}}	false
effects_additional_tooltip_details_localised_description_wh2_dlc15_effect_character_stat_scorching_attacks	Flammable attacks reduce the enemy's fire resistance.	false
effects_additional_tooltip_details_localised_description_wh2_dlc15_effect_replenishment_rate_goblins	{{tr:replenishment_additional_tooltip}}	false
effects_additional_tooltip_details_localised_description_wh2_dlc15_enable_inflammable_attacks	{{tr:effects_additional_tooltip_details_localised_description_wh2_dlc15_effect_character_stat_scorching_attacks}}	false
effects_additional_tooltip_details_localised_description_wh2_dlc16_effect_ability_enable_spot_units_hiding_in_forest	Forest Spotting\\nEnemy units are unable to hide from this unit while in a forest.	false
effects_additional_tooltip_details_localised_description_wh2_dlc16_effect_agent_action_enable_wizard_hinder_settlement_ariel	[[col:yellow]]{{tr:agent_action_name_natures_wrath}}[[/col]] (Target: Settlement)\\nDamages the walls, buildings, and lowers the settlement level of the target settlement.	false
effects_additional_tooltip_details_localised_description_wh2_dlc16_effect_replenishment_dryads	{{tr:replenishment_additional_tooltip}}	false
effects_additional_tooltip_details_localised_description_wh2_dlc16_effect_replenishment_orcs	{{tr:replenishment_additional_tooltip}}	false
effects_additional_tooltip_details_localised_description_wh2_dlc16_effect_replenishment_tree_spirits	{{tr:replenishment_additional_tooltip}}	false
effects_additional_tooltip_details_localised_description_wh2_dlc16_skv_effect_force_replenishment_rate_moulder	{{tr:replenishment_additional_tooltip}}	false
effects_additional_tooltip_details_localised_description_wh2_dlc17_effect_agent_action_enable_runesmith_assist_army_harden_armour	[[col:yellow]]Harden Armour[[/col]] (Assist Army)\\nIncreases the armour of units in the parent army.	false
effects_additional_tooltip_details_localised_description_wh2_dlc17_effect_agent_action_enable_runesmith_assist_army_sharpen_weapons	[[col:yellow]]Sharpen Weapons[[/col]] (Assist Army)\\nIncreases the missile and melee damage of the parent army.	false
effects_additional_tooltip_details_localised_description_wh2_dlc17_effect_projectile_poison_daemonbane	"Daemonbane" projectiles become magical and anti-large, and will home in on targets	false
effects_additional_tooltip_details_localised_description_wh2_dlc17_effect_projectile_poison_fireblood	"Fireblood Toxin" projectiles explode on impact and reduce enemy armour	false
effects_additional_tooltip_details_localised_description_wh2_dlc17_effect_projectile_poison_slow_death	"Slow Death" projectiles will deal additional damage over time and extra damage to low-health units, and are particularly effective against single entities	false
effects_additional_tooltip_details_localised_description_wh2_dlc17_effect_projectile_poison_toadskin	"Toadskin Essence" projectiles will deal additional damage to infantry and reduce their morale	false
effects_additional_tooltip_details_localised_description_wh2_dlc17_effect_taurox_river_of_blood_bonus_dummy	"River of Blood" applies regional effects that decrease [[img:icon_morale]][[/img]]leadership for non-Chaos races, increase [[img:icon_morale]][[/img]]leadership for Chaos races, and increase [[img:icon_corruption_chs]][[/img]]Chaos corruption. Stacks up to three times.	false
effects_additional_tooltip_details_localised_description_wh2_dlc17_effect_taurox_river_of_blood_dummy	"River of Blood" applies regional effects that decrease [[img:icon_morale]][[/img]]leadership for non-Chaos races, increase [[img:icon_morale]][[/img]]leadership for Chaos races, and increase [[img:icon_corruption_chs]][[/img]]Chaos corruption. Stacks up to three times.	false
effects_additional_tooltip_details_localised_description_wh2_main_effect_agent_action_assist_army_increase_mobility_buff	[[col:yellow]]{{tr:agent_action_name_increase_mobility}}[[/col]] (Assist Army)\\nIncreases the campaign movement range of the parent army.	false
effects_additional_tooltip_details_localised_description_wh2_main_effect_agent_action_assist_army_replenish_troops_buff	[[col:yellow]]{{tr:agent_action_name_replenish_troops}}[[/col]] (Assist Army)\\nIncreases replenishment of the parent army.	false
effects_additional_tooltip_details_localised_description_wh2_main_effect_agent_action_assist_army_scavenge_buff	[[col:yellow]]{{tr:agent_action_name_scavenge}}[[/col]] (Assist Army)\\nIncreases the {{tr:icon_income}}income of post-battle loot earned by the parent army.	false
effects_additional_tooltip_details_localised_description_wh2_main_effect_agent_action_assist_army_scouting_buff	[[col:yellow]]{{tr:agent_action_name_scouting}}[[/col]] (Assist Army)\\nIncreases the parent army's chance of finding a magic item after winning a battle.	false
effects_additional_tooltip_details_localised_description_wh2_main_effect_agent_action_assist_army_training_buff	[[col:yellow]]{{tr:agent_action_name_training}}[[/col]] (Assist Army)\\nIncreases experience gain for units serving in the parent army.	false
effects_additional_tooltip_details_localised_description_wh2_main_effect_agent_action_hinder_agent_assassinate_buff	[[col:yellow]]{{tr:agent_action_name_assassinate}}[[/col]] (Target: Hero)\\nKills the target [[img:icon_hero]][[/img]]Hero.	false
effects_additional_tooltip_details_localised_description_wh2_main_effect_agent_action_hinder_agent_wound_buff	[[col:yellow]]{{tr:agent_action_name_wound}}[[/col]] (Target: Hero)\\nWounds the target [[img:icon_hero]][[/img]]Hero.	false
effects_additional_tooltip_details_localised_description_wh2_main_effect_agent_action_hinder_army_assault_unit_buff	[[col:yellow]]{{tr:agent_action_name_assault_unit}}[[/col]] (Target: Army)\\nInflicts damage upon a unit in the target army.	false
effects_additional_tooltip_details_localised_description_wh2_main_effect_agent_action_hinder_army_assault_units_buff	[[col:yellow]]{{tr:agent_action_name_assault_units}}[[/col]] (Target: Army)\\nInflicts damage upon all units in the target army.	false
effects_additional_tooltip_details_localised_description_wh2_main_effect_agent_action_hinder_army_block_army_buff	[[col:yellow]]{{tr:agent_action_name_block_army}}[[/col]] (Target: Army)\\nModifies the campaign movement range of the target army.	false
effects_additional_tooltip_details_localised_description_wh2_main_effect_agent_action_hinder_army_hinder_replenishment_buff	[[col:yellow]]{{tr:agent_action_name_hinder_replenishment}}[[/col]] (Target: Army)\\nModifies the replenishment of the target army.	false
effects_additional_tooltip_details_localised_description_wh2_main_effect_agent_action_hinder_settlement_assault_garrison_buff	[[col:yellow]]{{tr:agent_action_name_assault_garrison}}[[/col]] (Target: Settlement)\\nInflicts damage upon the garrison of the target settlement.	false
effects_additional_tooltip_details_localised_description_wh2_main_effect_agent_action_hinder_settlement_damage_building_buff	[[col:yellow]]{{tr:agent_action_name_damage_building}}[[/col]] (Target: Settlement)\\nInflicts damage upon a building in the target settlement.	false
effects_additional_tooltip_details_localised_description_wh2_main_effect_agent_action_hinder_settlement_damage_walls_buff	[[col:yellow]]{{tr:agent_action_name_damage_walls}}[[/col]] (Target: Settlement)\\nDamages the walls of the target settlement.	false
effects_additional_tooltip_details_localised_description_wh2_main_effect_agent_action_hinder_settlement_gain_influence_buff	[[col:yellow]]{{tr:agent_action_name_gain_influence}}[[/col]] (Target: Settlement)\\nGains [[img:icon_influence]][[/img]]influence.	false
effects_additional_tooltip_details_localised_description_wh2_main_effect_agent_action_hinder_settlement_steal_technology_buff	[[col:yellow]]{{tr:agent_action_name_steal_technology}}[[/col]] (Target: Settlement)\\nIncreases research rate for 3 turns.	false
effects_additional_tooltip_details_localised_description_wh2_main_effect_agent_action_passive_boost_income_buff	[[col:yellow]]{{tr:agent_action_name_boost_income}}[[/col]] (Constant Local Effect)\\nIncreases the income generated by buildings in the local province (reduces in enemy provinces).	false
effects_additional_tooltip_details_localised_description_wh2_main_effect_agent_action_passive_increase_slave_income_buff	[[col:yellow]]{{tr:agent_action_name_increase_slave_income}}[[/col]] (Constant Local Effect)\\nGenerates [[img:icon_slaves]][[/img]]slaves.	false
effects_additional_tooltip_details_localised_description_wh2_main_effect_agent_action_passive_increase_trade_buff	[[col:yellow]]{{tr:agent_action_name_increase_trade}}[[/col]] (Constant Local Effect)\\nIncreases tradable resources produced in the local province.	false
effects_additional_tooltip_details_localised_description_wh2_main_effect_agent_action_passive_spread_corruption_buff	[[col:yellow]]{{tr:agent_action_name_cleanse_corruption}}[[/col]] (Constant Local Effect)\\nReduces the amount of [[img:icon_corruption_untainted]][[/img]]corruption in the local province.	false
effects_additional_tooltip_details_localised_description_wh2_main_effect_agent_action_passive_spread_corruption_buff_chs	[[col:yellow]]{{tr:agent_action_name_spread_corruption}}[[/col]] (Constant Local Effect)\\nIncreases the amount of [[img:icon_corruption_chs]][[/img]]Chaos corruption in the local province.	false
effects_additional_tooltip_details_localised_description_wh2_main_effect_agent_action_passive_spread_corruption_buff_kho	[[col:yellow]]{{tr:agent_action_name_spread_corruption}}[[/col]] (Constant Local Effect)\\nIncreases the amount of [[img:icon_corruption_kho]][[/img]]Khorne corruption in the local province.	false
effects_additional_tooltip_details_localised_description_wh2_main_effect_agent_action_passive_spread_corruption_buff_nur	[[col:yellow]]{{tr:agent_action_name_spread_corruption}}[[/col]] (Constant Local Effect)\\nIncreases the amount of [[img:icon_corruption_nur][[/img]]Nurgle corruption in the local province.	false
effects_additional_tooltip_details_localised_description_wh2_main_effect_agent_action_passive_spread_corruption_buff_skv	[[col:yellow]]{{tr:agent_action_name_spread_corruption}}[[/col]] (Constant Local Effect)\\nIncreases the amount of [[img:icon_corruption_skv]][[/img]]Skaven corruption in the local province.	false
effects_additional_tooltip_details_localised_description_wh2_main_effect_agent_action_passive_spread_corruption_buff_sla	[[col:yellow]]{{tr:agent_action_name_spread_corruption}}[[/col]] (Constant Local Effect)\\nIncreases the amount of [[img:icon_corruption_sla]][[/img]]Slaanesh corruption in the local province.	false
effects_additional_tooltip_details_localised_description_wh2_main_effect_agent_action_passive_spread_corruption_buff_tze	[[col:yellow]]{{tr:agent_action_name_spread_corruption}}[[/col]] (Constant Local Effect)\\nIncreases the amount of [[img:icon_corruption_tze]][[/img]]Tzeentch corruption in the local province.	false
effects_additional_tooltip_details_localised_description_wh2_main_effect_agent_action_passive_spread_corruption_buff_vmp	[[col:yellow]]{{tr:agent_action_name_spread_corruption}}[[/col]] (Constant Local Effect)\\nIncreases the amount of [[img:icon_corruption_vmp]][[/img]]Vampiric corruption in the local province.	false
effects_additional_tooltip_details_localised_description_wh2_main_effect_agent_action_passive_spread_public_order_buff	[[col:yellow]]{{tr:agent_action_name_spread_public_order}}[[/col]] (Constant Local Effect)\\nIncreases {{tr:hp_campaign_public_order_term}} in the local province (reduces in enemy provinces).	false
effects_additional_tooltip_details_localised_description_wh2_main_effect_agent_action_passive_spread_public_order_horde_buff	[[col:yellow]]{{tr:agent_action_name_spread_public_order}}[[/col]] (Constant Local Effect)\\nReduces {{tr:hp_campaign_public_order_term}} in the local province.	false
effects_additional_tooltip_details_localised_description_wh2_main_effect_agent_action_passive_stimulate_growth_buff	[[col:yellow]]{{tr:agent_action_name_stimulate_growth}}[[/col]] (Constant Local Effect)\\nIncreases growth in the local province (reduces in enemy provinces).	false
effects_additional_tooltip_details_localised_description_wh2_main_effect_army_movement_up_dummy	{{tr:campaign_movement_range_additional_tooltip}}	false
effects_additional_tooltip_details_localised_description_wh2_main_effect_blark_soi_replenishment	{{tr:replenishment_additional_tooltip}}	false
effects_additional_tooltip_details_localised_description_wh2_main_effect_force_enemy_campaign_movement_range	{{tr:campaign_movement_range_additional_tooltip}}	false
effects_additional_tooltip_details_localised_description_wh2_main_effect_force_own_campaign_movement_range	{{tr:campaign_movement_range_additional_tooltip}}	false
effects_additional_tooltip_details_localised_description_wh2_main_effect_replenishment_lords	{{tr:replenishment_additional_tooltip}}	false
effects_additional_tooltip_details_localised_description_wh2_twa01_effect_enable_mount_spider_shrine	[[col:yellow]]Catchweb Spidershrine[[/col]]\\nThis mount provides decreased Winds of Magic costs for spells and cooldown reduction.	false
effects_additional_tooltip_details_localised_description_wh3_cp1_effect_agent_action_enable_gate_master_assist_army_alchemical_hardening	[[col:yellow]]{{tr:character_skills_localised_name_wh3_cp1_skill_cth_alchemist_army_alchemical_hardening}}[[/col]] (Assist Army)\\nIncreases the armour of units in the parent army.	false
effects_additional_tooltip_details_localised_description_wh3_cp1_effect_agent_action_enable_gate_master_assist_army_gifted_logistician	[[col:yellow]]{{tr:character_skills_localised_name_wh3_cp1_skill_cth_gate_master_unique_gifted_logistician}}[[/col]] (Assist Army)\\nIncreases the ammunition of units in the parent army.	false
effects_additional_tooltip_details_localised_description_wh3_cp1_effect_agent_action_enable_gate_master_assist_army_matalurgic_refining	[[col:yellow]]{{tr:character_skills_localised_name_wh3_cp1_skill_cth_alchemist_army_metallurgic_refining}}[[/col]] (Assist Army)\\nIncreases the weapon strength of units in the parent army.	false
effects_additional_tooltip_details_localised_description_wh3_cp1_effect_agent_action_enable_gate_master_assist_army_preparedness_drills	[[col:yellow]]{{tr:character_skills_localised_name_wh3_cp1_skill_cth_gate_master_unique_preparedness_drills}}[[/col]] (Assist Army)\\nIncreases the defence of units in the parent army.	false
effects_additional_tooltip_details_localised_description_wh3_cp1_effect_bhashiva_building_tiger_warrior_reinforcement	A small force of Tiger Warriors will join your side in any non-siege battles fought within this region. The additional force is disbanded after the end of the battle, regardless of outcome.	false
effects_additional_tooltip_details_localised_description_wh3_cp1_effect_ritual_enable_cth_tiger_court_kamau	Target enemy [[img:icon_army]][[//img]]army in the local region:\\n[[img:bullet_point]][[//img]]Receives a 50% penalty to [[img:icon_effect_campaign_movement]][[//img]]Campaign movement range\\n[[img:bullet_point]][[//img]]Can't Retreat from battle\\n[[img:bullet_point]][[//img]]Enters battle Winded\\n[[img:bullet_point]][[//img]]Reinforcement time the army is increased by 50%	false
effects_additional_tooltip_details_localised_description_wh3_cp1_effect_ritual_enable_cth_tiger_court_thousand_gods	Target enemy [[img:icon_army]][[//img]]army in the local region:\\n[[img:bullet_point]][[//img]]Army is stripped of all [[img:icon_resistance_magic]][[//img]]Spell resistance\\n[[img:bullet_point]][[//img]]Casters in the army receive Attribute: Silenced	false
effects_additional_tooltip_details_localised_description_wh3_cp1_effect_ritual_enable_cth_tiger_court_white_tiger	Target own [[img:icon_army]][[//img]]army in the local region:\\n[[img:bullet_point]][[//img]]All units gain Passive ability: "Regeneration"\\n[[img:bullet_point]][[//img]]Battle healing cap increased by 50%	false
effects_additional_tooltip_details_localised_description_wh3_cp1_unit_stat_bonus_morale	{{tr:effects_additional_tooltip_details_localised_description_wh3_dlc24_unit_stat_bonus_defence}}	false
effects_additional_tooltip_details_localised_description_wh3_dlc20_effect_char_upgrade_xp_loss_mod_khorne_scripted	{{tr:path_to_glory_effect_extra_tooltip}}	false
effects_additional_tooltip_details_localised_description_wh3_dlc20_effect_char_upgrade_xp_loss_mod_nurgle_scripted	{{tr:path_to_glory_effect_extra_tooltip}}	false
effects_additional_tooltip_details_localised_description_wh3_dlc20_effect_char_upgrade_xp_loss_mod_slaanesh_scripted	{{tr:path_to_glory_effect_extra_tooltip}}	false
effects_additional_tooltip_details_localised_description_wh3_dlc20_effect_char_upgrade_xp_loss_mod_tzeentch_scripted	{{tr:path_to_glory_effect_extra_tooltip}}	false
effects_additional_tooltip_details_localised_description_wh3_dlc20_effect_character_ascension_mod_all_daemon_prince	{{tr:path_to_glory_effect_extra_tooltip}}	false
effects_additional_tooltip_details_localised_description_wh3_dlc20_effect_character_ascension_mod_kho_daemon_prince	{{tr:path_to_glory_effect_extra_tooltip}}	false
effects_additional_tooltip_details_localised_description_wh3_dlc20_effect_character_ascension_mod_nur_daemon_prince	{{tr:path_to_glory_effect_extra_tooltip}}	false
effects_additional_tooltip_details_localised_description_wh3_dlc20_effect_character_ascension_mod_sla_daemon_prince	{{tr:path_to_glory_effect_extra_tooltip}}	false
effects_additional_tooltip_details_localised_description_wh3_dlc20_effect_character_ascension_mod_tze_daemon_prince	{{tr:path_to_glory_effect_extra_tooltip}}	false
effects_additional_tooltip_details_localised_description_wh3_dlc20_effect_character_ascension_mod_und_daemon_prince	{{tr:path_to_glory_effect_extra_tooltip}}	false
effects_additional_tooltip_details_localised_description_wh3_dlc20_effect_chs_gift_cap_mod_all	{{tr:gift_effect_extra_tooltip}}	false
effects_additional_tooltip_details_localised_description_wh3_dlc20_effect_chs_gift_cap_mod_kho	{{tr:gift_effect_extra_tooltip}}	false
effects_additional_tooltip_details_localised_description_wh3_dlc20_effect_chs_gift_cap_mod_nur	{{tr:gift_effect_extra_tooltip}}	false
effects_additional_tooltip_details_localised_description_wh3_dlc20_effect_chs_gift_cap_mod_sla	{{tr:gift_effect_extra_tooltip}}	false
effects_additional_tooltip_details_localised_description_wh3_dlc20_effect_chs_gift_cap_mod_tze	{{tr:gift_effect_extra_tooltip}}	false
effects_additional_tooltip_details_localised_description_wh3_dlc20_effect_chs_gift_cap_mod_und	{{tr:gift_effect_extra_tooltip}}	false
effects_additional_tooltip_details_localised_description_wh3_dlc20_effect_chs_souls_on_plague_spread	{{tr:souls_effect_extra_tooltip}}	false
effects_additional_tooltip_details_localised_description_wh3_dlc20_effect_force_replenishment_rate_chaos_warhounds_all	{{tr:replenishment_additional_tooltip}}	false
effects_additional_tooltip_details_localised_description_wh3_dlc20_effect_force_replenishment_rate_khorne_marked_daemon_units	{{tr:replenishment_additional_tooltip}}	false
effects_additional_tooltip_details_localised_description_wh3_dlc20_effect_force_replenishment_rate_nurgle_marked_daemon_units	{{tr:replenishment_additional_tooltip}}	false
effects_additional_tooltip_details_localised_description_wh3_dlc20_effect_force_replenishment_rate_slaanesh_marked_daemon_units	{{tr:replenishment_additional_tooltip}}	false
effects_additional_tooltip_details_localised_description_wh3_dlc20_effect_force_replenishment_rate_tzeentch_marked_daemon_units	{{tr:replenishment_additional_tooltip}}	false
effects_additional_tooltip_details_localised_description_wh3_dlc20_effect_force_replenishment_rate_unmarked_units	{{tr:replenishment_additional_tooltip}}	false
effects_additional_tooltip_details_localised_description_wh3_dlc20_effect_initiative_cost_reduction_mark_of_khorne	{{tr:path_to_glory_effect_extra_tooltip}}	false
effects_additional_tooltip_details_localised_description_wh3_dlc20_effect_initiative_cost_reduction_mark_of_nurgle	{{tr:path_to_glory_effect_extra_tooltip}}	false
effects_additional_tooltip_details_localised_description_wh3_dlc20_effect_initiative_cost_reduction_mark_of_slaanesh	{{tr:path_to_glory_effect_extra_tooltip}}	false
effects_additional_tooltip_details_localised_description_wh3_dlc20_effect_initiative_cost_reduction_mark_of_tzeentch	{{tr:path_to_glory_effect_extra_tooltip}}	false
effects_additional_tooltip_details_localised_description_wh3_dlc20_effect_initiative_upgrade_all_kho_authority_dummy	{{tr:gift_effect_extra_tooltip}}	false
effects_additional_tooltip_details_localised_description_wh3_dlc20_effect_initiative_upgrade_all_kho_corruption_dummy	{{tr:gift_effect_extra_tooltip}}	false
effects_additional_tooltip_details_localised_description_wh3_dlc20_effect_initiative_upgrade_all_kho_diplomacy_dummy	{{tr:gift_effect_extra_tooltip}}	false
effects_additional_tooltip_details_localised_description_wh3_dlc20_effect_initiative_upgrade_all_kho_weapon_strength_dummy	{{tr:gift_effect_extra_tooltip}}	false
effects_additional_tooltip_details_localised_description_wh3_dlc20_effect_initiative_upgrade_all_nur_authority_dummy	{{tr:gift_effect_extra_tooltip}}	false
effects_additional_tooltip_details_localised_description_wh3_dlc20_effect_initiative_upgrade_all_nur_corruption_dummy	{{tr:gift_effect_extra_tooltip}}	false
effects_additional_tooltip_details_localised_description_wh3_dlc20_effect_initiative_upgrade_all_nur_diplomacy_dummy	{{tr:gift_effect_extra_tooltip}}	false
effects_additional_tooltip_details_localised_description_wh3_dlc20_effect_initiative_upgrade_all_nur_healing_dummy	{{tr:gift_effect_extra_tooltip}}	false
effects_additional_tooltip_details_localised_description_wh3_dlc20_effect_initiative_upgrade_all_sla_authority_dummy	{{tr:gift_effect_extra_tooltip}}	false
effects_additional_tooltip_details_localised_description_wh3_dlc20_effect_initiative_upgrade_all_sla_corruption_dummy	{{tr:gift_effect_extra_tooltip}}	false
effects_additional_tooltip_details_localised_description_wh3_dlc20_effect_initiative_upgrade_all_sla_diplomacy_dummy	{{tr:gift_effect_extra_tooltip}}	false
effects_additional_tooltip_details_localised_description_wh3_dlc20_effect_initiative_upgrade_all_sla_speed_dummy	{{tr:gift_effect_extra_tooltip}}	false
effects_additional_tooltip_details_localised_description_wh3_dlc20_effect_initiative_upgrade_all_tze_authority_dummy	{{tr:gift_effect_extra_tooltip}}	false
effects_additional_tooltip_details_localised_description_wh3_dlc20_effect_initiative_upgrade_all_tze_corruption_dummy	{{tr:gift_effect_extra_tooltip}}	false
effects_additional_tooltip_details_localised_description_wh3_dlc20_effect_initiative_upgrade_all_tze_diplomacy_dummy	{{tr:gift_effect_extra_tooltip}}	false
effects_additional_tooltip_details_localised_description_wh3_dlc20_effect_initiative_upgrade_all_tze_physical_resist_dummy	{{tr:gift_effect_extra_tooltip}}	false
effects_additional_tooltip_details_localised_description_wh3_dlc20_effect_initiative_upgrade_all_und_corruption_dummy	{{tr:gift_effect_extra_tooltip}}	false
effects_additional_tooltip_details_localised_description_wh3_dlc20_effect_initiative_upgrade_all_und_diplomacy_dummy	{{tr:gift_effect_extra_tooltip}}	false
effects_additional_tooltip_details_localised_description_wh3_dlc20_effect_pooled_resource_mod_chs_authority_khorne_character	{{tr:authority_effect_extra_tooltip}}	false
effects_additional_tooltip_details_localised_description_wh3_dlc20_effect_pooled_resource_mod_chs_authority_khorne_faction	{{tr:authority_effect_extra_tooltip}}	false
effects_additional_tooltip_details_localised_description_wh3_dlc20_effect_pooled_resource_mod_chs_authority_nurgle_character	{{tr:authority_effect_extra_tooltip}}	false
effects_additional_tooltip_details_localised_description_wh3_dlc20_effect_pooled_resource_mod_chs_authority_nurgle_faction	{{tr:authority_effect_extra_tooltip}}	false
effects_additional_tooltip_details_localised_description_wh3_dlc20_effect_pooled_resource_mod_chs_authority_slaanesh_character	{{tr:authority_effect_extra_tooltip}}	false
effects_additional_tooltip_details_localised_description_wh3_dlc20_effect_pooled_resource_mod_chs_authority_slaanesh_faction	{{tr:authority_effect_extra_tooltip}}	false
effects_additional_tooltip_details_localised_description_wh3_dlc20_effect_pooled_resource_mod_chs_authority_tzeentch_character	{{tr:authority_effect_extra_tooltip}}	false
effects_additional_tooltip_details_localised_description_wh3_dlc20_effect_pooled_resource_mod_chs_authority_tzeentch_faction	{{tr:authority_effect_extra_tooltip}}	false
effects_additional_tooltip_details_localised_description_wh3_dlc20_effect_pooled_resource_mod_chs_authority_undivided_character	{{tr:authority_effect_extra_tooltip}}	false
effects_additional_tooltip_details_localised_description_wh3_dlc20_effect_pooled_resource_mod_chs_authority_undivided_faction	{{tr:authority_effect_extra_tooltip}}	false
effects_additional_tooltip_details_localised_description_wh3_dlc20_effect_pooled_resource_mod_souls_battle	{{tr:souls_effect_extra_tooltip}}	false
effects_additional_tooltip_details_localised_description_wh3_dlc20_effect_replenishment_rate_marauder_horsemen_all	{{tr:replenishment_additional_tooltip}}	false
effects_additional_tooltip_details_localised_description_wh3_dlc20_effect_replenishment_rate_marauders_all	{{tr:replenishment_additional_tooltip}}	false
effects_additional_tooltip_details_localised_description_wh3_dlc20_effect_replenishment_und_all	{{tr:replenishment_additional_tooltip}}	false
effects_additional_tooltip_details_localised_description_wh3_dlc20_effect_souls_from_post_battle_options	{{tr:souls_effect_extra_tooltip}}	false
effects_additional_tooltip_details_localised_description_wh3_dlc20_effect_souls_received_from_own_casualties	{{tr:souls_effect_extra_tooltip}}	false
effects_additional_tooltip_details_localised_description_wh3_dlc23_agent_action_daemonsmith_sorcerer_hashuts_blood	[[col:yellow]]Blood of Hashut[[/col]] (Target: Settlement)\\nRazes the target settlement.	false
effects_additional_tooltip_details_localised_description_wh3_dlc23_effect_ability_replace_burning_bright_upgraded_chd_kdaai	Removes "Burning Bright"	false
effects_additional_tooltip_details_localised_description_wh3_dlc23_effect_contact_phase_chd_melee_infantry	[[col:red]]Armour: -30[[/col]]	false
effects_additional_tooltip_details_localised_description_wh3_dlc23_effect_contact_phase_flammable_chd_kdaai	{{tr:effects_additional_tooltip_details_localised_description_wh2_dlc15_effect_character_stat_scorching_attacks}}	false
effects_additional_tooltip_details_localised_description_wh3_dlc23_effect_contact_phase_flammable_chd_warriors	{{tr:effects_additional_tooltip_details_localised_description_wh2_dlc15_effect_character_stat_scorching_attacks}}	false
effects_additional_tooltip_details_localised_description_wh3_dlc23_effect_contact_phase_suppressed_chd_missile_inf	[[col:red]]Speed: -30%[[/col]]	false
effects_additional_tooltip_details_localised_description_wh3_dlc23_effect_replenishment_rate_chd_arty_warmachines	{{tr:replenishment_additional_tooltip}}	false
effects_additional_tooltip_details_localised_description_wh3_dlc23_effect_replenishment_rate_hobgoblins	{{tr:replenishment_additional_tooltip}}	false
effects_additional_tooltip_details_localised_description_wh3_dlc24_effect_ability_ability_duration_debuff_spells_ostankya	This includes: \\n"{{tr:unit_abilities_onscreen_name_wh3_dlc24_spell_hags_the_forbidden_fens}}"\\n "{{tr:unit_abilities_onscreen_name_wh3_dlc24_spell_hags_curse_of_the_ancient_witch}}"\\n "{{tr:unit_abilities_onscreen_name_wh3_dlc24_spell_hags_malediction_of_madness}}"	false
effects_additional_tooltip_details_localised_description_wh3_dlc24_effect_ability_wom_cost_debuff_spells_ostankya	This includes: \\n"{{tr:unit_abilities_onscreen_name_wh3_dlc24_spell_hags_the_forbidden_fens}}"\\n "{{tr:unit_abilities_onscreen_name_wh3_dlc24_spell_hags_curse_of_the_ancient_witch}}"\\n "{{tr:unit_abilities_onscreen_name_wh3_dlc24_spell_hags_malediction_of_madness}}"	false
effects_additional_tooltip_details_localised_description_wh3_dlc24_effect_agent_action_assist_army_funnel_magic_buff	[[col:yellow]]{{tr:agent_action_name_funnel_magic}}[[/col]] (Assist Army)\\nAdds to the parent army's Winds of Magic power reserves each turn.	false
effects_additional_tooltip_details_localised_description_wh3_dlc24_effect_agent_action_assist_army_protective_charms_buff	[[col:yellow]]{{tr:agent_action_name_protective_charms}}[[/col]] (Assist Army)\\nReduces [[img:icon_attrition]][[/img]]attrition suffered by the parent army.	false
effects_additional_tooltip_details_localised_description_wh3_dlc24_effect_agent_action_hinder_army_hags_cursemark_buff	[[col:yellow]]{{tr:agent_action_name_hags_cursemark}}[[/col]] (Target: Army)\\nThe target army starts battles with Winded vigour for 3 turns.	false
effects_additional_tooltip_details_localised_description_wh3_dlc24_effect_agent_action_hinder_army_siphon_winds_buff	[[col:yellow]]{{tr:agent_action_name_siphon_winds}}[[/col]] (Target: Army)\\nReduces the target army's Winds of Magic reserves for 4 turns.	false
effects_additional_tooltip_details_localised_description_wh3_dlc24_effect_building_construction_cost_mod_all_compass	{{tr:wh3_dlc24_compass_effect_tooltip}}	false
effects_additional_tooltip_details_localised_description_wh3_dlc24_effect_building_construction_time_add_mod_all_compass	{{tr:wh3_dlc24_compass_effect_tooltip}}	false
effects_additional_tooltip_details_localised_description_wh3_dlc24_effect_building_settlement_initial_supply_points_compass	{{tr:wh3_dlc24_compass_effect_tooltip}}	false
effects_additional_tooltip_details_localised_description_wh3_dlc24_effect_character_campaign_experience_mod_compass	{{tr:wh3_dlc24_compass_effect_tooltip}}	false
effects_additional_tooltip_details_localised_description_wh3_dlc24_effect_contact_phase_flammable_cth_moon_bird	{{tr:effects_additional_tooltip_details_localised_description_wh2_dlc15_effect_character_stat_scorching_attacks}}	false
effects_additional_tooltip_details_localised_description_wh3_dlc24_effect_cth_force_subtype_campaign_movement_yin	{{tr:campaign_movement_range_additional_tooltip}}	false
effects_additional_tooltip_details_localised_description_wh3_dlc24_effect_force_all_campaign_experience_base_all_compass	{{tr:wh3_dlc24_compass_effect_tooltip}}	false
effects_additional_tooltip_details_localised_description_wh3_dlc24_effect_force_stat_missile_resistance_cth_jade_warrior	Missile Resistance. Damage of missile attacks is reduced by this amount, up to a maximum of 90%	false
effects_additional_tooltip_details_localised_description_wh3_dlc24_effect_force_stat_missile_resistance_terracotta_sentinel	Missile Resistance. Damage of missile attacks is reduced by this amount, up to a maximum of 90%	false
effects_additional_tooltip_details_localised_description_wh3_dlc24_effect_force_stat_ward_save_cth_infantry	Ward Save. Any type of damage is reduced by this amount, up to a maximum of 90%	false
effects_additional_tooltip_details_localised_description_wh3_dlc24_effect_public_order_compass	{{tr:wh3_dlc24_compass_effect_tooltip}}	false
effects_additional_tooltip_details_localised_description_wh3_dlc24_effect_tze_cotw_enable_force_peace	Force peace between two factions.	false
effects_additional_tooltip_details_localised_description_wh3_dlc24_effect_winds_of_magic_compass	{{tr:wh3_dlc24_compass_effect_tooltip}}	false
effects_additional_tooltip_details_localised_description_wh3_dlc24_effect_xp_gain_all_units_compass	{{tr:wh3_dlc24_compass_effect_tooltip}}	false
effects_additional_tooltip_details_localised_description_wh3_dlc24_tech_ksl_ostankya_witches_hut_hex_upgrade_1	Stops the target army from moving entirely	false
effects_additional_tooltip_details_localised_description_wh3_dlc24_tech_ksl_ostankya_witches_hut_hex_upgrade_2	Teleports any target army to the chosen Magical Forest	false
effects_additional_tooltip_details_localised_description_wh3_dlc24_tech_ksl_ostankya_witches_hut_hex_upgrade_3	Armies summoned every other turn will be stronger	false
effects_additional_tooltip_details_localised_description_wh3_dlc24_tech_ksl_ostankya_witches_hut_hex_upgrade_4	The target settlement's entire province income will be provided	false
effects_additional_tooltip_details_localised_description_wh3_dlc24_tech_ksl_ostankya_witches_hut_hex_upgrade_5	The target settlement's province will not gain any additional corruption for the duration	false
effects_additional_tooltip_details_localised_description_wh3_dlc24_unit_stat_bonus_armour	This effect only applies to units recruited through standard local recruitment, not from other sources such as global recruitment or mercenary recruitment pools of any kind (such as Ogre Mercenaries, Regiments of Renown, etc).	false
effects_additional_tooltip_details_localised_description_wh3_dlc24_unit_stat_bonus_attack	This effect only applies to units recruited through standard local recruitment, not from other sources such as global recruitment or mercenary recruitment pools of any kind (such as Ogre Mercenaries, Regiments of Renown, etc).	false
effects_additional_tooltip_details_localised_description_wh3_dlc24_unit_stat_bonus_defence	This effect only applies to units recruited through standard local recruitment, not from other sources such as global recruitment or mercenary recruitment pools of any kind (such as Ogre Mercenaries, Regiments of Renown, etc).	false
effects_additional_tooltip_details_localised_description_wh3_dlc24_unit_stat_bonus_weapon	This effect only applies to units recruited through standard local recruitment, not from other sources such as global recruitment or mercenary recruitment pools of any kind (such as Ogre Mercenaries, Regiments of Renown, etc).	false
effects_additional_tooltip_details_localised_description_wh3_dlc25_effect_agent_nur_cultist_campaign_movement_increase	{{tr:campaign_movement_range_additional_tooltip}}	false
effects_additional_tooltip_details_localised_description_wh3_dlc25_effect_contact_phase_suppressed_dwf_organ_guns	[[col:red]]Speed: -30%[[/col]]	false
effects_additional_tooltip_details_localised_description_wh3_dlc25_effect_enable_disrupted_attacks_legendary_heroes	Disrupted! attacks silence enemies and reduces their physical resistance	false
effects_additional_tooltip_details_localised_description_wh3_dlc26_effect_arrer_boyz_stinkee_arrers_projectile_switch	"Stinkee Arrers" projectiles will explode on impact while applying poison	false
effects_additional_tooltip_details_localised_description_wh3_dlc26_effect_contact_phase_flammable_grn_squig_herd	{{tr:effects_additional_tooltip_details_localised_description_wh2_dlc15_effect_character_stat_scorching_attacks}}	false
effects_additional_tooltip_details_localised_description_wh3_dlc26_effect_kho_spawned_armies_guaranteed_soul_grinder	{{tr:wh3_main_kho_spawned_armies}}	false
effects_additional_tooltip_details_localised_description_wh3_dlc26_effect_kho_spawned_armies_size_mod_bloodletter	{{tr:wh3_main_kho_spawned_armies}}	false
effects_additional_tooltip_details_localised_description_wh3_dlc26_effect_kho_spawned_armies_size_mod_chaos_warrior	{{tr:wh3_main_kho_spawned_armies}}	false
effects_additional_tooltip_details_localised_description_wh3_dlc26_effect_teleport_wulfrik_dummy	{{tr:hp_campaign_point_1_wulfrik_seafang_teleport}}\\n\\n{{tr:hp_campaign_point_2_wulfrik_seafang_teleport}}\\n\\n{{tr:hp_campaign_point_3_wulfrik_seafang_teleport}}	false
effects_additional_tooltip_details_localised_description_wh3_dlc26_effect_troll_empire_throgg_dummy	{{tr:hp_campaign_point_1_throgg_troll_king}}\\n\\n{{tr:hp_campaign_point_2_throgg_troll_king}}\\n\\n{{tr:hp_campaign_point_3_throgg_troll_king}}	false
effects_additional_tooltip_details_localised_description_wh3_dlc27_effect_agent_action_hinder_army_assault_units_buff	{{tr:effects_additional_tooltip_details_localised_description_wh2_main_effect_agent_action_hinder_army_assault_units_buff}}	false
effects_additional_tooltip_details_localised_description_wh3_dlc27_effect_elven_colony_asur_domination	You can only occupy a limited number of Elven Colonies, this effect increases that limit by the stated amount.	false
effects_additional_tooltip_details_localised_description_wh3_dlc27_effect_elven_colony_landmarks	You can only occupy a limited number of Elven Colonies, this effect increases that limit by the stated amount.	false
effects_additional_tooltip_details_localised_description_wh3_dlc27_effect_elven_colony_refund	You can only occupy a limited number of Elven Colonies, this effect increases that limit by the stated amount.	false
effects_additional_tooltip_details_localised_description_wh3_dlc27_effect_elven_colony_technology	{{tr:effects_additional_tooltip_details_localised_description_wh3_dlc27_effect_elven_colony_landmarks}}	false
effects_additional_tooltip_details_localised_description_wh3_dlc27_effect_enable_contact_effect_euphoria_all_units	{{tr:unit_attributes_bullet_text_rampage}}	false
effects_additional_tooltip_details_localised_description_wh3_dlc27_effect_force_army_campaign_movement_range_at_sea	{{tr:campaign_movement_range_additional_tooltip}}	false
effects_additional_tooltip_details_localised_description_wh3_dlc27_effect_force_replenish_post_battle	Post-battle casualties replenished||Increases the number of battle casualties instantly replenished at the end of a battle. Killed units can't be replenished.	false
effects_additional_tooltip_details_localised_description_wh3_dlc27_effect_force_replenish_post_battle_altar_dummy	{{tr:effects_additional_tooltip_details_localised_description_wh3_dlc27_effect_force_replenish_post_battle}}	false
effects_additional_tooltip_details_localised_description_wh3_dlc27_effect_force_stat_physical_resistance_attacking	Physical Resistance. Damage of non-magical attacks is reduced by this amount, up to a maximum of 90%	false
effects_additional_tooltip_details_localised_description_wh3_dlc27_effect_force_stat_physical_resistance_defending	Physical Resistance. Damage of non-magical attacks is reduced by this amount, up to a maximum of 90%	false
effects_additional_tooltip_details_localised_description_wh3_dlc27_effect_force_stat_physical_resistance_monsters_lords_heroes	Physical Resistance. Damage of non-magical attacks is reduced by this amount, up to a maximum of 90%	false
effects_additional_tooltip_details_localised_description_wh3_dlc27_effect_mists_of_yvresse	The Mists of Yvresse will cause attrition to all enemy forces in the region.	false
effects_additional_tooltip_details_localised_description_wh3_dlc27_effect_multiple_building_instance_dummy	While this specific building can be constructed multiple times per Outpost the buildings that branch from it may only be constructed once.	false
effects_additional_tooltip_details_localised_description_wh3_dlc27_effect_nor_sayl_chaos_altars_dummy	{{tr:building_culture_variants_name_wh3_dlc27_nor_chaos_altar_sla_recruitment_2Awh_dlc08_nor_norsca}}: Allows the recruitment of Chaos Warriors and Chaos Spawn units and buffs them.	false
effects_additional_tooltip_details_localised_description_wh3_dlc27_effect_own_reinforcement_time_percentage_mod_bad	When this army attacks or is attacked, any of their reinforcements will be affected by this.	false
effects_additional_tooltip_details_localised_description_wh3_dlc27_effect_tech_shieldbreaker_missiles_all_veh_hef	Shieldbreaker allows missiles fired from this unit to lower an enemy's missile block chance	false
effects_additional_tooltip_details_localised_description_wh3_dlc27_effect_trait_asur_domination_dummy	{{tr:hp_campaign_description_dragonships}}\\n\\n{{tr:hp_campaign_point_1_asur_domination}}\\n\\n{{tr:hp_campaign_description_asur_domination}}\\n\\n{{tr:ui_text_replacements_localised_text_wh3_dlc27_benefits_list_descriptor}}\\n[[col:green]][[img:icon_effect_diplomacy_tresspass]] {{tr:ui_text_replacements_localised_text_wh3_dlc27_effect_trespass_immunity_for_army_high_elves_dummy}}	false
effects_additional_tooltip_details_localised_description_wh3_dlc27_effect_trait_sea_benefits_dummy	{{tr:ui_text_replacements_localised_text_wh3_dlc27_benefits_list_descriptor}}\\n[[img:icon_attrition_effect]] [[col:green]]{{tr:effects_description_wh2_twa03_attrition_immunity_high_seas_reef_storm}}\\n[[img:icon_effect_campaign_movement]] {{tr:effects_description_wh3_dlc27_effect_sea_lane_travel_time_instant}}\\n[[img:icon_effect_campaign_movement]] {{tr:ui_text_replacements_localised_text_wh3_dlc27_ignore_embark_disembark_cost}}\\n[[img:icon_effect_mist_landing]] {{tr:ui_text_replacements_localised_text_wh3_dlc27_enable_disembark_stance}}	false
effects_additional_tooltip_details_localised_description_wh3_dlc27_sayl_manipulations_force_rebel_dummy	You can only target faction forces other than that of their Legendary Lord.\\n\\nIf the targeted army consists only of a Lord and Heroes, they will be wounded and disbanded, and no rebel force will appear.	false
effects_additional_tooltip_details_localised_description_wh3_dlc27_sayl_manipulations_region_treachery_1_dummy	There are two types of Treacheries you can carry out in the target settlement:\\n\\n[[img:bullet_point_white]][[/img]][[col:yellow]]Inroads[[/col]]: Create opportunities and lay the groundwork to overtake the target and strengthen your position once you have conquered it. \\n [[img:bullet_point_white]][[/img]][[col:yellow]]Assault[[/col]]: Boost the battle-readiness of your forces and weaken that of the enemy both prior to conquering the region and afterwards.  \\n\\n Capture the target settlement to spread your completed [[/img]][[col:yellow]]Treacheries[[/col]] across all neighbouring regions of the faction that owned it.	false
effects_additional_tooltip_details_localised_description_wh3_dlc27_sayl_manipulations_region_treachery_2_dummy	A faction remains unaware of deployed [[col:yellow]]Treacheries[[/col]] against them until their [[img:icon_turns3]][[/img]]Duration expires, after which all of them are automatically destroyed across the entire faction. As a result, you will suffer a diplomatic penalty with the faction. \\n\\n [[img:icon_turns3]][[/img]]Postpone the exposure by seizing a settlement where Treacheries have already been developed.	false
effects_additional_tooltip_details_localised_description_wh3_dlc27_sayl_manipulations_region_treachery_increase_duration_scripted	{{tr:effects_additional_tooltip_details_localised_description_wh3_dlc27_sayl_manipulations_region_treachery_2_dummy}}	false
effects_additional_tooltip_details_localised_description_wh3_dlc27_sla_dechala_caress_of_slaanesh	Trigger any of three Boons on a selected army to receive a variety of boosts for a limited duration.	false
effects_additional_tooltip_details_localised_description_wh3_dlc27_sla_dechala_daemonic_attraction	Daemonic Attraction provides a limited amount of Daemon units, available for instant recruitment with a cost in [[img:icon_thralls]][[/img]]Thralls.	false
effects_additional_tooltip_details_localised_description_wh3_dlc27_sla_dechala_innate_feature_dummy_corrupt_units	{{tr:wh3_dlc27_text_pointer_sla_pre_battle_corrupt_units}}	false
effects_additional_tooltip_details_localised_description_wh3_dlc27_sla_dechala_innate_feature_dummy_tormentors_tributes	{{tr:hp_campaign_point_1_thralls}}\\n\\n{{tr:hp_campaign_point_2_thralls}}	false
effects_additional_tooltip_details_localised_description_wh3_dlc27_sla_the_masque_innate_feature_dummy_eternal_dance	{{tr:wh3_dlc27_text_pointer_sla_the_eternal_dance_3}}	false
effects_additional_tooltip_details_localised_description_wh3_dlc27_tech_upgrade_archers	All upgraded units will maintain their current experience level.	false
effects_additional_tooltip_details_localised_description_wh3_dlc27_tech_upgrade_sea_guard	{{tr:effects_additional_tooltip_details_localised_description_wh3_dlc27_tech_upgrade_archers}}	false
effects_additional_tooltip_details_localised_description_wh3_dlc27_teclis_frontend_white_tower_dummy	{{tr:hp_campaign_description_secrets_of_the_white_tower}}	false
effects_additional_tooltip_details_localised_description_wh3_dlc27_tyrion_frontend_imperatives_dummy	{{tr:hp_campaign_description_valiant_imperatives}}	false
effects_additional_tooltip_details_localised_description_wh3_dlc29_chs_archaon_confederation_dummy	Defeating rival Chaos Legendary Lords will trigger a dilemma which offers the option to subjugate the defeated character and their faction.\\n\\n{{tr:wh3_dlc29_archaon_subjugation_tooltip}}\\n\\nOnly characters belonging to the following cultures can be subjugated:\\n[[img:icon_corruption_kho]][[//img]]Khorne\\n[[img:icon_corruption_nur]][[//img]]Nurgle\\n[[img:icon_corruption_sla]][[//img]]Slaanesh\\n[[img:icon_corruption_tze]][[//img]]Tzeentch\\n[[img:icon_corruption_chs]][[//img]]Warriors of Chaos	false
effects_additional_tooltip_details_localised_description_wh3_dlc29_dummy_starting_tech_thanquol	The Skaven technology tree has three starting points, which are usually unlocked by constructing buildings. Thanquol starts with all three of them already researched – they affect [[img:icon_army]][[/img]]recruitment and [[img:icon_skaven_food]][[/img]]Food income.	false
effects_additional_tooltip_details_localised_description_wh3_dlc29_effect_agent_action_enable_all_hinder_agent_convert_lord_to_nurgle	[[col:yellow]]{{tr:agent_actions_localised_action_name_wh3_dlc29_agent_action_champion_hinder_agent_wound_convert_to_nur_lord}}[[/col]] (Target: Army)\\n{{tr:agent_actions_localised_action_description_wh3_dlc29_agent_action_champion_hinder_agent_wound_convert_to_nur_lord}}	false
effects_additional_tooltip_details_localised_description_wh3_dlc29_effect_agent_action_enable_all_hinder_settlement_convert_garrison_to_nur_mercenary	[[col:yellow]]{{tr:agent_actions_localised_action_name_wh3_dlc29_agent_action_champion_hinder_settlement_convert_garrison_to_nur_mercenary}}[[/col]] (Target: Settlement)\\n{{tr:agent_actions_localised_action_description_wh3_dlc29_agent_action_champion_hinder_settlement_convert_garrison_to_nur_mercenary}}	false
effects_additional_tooltip_details_localised_description_wh3_dlc29_effect_agent_action_enable_vmp_necromancer_army_assist_1	[[col:yellow]]{{tr:agent_actions_localised_action_name_wh3_dlc29_agent_action_necromancer_assist_army_improve_healing}}[[/col]] (Assist Army)\\nIncreases the battle healing cap of units in the parent army.	false
effects_additional_tooltip_details_localised_description_wh3_dlc29_effect_agent_action_enable_vmp_necromancer_army_assist_2	[[col:yellow]]{{tr:agent_actions_localised_action_name_wh3_dlc29_agent_action_necromancer_assist_army_improve_dead_raise_again_chance}}[[/col]] (Assist Army)\\nIncreases the chance for destroyed units to be restored after battle for the parent army.	false
effects_additional_tooltip_details_localised_description_wh3_dlc29_effect_agent_action_enable_vmp_wight_king_army_assist_1	[[col:yellow]]{{tr:agent_actions_localised_action_name_wh3_dlc29_agent_action_wight_king_assist_army_melee_attack}}[[/col]] (Assist Army)\\nIncreases the melee attack of units in the parent army.	false
effects_additional_tooltip_details_localised_description_wh3_dlc29_effect_agent_action_enable_vmp_wight_king_army_assist_2	[[col:yellow]]{{tr:agent_actions_localised_action_name_wh3_dlc29_agent_action_wight_king_assist_army_melee_defence}}[[/col]] (Assist Army)\\nIncreases the melee defence of units in the parent army.	false
effects_additional_tooltip_details_localised_description_wh3_dlc29_effect_concealment_gain_innate_coven	This value is the total from all sources including: the base value, technology bonuses, skill bonuses and any abilities of the Handmaiden who established the Coven.\\n\\nThis value will update whenever you gain more bonuses to Concealment recovery.	false
effects_additional_tooltip_details_localised_description_wh3_dlc29_effect_concealment_loss_prevented	This effect prevents all Concealment loss when carrying out Hero actions.\\n\\nWithout this effect you would lose [[col:red]]3[[/col]] points of Concealment for each attempted Hero action.	false
effects_additional_tooltip_details_localised_description_wh3_dlc29_effect_coven_cannot_demolish_primary	You cannot demolish this [[img:icon_vmp_coven]][[/img]]Vampire Coven manually, however you can utilise the '{{tr:building_culture_variants_name_wh3_dlc29_nef_coven_handmaiden_escape_1wh3_dlc29_vmp_neferata}}' building to abandon the Coven - this method will also return the Handmaiden agent used to establish it.	false
effects_additional_tooltip_details_localised_description_wh3_dlc29_effect_coven_cannot_remove	The owner of this region will never be able to remove your [[img:icon_vmp_coven]][[/img]]Vampire Coven regardless of its current [[img:icon_concealment]][[/img]]Concealment level.\\n\\nIf the region in which the Coven is located is razed by any means the Coven will be lost and the Handmaiden who established the Coven will attempt to escape, though may be wounded.	false
effects_additional_tooltip_details_localised_description_wh3_dlc29_effect_coven_discovery_chance	Each turn there this effects percentage chance for the [[img:icon_vmp_coven]][[/img]]Vampire Coven to be discovered.\\n\\nMultiple instances of this effect will stack.	false
effects_additional_tooltip_details_localised_description_wh3_dlc29_effect_coven_enable_extra_training	The '{{tr:building_culture_variants_name_wh3_dlc29_nef_coven_handmaiden_training_2wh3_dlc29_vmp_neferata}}' building will allow you to recruit a second Handmaiden in every Vampire Coven that has already constructed the '{{tr:building_culture_variants_name_wh3_dlc29_nef_coven_handmaiden_training_1wh3_dlc29_vmp_neferata}}' building.	false
effects_additional_tooltip_details_localised_description_wh3_dlc29_effect_coven_enable_training	The '{{tr:building_culture_variants_name_wh3_dlc29_nef_coven_handmaiden_training_1wh3_dlc29_vmp_neferata}}' building will allow you to recruit a new Handmaiden in your Vampire Covens, but doing so will result in the Coven being discovered.	false
effects_additional_tooltip_details_localised_description_wh3_dlc29_effect_coven_is_discovered	This [[img:icon_vmp_coven]][[/img]]Vampire Coven has been discovered! As such many of it's functions will perform at reduced efficiency.\\n\\nAs the local populace will not forget your attempt to manipulate them, even abandoning this Coven and re-establishing it here later would still find the Coven is discovered.\\nYou should consider whether this Coven is worth maintaining or if it would be better to abandon it and send its Handmaiden elsewhere.	false
effects_additional_tooltip_details_localised_description_wh3_dlc29_effect_coven_will_be_discovered	All [[img:icon_vmp_coven]][[/img]]Vampire Covens across your entire faction will be immediately discovered once this effect becomes active.\\n\\nAny Vampire Covens established while this effect is active will be immediately discovered upon their creation.	false
effects_additional_tooltip_details_localised_description_wh3_dlc29_effect_coven_will_be_discovered_dummy	This [[img:icon_vmp_coven]][[/img]]Vampire Coven will be immediatly revealed to the region owner when this effect becomes active.\\n\\nThe owner of this region will never be able to remove your Coven even after discovering it, however discovery will negatively degrade the Coven's potency.	false
effects_additional_tooltip_details_localised_description_wh3_dlc29_effect_coven_will_never_be_discovered_dummy	This effect prevents discovery of your Covens on a per turn basis, however there are certain buildings you can construct within Covens which can still cause them to be discovered immediately.	false
effects_additional_tooltip_details_localised_description_wh3_dlc29_effect_emp_enable_army_buff_2	Increased duration for Winter Rite: {{tr:rituals_display_name_wh3_dlc29_middenland_army_buff_1}}.	false
effects_additional_tooltip_details_localised_description_wh3_dlc29_effect_emp_enable_call_of_the_teutogen_level_2	Additional reinforcements including {{tr:land_units_onscreen_name_wh3_dlc29_emp_cav_knights_of_the_white_wolf}} for Winter Rite: {{tr:rituals_display_name_wh3_dlc29_middenland_call_of_the_teutogen_1}}.	false
effects_additional_tooltip_details_localised_description_wh3_dlc29_effect_emp_enable_lessons_of_the_hunt_level_2	Increased duration for Winter Rite: {{tr:rituals_display_name_wh3_dlc29_middenland_lessons_of_the_hunt_1}}.	false
effects_additional_tooltip_details_localised_description_wh3_dlc29_effect_enable_arkhan_transported_army_dummy	{{tr:effects_additional_tooltip_details_localised_description_wh3_dlc29_effect_enable_nagash_transported_army_dummy}}	false
effects_additional_tooltip_details_localised_description_wh3_dlc29_effect_enable_nagash_transported_army_dummy	Infernal Legions:\\n[[img:bullet_point_white]][[/img]]Subsequent Infernal Legion armies override existing Legions with new units.\\n[[img:bullet_point_white]][[/img]]Cannot replenish.\\n[[img:bullet_point_white]][[/img]]Unit Count: 5\\n[[img:bullet_point_white]][[/img]]Duration: 2 Turns	false
effects_additional_tooltip_details_localised_description_wh3_dlc29_effect_force_nag_shambling_horde_dummy	Shambling Hordes:\\n[[img:bullet_point_white]][[/img]]Will slowly die after an immunity period.\\n[[img:bullet_point_white]][[/img]]Cannot replenish, or trade units.\\n[[img:bullet_point_white]][[/img]]Immunity Duration: 5 Turns\\n[[img:bullet_point_white]][[/img]]Minimum Units: 5\\n[[img:bullet_point_white]][[/img]]Maximum Units: 8	false
effects_additional_tooltip_details_localised_description_wh3_dlc29_effect_glottkin_nurgle_marks_monsters_add_pool_1_dummy	One of the following monster units will be added:	false
effects_additional_tooltip_details_localised_description_wh3_dlc29_effect_glottkin_nurgle_marks_monsters_add_pool_2_dummy	{{tr:effects_additional_tooltip_details_localised_description_wh3_dlc29_effect_glottkin_nurgle_marks_monsters_add_pool_1_dummy}}	false
effects_additional_tooltip_details_localised_description_wh3_dlc29_effect_glottkin_razing_spawn_high_army_dummy	Duration: 4 turns\\nSize: 6 maximum\\nCan contain the following units:	false
effects_additional_tooltip_details_localised_description_wh3_dlc29_effect_glottkin_razing_spawn_low_army_dummy	Duration: 3 turns\\nSize: 5 maximum\\nCan contain the following units:	false
effects_additional_tooltip_details_localised_description_wh3_dlc29_effect_glottkin_razing_spawn_regular_army_dummy	Duration: 5 turns\\nArmy Size: 8\\n[[/col]]Can contain the following units:	false
effects_additional_tooltip_details_localised_description_wh3_dlc29_effect_nagash_rush_construction_unlock_dummy	Rushing construction allows you to spend [[img:icon_necromantic_energy]][[/img]]{{tr:pooled_resources_display_name_wh3_dlc29_nag_necromantic_energy}} in order to instantly complete ongoing building construction.\\nThe {{tr:pooled_resources_display_name_wh3_dlc29_nag_necromantic_energy}} cost will relate to the number of turns remaining for the construction.	false
effects_additional_tooltip_details_localised_description_wh3_dlc29_effect_neferata_frontend_tomb_king_units_dummy	After reconquering the settlement of Lahmia, Neferata may construct a Landmark building that enables recruitment of a small number of specific Tomb Kings units.	false
effects_additional_tooltip_details_localised_description_wh3_dlc29_effect_province_merc_capacity_nurgle_marked_elite_units_dummy	{{tr:campaign_localised_strings_string_effect_units_tooltip_header}}	false
effects_additional_tooltip_details_localised_description_wh3_dlc29_effect_province_merc_capacity_nurgle_marked_units_dummy	{{tr:campaign_localised_strings_string_effect_units_tooltip_header}}	false
effects_additional_tooltip_details_localised_description_wh3_dlc29_effect_recruit_rank_glottkin_rituals_dummy	{{tr:campaign_localised_strings_string_effect_units_tooltip_header}}	false
effects_additional_tooltip_details_localised_description_wh3_dlc29_effect_replenishment_vmp_handmaidens	{{tr:replenishment_additional_tooltip}}	false
effects_additional_tooltip_details_localised_description_wh3_dlc29_effect_skaven_endgame_spawn_army	This chance will be increased for every '{{tr:building_culture_variants_name_wh3_main_skv_endgame_army_spawn_1wh3_dlc29_vermintide_confederation_owner}}' building that has been constructed in this region.	false
effects_additional_tooltip_details_localised_description_wh3_dlc29_effect_skaven_endgame_spawn_army_additional	The chance per turn to spawn a Vermintide army stacks with the number of Vermintide buildings in the province.	false
effects_additional_tooltip_details_localised_description_wh3_dlc29_effect_skaven_endgame_war_plans_drop_chance_dummy	Skaven War Plans are critical to defeating the Vermintide Endgame.	false
effects_additional_tooltip_details_localised_description_wh3_dlc29_effect_vampire_covens_dummy	Vampire Covens are the means with which Neferata spreads her network of intrigue across the world.\\n\\nCovens can perform multiple functions once established, but most importantly are responsible for increasing Neferata's [[img:icon_manipulation]][[/img]]Manipulation resource.\\n\\nVampire Covens can only be established by Handmaiden Heroes – these are campaign-only characters that can only be trained in Vampire Covens, with certain famous Handmaidens unlockable via the technology tree.\\n\\nEach Vampire Coven has a level of [[img:icon_concealment]][[/img]]Concealment that must be managed, Covens with higher Concealment will function more efficiently than those with low Concealment.	false
effects_additional_tooltip_details_localised_description_wh3_dlc29_effect_web_of_power_dummy	Neferata's Web of Power allows her to carry out powerful campaign actions across the world, targeting settlements, agents and armies with various outcomes.\\n\\nAll actions require [[img:icon_manipulation]][[/img]]Manipulation to carry out.	false
effects_additional_tooltip_details_localised_description_wh3_dlc29_emp_boris_great_temple_of_ulric_dummy	The Great Temple of Ulric provides powerful factionwide benefits, including access to Winter Rites and Chosen of Ulric recruitment.\\n\\nWinter Rites provide temporary bonuses to armies, while the Chosen of Ulric recruitment pool allows instant recruitment of Cult of Ulric units.\\n\\n[[img:icon_great_temple]][[/img]]The Great Temple of Ulric, Winter Rites and Chosen of Ulric all cost [[img:icon_fervour]][[/img]]Fervour, gained by defeating armies and settlements belonging to enemies of the Empire.	false
effects_additional_tooltip_details_localised_description_wh3_dlc29_emp_boris_starting_legendary_hero_dummy	Emil Valgeir is a Legendary Hero and acts as a {{tr:ui_unit_groupings_onscreen_emp_emil_valgeir}} in battle.\\n\\nAlso known as Ar-Ulric, Emil is a powerful Priest of Ulric with access to Prayers of Ulric support abilities.	false
effects_additional_tooltip_details_localised_description_wh3_dlc29_middenland_fervour_increase_dummy	The amount of Fervour generated by enemies of the Empire is increased when attacking armies or settlements belonging to any Empire faction.	false
effects_additional_tooltip_details_localised_description_wh3_dlc29_middenland_festival_dilemma_dummy	Every 10 turns receive a dilemma that offers a choice to either:\\n[[img:bullet_point_white]][[/img]]Reduce the cost of [[img:icon_fervour]][[/img]]Fervour actions\\n[[img:bullet_point_white]][[/img]]Improve [[img:icon_army]][[/img]]recruitment capabilities\\n[[img:bullet_point_white]][[/img]]Support [[img:icon_settlement]][[/img]]provincial development	false
effects_additional_tooltip_details_localised_description_wh3_dlc29_nag_black_pyramid_text_dummy	{{tr:ui_text_replacements_localised_text_wh3_dlc29_text_pointer_nag_pyramid_button}}	false
effects_additional_tooltip_details_localised_description_wh3_dlc29_nag_recruits_mortarchs_dummy	{{tr:ui_text_replacements_localised_text_wh3_dlc29_text_pointer_nag_mortarchs_button}}	false
effects_additional_tooltip_details_localised_description_wh3_dlc29_nag_unleash_lore_of_magic_dummy	{{tr:ui_text_replacements_localised_text_hp_campaign_description_books_of_nagash}}	false
effects_additional_tooltip_details_localised_description_wh3_dlc29_skv_thanquol_mechanic_dummy	Masterplans involve sending an Underling to a region, preparing Thanquol's [[img:wh3_dlc29_icon_green_token]][[/img]]Schemes, using Tricks to modify the plan while it is unfolding, and avoiding [[img:wh3_dlc29_icon_red_token]][[/img]]Complications to get the reward!\\n\\n[[img:wh3_dlc29_icon_military_plan]][[/img]]{{tr:chaotic_plans_name_wh3_dlc29_military_plan}} build an army in secret under the target region, which is used only to attack it – they cost no recruitment or upkeep, but control over the exact units is limited.\\n\\n[[img:wh3_dlc29_icon_economic_plan]][[/img]]{{tr:chaotic_plans_name_wh3_dlc29_economic_plan}} are used to steal Treasury, Warpstone and/or Food from the region – settlements with higher income yield more rewards, but also have more risk of [[img:wh3_dlc29_icon_red_token]][[/img]]Complications!\\n\\n[[img:wh3_dlc29_icon_magic_plan]][[/img]]{{tr:chaotic_plans_name_wh3_dlc29_magic_plan}} are unlocked gradually through the campaign and allow for various unique effects – such as summoning a Verminlord!	false
effects_additional_tooltip_details_localised_description_wh3_dlc29_vmp_ritual_confederate_regions	All settlements belonging to this character's faction will be taken over by the [[img:vmp_remnants]][[/img]]{{tr:factions_screen_name_wh3_main_vmp_remnants}} faction.\\n\\nAny settlements in which you own either a [[img:icon_vmp_lair]][[/img]][[b]]Vampire Lair[[/b]] or a [[img:icon_vmp_coven]][[/img]][[b]]Vampire Coven[[/b]] will not be transfered and you will instead take full control of the region.	false
effects_additional_tooltip_details_localised_description_wh3_dlc29_woc_host_of_the_triplets_blessings_of_nurgle	The {{tr:ui_text_replacements_localised_text_wh3_dlc29_blessings_of_nurgle_title}} comprise of Grandfather's Blessings and {{tr:ui_text_replacements_localised_text_wh3_dlc29_rotborne_rituals_title}}, providing a range of powerful effects for the Glottkin's faction.\\n\\nGrandfather's Blessings bestow unique benefits upon your Lords, Heroes, and {{tr:ui_text_replacements_localised_text_wh3_dlc29_gardens_of_nurgle_title}}. These Blessings can be improved by completing specific objectives.\\n\\n{{tr:ui_text_replacements_localised_text_wh3_dlc29_rotborne_rituals_title}} are upgradable rites that produce immediate effects on the campaign map. They require [[img:icon_souls_resource]][[/img]]Souls to perform.	false
effects_additional_tooltip_details_localised_description_wh3_dlc29_woc_host_of_the_triplets_gardens	{{tr:ui_text_replacements_localised_text_wh3_dlc29_woc_nurgle_gardens_selection_screen_tooltip}}	false
effects_additional_tooltip_details_localised_description_wh3_main_effect_access_climate_wasteland_dummy	{{tr:vampiric_wasteland_climate_tooltip}}	false
effects_additional_tooltip_details_localised_description_wh3_main_effect_agent_action_vampire_lair	This agent action allows any Hero to gain control over a Vampire Lair without having to conquer the settlement.	false
effects_additional_tooltip_details_localised_description_wh3_main_effect_agent_movement_range_mod_kho_bloodreaper	{{tr:campaign_movement_range_additional_tooltip}}	false
effects_additional_tooltip_details_localised_description_wh3_main_effect_army_ability_enable_celestial_intervention	{{tr:wh3_dlc24_compass_effect_tooltip}}	false
effects_additional_tooltip_details_localised_description_wh3_main_effect_book_of_khorne_block_occupation	These permanent ruins can still be occupied by any Khorne factions who have the automatic ruin colonisation feature.	false
effects_additional_tooltip_details_localised_description_wh3_main_effect_book_of_khorne_dummy	After winning any battle with this Lord as the primary participant, there is a 50% chance to find subsequent volumes of the Burning Books of Khorne.	false
effects_additional_tooltip_details_localised_description_wh3_main_effect_book_of_khorne_final_dummy	A dilemma will trigger on the following turn allowing you to combine all volumes of the Burning Books of Khorne into a single powerful ancillary, destroying all existing books.\\nYou will also be able to destroy it, providing you are not a Khornate faction.	false
effects_additional_tooltip_details_localised_description_wh3_main_effect_cannot_demolish_dummy	Blocked Tunnels cannot be demolished manually and can only be removed by upgrading the Entrance Halls building within [[img:climate_mountain]][[/img]]Mountain Climate regions or by researching the "Construction Guilds" technology.\\n\\nUnique Deeps locations do not suffer from Blocked Tunnels.	false
effects_additional_tooltip_details_localised_description_wh3_main_effect_chance_to_die_dummy	The chance to be killed will bypass any existing immortality effects, however Legendary characters will be wounded instead of killed.	false
effects_additional_tooltip_details_localised_description_wh3_main_effect_change_climate_wasteland_dummy	{{tr:vampiric_wasteland_climate_tooltip}}	false
effects_additional_tooltip_details_localised_description_wh3_main_effect_confederate_vmp_red_duke	The Red Duke will join your faction even if his faction is currently dead.\\n\\nHe will be added to your Lord pool.	false
effects_additional_tooltip_details_localised_description_wh3_main_effect_convert_all_corpses_to_shyish	Corpses can be converted into [[img:icon_vmp_shyish]][[/img]]Blood at a one-to-one ratio, albeit at a limited amount, via other buildings. This building and its effect instead allow you to convert a large number of Corpses in a province into Blood each turn, but you will only gain half the amount of Blood as you otherwise would.\\n\\nCorpse conversion from this building will always be carried out [[i]]after[[/i]] all other Corpse conversion from other buildings has happened in the province.	false
effects_additional_tooltip_details_localised_description_wh3_main_effect_corpse_transport	If the {{tr:building_culture_variants_name_wh_main_VAMPIRES_shyish_capital_1wh_main_vmp_vampire_counts}} building does not currently exist then the Corpses will instead be sent to your faction capital.	false
effects_additional_tooltip_details_localised_description_wh3_main_effect_corpse_transport_loss	Corpses are [[b]]always[[/b]] lost when transporting them with Corpse Carts.\\n\\nYou can reduce the amount of Corpses lost when transporting them by researching certain technologies in the '{{tr:technology_ui_groups_optional_display_name_wh3_main_vmp_corpses}}' category in the '{{tr:technology_ui_tabs_localised_name_vmp_necromancers}}' section of the technology tree, as well as in the skill trees of Legendary Necromancers.	false
effects_additional_tooltip_details_localised_description_wh3_main_effect_corpse_transport_loss_reduction	Corpses can be transported to your capital province from all other provinces via use of the '{{tr:building_culture_variants_name_wh_main_VAMPIRES_corpse_transport_1wh_main_vmp_vampire_counts}}' building, however a certain percentage of Corpses are always lost during transport.\\nThis effect reduces the amount of Corpses lost when that building transports the Corpses.	false
effects_additional_tooltip_details_localised_description_wh3_main_effect_corruption_reduction_compass	{{tr:wh3_dlc24_compass_effect_tooltip}}	false
effects_additional_tooltip_details_localised_description_wh3_main_effect_crimson_plague_world	If the fates have ever cursed you to the point that you are unlucky enough for this plague to spew forth from this place and into the world, then you should prepare for catastrophic consequences.\\nSuch a plague would be a worldwide, potentially world-ending plague that will destroy regions, kill characters and their forces, and ultimately bring most factions to their knees.\\n\\nThe plague will be extremely virulent and will spread with ease, but its only transmission methods are through characters and armies and it will not spread between adjacent regions. Infection is guaranteed and instantaneous for any character or army who enters a region suffering from the plague, and equally so any infected character or army who enters a region will instantaneously spread the plague to that region, likely dooming the populace.\\n\\nWith all this in mind, the only slim hope of survival will be to destroy any who carry this sickness before they enter your lands.\\nAbandon all territory and people who bare the Crimson Plague, for their end is near.\\n\\n\\nYou should not toy with the Lord of Decay.	false
effects_additional_tooltip_details_localised_description_wh3_main_effect_cth_force_subtype_campaign_movement_yang	{{tr:campaign_movement_range_additional_tooltip}}	false
effects_additional_tooltip_details_localised_description_wh3_main_effect_destroy_faction_vmp_red_duke	This effect will do nothing if the faction of Mousillon is dead or has no regions.	false
effects_additional_tooltip_details_localised_description_wh3_main_effect_destroy_underdeep_on_demolish	This building should not be removed after gaining access to the Deeps else all building slots within the Deeps will be lost along with all constructed buildings.	false
effects_additional_tooltip_details_localised_description_wh3_main_effect_enable_ritual_ksl_winter_dazh_upgraded	Increases [[img:icon_income]][[/img]]income from all buildings and trade and adds "The Land Awakened" army ability.	false
effects_additional_tooltip_details_localised_description_wh3_main_effect_enable_ritual_ksl_winter_salyak_upgraded	Increases [[img:icon_replenishment]][[/img]]casualty replenishment rate, [[img:icon_growth]][[/img]]growth and [[img:icon_public_order]][[/img]]control of all provinces.	false
effects_additional_tooltip_details_localised_description_wh3_main_effect_enable_ritual_ksl_winter_tor_upgraded	Increases [[img:icon_melee_attack]][[/img]]melee attack of all units.	false
effects_additional_tooltip_details_localised_description_wh3_main_effect_enable_ritual_ksl_winter_ursun_upgraded	Increases [[img:icon_melee_defence]][[/img]]melee defence of all armies.	false
effects_additional_tooltip_details_localised_description_wh3_main_effect_force_enforce_autoresolver_battle	This force cannot yet be engaged in battle because its Ward Save bonus is at 100%, meaning you have no hope of defeating it.\\nLower the Ward Save provided to Archaon's force to 90% or below to engage this force.\\n\\nYou can lower the Ward Save provided to this force by defeating other Chaos Invasion armies, and locating and destroying the Invasion's Fortresses.	false
effects_additional_tooltip_details_localised_description_wh3_main_effect_force_ignore_damage_resistance_cap	The Ward Save any force can have is ordinarily limited to a maximum of 95%, however forces with this effect will have no Ward Save limit and will be able to go beyond the maximum.\\nThis could potentially lead to 100% or more Ward Save meaning units within the force are essentially invulnerable.	false
effects_additional_tooltip_details_localised_description_wh3_main_effect_force_replenishment_rate_cth_peasant_units	{{tr:replenishment_additional_tooltip}}	false
effects_additional_tooltip_details_localised_description_wh3_main_effect_force_replenishment_rate_cth_terracotta_sentinels	{{tr:replenishment_additional_tooltip}}	false
effects_additional_tooltip_details_localised_description_wh3_main_effect_force_replenishment_rate_kho_bloodletters_exalted_bloodletters	{{tr:replenishment_additional_tooltip}}	false
effects_additional_tooltip_details_localised_description_wh3_main_effect_force_replenishment_rate_khorne	{{tr:replenishment_additional_tooltip}}	false
effects_additional_tooltip_details_localised_description_wh3_main_effect_force_replenishment_rate_ksl_elemental	{{tr:replenishment_additional_tooltip}}	false
effects_additional_tooltip_details_localised_description_wh3_main_effect_force_replenishment_rate_nur_nurglings	{{tr:replenishment_additional_tooltip}}	false
effects_additional_tooltip_details_localised_description_wh3_main_effect_force_replenishment_rate_nur_plague_drones_rot_flies	{{tr:replenishment_additional_tooltip}}	false
effects_additional_tooltip_details_localised_description_wh3_main_effect_force_replenishment_rate_nurgle	{{tr:replenishment_additional_tooltip}}	false
effects_additional_tooltip_details_localised_description_wh3_main_effect_force_replenishment_rate_ogr_gorgers	{{tr:replenishment_additional_tooltip}}	false
effects_additional_tooltip_details_localised_description_wh3_main_effect_force_replenishment_rate_sla_marauders_hellstriders	{{tr:replenishment_additional_tooltip}}	false
effects_additional_tooltip_details_localised_description_wh3_main_effect_force_replenishment_rate_slaanesh	{{tr:replenishment_additional_tooltip}}	false
effects_additional_tooltip_details_localised_description_wh3_main_effect_force_replenishment_rate_tze_forsaken	{{tr:replenishment_additional_tooltip}}	false
effects_additional_tooltip_details_localised_description_wh3_main_effect_force_replenishment_rate_tzeentch	{{tr:replenishment_additional_tooltip}}	false
effects_additional_tooltip_details_localised_description_wh3_main_effect_isabella_hero_dummy	While Isabella will start as a Legendary Hero, she will later be able to become a Legendary Lord via a unique character skill available at rank 20.	false
effects_additional_tooltip_details_localised_description_wh3_main_effect_item_block_occupation_dummy	These permanent ruins can still be occupied by any Khorne factions who have the automatic ruin colonisation feature.	false
effects_additional_tooltip_details_localised_description_wh3_main_effect_kairos_unlock_item_lore_of_beasts_dummy	Fragments can be equipped by Kairos in the Character Details panel to swap some spells from the Lore of Tzeentch for spells from other Lores of Magic. Only one Fragment may be equipped at a time.	false
effects_additional_tooltip_details_localised_description_wh3_main_effect_kairos_unlock_item_lore_of_death_dummy	Fragments can be equipped by Kairos in the Character Details panel to swap some spells from the Lore of Tzeentch for spells from other Lores of Magic. Only one Fragment may be equipped at a time.	false
effects_additional_tooltip_details_localised_description_wh3_main_effect_kairos_unlock_item_lore_of_fire_dummy	Fragments can be equipped by Kairos in the Character Details panel to swap some spells from the Lore of Tzeentch for spells from other Lores of Magic. Only one Fragment may be equipped at a time.	false
effects_additional_tooltip_details_localised_description_wh3_main_effect_kairos_unlock_item_lore_of_heavens_dummy	Fragments can be equipped by Kairos in the Character Details panel to swap some spells from the Lore of Tzeentch for spells from other Lores of Magic. Only one Fragment may be equipped at a time.	false
effects_additional_tooltip_details_localised_description_wh3_main_effect_kairos_unlock_item_lore_of_light_dummy	Fragments can be equipped by Kairos in the Character Details panel to swap some spells from the Lore of Tzeentch for spells from other Lores of Magic. Only one Fragment may be equipped at a time.	false
effects_additional_tooltip_details_localised_description_wh3_main_effect_kairos_unlock_item_lore_of_metal_dummy	Fragments can be equipped by Kairos in the Character Details panel to swap some spells from the Lore of Tzeentch for spells from other Lores of Magic. Only one Fragment may be equipped at a time.	false
effects_additional_tooltip_details_localised_description_wh3_main_effect_kairos_unlock_item_lore_of_shadows_dummy	Fragments can be equipped by Kairos in the Character Details panel to swap some spells from the Lore of Tzeentch for spells from other Lores of Magic. Only one Fragment may be equipped at a time.	false
effects_additional_tooltip_details_localised_description_wh3_main_effect_kho_spawned_armies_armour_mod	{{tr:wh3_main_kho_spawned_armies}}	false
effects_additional_tooltip_details_localised_description_wh3_main_effect_kho_spawned_armies_battle_speed_mod	{{tr:wh3_main_kho_spawned_armies}}	false
effects_additional_tooltip_details_localised_description_wh3_main_effect_kho_spawned_armies_bloodletter_upgrade	{{tr:wh3_main_kho_spawned_armies}}	false
effects_additional_tooltip_details_localised_description_wh3_main_effect_kho_spawned_armies_bonus_hounds	{{tr:wh3_main_kho_spawned_armies}}	false
effects_additional_tooltip_details_localised_description_wh3_main_effect_kho_spawned_armies_charge_mod	{{tr:wh3_main_kho_spawned_armies}}	false
effects_additional_tooltip_details_localised_description_wh3_main_effect_kho_spawned_armies_guaranteed_bloodthirster	{{tr:wh3_main_kho_spawned_armies}}	false
effects_additional_tooltip_details_localised_description_wh3_main_effect_kho_spawned_armies_initial_immunity_mod	{{tr:wh3_main_kho_spawned_armies}}	false
effects_additional_tooltip_details_localised_description_wh3_main_effect_kho_spawned_armies_melee_attack_mod	{{tr:wh3_main_kho_spawned_armies}}	false
effects_additional_tooltip_details_localised_description_wh3_main_effect_kho_spawned_armies_melee_defence_mod	{{tr:wh3_main_kho_spawned_armies}}	false
effects_additional_tooltip_details_localised_description_wh3_main_effect_kho_spawned_armies_movement_mod	{{tr:wh3_main_kho_spawned_armies}}	false
effects_additional_tooltip_details_localised_description_wh3_main_effect_kho_spawned_armies_post_battle_immunity_mod	{{tr:wh3_main_kho_spawned_armies}}	false
effects_additional_tooltip_details_localised_description_wh3_main_effect_kho_spawned_armies_size_mod	{{tr:wh3_main_kho_spawned_armies}}	false
effects_additional_tooltip_details_localised_description_wh3_main_effect_kho_spawned_armies_weapon_strength_mod	{{tr:wh3_main_kho_spawned_armies}}	false
effects_additional_tooltip_details_localised_description_wh3_main_effect_kho_spawned_army_upkeep	{{tr:wh3_main_kho_spawned_armies}}	false
effects_additional_tooltip_details_localised_description_wh3_main_effect_necromancer_confederation_cost_reduction	Necromancer Legendary Lords include the following:\\n[[img:bullet_point_white]] Heinrich Kemmler\\n[[img:bullet_point_white]] Helman Ghorst	false
effects_additional_tooltip_details_localised_description_wh3_main_effect_no_commandment_restrictions_dummy	You must have at least one Colony within the province to issue a commandment.	false
effects_additional_tooltip_details_localised_description_wh3_main_effect_only_build_one_per_faction_dummy	While this building can only be built in one location anywhere in your faction at any given time, if demolished it can then be rebuilt elsewhere.	false
effects_additional_tooltip_details_localised_description_wh3_main_effect_prevent_wounding_trait	This effect prevents the "Recently Wounded" trait from being given to this character after they are wounded.\\n\\nIf the '{{tr:end_game_settings_settings_name_campaign_wound_trait}}' campaign setting is turned off then this effect does nothing.	false
effects_additional_tooltip_details_localised_description_wh3_main_effect_prevent_wounding_trait_all	This effect prevents the "Recently Wounded" trait from being given to any character after they are wounded.\\n\\nIf the '{{tr:end_game_settings_settings_name_campaign_wound_trait}}' campaign setting is turned off then this effect does nothing.	false
effects_additional_tooltip_details_localised_description_wh3_main_effect_province_growth_compass	{{tr:wh3_dlc24_compass_effect_tooltip}}	false
effects_additional_tooltip_details_localised_description_wh3_main_effect_public_order_compass	{{tr:wh3_dlc24_compass_effect_tooltip}}	false
effects_additional_tooltip_details_localised_description_wh3_main_effect_replenish_cap_override	The maximum amount of replenishment a unit can gain per turn is normally set at 50% of their total HP, this effect overrides that amount and allows potentially unlimited replenishment.\\n\\nThis effect does not change replenishment rate itself.	false
effects_additional_tooltip_details_localised_description_wh3_main_effect_salvage_craftable_dummy	When two of these items are fused together they will always produce a random [[col:ancillary_unique]]{{tr:building_sets_onscreen_name_wh2_dlc11_set_ship_unique}}[[/col]] item.	false
effects_additional_tooltip_details_localised_description_wh3_main_effect_sister_swords_dummy	For this effect to trigger, both swords must be equipped by characters who are present in the same region and owned by the same faction. When a trait is given, it will be granted to each character with a sword equipped.	false
effects_additional_tooltip_details_localised_description_wh3_main_effect_spell_mastery	Spell Intensity. Any type of spell damage, and positive or negative bonus will be modified by the given percentage amount.	false
effects_additional_tooltip_details_localised_description_wh3_main_effect_tze_cotw_enable_borrow_time	Restore an army's movement range.	false
effects_additional_tooltip_details_localised_description_wh3_main_effect_tze_cotw_enable_break_alliance	Break the [[img:icon_military_alliance]][[/img]]military or [[img:icon_defensive_alliance]][[/img]]defence alliance between two factions.	false
effects_additional_tooltip_details_localised_description_wh3_main_effect_tze_cotw_enable_force_rebellion	Force a rebellion in the region.	false
effects_additional_tooltip_details_localised_description_wh3_main_effect_tze_cotw_enable_force_war	Force a war between two factions.	false
effects_additional_tooltip_details_localised_description_wh3_main_effect_tze_cotw_enable_give_war_coordination_target	Give an offensive war co-ordination target to a faction.	false
effects_additional_tooltip_details_localised_description_wh3_main_effect_tze_cotw_enable_halt_army	Halt an army for a turn.	false
effects_additional_tooltip_details_localised_description_wh3_main_effect_tze_cotw_enable_open_gates	Open the gates of a settlement with walls.	false
effects_additional_tooltip_details_localised_description_wh3_main_effect_tze_cotw_enable_reveal_shroud	Reveal the shroud over all of a faction's territory.	false
effects_additional_tooltip_details_localised_description_wh3_main_effect_tze_cotw_enable_track_army	Track and transfer an army's line of sight.	false
effects_additional_tooltip_details_localised_description_wh3_main_effect_tze_cotw_enable_transfer_settlement	Transfer a settlement from one faction to another.	false
effects_additional_tooltip_details_localised_description_wh3_main_effect_underdeep_created	The Deeps are a set of extra building slots available beneath the settlement, these slots provide access to a different building tree than the one available within the surface settlements.\\n\\nWithin unique settlements the Deeps have even more building slots, don't suffer from Blocked Tunnels and in some cases have access to unique buildings or effects.	false
effects_additional_tooltip_details_localised_description_wh3_main_effect_underdeep_extra_slots_dummy	Unique Deeps locations have access to 8 building slots.	false
effects_additional_tooltip_details_localised_description_wh3_main_effect_underempire_discovery_impossible	You cannot remove this Under-City in the regular way. The Vermintide Endgame has unlocked alternative ways to deal with the Skaven menace.	false
effects_additional_tooltip_details_localised_description_wh3_main_effect_unique_item_fusing_chance	Base chance to create a unique item from two rare items is 10%, the modifier from this effect is added on top of that chance.	false
effects_additional_tooltip_details_localised_description_wh3_main_effect_unit_enable_spell_mastery_tzeentch_chars	Mastery of the Elemental Winds. When more than one unit that share this attribute are in the same army, the power of spells cast is increased.	false
effects_additional_tooltip_details_localised_description_wh3_main_effect_vampire_confederation_cost_reduction	Vampire Legendary Lords include the following:\\n[[img:bullet_point_white]] Mannfred von Carstein\\n[[img:bullet_point_white]] Vlad von Carstein\\n[[img:bullet_point_white]] Isabella von Carstein\\n[[img:bullet_point_white]] Neferata	false
effects_additional_tooltip_details_localised_description_wh3_main_effect_vlad_hero_dummy	While Vlad will start as a Legendary Hero, he will later be able to become a Legendary Lord via a unique character skill available at rank 20.	false
effects_additional_tooltip_details_localised_description_wh3_main_effect_vmp_chance_to_convert_vampiric_climate	{{tr:vampiric_wasteland_climate_tooltip}}	false
effects_additional_tooltip_details_localised_description_wh3_main_effect_vmp_combine_grimoires_dummy	You may empower the [[b]]{{tr:ancillaries_onscreen_name_wh3_main_anc_arcane_item_grimoire_necronium_1}}[[/b]] up to [[b]]10[[/b]] times by fusing it with a {{tr:ancillaries_onscreen_name_wh3_main_anc_arcane_item_necromantic_tome}}. In doing so the Grimoire will grow more powerful but the Tome will be destroyed.	false
effects_additional_tooltip_details_localised_description_wh3_main_effect_vmp_corpse_refund_dummy	Corpses will be refunded based on the remaining health points of the unit, up to a maximum of 80% of the unit's cost.\\n\\nUnits disbanded while in armies that are under siege will have no resources refunded.	false
effects_additional_tooltip_details_localised_description_wh3_main_effect_vmp_enable_building_climate_dummy	The {{tr:building_culture_variants_name_wh_main_VAMPIRES_climate_1wh_main_vmp_vampire_counts}} building has the capability to change an entire province's climate into [[img:climate_vampiric]][[/img]]{{tr:settlement_climate_types_ui_name_climate_vampiric}} while active, but requires a large initial investment of [[img:icon_vmp_shyish]][[/img]]Blood to construct.	false
effects_additional_tooltip_details_localised_description_wh3_main_effect_vmp_enable_province_actions_dummy	{{tr:vmp_region_rituals_description}}	false
effects_additional_tooltip_details_localised_description_wh3_main_effect_vmp_lair_corpses_2_dummy	This will instead be the faction capital if the faction leader has no army or is at sea.	false
effects_additional_tooltip_details_localised_description_wh3_main_effect_vmp_lair_maintain_dummy	When a Vampire is Awakened their Lair is normally abandoned, however this effect allows you to maintain control of the Lair which will provide multiple benefits.	false
effects_additional_tooltip_details_localised_description_wh3_main_effect_vmp_lair_trait_reroll_item_dummy	When a non-Legendary Lord ends their turn with a '{{tr:ancillaries_onscreen_name_wh3_main_anc_enchanted_item_reset_innate_trait_vmp}}' equipped they will lose their old background trait and gain a different one. Each Lord can do this any number of times but the item will be lost after each reroll.\\n\\nThe item can be used with the following Lords:\\n[[img:bullet_point_white]] {{tr:land_units_onscreen_name_wh2_dlc11_vmp_cha_bloodline_blood_dragon_lord_0}}\\n[[img:bullet_point_white]] {{tr:land_units_onscreen_name_wh2_dlc11_vmp_cha_bloodline_lahmian_lord_0}}\\n[[img:bullet_point_white]] {{tr:land_units_onscreen_name_wh2_dlc11_vmp_cha_bloodline_strigoi_lord_0}}\\n[[img:bullet_point_white]] {{tr:land_units_onscreen_name_wh2_dlc11_vmp_cha_bloodline_von_carstein_lord_0}}\\n[[img:bullet_point_white]] {{tr:land_units_onscreen_name_wh2_dlc11_vmp_cha_bloodline_necrarch_lord_0}}\\n[[img:bullet_point_white]] {{tr:land_units_onscreen_name_wh_dlc04_vmp_cha_strigoi_ghoul_king_0}}	false
effects_additional_tooltip_details_localised_description_wh3_main_effect_vmp_secret_library_destroyed_dummy	The building will be permanently removed and you will no longer be able to access it.	false
effects_additional_tooltip_details_localised_description_wh3_main_effect_vmp_shyish_refund_dummy	Blood will be refunded based on the remaining health points of the unit, up to a maximum of 80% of the unit's cost.\\n\\nUnits disbanded while in armies that are under siege will have no resources refunded.	false
effects_additional_tooltip_details_localised_description_wh3_main_effect_vmp_upgradable_grimoire_dummy	{{tr:effects_additional_tooltip_details_localised_description_wh3_main_effect_vmp_combine_grimoires_dummy}}	false
effects_additional_tooltip_details_localised_description_wh3_main_effect_winds_of_magic_compass_increase	{{tr:wh3_dlc24_compass_effect_tooltip}}	false
effects_additional_tooltip_details_localised_description_wh3_main_ksl_ritual_storm_dummy	Only regions under your ownership will be affected by the storm.	false
effects_additional_tooltip_details_localised_description_wh3_main_minor_cults_chance_of_event_peg_street_dummy	There is a 20% chance each turn that a dilemma will trigger in which you can purchase the items, once all items are purchased the Pawnbroker will leave.	false
effects_additional_tooltip_details_localised_description_wh3_main_minor_cults_purple_hand_extra_dummy	This is one of the Purple Hand's locations, housing a number of their Cultists.\\n\\nIt would appear they have been spreading their Cult quite quickly since they first appeared, and have chosen yet another location inside your territory to occupy.\\n\\nYou were previously assured their intentions were to spread across the whole world, so this surely won't happen again.	false
effects_additional_tooltip_details_localised_description_wh3_main_minor_cults_purple_hand_spreading_dummy	Where exactly the Cult will choose to spread will be decided entirely by them.	false
effects_additional_tooltip_details_localised_description_wh3_main_minor_cults_purple_hand_success_dummy	The Purple Hand's exact goals currently remain a mystery to you.\\n\\nHowever, you can be assured that they will remain true to their word - that if you allow them to stay you will reap the benefits until they decide to leave the settlement (and any other locations they establish) of their own volition.	false
effects_additional_tooltip_details_localised_description_wh3_main_minor_cults_the_cabal_1_dummy	This bonus will enable you construct all buildings in a single turn and allow recruitment of all units in a single turn, as well as providing a substantial reduction in cost to both.	false
effects_additional_tooltip_details_localised_description_wh3_main_minor_cults_the_cabal_3_dummy	If this effect triggers, all regions in the province will be occupied, regardless of ownership.	false
effects_additional_tooltip_details_localised_description_wh3_main_minor_cults_the_cabal_4_dummy	If this effect triggers, all armies of the faction will be destroyed and all regions owned by the faction will become ruins.	false
effects_additional_tooltip_details_localised_description_wh3_main_minor_cults_the_cabal_power_1_dummy	The Cabal's plans are a mystery to you. Exactly what it is they intend to do, it seems that only time will reveal. For now at least, there appears to be no obvious downside to allowing them to stay.	false
effects_additional_tooltip_details_localised_description_wh3_main_minor_cults_the_cabal_power_2_dummy	It still appears as though the Cabal hold no ill intent toward you, but also we still do not know what they hope to achieve.	false
effects_additional_tooltip_details_localised_description_wh3_main_minor_cults_the_cabal_power_3_dummy	The Cabal's plans still remain a mystery to you, even after all this time. The benefit to keeping them does seem to far outweigh any downside, however, for now.	false
effects_additional_tooltip_details_localised_description_wh3_main_minor_cults_the_cabal_power_4_dummy	As the Cabal's plans seem to be reaching their conclusion, you are still none the wiser as to exactly what their ultimate goal actually is... Perhaps soon all will be revealed?	false
effects_additional_tooltip_details_localised_description_wh3_main_vmp_effect_enable_instant_construction_dummy	Rushing construction allows you to spend [[img:icon_vmp_shyish]][[/img]]Blood in order to instantly complete ongoing building construction.\\nThe Blood cost will relate to the number of turns remaining for the construction.	false
effects_additional_tooltip_details_localised_description_wh3_main_vmp_effect_legendary_necromancer_dummy	This faction is led by a [[b]]Legendary Necromancer[[/b]], so has the following effects:\\n\\n[[img:bullet_point_white]] Necromancy technologies have no unlock conditions\\n[[img:bullet_point_white]] Vampirism technologies have unlock conditions\\n[[img:bullet_point_white]] Start with the first two Necromancy technologies already researched	false
effects_additional_tooltip_details_localised_description_wh3_main_vmp_effect_legendary_vampire_dummy	This faction is led by a [[b]]Legendary Vampire[[/b]], so has the following effects:\\n\\n[[img:bullet_point_white]] Vampirism technologies have no unlock conditions\\n[[img:bullet_point_white]] Necromancy technologies have unlock conditions\\n[[img:bullet_point_white]] Start with the first two Vampirism technologies already researched	false
effects_additional_tooltip_details_localised_description_wh_dlc06_effect_replenishment_savage_orcs	{{tr:replenishment_additional_tooltip}}	false
effects_additional_tooltip_details_localised_description_wh_dlc07_effect_force_all_campaign_replenishment_rate_peasants	{{tr:replenishment_additional_tooltip}}	false
effects_additional_tooltip_details_localised_description_wh_dlc08_effect_foce_slayers_replenishment_rate	{{tr:replenishment_additional_tooltip}}	false
effects_additional_tooltip_details_localised_description_wh_main_effect_agent_movement_range_mod	{{tr:campaign_movement_range_additional_tooltip}}	false
effects_additional_tooltip_details_localised_description_wh_main_effect_character_stat_aura_leadership_effect	Aura. Any unit standing within this character's aura in battle will receive a [[img:icon_morale]][[/img]]leadership bonus.	false
effects_additional_tooltip_details_localised_description_wh_main_effect_character_stat_fire_resistance	Fire Resistance. Damage of [[img:ui/skins/default/modifier_icon_flaming.png]][[/img]]flaming attacks is reduced by this amount, up to a maximum of 90%	false
effects_additional_tooltip_details_localised_description_wh_main_effect_character_stat_leadership_aura_size	Aura. Any unit standing within this character's aura in battle will receive a [[img:icon_morale]][[/img]]leadership bonus.	false
effects_additional_tooltip_details_localised_description_wh_main_effect_character_stat_leadership_aura_size_attacking	Aura. Any unit standing within this character's aura in battle will receive a [[img:icon_morale]][[/img]]leadership bonus.	false
effects_additional_tooltip_details_localised_description_wh_main_effect_character_stat_leadership_aura_size_defending	Aura. Any unit standing within this character's aura in battle will receive a [[img:icon_morale]][[/img]]leadership bonus.	false
effects_additional_tooltip_details_localised_description_wh_main_effect_character_stat_leadership_aura_size_sieging	Aura. Any unit standing within this character's aura in battle will receive a [[img:icon_morale]][[/img]]leadership bonus.	false
effects_additional_tooltip_details_localised_description_wh_main_effect_character_stat_magic_resistance	Spell Resistance. Damage of [[img:ui/skins/default/modifier_icon_magical.png]][[/img]]spells and magical abilities is reduced by this amount, up to a maximum of 90%	false
effects_additional_tooltip_details_localised_description_wh_main_effect_character_stat_missile_resistance	Missile Resistance. Damage of missile attacks is reduced by this amount, up to a maximum of 90%	false
effects_additional_tooltip_details_localised_description_wh_main_effect_character_stat_physical_resistance	Physical Resistance. Damage of non-magical attacks is reduced by this amount, up to a maximum of 90%	false
effects_additional_tooltip_details_localised_description_wh_main_effect_character_stat_ward_save	Ward Save. Any type of damage is reduced by this amount, up to a maximum of 90%	false
effects_additional_tooltip_details_localised_description_wh_main_effect_conquest_enable_night_battles	The option to carry out a lightning strike battle will appear on the Pre-Battle panel. Enabling this prevents reinforcements from joining the battle but will cause your troops to start the battle with reduced Vigour.	false
effects_additional_tooltip_details_localised_description_wh_main_effect_economy_gdp_mod_all_compass	{{tr:wh3_dlc24_compass_effect_tooltip}}	false
effects_additional_tooltip_details_localised_description_wh_main_effect_faction_mod_ancillary_drop_rarity	An item's rarity when gained as post-battle loot is decided by a random roll of 100, with a score greater than 90 giving a rare item, a score greater than 60 giving an uncommon item, and for any other score the item is common.\\n\\nThis effect adds 5 to the item's rarity score after the random roll and will stack for multiple instances of the effect.	false
effects_additional_tooltip_details_localised_description_wh_main_effect_force_all_campaign_movement_range	{{tr:campaign_movement_range_additional_tooltip}}	false
effects_additional_tooltip_details_localised_description_wh_main_effect_force_all_campaign_movement_range_bad	{{tr:campaign_movement_range_additional_tooltip}}	false
effects_additional_tooltip_details_localised_description_wh_main_effect_force_all_campaign_recruitment_cost_all_compass	{{tr:wh3_dlc24_compass_effect_tooltip}}	false
effects_additional_tooltip_details_localised_description_wh_main_effect_force_all_campaign_replenishment_rate	{{tr:replenishment_additional_tooltip}}	false
effects_additional_tooltip_details_localised_description_wh_main_effect_force_all_campaign_replenishment_rate_chaos	{{tr:replenishment_additional_tooltip}}	false
effects_additional_tooltip_details_localised_description_wh_main_effect_force_all_campaign_replenishment_rate_chaos_good	{{tr:replenishment_additional_tooltip}}	false
effects_additional_tooltip_details_localised_description_wh_main_effect_force_all_campaign_replenishment_rate_compass	{{tr:wh3_dlc24_compass_effect_tooltip}}	false
effects_additional_tooltip_details_localised_description_wh_main_effect_force_all_campaign_replenishment_rate_undead	{{tr:replenishment_additional_tooltip}}	false
effects_additional_tooltip_details_localised_description_wh_main_effect_force_all_campaign_replenishment_rate_undead_good	{{tr:replenishment_additional_tooltip}}	false
effects_additional_tooltip_details_localised_description_wh_main_effect_force_army_campaign_movement_range	{{tr:campaign_movement_range_additional_tooltip}}	false
effects_additional_tooltip_details_localised_description_wh_main_effect_force_artillery_campaign_replenishment_rate	{{tr:replenishment_additional_tooltip}}	false
effects_additional_tooltip_details_localised_description_wh_main_effect_force_knights_campaign_replenishment_rate	{{tr:replenishment_additional_tooltip}}	false
effects_additional_tooltip_details_localised_description_wh_main_effect_force_stat_fire_resistance	Fire Resistance. Damage of [[img:ui/skins/default/modifier_icon_flaming.png]][[/img]]flaming attacks is reduced by this amount, up to a maximum of 90%	false
effects_additional_tooltip_details_localised_description_wh_main_effect_force_stat_leadership_enemy_unit_compass	{{tr:wh3_dlc24_compass_effect_tooltip}}	false
effects_additional_tooltip_details_localised_description_wh_main_effect_force_stat_magic_resistance	Spell Resistance. Damage of [[img:ui/skins/default/modifier_icon_magical.png]][[/img]]spells and magical abilities is reduced by this amount, up to a maximum of 90%	false
effects_additional_tooltip_details_localised_description_wh_main_effect_force_stat_missile_resistance	Missile Resistance. Damage of missile attacks is reduced by this amount, up to a maximum of 90%	false
effects_additional_tooltip_details_localised_description_wh_main_effect_force_stat_missile_resistance_artillery	Missile Resistance. Damage of missile attacks is reduced by this amount, up to a maximum of 90%	false
effects_additional_tooltip_details_localised_description_wh_main_effect_force_stat_physical_resistance	Physical Resistance. Damage of non-magical attacks is reduced by this amount, up to a maximum of 90%	false
effects_additional_tooltip_details_localised_description_wh_main_effect_force_stat_physical_resistance_hidden	{{tr:effects_additional_tooltip_details_localised_description_wh_main_effect_force_stat_physical_resistance}}	false
effects_additional_tooltip_details_localised_description_wh_main_effect_force_stat_ward_save	Ward Save. Any type of damage is reduced by this amount, up to a maximum of 90%	false
effects_additional_tooltip_details_localised_description_wh_main_effect_general_aura_mod_all_during_ambush	Aura. Any unit standing within this character's aura in battle will receive a [[img:icon_morale]][[/img]]leadership bonus.	false
