key	text	tooltip
#Loc;1;text/db/initiatives__.loc		
initiatives_localised_description_wh3_cp1_feature_initiatives_cth_ancillaries_armours	placeholder	false
initiatives_localised_description_wh3_cp1_feature_initiatives_cth_ancillaries_talisman	placeholder	false
initiatives_localised_description_wh3_cp1_feature_initiatives_cth_ancillaries_weapons	placeholder	false
initiatives_localised_description_wh3_cp1_feature_initiatives_cth_buildings_celestial	placeholder	false
initiatives_localised_description_wh3_cp1_feature_initiatives_cth_buildings_gun	placeholder	false
initiatives_localised_description_wh3_cp1_feature_initiatives_cth_buildings_jade	placeholder	false
initiatives_localised_description_wh3_cp1_feature_initiatives_cth_buildings_machines	placeholder	false
initiatives_localised_description_wh3_cp1_feature_initiatives_cth_court_decrees_bhashiva_1	Those marked by the White Tiger are not easily claimed. They outlast the killing waste, and rise where lesser champions would be lost.	false
initiatives_localised_description_wh3_cp1_feature_initiatives_cth_court_decrees_bhashiva_2	The wise hunter never bares all her claws at once. Let the foe press on in false triumph, then spring the hidden pack.	false
initiatives_localised_description_wh3_cp1_feature_initiatives_cth_court_decrees_bhashiva_3	No frontier bars the White Tiger’s tread. Her host crosses foreign lands unbowed, and gathers strength where others would wither.	false
initiatives_localised_description_wh3_cp1_feature_initiatives_cth_court_decrees_military_1	Kamau instructs that frightened prey must never be given respite. Run it ragged, hem it in, and strike when flight has become despair.	false
initiatives_localised_description_wh3_cp1_feature_initiatives_cth_court_decrees_military_2	Kamau teaches that the patient hunter is already half-victorious. Strike hard, and no prey may turn the trail upon you.	false
initiatives_localised_description_wh3_cp1_feature_initiatives_cth_court_decrees_military_3	By Kamau’s creed, the war-host is swift to claim the ground, while honoured forebears rise at need to fight beside their descendants.	false
initiatives_localised_description_wh3_cp1_feature_initiatives_cth_court_decrees_spiritual_1	In sacred stillness, lesser magics falter. Enemy wards fall away, and their would-be sorcerers find the Winds ungraspable.	false
initiatives_localised_description_wh3_cp1_feature_initiatives_cth_court_decrees_spiritual_2	No frontier bars the Thousand Gods’ road. Their faithful cross foreign lands unbowed, and gather strength where lesser hosts would wither.	false
initiatives_localised_description_wh3_cp1_feature_initiatives_cth_court_decrees_spiritual_3	Under the Thousand Gods’ guidance, caravans grow rich, burdens grow fruitful, and far-flung bargains return with heavier tribute.	false
initiatives_localised_description_wh3_dlc20_character_initiative_ascend_lord_to_daemon_prince_khorne	Character must reach rank 20.	false
initiatives_localised_description_wh3_dlc20_character_initiative_ascend_lord_to_daemon_prince_khorne_from_und	Character must reach rank 30.	false
initiatives_localised_description_wh3_dlc20_character_initiative_ascend_lord_to_daemon_prince_nurgle	Character must reach rank 20.	false
initiatives_localised_description_wh3_dlc20_character_initiative_ascend_lord_to_daemon_prince_nurgle_from_und	Character must reach rank 30.	false
initiatives_localised_description_wh3_dlc20_character_initiative_ascend_lord_to_daemon_prince_slaanesh	Character must reach rank 20.	false
initiatives_localised_description_wh3_dlc20_character_initiative_ascend_lord_to_daemon_prince_slaanesh_from_und	Character must reach rank 30.	false
initiatives_localised_description_wh3_dlc20_character_initiative_ascend_lord_to_daemon_prince_tzeentch	Character must reach rank 20.	false
initiatives_localised_description_wh3_dlc20_character_initiative_ascend_lord_to_daemon_prince_tzeentch_from_und	Character must reach rank 30.	false
initiatives_localised_description_wh3_dlc20_character_initiative_ascend_lord_to_daemon_prince_undivided	Character must reach rank 30.	false
initiatives_localised_description_wh3_dlc20_character_initiative_chs_chaos_lord_kho_01	Win 5 battles.	false
initiatives_localised_description_wh3_dlc20_character_initiative_chs_chaos_lord_kho_02	Win a battle against multiple armies.	false
initiatives_localised_description_wh3_dlc20_character_initiative_chs_chaos_lord_kho_03	Win a battle with 2000 kills.	false
initiatives_localised_description_wh3_dlc20_character_initiative_chs_chaos_lord_kho_04	Win a battle against an army with 3 characters.	false
initiatives_localised_description_wh3_dlc20_character_initiative_chs_chaos_lord_kho_05	Win a battle against an army containing 5 missile units.	false
initiatives_localised_description_wh3_dlc20_character_initiative_chs_chaos_lord_kho_06	Lose a battle and survive.	false
initiatives_localised_description_wh3_dlc20_character_initiative_chs_chaos_lord_kho_07	Win a battle against any Daemon race.	false
initiatives_localised_description_wh3_dlc20_character_initiative_chs_chaos_lord_kho_08	Reach rank 15.	false
initiatives_localised_description_wh3_dlc20_character_initiative_chs_chaos_lord_kho_09	Use the Sacrifice Captives post-battle captive option.	false
initiatives_localised_description_wh3_dlc20_character_initiative_chs_chaos_lord_sla_01	Win 5 battles.	false
initiatives_localised_description_wh3_dlc20_character_initiative_chs_chaos_lord_sla_02	Win a battle with a unit of Fiends of Slaanesh in your army.	false
initiatives_localised_description_wh3_dlc20_character_initiative_chs_chaos_lord_sla_03	Win a battle with 2000 kills.	false
initiatives_localised_description_wh3_dlc20_character_initiative_chs_chaos_lord_sla_04	Rank-up in Raiding stance.	false
initiatives_localised_description_wh3_dlc20_character_initiative_chs_chaos_lord_sla_05	Win a battle against an army containing 5 missile units.	false
initiatives_localised_description_wh3_dlc20_character_initiative_chs_chaos_lord_sla_06	Lose a battle and survive.	false
initiatives_localised_description_wh3_dlc20_character_initiative_chs_chaos_lord_sla_07	Win a battle against any Daemon race.	false
initiatives_localised_description_wh3_dlc20_character_initiative_chs_chaos_lord_sla_08	Reach rank 15.	false
initiatives_localised_description_wh3_dlc20_character_initiative_chs_chaos_lord_sla_09	Use the Sacrifice Captives post-battle captive option.	false
initiatives_localised_description_wh3_dlc20_character_initiative_chs_chaos_lord_und_01	Win 5 battles.	false
initiatives_localised_description_wh3_dlc20_character_initiative_chs_chaos_lord_und_02	Win a battle with 2000 kills.	false
initiatives_localised_description_wh3_dlc20_character_initiative_chs_chaos_lord_und_03	Win a battle against an army with 3 characters.	false
initiatives_localised_description_wh3_dlc20_character_initiative_chs_chaos_lord_und_04	End your turn in a friendly region with less than -50 Control.	false
initiatives_localised_description_wh3_dlc20_character_initiative_chs_chaos_lord_und_05	Win a battle against an army containing 5 missile units.	false
initiatives_localised_description_wh3_dlc20_character_initiative_chs_chaos_lord_und_06	Lose a battle and survive.	false
initiatives_localised_description_wh3_dlc20_character_initiative_chs_chaos_lord_und_07	Win a battle against any Daemon race.	false
initiatives_localised_description_wh3_dlc20_character_initiative_chs_chaos_lord_und_08	Reach rank 15.	false
initiatives_localised_description_wh3_dlc20_character_initiative_chs_chaos_lord_und_09	Use the Sacrifice Captives post-battle captive option.	false
initiatives_localised_description_wh3_dlc20_character_initiative_chs_chaos_sorcerer_lord_nur_01	Win 5 battles.	false
initiatives_localised_description_wh3_dlc20_character_initiative_chs_chaos_sorcerer_lord_nur_02	Win a battle with another spellcaster in your army.	false
initiatives_localised_description_wh3_dlc20_character_initiative_chs_chaos_sorcerer_lord_nur_03	Win a battle with a unit of Aspiring Champions in your army.	false
initiatives_localised_description_wh3_dlc20_character_initiative_chs_chaos_sorcerer_lord_nur_04	Occupy a settlement with a Chaotic Wasteland climate.	false
initiatives_localised_description_wh3_dlc20_character_initiative_chs_chaos_sorcerer_lord_nur_05	Rank-up in Raiding stance.	false
initiatives_localised_description_wh3_dlc20_character_initiative_chs_chaos_sorcerer_lord_nur_06	Win a battle against Nurgle.	false
initiatives_localised_description_wh3_dlc20_character_initiative_chs_chaos_sorcerer_lord_nur_07	Rank-up in {{tr:channelling_stance}}.	false
initiatives_localised_description_wh3_dlc20_character_initiative_chs_chaos_sorcerer_lord_nur_08	Win a battle against any Daemon race.	false
initiatives_localised_description_wh3_dlc20_character_initiative_chs_chaos_sorcerer_lord_nur_09	Reach rank 15.	false
initiatives_localised_description_wh3_dlc20_character_initiative_chs_chaos_sorcerer_lord_nur_10	Use the Sacrifice Captives post-battle captive option.	false
initiatives_localised_description_wh3_dlc20_character_initiative_chs_chaos_sorcerer_lord_tze_01	Win 5 battles.	false
initiatives_localised_description_wh3_dlc20_character_initiative_chs_chaos_sorcerer_lord_tze_02	Win a battle with another spellcaster in your army.	false
initiatives_localised_description_wh3_dlc20_character_initiative_chs_chaos_sorcerer_lord_tze_03	Win a battle with a unit of Aspiring Champions in your army.	false
initiatives_localised_description_wh3_dlc20_character_initiative_chs_chaos_sorcerer_lord_tze_04	Win a battle against an army led by a spellcaster.	false
initiatives_localised_description_wh3_dlc20_character_initiative_chs_chaos_sorcerer_lord_tze_05	Rank-up in {{tr:channelling_stance}}.	false
initiatives_localised_description_wh3_dlc20_character_initiative_chs_chaos_sorcerer_lord_tze_06	Rank-up in {{tr:channelling_stance}}.	false
initiatives_localised_description_wh3_dlc20_character_initiative_chs_chaos_sorcerer_lord_tze_07	Win a battle against Tzeentch.	false
initiatives_localised_description_wh3_dlc20_character_initiative_chs_chaos_sorcerer_lord_tze_08	Win a battle against any Daemon race.	false
initiatives_localised_description_wh3_dlc20_character_initiative_chs_chaos_sorcerer_lord_tze_09	Reach rank 15.	false
initiatives_localised_description_wh3_dlc20_character_initiative_chs_chaos_sorcerer_lord_tze_10	Use the Sacrifice Captives post-battle captive option.	false
initiatives_localised_description_wh3_dlc20_character_initiative_chs_chaos_sorcerer_lord_und_01	Win 5 battles.	false
initiatives_localised_description_wh3_dlc20_character_initiative_chs_chaos_sorcerer_lord_und_02	Win a battle with another spellcaster in your army.	false
initiatives_localised_description_wh3_dlc20_character_initiative_chs_chaos_sorcerer_lord_und_03	Win a battle with a unit of Aspiring Champions in your army.	false
initiatives_localised_description_wh3_dlc20_character_initiative_chs_chaos_sorcerer_lord_und_04	Win a battle against Tzeentch.	false
initiatives_localised_description_wh3_dlc20_character_initiative_chs_chaos_sorcerer_lord_und_05	Win a battle against Nurgle.	false
initiatives_localised_description_wh3_dlc20_character_initiative_chs_chaos_sorcerer_lord_und_06	Rank-up in {{tr:channelling_stance}}.	false
initiatives_localised_description_wh3_dlc20_character_initiative_chs_chaos_sorcerer_lord_und_07	End your turn with over 80 Winds of Magic reserves.	false
initiatives_localised_description_wh3_dlc20_character_initiative_chs_chaos_sorcerer_lord_und_08	Win a battle against any Daemon race.	false
initiatives_localised_description_wh3_dlc20_character_initiative_chs_chaos_sorcerer_lord_und_09	Reach rank 15.	false
initiatives_localised_description_wh3_dlc20_character_initiative_chs_chaos_sorcerer_lord_und_10	Use the Sacrifice Captives post-battle captive option.	false
initiatives_localised_description_wh3_dlc20_character_initiative_chs_chaos_sorcerer_sla_01	Win 5 battles.	false
initiatives_localised_description_wh3_dlc20_character_initiative_chs_chaos_sorcerer_sla_02	Win a battle with another spellcaster in your army.	false
initiatives_localised_description_wh3_dlc20_character_initiative_chs_chaos_sorcerer_sla_03	Win a battle with 2 Hellstriders of Slaanesh units in your army.	false
initiatives_localised_description_wh3_dlc20_character_initiative_chs_chaos_sorcerer_sla_04	Win a battle against an army led by a spellcaster.	false
initiatives_localised_description_wh3_dlc20_character_initiative_chs_chaos_sorcerer_sla_05	Rank-up in Raiding stance.	false
initiatives_localised_description_wh3_dlc20_character_initiative_chs_chaos_sorcerer_sla_06	Win a battle with a unit of Fiends of Slaanesh in your army.	false
initiatives_localised_description_wh3_dlc20_character_initiative_chs_chaos_sorcerer_sla_07	Win a battle against Slaanesh.	false
initiatives_localised_description_wh3_dlc20_character_initiative_chs_chaos_sorcerer_sla_08	End your turn with over 80 Winds of Magic reserves.	false
initiatives_localised_description_wh3_dlc20_character_initiative_chs_chaos_sorcerer_sla_09	Successfully use a Hero action with this character.	false
initiatives_localised_description_wh3_dlc20_character_initiative_chs_chaos_sorcerer_sla_10	Win a battle against any Daemon race.	false
initiatives_localised_description_wh3_dlc20_character_initiative_chs_chaos_sorcerer_tze_01	Win 5 battles.	false
initiatives_localised_description_wh3_dlc20_character_initiative_chs_chaos_sorcerer_tze_02	Win a battle with another spellcaster in your army.	false
initiatives_localised_description_wh3_dlc20_character_initiative_chs_chaos_sorcerer_tze_03	End your turn with over 80 Winds of Magic reserves.	false
initiatives_localised_description_wh3_dlc20_character_initiative_chs_chaos_sorcerer_tze_04	Win a battle against an army led by a spellcaster.	false
initiatives_localised_description_wh3_dlc20_character_initiative_chs_chaos_sorcerer_tze_05	Rank-up in {{tr:channelling_stance}}.	false
initiatives_localised_description_wh3_dlc20_character_initiative_chs_chaos_sorcerer_tze_06	Win an ambush battle.	false
initiatives_localised_description_wh3_dlc20_character_initiative_chs_chaos_sorcerer_tze_07	Rank-up in {{tr:channelling_stance}}.	false
initiatives_localised_description_wh3_dlc20_character_initiative_chs_chaos_sorcerer_tze_08	Win a battle against Tzeentch.	false
initiatives_localised_description_wh3_dlc20_character_initiative_chs_chaos_sorcerer_tze_09	Successfully use a Hero action with this character.	false
initiatives_localised_description_wh3_dlc20_character_initiative_chs_chaos_sorcerer_tze_10	Win a battle against any Daemon race.	false
initiatives_localised_description_wh3_dlc20_character_initiative_chs_chaos_sorcerer_und_01	Win 5 battles.	false
initiatives_localised_description_wh3_dlc20_character_initiative_chs_chaos_sorcerer_und_02	Win a battle with another spellcaster in your army.	false
initiatives_localised_description_wh3_dlc20_character_initiative_chs_chaos_sorcerer_und_03	End your turn in a friendly region with less than -50 Control.	false
initiatives_localised_description_wh3_dlc20_character_initiative_chs_chaos_sorcerer_und_04	Win a battle against an army led by a spellcaster.	false
initiatives_localised_description_wh3_dlc20_character_initiative_chs_chaos_sorcerer_und_05	Win a battle against Slaanesh.	false
initiatives_localised_description_wh3_dlc20_character_initiative_chs_chaos_sorcerer_und_06	Win a battle against Tzeentch.	false
initiatives_localised_description_wh3_dlc20_character_initiative_chs_chaos_sorcerer_und_07	Rank-up in {{tr:channelling_stance}}.	false
initiatives_localised_description_wh3_dlc20_character_initiative_chs_chaos_sorcerer_und_08	End your turn with over 80 Winds of Magic reserves.	false
initiatives_localised_description_wh3_dlc20_character_initiative_chs_chaos_sorcerer_und_09	Successfully use a Hero action with this character.	false
initiatives_localised_description_wh3_dlc20_character_initiative_chs_chaos_sorcerer_und_10	Win a battle against any Daemon race.	false
initiatives_localised_description_wh3_dlc20_character_initiative_chs_daemon_prince_kho_01	Win 5 battles.	false
initiatives_localised_description_wh3_dlc20_character_initiative_chs_daemon_prince_kho_02	Win a battle against multiple armies.	false
initiatives_localised_description_wh3_dlc20_character_initiative_chs_daemon_prince_kho_03	Win a battle with 2000 kills.	false
initiatives_localised_description_wh3_dlc20_character_initiative_chs_daemon_prince_kho_04	Win a battle against any Daemon race.	false
initiatives_localised_description_wh3_dlc20_character_initiative_chs_daemon_prince_kho_05	Use the Kill Captives post-battle captive option.	false
initiatives_localised_description_wh3_dlc20_character_initiative_chs_daemon_prince_kho_06	Win a battle against an army containing 5 missile units.	false
initiatives_localised_description_wh3_dlc20_character_initiative_chs_daemon_prince_kho_07	Lose a battle and survive.	false
initiatives_localised_description_wh3_dlc20_character_initiative_chs_daemon_prince_kho_08	Reach rank 15.	false
initiatives_localised_description_wh3_dlc20_character_initiative_chs_daemon_prince_kho_09	Use the Sacrifice Captives post-battle captive option.	false
initiatives_localised_description_wh3_dlc20_character_initiative_chs_daemon_prince_nur_01	Win 5 battles.	false
initiatives_localised_description_wh3_dlc20_character_initiative_chs_daemon_prince_nur_02	Win a battle with another spellcaster in your army.	false
initiatives_localised_description_wh3_dlc20_character_initiative_chs_daemon_prince_nur_03	Win a battle with 2000 kills.	false
initiatives_localised_description_wh3_dlc20_character_initiative_chs_daemon_prince_nur_04	Win a battle against any Daemon race.	false
initiatives_localised_description_wh3_dlc20_character_initiative_chs_daemon_prince_nur_05	Use the Kill Captives post-battle captive option.	false
initiatives_localised_description_wh3_dlc20_character_initiative_chs_daemon_prince_nur_06	Win a battle against Nurgle.	false
initiatives_localised_description_wh3_dlc20_character_initiative_chs_daemon_prince_nur_07	Lose a battle and survive.	false
initiatives_localised_description_wh3_dlc20_character_initiative_chs_daemon_prince_nur_08	Reach rank 15.	false
initiatives_localised_description_wh3_dlc20_character_initiative_chs_daemon_prince_nur_09	Use the Sacrifice Captives post-battle captive option.	false
initiatives_localised_description_wh3_dlc20_character_initiative_chs_daemon_prince_sla_01	Win 5 battles.	false
initiatives_localised_description_wh3_dlc20_character_initiative_chs_daemon_prince_sla_02	Win a battle with another spellcaster in your army.	false
initiatives_localised_description_wh3_dlc20_character_initiative_chs_daemon_prince_sla_03	Win a battle with 2000 kills.	false
initiatives_localised_description_wh3_dlc20_character_initiative_chs_daemon_prince_sla_04	Win a battle against any Daemon race.	false
initiatives_localised_description_wh3_dlc20_character_initiative_chs_daemon_prince_sla_05	Use the Kill Captives post-battle captive option.	false
initiatives_localised_description_wh3_dlc20_character_initiative_chs_daemon_prince_sla_06	Win a battle against Slaanesh.	false
initiatives_localised_description_wh3_dlc20_character_initiative_chs_daemon_prince_sla_07	Lose a battle and survive.	false
initiatives_localised_description_wh3_dlc20_character_initiative_chs_daemon_prince_sla_08	Reach rank 15.	false
initiatives_localised_description_wh3_dlc20_character_initiative_chs_daemon_prince_sla_09	Use the Sacrifice Captives post-battle captive option.	false
initiatives_localised_description_wh3_dlc20_character_initiative_chs_daemon_prince_tze_01	Win 5 battles.	false
initiatives_localised_description_wh3_dlc20_character_initiative_chs_daemon_prince_tze_02	Win a battle with another spellcaster in your army.	false
initiatives_localised_description_wh3_dlc20_character_initiative_chs_daemon_prince_tze_03	End your turn with over 80 Winds of Magic reserves.	false
initiatives_localised_description_wh3_dlc20_character_initiative_chs_daemon_prince_tze_04	Win a battle against any Daemon race.	false
initiatives_localised_description_wh3_dlc20_character_initiative_chs_daemon_prince_tze_05	Use the Kill Captives post-battle captive option.	false
initiatives_localised_description_wh3_dlc20_character_initiative_chs_daemon_prince_tze_06	Win a battle against Tzeentch.	false
initiatives_localised_description_wh3_dlc20_character_initiative_chs_daemon_prince_tze_07	Lose a battle and survive.	false
initiatives_localised_description_wh3_dlc20_character_initiative_chs_daemon_prince_tze_08	Reach rank 15.	false
initiatives_localised_description_wh3_dlc20_character_initiative_chs_daemon_prince_tze_09	Use the Sacrifice Captives post-battle captive option.	false
initiatives_localised_description_wh3_dlc20_character_initiative_chs_daemon_prince_und_01	Win 5 battles.	false
initiatives_localised_description_wh3_dlc20_character_initiative_chs_daemon_prince_und_02	Win a battle with another spellcaster in your army.	false
initiatives_localised_description_wh3_dlc20_character_initiative_chs_daemon_prince_und_03	Win a battle with 2000 kills.	false
initiatives_localised_description_wh3_dlc20_character_initiative_chs_daemon_prince_und_04	Win a battle against any Daemon race.	false
initiatives_localised_description_wh3_dlc20_character_initiative_chs_daemon_prince_und_05	Use the Kill Captives post-battle captive option.	false
initiatives_localised_description_wh3_dlc20_character_initiative_chs_daemon_prince_und_06	Win a battle against an army led by a spellcaster.	false
initiatives_localised_description_wh3_dlc20_character_initiative_chs_daemon_prince_und_07	Lose a battle and survive.	false
initiatives_localised_description_wh3_dlc20_character_initiative_chs_daemon_prince_und_08	Reach rank 15.	false
initiatives_localised_description_wh3_dlc20_character_initiative_chs_daemon_prince_und_09	Use the Sacrifice Captives post-battle captive option.	false
initiatives_localised_description_wh3_dlc20_character_initiative_chs_exalted_hero_kho_01	Win 5 battles.	false
initiatives_localised_description_wh3_dlc20_character_initiative_chs_exalted_hero_kho_02	Win a battle with 2 Chaos Knights units in your army.	false
initiatives_localised_description_wh3_dlc20_character_initiative_chs_exalted_hero_kho_03	Win a battle with a unit of Skullcrushers in your army.	false
initiatives_localised_description_wh3_dlc20_character_initiative_chs_exalted_hero_kho_04	Win a battle against multiple armies.	false
initiatives_localised_description_wh3_dlc20_character_initiative_chs_exalted_hero_kho_05	Win a battle with 2000 kills.	false
initiatives_localised_description_wh3_dlc20_character_initiative_chs_exalted_hero_kho_06	Win a battle against an army led by a spellcaster.	false
initiatives_localised_description_wh3_dlc20_character_initiative_chs_exalted_hero_kho_07	Lose a battle and survive.	false
initiatives_localised_description_wh3_dlc20_character_initiative_chs_exalted_hero_kho_08	Win a battle with 3 Chosen units in your army.	false
initiatives_localised_description_wh3_dlc20_character_initiative_chs_exalted_hero_kho_09	Win a battle against any Daemon race.	false
initiatives_localised_description_wh3_dlc20_character_initiative_chs_exalted_hero_kho_10	Successfully use a Hero action with this character.	false
initiatives_localised_description_wh3_dlc20_character_initiative_chs_exalted_hero_nur_01	Win 5 battles.	false
initiatives_localised_description_wh3_dlc20_character_initiative_chs_exalted_hero_nur_02	Win a battle with 2 Chaos Knights units in your army.	false
initiatives_localised_description_wh3_dlc20_character_initiative_chs_exalted_hero_nur_03	Win a battle with 2000 kills.	false
initiatives_localised_description_wh3_dlc20_character_initiative_chs_exalted_hero_nur_04	Win a battle against an army led by a spellcaster.	false
initiatives_localised_description_wh3_dlc20_character_initiative_chs_exalted_hero_nur_05	Rank-up in Raiding stance.	false
initiatives_localised_description_wh3_dlc20_character_initiative_chs_exalted_hero_nur_06	Occupy a settlement with a Chaotic Wasteland climate.	false
initiatives_localised_description_wh3_dlc20_character_initiative_chs_exalted_hero_nur_07	Lose a battle and survive.	false
initiatives_localised_description_wh3_dlc20_character_initiative_chs_exalted_hero_nur_08	Win a battle with 3 Chosen units in your army.	false
initiatives_localised_description_wh3_dlc20_character_initiative_chs_exalted_hero_nur_09	Win a battle against any Daemon race.	false
initiatives_localised_description_wh3_dlc20_character_initiative_chs_exalted_hero_nur_10	Successfully use a Hero action with this character.	false
initiatives_localised_description_wh3_dlc20_character_initiative_chs_exalted_hero_und_01	Win 5 battles.	false
initiatives_localised_description_wh3_dlc20_character_initiative_chs_exalted_hero_und_02	Win a battle with 2 Chaos Knights units in your army.	false
initiatives_localised_description_wh3_dlc20_character_initiative_chs_exalted_hero_und_03	Win a battle with 2000 kills.	false
initiatives_localised_description_wh3_dlc20_character_initiative_chs_exalted_hero_und_04	Win a battle against an army led by a spellcaster.	false
initiatives_localised_description_wh3_dlc20_character_initiative_chs_exalted_hero_und_05	End your turn in a friendly region with less than -50 Control.	false
initiatives_localised_description_wh3_dlc20_character_initiative_chs_exalted_hero_und_06	Lose a battle and survive.	false
initiatives_localised_description_wh3_dlc20_character_initiative_chs_exalted_hero_und_07	Win a battle with 3 Chosen units in your army.	false
initiatives_localised_description_wh3_dlc20_character_initiative_chs_exalted_hero_und_08	Win a battle against any Daemon race.	false
initiatives_localised_description_wh3_dlc20_character_initiative_chs_exalted_hero_und_09	Successfully use a Hero action with this character.	false
initiatives_localised_description_wh3_dlc20_character_initiative_devote_exalted_hero_to_khorne	Character must reach rank 5.	false
initiatives_localised_description_wh3_dlc20_character_initiative_devote_exalted_hero_to_nurgle	Character must reach rank 5.	false
initiatives_localised_description_wh3_dlc20_character_initiative_devote_lord_to_khorne	Character must reach rank 5.	false
initiatives_localised_description_wh3_dlc20_character_initiative_devote_lord_to_nurgle	Character must reach rank 5.	false
initiatives_localised_description_wh3_dlc20_character_initiative_devote_lord_to_slaanesh	Character must reach rank 5.	false
initiatives_localised_description_wh3_dlc20_character_initiative_devote_sorceror_lord_to_nurgle_death	Character must reach rank 5.	false
initiatives_localised_description_wh3_dlc20_character_initiative_devote_sorceror_lord_to_nurgle_nurgle	Character must reach rank 5.	false
initiatives_localised_description_wh3_dlc20_character_initiative_devote_sorceror_lord_to_tzeentch_metal	Character must reach rank 5.	false
initiatives_localised_description_wh3_dlc20_character_initiative_devote_sorceror_lord_to_tzeentch_tzeentch	Character must reach rank 5.	false
initiatives_localised_description_wh3_dlc20_character_initiative_devote_sorceror_to_slaanesh_shadows	Character must reach rank 5.	false
initiatives_localised_description_wh3_dlc20_character_initiative_devote_sorceror_to_slaanesh_slaanesh	Character must reach rank 5.	false
initiatives_localised_description_wh3_dlc20_character_initiative_devote_sorceror_to_tzeentch_metal	Character must reach rank 5.	false
initiatives_localised_description_wh3_dlc20_character_initiative_devote_sorceror_to_tzeentch_tzeentch	Character must reach rank 5.	false
initiatives_localised_description_wh3_dlc20_faction_initiative_chs_khorne_1_army_xp	placeholder	false
initiatives_localised_description_wh3_dlc20_faction_initiative_chs_khorne_1_economy_post_battle_income	placeholder	false
initiatives_localised_description_wh3_dlc20_faction_initiative_chs_khorne_1_units_bloodletters	placeholder	false
initiatives_localised_description_wh3_dlc20_faction_initiative_chs_khorne_1_units_flesh_hounds	placeholder	false
initiatives_localised_description_wh3_dlc20_faction_initiative_chs_khorne_2_army_upgrades	placeholder	false
initiatives_localised_description_wh3_dlc20_faction_initiative_chs_khorne_3_characters_marking	placeholder	false
initiatives_localised_description_wh3_dlc20_faction_initiative_chs_khorne_3_units_skullcannons	placeholder	false
initiatives_localised_description_wh3_dlc20_faction_initiative_chs_khorne_3_units_warshrine	placeholder	false
initiatives_localised_description_wh3_dlc20_faction_initiative_chs_khorne_5_units_bloodthirsters	placeholder	false
initiatives_localised_description_wh3_dlc20_faction_initiative_chs_khorne_5_units_soul_grinder	placeholder	false
initiatives_localised_description_wh3_dlc20_faction_initiative_chs_nurgle_1_army_replenishment	placeholder	false
initiatives_localised_description_wh3_dlc20_faction_initiative_chs_nurgle_1_economy_growth	placeholder	false
initiatives_localised_description_wh3_dlc20_faction_initiative_chs_nurgle_1_units_beast_of_nurgle	placeholder	false
initiatives_localised_description_wh3_dlc20_faction_initiative_chs_nurgle_1_units_plaguebearers	placeholder	false
initiatives_localised_description_wh3_dlc20_faction_initiative_chs_nurgle_2_army_upgrades	placeholder	false
initiatives_localised_description_wh3_dlc20_faction_initiative_chs_nurgle_3_characters_marking	placeholder	false
initiatives_localised_description_wh3_dlc20_faction_initiative_chs_nurgle_3_units_plague_drones	placeholder	false
initiatives_localised_description_wh3_dlc20_faction_initiative_chs_nurgle_3_units_warshrine		false
initiatives_localised_description_wh3_dlc20_faction_initiative_chs_nurgle_5_units_great_unclean_one	placeholder	false
initiatives_localised_description_wh3_dlc20_faction_initiative_chs_nurgle_5_units_soul_grinder	placeholder	false
initiatives_localised_description_wh3_dlc20_faction_initiative_chs_slaanesh_1_army_movement	placeholder	false
initiatives_localised_description_wh3_dlc20_faction_initiative_chs_slaanesh_1_economy_control	placeholder	false
initiatives_localised_description_wh3_dlc20_faction_initiative_chs_slaanesh_1_units_daemonettes	placeholder	false
initiatives_localised_description_wh3_dlc20_faction_initiative_chs_slaanesh_1_units_seeker_chariots	placeholder	false
initiatives_localised_description_wh3_dlc20_faction_initiative_chs_slaanesh_2_army_upgrades	placeholder	false
initiatives_localised_description_wh3_dlc20_faction_initiative_chs_slaanesh_3_characters_marking	placeholder	false
initiatives_localised_description_wh3_dlc20_faction_initiative_chs_slaanesh_3_units_fiends	placeholder	false
initiatives_localised_description_wh3_dlc20_faction_initiative_chs_slaanesh_3_units_warshrine	placeholder	false
initiatives_localised_description_wh3_dlc20_faction_initiative_chs_slaanesh_5_units_keeper_of_secrets	placeholder	false
initiatives_localised_description_wh3_dlc20_faction_initiative_chs_slaanesh_5_units_soul_grinder	placeholder	false
initiatives_localised_description_wh3_dlc20_faction_initiative_chs_tzeentch_1_army_winds	placeholder	false
initiatives_localised_description_wh3_dlc20_faction_initiative_chs_tzeentch_1_economy_technology	placeholder	false
initiatives_localised_description_wh3_dlc20_faction_initiative_chs_tzeentch_1_units_pink_horrors	placeholder	false
initiatives_localised_description_wh3_dlc20_faction_initiative_chs_tzeentch_1_units_screamers	placeholder	false
initiatives_localised_description_wh3_dlc20_faction_initiative_chs_tzeentch_2_army_upgrades	placeholder	false
initiatives_localised_description_wh3_dlc20_faction_initiative_chs_tzeentch_3_characters_marking	placeholder	false
initiatives_localised_description_wh3_dlc20_faction_initiative_chs_tzeentch_3_units_flamers	placeholder	false
initiatives_localised_description_wh3_dlc20_faction_initiative_chs_tzeentch_3_units_warshrine	placeholder	false
initiatives_localised_description_wh3_dlc20_faction_initiative_chs_tzeentch_5_units_lord_of_Change	placeholder	false
initiatives_localised_description_wh3_dlc20_faction_initiative_chs_tzeentch_5_units_soul_grinder	placeholder	false
initiatives_localised_description_wh3_dlc20_faction_initiative_chs_undivided_1_army_marauders	placeholder	false
initiatives_localised_description_wh3_dlc20_faction_initiative_chs_undivided_1_economy_building	placeholder	false
initiatives_localised_description_wh3_dlc20_faction_initiative_chs_undivided_1_units_furies	placeholder	false
initiatives_localised_description_wh3_dlc20_faction_initiative_chs_undivided_2_army_upgrades	placeholder	false
initiatives_localised_description_wh3_dlc20_faction_initiative_chs_undivided_2_economy_vassals	placeholder	false
initiatives_localised_description_wh3_dlc20_faction_initiative_chs_undivided_2_xp_sharing	does a thing?	false
initiatives_localised_description_wh3_dlc20_faction_initiative_chs_undivided_3_army_elites	placeholder	false
initiatives_localised_description_wh3_dlc20_faction_initiative_chs_undivided_3_characters_marking	placeholder	false
initiatives_localised_description_wh3_dlc20_faction_initiative_chs_undivided_3_units_hellcannons	placeholder	false
initiatives_localised_description_wh3_dlc20_faction_initiative_chs_undivided_3_units_warshrine	placeholder	false
initiatives_localised_description_wh3_dlc20_faction_initiative_chs_undivided_5_units_shaggoths	placeholder	false
initiatives_localised_description_wh3_dlc23_faction_initiative_chd_category_bull_centaurs_1		false
initiatives_localised_description_wh3_dlc23_faction_initiative_chd_category_bull_centaurs_2		false
initiatives_localised_description_wh3_dlc23_faction_initiative_chd_category_bull_centaurs_3		false
initiatives_localised_description_wh3_dlc23_faction_initiative_chd_category_bull_centaurs_4		false
initiatives_localised_description_wh3_dlc23_faction_initiative_chd_category_bull_centaurs_5		false
initiatives_localised_description_wh3_dlc23_faction_initiative_chd_category_bull_centaurs_6		false
initiatives_localised_description_wh3_dlc23_faction_initiative_chd_category_bull_centaurs_7		false
initiatives_localised_description_wh3_dlc23_faction_initiative_chd_category_bull_centaurs_8		false
initiatives_localised_description_wh3_dlc23_faction_initiative_chd_category_flying_beasts_1		false
initiatives_localised_description_wh3_dlc23_faction_initiative_chd_category_flying_beasts_2		false
initiatives_localised_description_wh3_dlc23_faction_initiative_chd_category_flying_beasts_3	placeholder	false
initiatives_localised_description_wh3_dlc23_faction_initiative_chd_category_flying_beasts_4	placeholder	false
initiatives_localised_description_wh3_dlc23_faction_initiative_chd_category_flying_beasts_5	placeholder	false
initiatives_localised_description_wh3_dlc23_faction_initiative_chd_category_flying_beasts_6	placeholder	false
initiatives_localised_description_wh3_dlc23_faction_initiative_chd_category_flying_beasts_7	placeholder	false
initiatives_localised_description_wh3_dlc23_faction_initiative_chd_category_flying_beasts_8	placeholder	false
initiatives_localised_description_wh3_dlc23_faction_initiative_chd_category_kdaai_1		false
initiatives_localised_description_wh3_dlc23_faction_initiative_chd_category_kdaai_2		false
initiatives_localised_description_wh3_dlc23_faction_initiative_chd_category_kdaai_3		false
initiatives_localised_description_wh3_dlc23_faction_initiative_chd_category_kdaai_4		false
initiatives_localised_description_wh3_dlc23_faction_initiative_chd_category_kdaai_5		false
initiatives_localised_description_wh3_dlc23_faction_initiative_chd_category_kdaai_6		false
initiatives_localised_description_wh3_dlc23_faction_initiative_chd_category_kdaai_7		false
initiatives_localised_description_wh3_dlc23_faction_initiative_chd_category_kdaai_8		false
initiatives_localised_description_wh3_dlc23_faction_initiative_chd_category_melee_infantry_1		false
initiatives_localised_description_wh3_dlc23_faction_initiative_chd_category_melee_infantry_2		false
initiatives_localised_description_wh3_dlc23_faction_initiative_chd_category_melee_infantry_3		false
initiatives_localised_description_wh3_dlc23_faction_initiative_chd_category_melee_infantry_4		false
initiatives_localised_description_wh3_dlc23_faction_initiative_chd_category_melee_infantry_5		false
initiatives_localised_description_wh3_dlc23_faction_initiative_chd_category_melee_infantry_6		false
initiatives_localised_description_wh3_dlc23_faction_initiative_chd_category_melee_infantry_7		false
initiatives_localised_description_wh3_dlc23_faction_initiative_chd_category_melee_infantry_8		false
initiatives_localised_description_wh3_dlc23_faction_initiative_chd_category_missile_infantry_1		false
initiatives_localised_description_wh3_dlc23_faction_initiative_chd_category_missile_infantry_2		false
initiatives_localised_description_wh3_dlc23_faction_initiative_chd_category_missile_infantry_3		false
initiatives_localised_description_wh3_dlc23_faction_initiative_chd_category_missile_infantry_4		false
initiatives_localised_description_wh3_dlc23_faction_initiative_chd_category_missile_infantry_5		false
initiatives_localised_description_wh3_dlc23_faction_initiative_chd_category_missile_infantry_6		false
initiatives_localised_description_wh3_dlc23_faction_initiative_chd_category_missile_infantry_7		false
initiatives_localised_description_wh3_dlc23_faction_initiative_chd_category_missile_infantry_8		false
initiatives_localised_description_wh3_dlc23_faction_initiative_chd_category_warmachines_1		false
initiatives_localised_description_wh3_dlc23_faction_initiative_chd_category_warmachines_2		false
initiatives_localised_description_wh3_dlc23_faction_initiative_chd_category_warmachines_3		false
initiatives_localised_description_wh3_dlc23_faction_initiative_chd_category_warmachines_4		false
initiatives_localised_description_wh3_dlc23_faction_initiative_chd_category_warmachines_5		false
initiatives_localised_description_wh3_dlc23_faction_initiative_chd_category_warmachines_6		false
initiatives_localised_description_wh3_dlc23_faction_initiative_chd_category_warmachines_7		false
initiatives_localised_description_wh3_dlc23_faction_initiative_chd_category_warmachines_8		false
initiatives_localised_description_wh3_dlc23_faction_initiative_chd_category_warmachines_carriage_dummy_1		false
initiatives_localised_description_wh3_dlc23_faction_initiative_chd_category_warmachines_carriage_dummy_2		false
initiatives_localised_description_wh3_dlc24_character_initiative_chs_chaos_lord_tze_01	{{tr:initiatives_localised_description_wh3_dlc20_character_initiative_chs_chaos_lord_kho_01}}	false
initiatives_localised_description_wh3_dlc24_character_initiative_chs_chaos_lord_tze_02	{{tr:initiatives_localised_description_wh3_dlc20_character_initiative_chs_chaos_sorcerer_lord_tze_05}}	false
initiatives_localised_description_wh3_dlc24_character_initiative_chs_chaos_lord_tze_03	{{tr:initiatives_localised_description_wh3_dlc20_character_initiative_chs_chaos_lord_kho_03}}	false
initiatives_localised_description_wh3_dlc24_character_initiative_chs_chaos_lord_tze_04	{{tr:initiatives_localised_description_wh3_dlc20_character_initiative_chs_chaos_sorcerer_lord_tze_06}}	false
initiatives_localised_description_wh3_dlc24_character_initiative_chs_chaos_lord_tze_05	{{tr:initiatives_localised_description_wh3_dlc20_character_initiative_chs_chaos_lord_kho_05}}	false
initiatives_localised_description_wh3_dlc24_character_initiative_chs_chaos_lord_tze_06	{{tr:initiatives_localised_description_wh3_dlc20_character_initiative_chs_chaos_lord_kho_06}}	false
initiatives_localised_description_wh3_dlc24_character_initiative_chs_chaos_lord_tze_07	{{tr:initiatives_localised_description_wh3_dlc20_character_initiative_chs_chaos_lord_kho_07}}	false
initiatives_localised_description_wh3_dlc24_character_initiative_chs_chaos_lord_tze_08	{{tr:initiatives_localised_description_wh3_dlc20_character_initiative_chs_chaos_lord_kho_08}}	false
initiatives_localised_description_wh3_dlc24_character_initiative_chs_chaos_lord_tze_09	{{tr:initiatives_localised_description_wh3_dlc20_character_initiative_chs_chaos_lord_kho_09}}	false
initiatives_localised_description_wh3_dlc24_character_initiative_chs_exalted_hero_tze_01	{{tr:initiatives_localised_description_wh3_dlc20_character_initiative_chs_exalted_hero_kho_01}}	false
initiatives_localised_description_wh3_dlc24_character_initiative_chs_exalted_hero_tze_02	{{tr:initiatives_localised_description_wh3_dlc20_character_initiative_chs_exalted_hero_kho_02}}	false
initiatives_localised_description_wh3_dlc24_character_initiative_chs_exalted_hero_tze_03	{{tr:initiatives_localised_description_wh3_dlc20_character_initiative_chs_chaos_sorcerer_lord_tze_05}}	false
initiatives_localised_description_wh3_dlc24_character_initiative_chs_exalted_hero_tze_04	{{tr:initiatives_localised_description_wh3_dlc20_character_initiative_chs_chaos_sorcerer_lord_tze_06}}	false
initiatives_localised_description_wh3_dlc24_character_initiative_chs_exalted_hero_tze_05	{{tr:initiatives_localised_description_wh3_dlc20_character_initiative_chs_exalted_hero_kho_05}}	false
initiatives_localised_description_wh3_dlc24_character_initiative_chs_exalted_hero_tze_06	{{tr:initiatives_localised_description_wh3_dlc20_character_initiative_chs_exalted_hero_kho_06}}	false
initiatives_localised_description_wh3_dlc24_character_initiative_chs_exalted_hero_tze_07	{{tr:initiatives_localised_description_wh3_dlc20_character_initiative_chs_exalted_hero_kho_07}}	false
initiatives_localised_description_wh3_dlc24_character_initiative_chs_exalted_hero_tze_08	{{tr:initiatives_localised_description_wh3_dlc20_character_initiative_chs_exalted_hero_kho_08}}	false
initiatives_localised_description_wh3_dlc24_character_initiative_chs_exalted_hero_tze_09	{{tr:initiatives_localised_description_wh3_dlc20_character_initiative_chs_exalted_hero_kho_09}}	false
initiatives_localised_description_wh3_dlc24_character_initiative_chs_exalted_hero_tze_10	{{tr:initiatives_localised_description_wh3_dlc20_character_initiative_chs_exalted_hero_kho_10}}	false
initiatives_localised_description_wh3_dlc24_character_initiative_devote_exalted_hero_to_tzeentch	{{tr:initiatives_localised_description_wh3_dlc20_character_initiative_devote_exalted_hero_to_nurgle}}	false
initiatives_localised_description_wh3_dlc24_character_initiative_devote_lord_to_tzeentch	{{tr:initiatives_localised_description_wh3_dlc20_character_initiative_devote_exalted_hero_to_nurgle}}	false
initiatives_localised_description_wh3_dlc24_faction_initiative_chs_tzeentch_3_units_changebringers	placeholder	false
initiatives_localised_description_wh3_dlc24_faction_initiative_chs_tzeentch_3_units_cockatrice	placeholder	false
initiatives_localised_description_wh3_dlc24_faction_initiative_chs_tzeentch_3_units_mutalith_vortex_beast	placeholder	false
initiatives_localised_description_wh3_dlc25_character_initiative_chs_chaos_lord_nur_01	Win 5 battles.	false
initiatives_localised_description_wh3_dlc25_character_initiative_chs_chaos_lord_nur_02	Rank-up in Raiding stance.	false
initiatives_localised_description_wh3_dlc25_character_initiative_chs_chaos_lord_nur_03	Win a battle with 2000 kills.	false
initiatives_localised_description_wh3_dlc25_character_initiative_chs_chaos_lord_nur_04	Occupy a settlement with a Chaotic Wasteland climate.	false
initiatives_localised_description_wh3_dlc25_character_initiative_chs_chaos_lord_nur_05	Win a battle against an army containing 5 missile units.	false
initiatives_localised_description_wh3_dlc25_character_initiative_chs_chaos_lord_nur_06	Lose a battle and survive.	false
initiatives_localised_description_wh3_dlc25_character_initiative_chs_chaos_lord_nur_07	Win a battle against any Daemon race.	false
initiatives_localised_description_wh3_dlc25_character_initiative_chs_chaos_lord_nur_08	Reach rank 15.	false
initiatives_localised_description_wh3_dlc25_character_initiative_chs_chaos_lord_nur_09	Use the Sacrifice Captives post-battle captive option.	false
initiatives_localised_description_wh3_dlc25_character_initiative_chs_chaos_sorcerer_nur_01	Win 5 battles.	false
initiatives_localised_description_wh3_dlc25_character_initiative_chs_chaos_sorcerer_nur_02	Win a battle with another spellcaster in your army.	false
initiatives_localised_description_wh3_dlc25_character_initiative_chs_chaos_sorcerer_nur_03	Win a battle against an army led by a spellcaster.	false
initiatives_localised_description_wh3_dlc25_character_initiative_chs_chaos_sorcerer_nur_04	Occupy a settlement with a Chaotic Wasteland climate.	false
initiatives_localised_description_wh3_dlc25_character_initiative_chs_chaos_sorcerer_nur_05	Win a battle against Nurgle.	false
initiatives_localised_description_wh3_dlc25_character_initiative_chs_chaos_sorcerer_nur_06	Rank-up in Raiding stance.	false
initiatives_localised_description_wh3_dlc25_character_initiative_chs_chaos_sorcerer_nur_07	End your turn with over 80 Winds of Magic reserves.	false
initiatives_localised_description_wh3_dlc25_character_initiative_chs_chaos_sorcerer_nur_08	Successfully use a Hero action with this character.	false
initiatives_localised_description_wh3_dlc25_character_initiative_chs_chaos_sorcerer_nur_09	Win a battle against any Daemon race.	false
initiatives_localised_description_wh3_dlc25_character_initiative_devote_sorceror_to_nurgle_death	Character must reach rank 5.	false
initiatives_localised_description_wh3_dlc25_character_initiative_devote_sorceror_to_nurgle_nurgle	Character must reach rank 5.	false
initiatives_localised_description_wh3_dlc25_faction_initiative_chs_nurgle_3_units_plague_ogres	placeholder	false
initiatives_localised_description_wh3_dlc25_faction_initiative_chs_nurgle_5_units_toad_dragon	placeholder	false
initiatives_localised_description_wh3_dlc26_character_initiative_ogr_big_name_bragg_01	End your turn as the highest ranking character in this army.	false
initiatives_localised_description_wh3_dlc26_character_initiative_ogr_big_name_bragg_02	{{tr:initiatives_localised_description_wh3_dlc20_character_initiative_chs_chaos_lord_und_03}}	false
initiatives_localised_description_wh3_dlc26_character_initiative_ogr_big_name_bragg_03	{{tr:initiatives_localised_description_wh3_main_character_initiative_ogr_big_name_ogrekiller}}	false
initiatives_localised_description_wh3_dlc26_character_initiative_ogr_big_name_bragg_04	Assassinate a character with Critical Success.	false
initiatives_localised_description_wh3_dlc26_character_initiative_ogr_big_name_coin_counter	End your turn with over 3000 [[img:icon_upkeep]][[/img]]upkeep for this army.	false
initiatives_localised_description_wh3_dlc26_character_initiative_ogr_big_name_firebelly_marrow_muncher	{{tr:initiatives_localised_description_wh3_dlc20_character_initiative_chs_chaos_sorcerer_sla_08}}	false
initiatives_localised_description_wh3_dlc26_character_initiative_ogr_big_name_golgfag_01	Win a battle in a region with Wine resource.	false
initiatives_localised_description_wh3_dlc26_character_initiative_ogr_big_name_golgfag_02	End your turn in Full Speed stance (on water).	false
initiatives_localised_description_wh3_dlc26_character_initiative_ogr_big_name_golgfag_03	Win a battle against human factions.	false
initiatives_localised_description_wh3_dlc26_character_initiative_ogr_big_name_golgfag_04	Win a battle with 4 Regiments of Renown in your army.	false
initiatives_localised_description_wh3_dlc26_character_initiative_ogr_big_name_gore_drenched	Win a battle with a Pyrrhic victory.	false
initiatives_localised_description_wh3_dlc26_character_initiative_ogr_big_name_gorger_herder	Win a battle with 5 units of Gorgers in your army.	false
initiatives_localised_description_wh3_dlc26_character_initiative_ogr_big_name_greasus_drakecrush	Win a battle against an army with a Dragon.	false
initiatives_localised_description_wh3_dlc26_character_initiative_ogr_big_name_groundshaker	Win a battle with 5 units of Crushers in your army.	false
initiatives_localised_description_wh3_dlc26_character_initiative_ogr_big_name_impenetrable_gut	{{tr:initiatives_localised_description_wh3_dlc20_character_initiative_chs_chaos_lord_sla_05}}	false
initiatives_localised_description_wh3_dlc26_character_initiative_ogr_big_name_kin_guard	Win a battle with another Hero in your army.	false
initiatives_localised_description_wh3_dlc26_character_initiative_ogr_big_name_magic_feaster	{{tr:initiatives_localised_description_wh3_main_character_initiative_ogr_big_name_magichunter}}	false
initiatives_localised_description_wh3_dlc26_character_initiative_ogr_big_name_marrow_muncher	{{tr:initiatives_localised_description_wh3_dlc20_character_initiative_chs_chaos_sorcerer_sla_08}}	false
initiatives_localised_description_wh3_dlc26_character_initiative_ogr_big_name_unstoppable	Win a battle with a Heroic victory.	false
initiatives_localised_description_wh3_dlc26_character_initiative_ogr_maw_offering_1	Through the power of the Maw, the Ogres can sustain themselves with any type of food, including the earth itself.	false
initiatives_localised_description_wh3_dlc26_character_initiative_ogr_maw_offering_2	As the Ogre hordes move from place to place, their enemies find themselves starved of resources before the coming storm.	false
initiatives_localised_description_wh3_dlc26_character_initiative_ogr_maw_offering_3	{{tr:unit_abilities_tooltip_text_wh3_dlc26_lord_passive_bone_to_pot}}	false
initiatives_localised_description_wh3_dlc26_character_initiative_ogr_maw_offering_4	{{tr:unit_abilities_tooltip_text_wh3_dlc26_lord_abilities_feasting_frenzy}}	false
initiatives_localised_description_wh3_dlc26_faction_initiative_chs_khorne_3_units_bloodbeast	placeholder	false
initiatives_localised_description_wh3_dlc26_faction_initiative_chs_khorne_5_units_slaughterbrute	placeholder	false
initiatives_localised_description_wh3_dlc26_faction_initiative_kho_arbaal_01	Khorne holds nothing but intense hatred for all kinds of magic or sorceries.	false
initiatives_localised_description_wh3_dlc26_faction_initiative_kho_arbaal_02	Khorne exalts most highly those who never rest in their bloodshed even as their own endurance begins to falter.	false
initiatives_localised_description_wh3_dlc26_faction_initiative_kho_arbaal_03	Arbaal is a raging bloodthirsty warlord, yet his enemies are often given a chance to prepare and become greater challenges to be crushed in Khorne's name.	false
initiatives_localised_description_wh3_dlc26_faction_initiative_kho_arbaal_04	The Blood God personally watches the most notable conflicts, his wrathful aura warping everything into a state of frenzied, perpetual strife.	false
initiatives_localised_description_wh3_dlc26_faction_initiative_kho_arbaal_05	{{tr:rituals_description_wh3_dlc26_ritual_kho_the_skull_throne_4_1}}	false
initiatives_localised_description_wh3_dlc26_faction_initiative_kho_arbaal_06	Wherever the Destroyer of Khorne passes through, mobs of fanatic reavers spring forth like blood from a mortal wound, drowning any survivors in violence and murder.	false
initiatives_localised_description_wh3_dlc26_faction_initiative_kho_arbaal_07	Like a raging hurricane, Khorne's most favoured Champion sweeps across the Old World, raking everything asunder.	false
initiatives_localised_description_wh3_dlc26_faction_initiative_kho_arbaal_08	As long as Arbaal continues to prove his worth, Khorne is willing to send his most favoured Champion additional troops under his banner.	false
initiatives_localised_description_wh3_dlc26_force_initiative_grn_da_plan_alpha_amma_2	[[i]]"All ya need’s a coupla boyz to hold dem still an' da riderz'll go round an' smash 'em!"[[/i]]	false
initiatives_localised_description_wh3_dlc26_force_initiative_grn_da_plan_arrer_catcha_1	[[i]]"Dere's no worryin' 'bout wasted arrers when ya got gobbos out dere ta fetch dem back for ya."[[/i]]	false
initiatives_localised_description_wh3_dlc26_force_initiative_grn_da_plan_block_an_smash_1	[[i]]"Da Trolls do da smashin' betta if ya send da boyz out dere wiv dem."[[/i]]	false
initiatives_localised_description_wh3_dlc26_force_initiative_grn_da_plan_broodmothers_3	[[i]]"Send in enuff big Spiderz an' da little ones come out to feast as well!"[[/i]]	false
initiatives_localised_description_wh3_dlc26_force_initiative_grn_da_plan_cheerleadaz_3	[[i]]"Nuffin' like some gobbos cheerin' all togetha to get da Boss up for a fight!"[[/i]]	false
initiatives_localised_description_wh3_dlc26_force_initiative_grn_da_plan_cut_da_chains_3	[[i]]"Keep ya friends close, an' yer Wyverns closa – ya neva know when ya need to set dem loose."[[/i]]	false
initiatives_localised_description_wh3_dlc26_force_initiative_grn_da_plan_da_black_bastion_2	[[i]]"Get da grim boyz ta line up propa! Nuffin can get past dem or stop 'em!"[[/i]]	false
initiatives_localised_description_wh3_dlc26_force_initiative_grn_da_plan_da_greatest_warlord_2	[[i]]"Dere ain' no betta warrior an' no betta Warboss dan me!"[[/i]]	false
initiatives_localised_description_wh3_dlc26_force_initiative_grn_da_plan_drag_da_wagonz_2	[[i]]"We got all dese Wolves an' Boars sittin' around doin' nuffin! Get dem ta work so we can get ta fights quicka!"[[/i]]	false
initiatives_localised_description_wh3_dlc26_force_initiative_grn_da_plan_drink_an_drive_2	[[i]]"Fer fasta wagonz, let da Snotlings 'ave summa dat gobbo Mad Cap brew before dey go."[[/i]]	false
initiatives_localised_description_wh3_dlc26_force_initiative_grn_da_plan_earthquake_2	[[i]]"Get da Big 'Uns side by side ta shake da ground! Let dem gitz try ta take 'em down if dey can't even stand up straight!"[[/i]]	false
initiatives_localised_description_wh3_dlc26_force_initiative_grn_da_plan_eat_da_runts_2	[[i]]"An 'ungry Giant’z no good to ya, but gobbo-fodda's all ya need ta keep dem fed."[[/i]]	false
initiatives_localised_description_wh3_dlc26_force_initiative_grn_da_plan_eavy_metal_marchin_3	[[i]]"Load dem grim boyz wiv all da best and 'eaviest armour so da ground shakes wiv every stomp!"[[/i]]	false
initiatives_localised_description_wh3_dlc26_force_initiative_grn_da_plan_erd_mentality_1	[[i]]"One Squig’s gonna be murda, but a group of dem’s a bloodbarf!"[[/i]]	false
initiatives_localised_description_wh3_dlc26_force_initiative_grn_da_plan_fly_at_da_smoke_3	[[i]]"Da Divers don’t always know where dey’s flyin, so let da Wolf Riders show dem da way."[[/i]]	false
initiatives_localised_description_wh3_dlc26_force_initiative_grn_da_plan_fungus_farms_2	[[i]]"Der ain’t nothin' scarier to da enemy dan when da night gobbos're drunk on Hag fungus!"[[/i]]	false
initiatives_localised_description_wh3_dlc26_force_initiative_grn_da_plan_get_creepin_1	[[i]]"Get da sneaky gobbos an' dem wood-livin' gitz ta set up sum propa traps over dere!"[[/i]]	false
initiatives_localised_description_wh3_dlc26_force_initiative_grn_da_plan_get_dem_from_below_2	[[i]]"Da cave gobbos know da way, but let da Big 'Uns do da diggin'."[[/i]]	false
initiatives_localised_description_wh3_dlc26_force_initiative_grn_da_plan_goin_commando_2	[[i]]"Oi, 'and ova yer smoke bombs to da real fighty boyz!"[[/i]]	false
initiatives_localised_description_wh3_dlc26_force_initiative_grn_da_plan_keep_bossin_2	[[i]]"Da dumb Trolls keep gettin' distracted an' wonderin' off! Stick wiv 'em an' keep 'em focused on da smashin'!"[[/i]]	false
initiatives_localised_description_wh3_dlc26_force_initiative_grn_da_plan_keep_em_ungry_3	[[i]]"Don't waste meat on da beasts, let 'em get dere fill on da battlefield!"[[/i]]	false
initiatives_localised_description_wh3_dlc26_force_initiative_grn_da_plan_lead_da_charge_2	[[i]]"When usin' Boar Boyz for line-smashin', da Orc Boss knows da best wayz."[[/i]]	false
initiatives_localised_description_wh3_dlc26_force_initiative_grn_da_plan_light_em_up_1	[[i]]"Just pour a buncha grease over sum Squigs an' let dem loose – da fire arrers'll do da rest."[[/i]]	false
initiatives_localised_description_wh3_dlc26_force_initiative_grn_da_plan_little_wont_urt_1	[[i]]"Keep jabbin' da boyz wiv da bad juice an' dey get used to it soon enuff."[[/i]]	false
initiatives_localised_description_wh3_dlc26_force_initiative_grn_da_plan_load_yerself_3	[[i]]"Put da Idolz to work on da Lobberz and watch dem rocks fly!"[[/i]]	false
initiatives_localised_description_wh3_dlc26_force_initiative_grn_da_plan_master_planner_3	[[i]]"While I'm on da field, ain't nuffin' gettin' past me. I've always gotta plan!"[[/i]]	false
initiatives_localised_description_wh3_dlc26_force_initiative_grn_da_plan_netted_targets_1	[[i]]"Give a gobbo a net an' he'll slow da enemy gitz down long enuff to stick 'em fulla arrers."[[/i]]	false
initiatives_localised_description_wh3_dlc26_force_initiative_grn_da_plan_orcs_are_da_best_1	[[i]]"Just leave it to me an' da boyz!"[[/i]]	false
initiatives_localised_description_wh3_dlc26_force_initiative_grn_da_plan_power_of_da_waaagh_1	[[i]]"We gotz da biggest Waaagh! Channel dat power in yer chantin'!"[[/i]]	false
initiatives_localised_description_wh3_dlc26_force_initiative_grn_da_plan_raidin_parties_1	[[i]]"There ain't no betta lootin’ to be had den when da Wolf Riders are on da prowl!"[[/i]]	false
initiatives_localised_description_wh3_dlc26_force_initiative_grn_da_plan_regimental_1	[[i]]"No such thing as too many Bosses – coz if da orders ain't obeyed, someone's 'ead'z gettin' smashed!"[[/i]]	false
initiatives_localised_description_wh3_dlc26_force_initiative_grn_da_plan_shoot_da_runts_1	[[i]]"Yer nevva gonna get a betta killin' den when da arrers are flyin' an' da Lobberz are lobbin'!"[[/i]]	false
initiatives_localised_description_wh3_dlc26_force_initiative_grn_da_plan_shot_in_da_dark_2	[[i]]"With da help of da Shaman, da night gobbo archers ain't too shabby at snipin'."[[/i]]	false
initiatives_localised_description_wh3_dlc26_force_initiative_grn_da_plan_splode_da_big_one_3	[[i]]"When nothin' but a massive 'splosion’ll do, get da Shamans to blow up da biggest Squig yoov got."[[/i]]	false
initiatives_localised_description_wh3_dlc26_force_initiative_grn_da_plan_stick_em_like_pigs_2	[[i]]"Get dem spearz pointin' in all directions an' stick any who gets close to ya!"[[/i]]	false
initiatives_localised_description_wh3_dlc26_force_initiative_grn_da_plan_stinkee_arrers_3	[[i]]"A bitta River Troll bile makes da Arrer Boyz all da more dangerous!"[[/i]]	false
initiatives_localised_description_wh3_dlc26_force_initiative_grn_da_plan_stompin_ground_2	[[i]]"Match yer dancin' wiv da Shaman'z! I wanna see da ground shakin' an' tremblin'!"[[/i]]	false
initiatives_localised_description_wh3_dlc26_force_initiative_grn_da_plan_suprise_savagery_2	[[i]]"Da savage boyz ain’t da sneakiest, but give dem a Skulker to show dem where to go, an' dey'll be sneakin' up on da gitz in no time!"[[/i]]	false
initiatives_localised_description_wh3_dlc26_force_initiative_grn_da_plan_webweavin_1	[[i]]"Yoo can neva 'ave too many Spiderz! Da more you 'ave, da more gitz get snagged in dere webz!"[[/i]]	false
initiatives_localised_description_wh3_dlc27_asur_domination_focus_colonies_01	These colonies are bound to the sea, their quays laden with provisions and stores, streamlining the vast upkeep of Ulthuan’s Dragonships.	false
initiatives_localised_description_wh3_dlc27_asur_domination_focus_colonies_02	Every port swells with levies of trade and tithe, their gathered wealth sustaining Dragonships whose prows bear Elven wrath abroad.	false
initiatives_localised_description_wh3_dlc27_asur_domination_focus_colonies_03	Here the riches of outposts are tallied and exchanged, the flow of silver and craft lifting the prosperity of all Asur colonies.	false
initiatives_localised_description_wh3_dlc27_asur_domination_focus_colonies_04	With burdens eased, new colonies rise swiftly, their white stones and silvered banners carrying Ulthuan’s splendour to distant shores.	false
initiatives_localised_description_wh3_dlc27_asur_domination_focus_colonies_05	With Sea Guard entrenched, quivers swell and volleys quicken, their mailed presence steadying both the field of war and the realm beyond.	false
initiatives_localised_description_wh3_dlc27_asur_domination_focus_colonies_06	With each post the tally grows: spice and wine, fur and herb, rendered into wealth by keen tariffs and the Elven gift of order.	false
initiatives_localised_description_wh3_dlc27_asur_domination_focus_colonies_07	With musters established, Asur colonies raise regiments once bound to Ulthuan alone, their wars abroad fed by conquest and the spoils it yields.	false
initiatives_localised_description_wh3_dlc27_asur_domination_focus_colonies_08	Asur colonies grow apace, their halls and harbours raised swiftly, extending the reach of Ulthuan’s brilliance with unmatched efficiency.	false
initiatives_localised_description_wh3_dlc27_asur_domination_focus_dragonships_01	Forged in myth and tempered at sea, the Dragonblades extend the Dragonship’s might, striking terror as keenly as steel upon flesh.	false
initiatives_localised_description_wh3_dlc27_asur_domination_focus_dragonships_02	Dragonship sails, bright as dawn, sweep the horizon, their enchantments lending new swiftness and vision to Asur fleets abroad.	false
initiatives_localised_description_wh3_dlc27_asur_domination_focus_dragonships_03	Sanctums of rest and recovery bind the wounds of war, ensuring Dragonship hosts replenish swiftly and stand ready once more.	false
initiatives_localised_description_wh3_dlc27_asur_domination_focus_dragonships_04	The high cabin of the Sea Lord becomes the fleet’s mind, a sanctum of command from which heroes are appointed and learning advanced.	false
initiatives_localised_description_wh3_dlc27_asur_domination_focus_dragonships_05	In these vast holds are stored the wealth and wargear of Ulthuan, their ordered stockpiles lowering the cost of campaign and levy alike.	false
initiatives_localised_description_wh3_dlc27_asur_domination_focus_dragonships_06	Ammunition is tallied, drills rehearsed, and new hands blooded, raising the muster’s rank and tempering every cohort into hardened steel.	false
initiatives_localised_description_wh3_dlc27_asur_domination_focus_dragonships_07	With supply burdens lessened, Dragonship crews swell rapidly, their stores well-stocked and every deck teeming with seasoned hands.	false
initiatives_localised_description_wh3_dlc27_asur_domination_focus_dragonships_08	Another Dragonship joins the fleet – a rare boon of naval supremacy, its admiral’s presence bolstering every army under Ulthuan’s banner.	false
initiatives_localised_description_wh3_dlc27_asur_domination_focus_outposts_01	Engines of keen precision, wrought by Vaul and manned by sharp-eyed crews, the Eagle Claw ensures no raider closes unscathed.	false
initiatives_localised_description_wh3_dlc27_asur_domination_focus_outposts_02	The presence of a Sea Helm brings order to the outpost; each command, crisp as salt wind, rallies warriors to face the foe unbowed.	false
initiatives_localised_description_wh3_dlc27_asur_domination_focus_outposts_03	With each colony the sea lanes grow brighter, for where the Asur raise white walls and slender towers, trade and warding magic follow.	false
initiatives_localised_description_wh3_dlc27_asur_domination_focus_outposts_04	These treasuries balance the scales of commerce and conquest, where merchant’s gain and warrior’s prize alike enrich the Asur realms.	false
initiatives_localised_description_wh3_dlc27_asur_domination_focus_outposts_05	Where the High Elves raise marbled courts and shaded halls, vigour is renewed and discipline steadied, and the land itself bends toward harmony.	false
initiatives_localised_description_wh3_dlc27_asur_domination_focus_outposts_06	Where Sea Guard keep vigil, discipline prevails; their presence steadies the Asur host and leaves little room for an enemy’s intrigue.	false
initiatives_localised_description_wh3_dlc27_asur_domination_focus_outposts_07	These branches weave Ulthuan’s provinces closer, their gleaming halls hosting envoys whose silvered words extend harmony abroad.	false
initiatives_localised_description_wh3_dlc27_asur_domination_focus_outposts_08	The growth of Outposts brings plazas, towers, and walls of alabaster, their reach extending Ulthuan’s grace to distant shores.	false
initiatives_localised_description_wh3_dlc27_character_initiative_chs_chaos_sorcerer_lord_sla_01	{{tr:initiatives_localised_description_wh3_dlc20_character_initiative_chs_chaos_lord_sla_01}}	false
initiatives_localised_description_wh3_dlc27_character_initiative_chs_chaos_sorcerer_lord_sla_02	{{tr:initiatives_localised_description_wh3_dlc20_character_initiative_chs_chaos_lord_sla_02}}	false
initiatives_localised_description_wh3_dlc27_character_initiative_chs_chaos_sorcerer_lord_sla_03	{{tr:initiatives_localised_description_wh3_dlc20_character_initiative_chs_chaos_lord_sla_04}}	false
initiatives_localised_description_wh3_dlc27_character_initiative_chs_chaos_sorcerer_lord_sla_04	{{tr:initiatives_localised_description_wh3_dlc20_character_initiative_chs_chaos_lord_sla_05}}	false
initiatives_localised_description_wh3_dlc27_character_initiative_chs_chaos_sorcerer_lord_sla_05	{{tr:initiatives_localised_description_wh3_dlc20_character_initiative_chs_chaos_lord_sla_06}}	false
initiatives_localised_description_wh3_dlc27_character_initiative_chs_chaos_sorcerer_lord_sla_06	{{tr:initiatives_localised_description_wh3_dlc20_character_initiative_chs_chaos_lord_sla_09}}	false
initiatives_localised_description_wh3_dlc27_character_initiative_chs_chaos_sorcerer_lord_sla_07	{{tr:initiatives_localised_description_wh3_dlc20_character_initiative_chs_chaos_sorcerer_sla_02}}	false
initiatives_localised_description_wh3_dlc27_character_initiative_chs_chaos_sorcerer_lord_sla_08	{{tr:initiatives_localised_description_wh3_dlc20_character_initiative_chs_chaos_sorcerer_sla_03}}	false
initiatives_localised_description_wh3_dlc27_character_initiative_chs_chaos_sorcerer_lord_sla_09	{{tr:initiatives_localised_description_wh3_dlc20_character_initiative_chs_chaos_sorcerer_sla_04}}	false
initiatives_localised_description_wh3_dlc27_character_initiative_chs_exalted_hero_sla_01	{{tr:initiatives_localised_description_wh3_dlc20_character_initiative_chs_exalted_hero_kho_01}}	false
initiatives_localised_description_wh3_dlc27_character_initiative_chs_exalted_hero_sla_02	{{tr:initiatives_localised_description_wh3_dlc20_character_initiative_chs_exalted_hero_kho_02}}	false
initiatives_localised_description_wh3_dlc27_character_initiative_chs_exalted_hero_sla_03	{{tr:initiatives_localised_description_wh3_dlc20_character_initiative_chs_chaos_lord_sla_05}}	false
initiatives_localised_description_wh3_dlc27_character_initiative_chs_exalted_hero_sla_04	{{tr:initiatives_localised_description_wh3_dlc20_character_initiative_chs_chaos_lord_sla_04}}	false
initiatives_localised_description_wh3_dlc27_character_initiative_chs_exalted_hero_sla_05	{{tr:initiatives_localised_description_wh3_dlc20_character_initiative_chs_exalted_hero_kho_05}}	false
initiatives_localised_description_wh3_dlc27_character_initiative_chs_exalted_hero_sla_06	{{tr:initiatives_localised_description_wh3_dlc20_character_initiative_chs_exalted_hero_kho_06}}	false
initiatives_localised_description_wh3_dlc27_character_initiative_chs_exalted_hero_sla_07	{{tr:initiatives_localised_description_wh3_dlc20_character_initiative_chs_exalted_hero_kho_07}}	false
initiatives_localised_description_wh3_dlc27_character_initiative_chs_exalted_hero_sla_08	{{tr:initiatives_localised_description_wh3_dlc20_character_initiative_chs_exalted_hero_kho_08}}	false
initiatives_localised_description_wh3_dlc27_character_initiative_chs_exalted_hero_sla_09	{{tr:initiatives_localised_description_wh3_dlc20_character_initiative_chs_exalted_hero_kho_09}}	false
initiatives_localised_description_wh3_dlc27_character_initiative_chs_exalted_hero_sla_10	{{tr:initiatives_localised_description_wh3_dlc20_character_initiative_chs_exalted_hero_kho_10}}	false
initiatives_localised_description_wh3_dlc27_character_initiative_devote_exalted_hero_to_slaanesh	{{tr:initiatives_localised_description_wh3_dlc20_character_initiative_devote_exalted_hero_to_nurgle}}	false
initiatives_localised_description_wh3_dlc27_character_initiative_devote_sorceror_lord_to_slaanesh_shadows	{{tr:initiatives_localised_description_wh3_dlc25_character_initiative_devote_sorceror_to_nurgle_nurgle}}	false
initiatives_localised_description_wh3_dlc27_character_initiative_devote_sorceror_lord_to_slaanesh_slaanesh	{{tr:initiatives_localised_description_wh3_dlc25_character_initiative_devote_sorceror_to_nurgle_nurgle}}	false
initiatives_localised_description_wh3_dlc27_eternal_dance_of_elves_tempo_1_variation_1	The Elven aim is always true, they say. But the harm it will do us is as false as Loec's promises to those who worship him – and as false as his arrogance.	false
initiatives_localised_description_wh3_dlc27_eternal_dance_of_elves_tempo_1_variation_2	The bow of Loec's lowly deceit drawn, arrows loosed, only to be turned aside by the one who brooks no deceit. This shall be the first inkling of his failure.	false
initiatives_localised_description_wh3_dlc27_eternal_dance_of_elves_tempo_1_variation_3	The trickster godling prides himself on letting shadows take his enemies' blows for him. Chaos magic does not discriminate – first it shall fell his shadows. Then, him.	false
initiatives_localised_description_wh3_dlc27_eternal_dance_of_elves_tempo_1_variation_4	Mundane form means nothing in the fleshless realms, yet there we feel in full the luxuriant touch of the Winds. How less affectionate they shall be as they catch Loec's scent!	false
initiatives_localised_description_wh3_dlc27_eternal_dance_of_elves_tempo_2_variation_1	In hollow hope, the capering godling will look back at his hunter's lolling tongue and imagine him tired. It is but our Prince's beauteous leer, guiding Loec to his final trap.	false
initiatives_localised_description_wh3_dlc27_eternal_dance_of_elves_tempo_2_variation_2	The predator's step slows, his flanks tremble – is he about to pounce? As Loec's uncertainty grows, so shall his pursuer's appetite swell with the feast to come.	false
initiatives_localised_description_wh3_dlc27_eternal_dance_of_elves_tempo_2_variation_3	Pain is a meal consumed through the skin. It is our Prince's milk, and ours. There are other, more rarified savours that he has saved for Loec, who so loves his "feasts".	false
initiatives_localised_description_wh3_dlc27_eternal_dance_of_elves_tempo_2_variation_4	We let ourselves be touched, so we may be pursued. It is how our master will toy with the Shadow Dancer. But in godly games of merriment and cruelty there was only ever one winner.	false
initiatives_localised_description_wh3_dlc27_eternal_dance_of_elves_tempo_3_variation_1	In the end, our Prince will lay his palm on Loec's shoulder, and whisper a greeting in his ear. Neither running nor struggle will serve. Only servitude.	false
initiatives_localised_description_wh3_dlc27_eternal_dance_of_elves_tempo_3_variation_2	When the Prince has his last dance, Loec will pray for the power to refuse. Yet does a god who prays not offer his essence for another to sup on?	false
initiatives_localised_description_wh3_dlc27_eternal_dance_of_elves_tempo_3_variation_3	In the end, Loec's mask of shadow-dappled leaves will fall away – underneath it, there was never strength. His laughter will cease. Without it, there was never a voice.	false
initiatives_localised_description_wh3_dlc27_eternal_dance_of_elves_tempo_3_variation_4	In the end, the pursuit will stop when Slaanesh decides. Loec will know there was never an escape – the path only ever led to the cage, now open, waiting.	false
initiatives_localised_description_wh3_dlc27_eternal_dance_of_elves_tempo_4_ritual	Poor Loec the Lost. Is he here, or is he there? He is nowhere. In the void.	false
initiatives_localised_description_wh3_dlc27_eternal_dance_of_final_battle_tempo_1_variation_1	In the eye of oblivion, hulking size is but a speck. Hurtling speed is stillness. Unlike our adversaries' brutish troupes, we know it.	false
initiatives_localised_description_wh3_dlc27_eternal_dance_of_final_battle_tempo_1_variation_2	The dance of all that is will end in nothing, and so we must give all of ourselves by forsaking the conceits of safety.	false
initiatives_localised_description_wh3_dlc27_eternal_dance_of_final_battle_tempo_1_variation_3	If we take our cue from others in this performance, we may as well cut off our legs. To lead this dance, we will shear off the others' legs, if need be.	false
initiatives_localised_description_wh3_dlc27_eternal_dance_of_final_battle_tempo_1_variation_4	We will forgive our dancing partners' hurtful infelicitous form. There is no time to teach them. But stay still and our feet will be trodden upon through our own fault.	false
initiatives_localised_description_wh3_dlc27_eternal_dance_of_final_battle_tempo_2_variation_1	The Winds wither like the leaves in winter. Would this be how the end begins?  This uncertainty may haunt the sweep of our steps, yet in that there is beauty also.	false
initiatives_localised_description_wh3_dlc27_eternal_dance_of_final_battle_tempo_2_variation_2	The great will dance to the last – until they stagger in the murky twilight, footing lost, no feet to dance with. But not yet.	false
initiatives_localised_description_wh3_dlc27_eternal_dance_of_final_battle_tempo_2_variation_3	The elemental essence of desire, from which our Prince has made us, will be unmade in the end. After that, the dissolution of others may feed our curiousity.	false
initiatives_localised_description_wh3_dlc27_eternal_dance_of_final_battle_tempo_2_variation_4	In the final moments, with no eyes to see with and no bodies to propel us, we shall catch a glimpse of all that is no more and sense the greater presences amongst our kind.	false
initiatives_localised_description_wh3_dlc27_eternal_dance_of_final_battle_tempo_3_variation_1	When the Winds are no more, their last withered gusts will harden and fold into matter, and fall. We will chart our dance's course around the blades of air.	false
initiatives_localised_description_wh3_dlc27_eternal_dance_of_final_battle_tempo_3_variation_2	When the seas dry, essences will break all souls, their vessels, and spill in fiery tides that we alone can withstand.	false
initiatives_localised_description_wh3_dlc27_eternal_dance_of_final_battle_tempo_3_variation_3	When there is nothing left to feed any fire, one will keep burning still, made of what is left of us – the children of Chaos – and we will dance across the void to set it ablaze.	false
initiatives_localised_description_wh3_dlc27_eternal_dance_of_final_battle_tempo_3_variation_4	When earthly matter breaks into primeval clay, and breaks again and again, it will become a deathly wind saturated in magic.	false
initiatives_localised_description_wh3_dlc27_eternal_dance_of_final_battle_tempo_4_ritual	And then there will be no more dancers and no stage. A memory of destruction turning on itself again and again.	false
initiatives_localised_description_wh3_dlc27_eternal_dance_of_khorne_tempo_1_variation_1	Let brutish flailing fists land in our embrace – for it is a viciously clawed one, and we will let fly the blood they love so much!	false
initiatives_localised_description_wh3_dlc27_eternal_dance_of_khorne_tempo_1_variation_2	The frailty of slender blades belies their sharpness. And we are as sharp as we are slender.	false
initiatives_localised_description_wh3_dlc27_eternal_dance_of_khorne_tempo_1_variation_3	The Khornates' spittlesome fervour provides an edge to their lowliest zealots... Zeal is crass for our tastes, but we have edges to spare.	false
initiatives_localised_description_wh3_dlc27_eternal_dance_of_khorne_tempo_1_variation_4	Naked and exposed, our Prince burst forth from unformed Chaos into his perfect form despite the Hound's murderous ministrations. We revere both His gleeful spite and the urgency of His emergence.	false
initiatives_localised_description_wh3_dlc27_eternal_dance_of_khorne_tempo_2_variation_1	In shapeliness of form and sharpness of claw we far outdo the hordes of Khorne. Now see us caper, mimicking their mindless madness!	false
initiatives_localised_description_wh3_dlc27_eternal_dance_of_khorne_tempo_2_variation_2	Battle lust is the only kind Khorne's curs are capable of. Our palette is much wider. But if it is battle lust they want, by the Prince, they shall have it!	false
initiatives_localised_description_wh3_dlc27_eternal_dance_of_khorne_tempo_2_variation_3	The ravening red hordes bolster their form with muscle and steel. The substance of our desire for excess may be ethereal, but it is inexorable… insurmountable!	false
initiatives_localised_description_wh3_dlc27_eternal_dance_of_khorne_tempo_2_variation_4	No deliverers of pain are more insistent in their worship than the Hound's brutes. Among those who receive pain – and return it – none are more devoted than we are.	false
initiatives_localised_description_wh3_dlc27_eternal_dance_of_khorne_tempo_3_variation_1	Minds bent on bloody destruction - and you clothe yourself in cowardly accoutrements of "safety". When those are shed, what is left? Nothing.	false
initiatives_localised_description_wh3_dlc27_eternal_dance_of_khorne_tempo_3_variation_2	Flights of fury, wing-borne thirst for blood... But we have caught wind of you, and fashioned it into a chain. Rattle it all you want. It will be you who will break first.	false
initiatives_localised_description_wh3_dlc27_eternal_dance_of_khorne_tempo_3_variation_3	Blood fuels Khorne's base fires for a time. That which is imbibed fans flames beyond one's capacity to comprehend.	false
initiatives_localised_description_wh3_dlc27_eternal_dance_of_khorne_tempo_3_variation_4	Running away from battle is death, is it not, Khornates? And pressing on, though battered, is your bitter claim to glory… No. It is also death.	false
initiatives_localised_description_wh3_dlc27_eternal_dance_of_khorne_tempo_4_ritual	Once begotten, Slaanesh will never cease. Such is desire. We carry but a glimmer of it, but it is enough to spark an endless urge that Khorne's red-jowled baying cannot hope to stop.	false
initiatives_localised_description_wh3_dlc27_eternal_dance_of_nurgle_tempo_1_variation_1	First, the crass stolidity of rotting roots shall be replaced by glimmering forbiddings so as to preserve us...	false
initiatives_localised_description_wh3_dlc27_eternal_dance_of_nurgle_tempo_1_variation_2	First, the malicious stinging vines shall be made pliable at our approach, gentle yet unyielding...	false
initiatives_localised_description_wh3_dlc27_eternal_dance_of_nurgle_tempo_1_variation_3	First, careful steps will usher us into the garden, sheathed in the surety of the Dark Prince's protection…	false
initiatives_localised_description_wh3_dlc27_eternal_dance_of_nurgle_tempo_1_variation_4	First, we will wreathe ourselves in light by which to dance. We will carry the Dark Prince's fire coiled like a serpent as we make our way into the garden.	false
initiatives_localised_description_wh3_dlc27_eternal_dance_of_nurgle_tempo_2_variation_1	Next, when we have found our footing, we will seek out places both close and secret. What we lose in strength we will gain in surprise.	false
initiatives_localised_description_wh3_dlc27_eternal_dance_of_nurgle_tempo_2_variation_2	The half-formed things crawling in the soil will shiver with pleasure and burst ripely under our regard as we coax their essence into us.	false
initiatives_localised_description_wh3_dlc27_eternal_dance_of_nurgle_tempo_2_variation_3	Next, if not with sharp malice, we shall overcome the burgeoning filth grasping at our feet by endless vigour.	false
initiatives_localised_description_wh3_dlc27_eternal_dance_of_nurgle_tempo_2_variation_4	We shall savour the Fly Lord's ill intent, and invite his regard – for our Prince will hide and succour us, even as the plague Winds buffet us.	false
initiatives_localised_description_wh3_dlc27_eternal_dance_of_nurgle_tempo_3_variation_1	Towards the end, we shall grow bold in our newfound sturdiness. Corrosive gusts and the crazed writhing of sharp, poisonous things will only serve to fan our flames.	false
initiatives_localised_description_wh3_dlc27_eternal_dance_of_nurgle_tempo_3_variation_2	Rich with the scent of imminent success, the burning incense will bolster our essence and fill our limbs with crackling ardour, the fuel to our fire.	false
initiatives_localised_description_wh3_dlc27_eternal_dance_of_nurgle_tempo_3_variation_3	At last, we will collect the dull coin of death that Nurgle peddles, calling it "life". With fire we will smelt it and remake it into something shining and deathless.	false
initiatives_localised_description_wh3_dlc27_eternal_dance_of_nurgle_tempo_3_variation_4	Virulent brutes and pestilential scum alike will stand slack-jawed amidst the maze of our fire-borne forms and shiver to ashes amidst their gardens.	false
initiatives_localised_description_wh3_dlc27_eternal_dance_of_nurgle_tempo_4_ritual	Their hearth blazing around them, banishment the only way out, Nurgle's servants will dance, for the first and last time. Such merriment their shaking, sloughing flesh will serve!	false
initiatives_localised_description_wh3_dlc27_faction_initiative_chs_slaanesh_3_units_champions_of_slaanesh	placeholder	false
initiatives_localised_description_wh3_dlc27_faction_initiative_chs_slaanesh_3_units_pleasureseekers	placeholder	false
initiatives_localised_description_wh3_dlc29_black_pyramid_archers_1		false
initiatives_localised_description_wh3_dlc29_black_pyramid_archers_2		false
initiatives_localised_description_wh3_dlc29_black_pyramid_archers_3		false
initiatives_localised_description_wh3_dlc29_black_pyramid_archers_4		false
initiatives_localised_description_wh3_dlc29_black_pyramid_archers_5		false
initiatives_localised_description_wh3_dlc29_black_pyramid_archers_6		false
initiatives_localised_description_wh3_dlc29_black_pyramid_archers_7		false
initiatives_localised_description_wh3_dlc29_black_pyramid_archers_8		false
initiatives_localised_description_wh3_dlc29_black_pyramid_arkhan_1		false
initiatives_localised_description_wh3_dlc29_black_pyramid_arkhan_2		false
initiatives_localised_description_wh3_dlc29_black_pyramid_arkhan_3		false
initiatives_localised_description_wh3_dlc29_black_pyramid_beasts_1		false
initiatives_localised_description_wh3_dlc29_black_pyramid_beasts_2		false
initiatives_localised_description_wh3_dlc29_black_pyramid_beasts_3		false
initiatives_localised_description_wh3_dlc29_black_pyramid_beasts_4		false
initiatives_localised_description_wh3_dlc29_black_pyramid_beasts_5		false
initiatives_localised_description_wh3_dlc29_black_pyramid_beasts_6		false
initiatives_localised_description_wh3_dlc29_black_pyramid_beasts_7		false
initiatives_localised_description_wh3_dlc29_black_pyramid_books_lore_of_death_1		false
initiatives_localised_description_wh3_dlc29_black_pyramid_books_lore_of_death_2		false
initiatives_localised_description_wh3_dlc29_black_pyramid_books_lore_of_death_3		false
initiatives_localised_description_wh3_dlc29_black_pyramid_books_lore_of_death_4		false
initiatives_localised_description_wh3_dlc29_black_pyramid_books_lore_of_light_1		false
initiatives_localised_description_wh3_dlc29_black_pyramid_books_lore_of_light_2		false
initiatives_localised_description_wh3_dlc29_black_pyramid_books_lore_of_light_3		false
initiatives_localised_description_wh3_dlc29_black_pyramid_books_lore_of_light_4		false
initiatives_localised_description_wh3_dlc29_black_pyramid_books_lore_of_nehekhara_1		false
initiatives_localised_description_wh3_dlc29_black_pyramid_books_lore_of_nehekhara_2		false
initiatives_localised_description_wh3_dlc29_black_pyramid_books_lore_of_nehekhara_3		false
initiatives_localised_description_wh3_dlc29_black_pyramid_books_lore_of_nehekhara_4		false
initiatives_localised_description_wh3_dlc29_black_pyramid_books_lore_of_vampires_1		false
initiatives_localised_description_wh3_dlc29_black_pyramid_books_lore_of_vampires_2		false
initiatives_localised_description_wh3_dlc29_black_pyramid_books_lore_of_vampires_3		false
initiatives_localised_description_wh3_dlc29_black_pyramid_books_lore_of_vampires_4		false
initiatives_localised_description_wh3_dlc29_black_pyramid_chariots_1		false
initiatives_localised_description_wh3_dlc29_black_pyramid_chariots_2		false
initiatives_localised_description_wh3_dlc29_black_pyramid_chariots_3		false
initiatives_localised_description_wh3_dlc29_black_pyramid_chariots_4		false
initiatives_localised_description_wh3_dlc29_black_pyramid_chariots_5		false
initiatives_localised_description_wh3_dlc29_black_pyramid_construct_monsters_1		false
initiatives_localised_description_wh3_dlc29_black_pyramid_construct_monsters_2		false
initiatives_localised_description_wh3_dlc29_black_pyramid_construct_monsters_3		false
initiatives_localised_description_wh3_dlc29_black_pyramid_construct_monsters_4		false
initiatives_localised_description_wh3_dlc29_black_pyramid_construct_monsters_5		false
initiatives_localised_description_wh3_dlc29_black_pyramid_construct_monsters_6		false
initiatives_localised_description_wh3_dlc29_black_pyramid_construct_monsters_7		false
initiatives_localised_description_wh3_dlc29_black_pyramid_construct_monsters_8		false
initiatives_localised_description_wh3_dlc29_black_pyramid_construct_monsters_9		false
initiatives_localised_description_wh3_dlc29_black_pyramid_construct_monstrous_1		false
initiatives_localised_description_wh3_dlc29_black_pyramid_construct_monstrous_2		false
initiatives_localised_description_wh3_dlc29_black_pyramid_construct_monstrous_3		false
initiatives_localised_description_wh3_dlc29_black_pyramid_construct_monstrous_4		false
initiatives_localised_description_wh3_dlc29_black_pyramid_construct_monstrous_5		false
initiatives_localised_description_wh3_dlc29_black_pyramid_construct_monstrous_6		false
initiatives_localised_description_wh3_dlc29_black_pyramid_construct_monstrous_7		false
initiatives_localised_description_wh3_dlc29_black_pyramid_construct_monstrous_8		false
initiatives_localised_description_wh3_dlc29_black_pyramid_construct_monstrous_9		false
initiatives_localised_description_wh3_dlc29_black_pyramid_cst_II_1		false
initiatives_localised_description_wh3_dlc29_black_pyramid_cst_II_2		false
initiatives_localised_description_wh3_dlc29_black_pyramid_cst_II_3		false
initiatives_localised_description_wh3_dlc29_black_pyramid_cst_II_4		false
initiatives_localised_description_wh3_dlc29_black_pyramid_cst_II_5		false
initiatives_localised_description_wh3_dlc29_black_pyramid_cst_I_1		false
initiatives_localised_description_wh3_dlc29_black_pyramid_cst_I_2		false
initiatives_localised_description_wh3_dlc29_black_pyramid_cst_I_3		false
initiatives_localised_description_wh3_dlc29_black_pyramid_cst_I_4		false
initiatives_localised_description_wh3_dlc29_black_pyramid_cst_I_5		false
initiatives_localised_description_wh3_dlc29_black_pyramid_dead_rise_chance_1		false
initiatives_localised_description_wh3_dlc29_black_pyramid_dead_rise_chance_2		false
initiatives_localised_description_wh3_dlc29_black_pyramid_dead_rise_chance_3		false
initiatives_localised_description_wh3_dlc29_black_pyramid_dead_rise_hp_1		false
initiatives_localised_description_wh3_dlc29_black_pyramid_dead_rise_hp_2		false
initiatives_localised_description_wh3_dlc29_black_pyramid_dead_rise_hp_3		false
initiatives_localised_description_wh3_dlc29_black_pyramid_deck_droppers_1		false
initiatives_localised_description_wh3_dlc29_black_pyramid_deck_droppers_2		false
initiatives_localised_description_wh3_dlc29_black_pyramid_deck_droppers_3		false
initiatives_localised_description_wh3_dlc29_black_pyramid_deck_droppers_4		false
initiatives_localised_description_wh3_dlc29_black_pyramid_deck_droppers_5		false
initiatives_localised_description_wh3_dlc29_black_pyramid_deck_droppers_6		false
initiatives_localised_description_wh3_dlc29_black_pyramid_deck_droppers_7		false
initiatives_localised_description_wh3_dlc29_black_pyramid_dieter_1		false
initiatives_localised_description_wh3_dlc29_black_pyramid_dieter_2		false
initiatives_localised_description_wh3_dlc29_black_pyramid_dieter_3		false
initiatives_localised_description_wh3_dlc29_black_pyramid_dual_wield_1		false
initiatives_localised_description_wh3_dlc29_black_pyramid_dual_wield_2		false
initiatives_localised_description_wh3_dlc29_black_pyramid_dual_wield_3		false
initiatives_localised_description_wh3_dlc29_black_pyramid_dual_wield_4		false
initiatives_localised_description_wh3_dlc29_black_pyramid_dual_wield_5		false
initiatives_localised_description_wh3_dlc29_black_pyramid_dual_wield_6		false
initiatives_localised_description_wh3_dlc29_black_pyramid_gravecall_recruitment_1		false
initiatives_localised_description_wh3_dlc29_black_pyramid_gravecall_recruitment_2		false
initiatives_localised_description_wh3_dlc29_black_pyramid_gravecall_recruitment_3		false
initiatives_localised_description_wh3_dlc29_black_pyramid_gravecall_recruitment_4		false
initiatives_localised_description_wh3_dlc29_black_pyramid_great_weapons_1		false
initiatives_localised_description_wh3_dlc29_black_pyramid_great_weapons_2		false
initiatives_localised_description_wh3_dlc29_black_pyramid_great_weapons_3		false
initiatives_localised_description_wh3_dlc29_black_pyramid_great_weapons_4		false
initiatives_localised_description_wh3_dlc29_black_pyramid_great_weapons_5		false
initiatives_localised_description_wh3_dlc29_black_pyramid_great_weapons_6		false
initiatives_localised_description_wh3_dlc29_black_pyramid_guards_1		false
initiatives_localised_description_wh3_dlc29_black_pyramid_guards_2		false
initiatives_localised_description_wh3_dlc29_black_pyramid_guards_3		false
initiatives_localised_description_wh3_dlc29_black_pyramid_guards_4		false
initiatives_localised_description_wh3_dlc29_black_pyramid_guards_5		false
initiatives_localised_description_wh3_dlc29_black_pyramid_guards_6		false
initiatives_localised_description_wh3_dlc29_black_pyramid_guards_7		false
initiatives_localised_description_wh3_dlc29_black_pyramid_guards_8		false
initiatives_localised_description_wh3_dlc29_black_pyramid_gunpowder_artillery_1		false
initiatives_localised_description_wh3_dlc29_black_pyramid_gunpowder_artillery_10		false
initiatives_localised_description_wh3_dlc29_black_pyramid_gunpowder_artillery_2		false
initiatives_localised_description_wh3_dlc29_black_pyramid_gunpowder_artillery_3		false
initiatives_localised_description_wh3_dlc29_black_pyramid_gunpowder_artillery_4		false
initiatives_localised_description_wh3_dlc29_black_pyramid_gunpowder_artillery_5		false
initiatives_localised_description_wh3_dlc29_black_pyramid_gunpowder_artillery_6		false
initiatives_localised_description_wh3_dlc29_black_pyramid_gunpowder_artillery_7		false
initiatives_localised_description_wh3_dlc29_black_pyramid_gunpowder_artillery_8		false
initiatives_localised_description_wh3_dlc29_black_pyramid_gunpowder_artillery_9		false
initiatives_localised_description_wh3_dlc29_black_pyramid_guns_1		false
initiatives_localised_description_wh3_dlc29_black_pyramid_guns_2		false
initiatives_localised_description_wh3_dlc29_black_pyramid_guns_3		false
initiatives_localised_description_wh3_dlc29_black_pyramid_guns_4		false
initiatives_localised_description_wh3_dlc29_black_pyramid_guns_5		false
initiatives_localised_description_wh3_dlc29_black_pyramid_guns_6		false
initiatives_localised_description_wh3_dlc29_black_pyramid_guns_7		false
initiatives_localised_description_wh3_dlc29_black_pyramid_guns_8		false
initiatives_localised_description_wh3_dlc29_black_pyramid_hero_1		false
initiatives_localised_description_wh3_dlc29_black_pyramid_hero_2		false
initiatives_localised_description_wh3_dlc29_black_pyramid_hero_3		false
initiatives_localised_description_wh3_dlc29_black_pyramid_hero_4		false
initiatives_localised_description_wh3_dlc29_black_pyramid_hero_5		false
initiatives_localised_description_wh3_dlc29_black_pyramid_hero_6		false
initiatives_localised_description_wh3_dlc29_black_pyramid_hero_7		false
initiatives_localised_description_wh3_dlc29_black_pyramid_hero_8		false
initiatives_localised_description_wh3_dlc29_black_pyramid_hero_9		false
initiatives_localised_description_wh3_dlc29_black_pyramid_horsemen_1		false
initiatives_localised_description_wh3_dlc29_black_pyramid_horsemen_2		false
initiatives_localised_description_wh3_dlc29_black_pyramid_horsemen_3		false
initiatives_localised_description_wh3_dlc29_black_pyramid_horsemen_4		false
initiatives_localised_description_wh3_dlc29_black_pyramid_horsemen_5		false
initiatives_localised_description_wh3_dlc29_black_pyramid_horsemen_6		false
initiatives_localised_description_wh3_dlc29_black_pyramid_horsemen_7		false
initiatives_localised_description_wh3_dlc29_black_pyramid_knights_1		false
initiatives_localised_description_wh3_dlc29_black_pyramid_knights_2		false
initiatives_localised_description_wh3_dlc29_black_pyramid_knights_3		false
initiatives_localised_description_wh3_dlc29_black_pyramid_knights_4		false
initiatives_localised_description_wh3_dlc29_black_pyramid_knights_5		false
initiatives_localised_description_wh3_dlc29_black_pyramid_knights_6		false
initiatives_localised_description_wh3_dlc29_black_pyramid_knights_7		false
initiatives_localised_description_wh3_dlc29_black_pyramid_knights_8		false
initiatives_localised_description_wh3_dlc29_black_pyramid_krell_1		false
initiatives_localised_description_wh3_dlc29_black_pyramid_krell_2		false
initiatives_localised_description_wh3_dlc29_black_pyramid_krell_3		false
initiatives_localised_description_wh3_dlc29_black_pyramid_local_recruitment_1		false
initiatives_localised_description_wh3_dlc29_black_pyramid_local_recruitment_2		false
initiatives_localised_description_wh3_dlc29_black_pyramid_local_recruitment_3		false
initiatives_localised_description_wh3_dlc29_black_pyramid_local_recruitment_4		false
initiatives_localised_description_wh3_dlc29_black_pyramid_lock_1_a	{{tr:initiatives_localised_description_wh3_dlc29_black_pyramid_lock_2_b}}	false
initiatives_localised_description_wh3_dlc29_black_pyramid_lock_1_b	{{tr:initiatives_localised_description_wh3_dlc29_black_pyramid_lock_2_b}}	false
initiatives_localised_description_wh3_dlc29_black_pyramid_lock_2_a	"SUCH IS THE POWER OF NAGASH."	false
initiatives_localised_description_wh3_dlc29_black_pyramid_lock_2_b	{{tr:initiatives_localised_description_wh3_dlc29_black_pyramid_lock_2_a}}	false
initiatives_localised_description_wh3_dlc29_black_pyramid_lock_2_c	{{tr:initiatives_localised_description_wh3_dlc29_black_pyramid_lock_2_a}}	false
initiatives_localised_description_wh3_dlc29_black_pyramid_lock_2_d	{{tr:initiatives_localised_description_wh3_dlc29_black_pyramid_lock_2_a}}	false
initiatives_localised_description_wh3_dlc29_black_pyramid_lock_3_a	{{tr:initiatives_localised_description_wh3_dlc29_black_pyramid_lock_2_a}}	false
initiatives_localised_description_wh3_dlc29_black_pyramid_lock_3_b	{{tr:initiatives_localised_description_wh3_dlc29_black_pyramid_lock_2_a}}	false
initiatives_localised_description_wh3_dlc29_black_pyramid_lord_1		false
initiatives_localised_description_wh3_dlc29_black_pyramid_lord_2		false
initiatives_localised_description_wh3_dlc29_black_pyramid_lord_3		false
initiatives_localised_description_wh3_dlc29_black_pyramid_lord_4		false
initiatives_localised_description_wh3_dlc29_black_pyramid_lord_5		false
initiatives_localised_description_wh3_dlc29_black_pyramid_lord_6		false
initiatives_localised_description_wh3_dlc29_black_pyramid_lord_7		false
initiatives_localised_description_wh3_dlc29_black_pyramid_lord_8		false
initiatives_localised_description_wh3_dlc29_black_pyramid_lord_9		false
initiatives_localised_description_wh3_dlc29_black_pyramid_lore_of_death_1		false
initiatives_localised_description_wh3_dlc29_black_pyramid_lore_of_death_2		false
initiatives_localised_description_wh3_dlc29_black_pyramid_lore_of_death_3		false
initiatives_localised_description_wh3_dlc29_black_pyramid_lore_of_death_4		false
initiatives_localised_description_wh3_dlc29_black_pyramid_lore_of_deep_1		false
initiatives_localised_description_wh3_dlc29_black_pyramid_lore_of_deep_2		false
initiatives_localised_description_wh3_dlc29_black_pyramid_lore_of_deep_3		false
initiatives_localised_description_wh3_dlc29_black_pyramid_lore_of_deep_4		false
initiatives_localised_description_wh3_dlc29_black_pyramid_lore_of_light_1		false
initiatives_localised_description_wh3_dlc29_black_pyramid_lore_of_light_2		false
initiatives_localised_description_wh3_dlc29_black_pyramid_lore_of_light_3		false
initiatives_localised_description_wh3_dlc29_black_pyramid_lore_of_light_4		false
initiatives_localised_description_wh3_dlc29_black_pyramid_lore_of_light_5		false
initiatives_localised_description_wh3_dlc29_black_pyramid_lore_of_nehekhara_1		false
initiatives_localised_description_wh3_dlc29_black_pyramid_lore_of_nehekhara_2		false
initiatives_localised_description_wh3_dlc29_black_pyramid_lore_of_nehekhara_3		false
initiatives_localised_description_wh3_dlc29_black_pyramid_lore_of_nehekhara_4		false
initiatives_localised_description_wh3_dlc29_black_pyramid_lore_of_shadows_1		false
initiatives_localised_description_wh3_dlc29_black_pyramid_lore_of_shadows_2		false
initiatives_localised_description_wh3_dlc29_black_pyramid_lore_of_shadows_3		false
initiatives_localised_description_wh3_dlc29_black_pyramid_lore_of_shadows_4		false
initiatives_localised_description_wh3_dlc29_black_pyramid_lore_of_undeath_1		false
initiatives_localised_description_wh3_dlc29_black_pyramid_lore_of_undeath_2		false
initiatives_localised_description_wh3_dlc29_black_pyramid_lore_of_undeath_3		false
initiatives_localised_description_wh3_dlc29_black_pyramid_lore_of_undeath_4		false
initiatives_localised_description_wh3_dlc29_black_pyramid_lore_of_undeath_5		false
initiatives_localised_description_wh3_dlc29_black_pyramid_lore_of_undeath_6		false
initiatives_localised_description_wh3_dlc29_black_pyramid_lore_of_undeath_7		false
initiatives_localised_description_wh3_dlc29_black_pyramid_lore_of_undeath_8		false
initiatives_localised_description_wh3_dlc29_black_pyramid_lore_of_vampires_1		false
initiatives_localised_description_wh3_dlc29_black_pyramid_lore_of_vampires_2		false
initiatives_localised_description_wh3_dlc29_black_pyramid_lore_of_vampires_3		false
initiatives_localised_description_wh3_dlc29_black_pyramid_lore_of_vampires_4		false
initiatives_localised_description_wh3_dlc29_black_pyramid_lore_of_vampires_5		false
initiatives_localised_description_wh3_dlc29_black_pyramid_luthor_1		false
initiatives_localised_description_wh3_dlc29_black_pyramid_luthor_2		false
initiatives_localised_description_wh3_dlc29_black_pyramid_luthor_3		false
initiatives_localised_description_wh3_dlc29_black_pyramid_magic_artillery_1		false
initiatives_localised_description_wh3_dlc29_black_pyramid_magic_artillery_10		false
initiatives_localised_description_wh3_dlc29_black_pyramid_magic_artillery_2		false
initiatives_localised_description_wh3_dlc29_black_pyramid_magic_artillery_3		false
initiatives_localised_description_wh3_dlc29_black_pyramid_magic_artillery_4		false
initiatives_localised_description_wh3_dlc29_black_pyramid_magic_artillery_5		false
initiatives_localised_description_wh3_dlc29_black_pyramid_magic_artillery_6		false
initiatives_localised_description_wh3_dlc29_black_pyramid_magic_artillery_7		false
initiatives_localised_description_wh3_dlc29_black_pyramid_magic_artillery_8		false
initiatives_localised_description_wh3_dlc29_black_pyramid_magic_artillery_9		false
initiatives_localised_description_wh3_dlc29_black_pyramid_magic_vehicles_1		false
initiatives_localised_description_wh3_dlc29_black_pyramid_magic_vehicles_2		false
initiatives_localised_description_wh3_dlc29_black_pyramid_magic_vehicles_3		false
initiatives_localised_description_wh3_dlc29_black_pyramid_magic_vehicles_4		false
initiatives_localised_description_wh3_dlc29_black_pyramid_magic_vehicles_5		false
initiatives_localised_description_wh3_dlc29_black_pyramid_mannfred_1		false
initiatives_localised_description_wh3_dlc29_black_pyramid_mannfred_2		false
initiatives_localised_description_wh3_dlc29_black_pyramid_mannfred_3		false
initiatives_localised_description_wh3_dlc29_black_pyramid_missile_artillery_siege_1		false
initiatives_localised_description_wh3_dlc29_black_pyramid_missile_artillery_siege_2		false
initiatives_localised_description_wh3_dlc29_black_pyramid_missile_artillery_siege_3		false
initiatives_localised_description_wh3_dlc29_black_pyramid_missile_artillery_siege_4		false
initiatives_localised_description_wh3_dlc29_black_pyramid_missile_artillery_siege_5		false
initiatives_localised_description_wh3_dlc29_black_pyramid_missile_artillery_siege_6		false
initiatives_localised_description_wh3_dlc29_black_pyramid_missile_artillery_siege_7		false
initiatives_localised_description_wh3_dlc29_black_pyramid_missile_artillery_siege_8		false
initiatives_localised_description_wh3_dlc29_black_pyramid_missile_artillery_siege_9		false
initiatives_localised_description_wh3_dlc29_black_pyramid_morghasts_1		false
initiatives_localised_description_wh3_dlc29_black_pyramid_morghasts_10		false
initiatives_localised_description_wh3_dlc29_black_pyramid_morghasts_11		false
initiatives_localised_description_wh3_dlc29_black_pyramid_morghasts_12		false
initiatives_localised_description_wh3_dlc29_black_pyramid_morghasts_2		false
initiatives_localised_description_wh3_dlc29_black_pyramid_morghasts_3		false
initiatives_localised_description_wh3_dlc29_black_pyramid_morghasts_4		false
initiatives_localised_description_wh3_dlc29_black_pyramid_morghasts_5		false
initiatives_localised_description_wh3_dlc29_black_pyramid_morghasts_6		false
initiatives_localised_description_wh3_dlc29_black_pyramid_morghasts_7		false
initiatives_localised_description_wh3_dlc29_black_pyramid_morghasts_8		false
initiatives_localised_description_wh3_dlc29_black_pyramid_morghasts_9		false
initiatives_localised_description_wh3_dlc29_black_pyramid_movement_1		false
initiatives_localised_description_wh3_dlc29_black_pyramid_movement_2		false
initiatives_localised_description_wh3_dlc29_black_pyramid_movement_3		false
initiatives_localised_description_wh3_dlc29_black_pyramid_movement_4		false
initiatives_localised_description_wh3_dlc29_black_pyramid_movement_5		false
initiatives_localised_description_wh3_dlc29_black_pyramid_movement_6		false
initiatives_localised_description_wh3_dlc29_black_pyramid_nagash_early_1		false
initiatives_localised_description_wh3_dlc29_black_pyramid_nagash_early_2		false
initiatives_localised_description_wh3_dlc29_black_pyramid_nagash_early_3		false
initiatives_localised_description_wh3_dlc29_black_pyramid_nagash_early_4		false
initiatives_localised_description_wh3_dlc29_black_pyramid_nagash_early_5		false
initiatives_localised_description_wh3_dlc29_black_pyramid_nagash_early_6		false
initiatives_localised_description_wh3_dlc29_black_pyramid_nagash_late_1		false
initiatives_localised_description_wh3_dlc29_black_pyramid_nagash_late_10		false
initiatives_localised_description_wh3_dlc29_black_pyramid_nagash_late_11		false
initiatives_localised_description_wh3_dlc29_black_pyramid_nagash_late_12		false
initiatives_localised_description_wh3_dlc29_black_pyramid_nagash_late_13		false
initiatives_localised_description_wh3_dlc29_black_pyramid_nagash_late_14		false
initiatives_localised_description_wh3_dlc29_black_pyramid_nagash_late_15		false
initiatives_localised_description_wh3_dlc29_black_pyramid_nagash_late_16		false
initiatives_localised_description_wh3_dlc29_black_pyramid_nagash_late_2		false
initiatives_localised_description_wh3_dlc29_black_pyramid_nagash_late_3		false
initiatives_localised_description_wh3_dlc29_black_pyramid_nagash_late_4		false
initiatives_localised_description_wh3_dlc29_black_pyramid_nagash_late_5		false
initiatives_localised_description_wh3_dlc29_black_pyramid_nagash_late_6		false
initiatives_localised_description_wh3_dlc29_black_pyramid_nagash_late_7		false
initiatives_localised_description_wh3_dlc29_black_pyramid_nagash_late_8		false
initiatives_localised_description_wh3_dlc29_black_pyramid_nagash_late_9		false
initiatives_localised_description_wh3_dlc29_black_pyramid_nagash_mid_1		false
initiatives_localised_description_wh3_dlc29_black_pyramid_nagash_mid_2		false
initiatives_localised_description_wh3_dlc29_black_pyramid_nagash_mid_3		false
initiatives_localised_description_wh3_dlc29_black_pyramid_nagash_mid_4		false
initiatives_localised_description_wh3_dlc29_black_pyramid_nagash_mid_5		false
initiatives_localised_description_wh3_dlc29_black_pyramid_nagash_mid_6		false
initiatives_localised_description_wh3_dlc29_black_pyramid_nagash_mid_7		false
initiatives_localised_description_wh3_dlc29_black_pyramid_nagash_mid_8		false
initiatives_localised_description_wh3_dlc29_black_pyramid_nagash_shambling_horde_1		false
initiatives_localised_description_wh3_dlc29_black_pyramid_nagash_shambling_horde_2		false
initiatives_localised_description_wh3_dlc29_black_pyramid_nagash_shambling_horde_3		false
initiatives_localised_description_wh3_dlc29_black_pyramid_nagash_shambling_horde_4		false
initiatives_localised_description_wh3_dlc29_black_pyramid_nagash_shambling_horde_5		false
initiatives_localised_description_wh3_dlc29_black_pyramid_nagash_shambling_horde_6		false
initiatives_localised_description_wh3_dlc29_black_pyramid_nagash_shambling_horde_7		false
initiatives_localised_description_wh3_dlc29_black_pyramid_nagash_shambling_horde_8		false
initiatives_localised_description_wh3_dlc29_black_pyramid_nagash_transported_army_1		false
initiatives_localised_description_wh3_dlc29_black_pyramid_nagash_transported_army_2		false
initiatives_localised_description_wh3_dlc29_black_pyramid_nagash_transported_army_3		false
initiatives_localised_description_wh3_dlc29_black_pyramid_nagash_transported_army_4		false
initiatives_localised_description_wh3_dlc29_black_pyramid_nagash_transported_army_5		false
initiatives_localised_description_wh3_dlc29_black_pyramid_nagash_transported_army_6		false
initiatives_localised_description_wh3_dlc29_black_pyramid_nagash_transported_army_7		false
initiatives_localised_description_wh3_dlc29_black_pyramid_nagash_transported_army_8		false
initiatives_localised_description_wh3_dlc29_black_pyramid_nameless_1		false
initiatives_localised_description_wh3_dlc29_black_pyramid_nameless_2		false
initiatives_localised_description_wh3_dlc29_black_pyramid_nameless_3		false
initiatives_localised_description_wh3_dlc29_black_pyramid_nameless_4		false
initiatives_localised_description_wh3_dlc29_black_pyramid_nameless_5		false
initiatives_localised_description_wh3_dlc29_black_pyramid_nameless_6		false
initiatives_localised_description_wh3_dlc29_black_pyramid_nameless_7		false
initiatives_localised_description_wh3_dlc29_black_pyramid_nameless_8		false
initiatives_localised_description_wh3_dlc29_black_pyramid_nameless_9		false
initiatives_localised_description_wh3_dlc29_black_pyramid_neferata_1		false
initiatives_localised_description_wh3_dlc29_black_pyramid_neferata_2		false
initiatives_localised_description_wh3_dlc29_black_pyramid_neferata_3		false
initiatives_localised_description_wh3_dlc29_black_pyramid_post_battle_1		false
initiatives_localised_description_wh3_dlc29_black_pyramid_post_battle_2		false
initiatives_localised_description_wh3_dlc29_black_pyramid_post_battle_3		false
initiatives_localised_description_wh3_dlc29_black_pyramid_post_battle_4		false
initiatives_localised_description_wh3_dlc29_black_pyramid_post_battle_5		false
initiatives_localised_description_wh3_dlc29_black_pyramid_settlements_1		false
initiatives_localised_description_wh3_dlc29_black_pyramid_settlements_2		false
initiatives_localised_description_wh3_dlc29_black_pyramid_settlements_3		false
initiatives_localised_description_wh3_dlc29_black_pyramid_settlements_4		false
initiatives_localised_description_wh3_dlc29_black_pyramid_settlements_5		false
initiatives_localised_description_wh3_dlc29_black_pyramid_skeleton_1		false
initiatives_localised_description_wh3_dlc29_black_pyramid_skeleton_10		false
initiatives_localised_description_wh3_dlc29_black_pyramid_skeleton_2		false
initiatives_localised_description_wh3_dlc29_black_pyramid_skeleton_3		false
initiatives_localised_description_wh3_dlc29_black_pyramid_skeleton_4		false
initiatives_localised_description_wh3_dlc29_black_pyramid_skeleton_5		false
initiatives_localised_description_wh3_dlc29_black_pyramid_skeleton_6		false
initiatives_localised_description_wh3_dlc29_black_pyramid_skeleton_7		false
initiatives_localised_description_wh3_dlc29_black_pyramid_skeleton_8		false
initiatives_localised_description_wh3_dlc29_black_pyramid_skeleton_9		false
initiatives_localised_description_wh3_dlc29_black_pyramid_spears_1		false
initiatives_localised_description_wh3_dlc29_black_pyramid_spears_2		false
initiatives_localised_description_wh3_dlc29_black_pyramid_spears_3		false
initiatives_localised_description_wh3_dlc29_black_pyramid_spears_4		false
initiatives_localised_description_wh3_dlc29_black_pyramid_spears_5		false
initiatives_localised_description_wh3_dlc29_black_pyramid_spears_6		false
initiatives_localised_description_wh3_dlc29_black_pyramid_start		false
initiatives_localised_description_wh3_dlc29_black_pyramid_sword_shield_1		false
initiatives_localised_description_wh3_dlc29_black_pyramid_sword_shield_2		false
initiatives_localised_description_wh3_dlc29_black_pyramid_sword_shield_3		false
initiatives_localised_description_wh3_dlc29_black_pyramid_sword_shield_4		false
initiatives_localised_description_wh3_dlc29_black_pyramid_sword_shield_5		false
initiatives_localised_description_wh3_dlc29_black_pyramid_sword_shield_6		false
initiatives_localised_description_wh3_dlc29_black_pyramid_thrones_1		false
initiatives_localised_description_wh3_dlc29_black_pyramid_thrones_2		false
initiatives_localised_description_wh3_dlc29_black_pyramid_thrones_3		false
initiatives_localised_description_wh3_dlc29_black_pyramid_thrones_4		false
initiatives_localised_description_wh3_dlc29_black_pyramid_thrones_5		false
initiatives_localised_description_wh3_dlc29_black_pyramid_tmb_II_1		false
initiatives_localised_description_wh3_dlc29_black_pyramid_tmb_II_2		false
initiatives_localised_description_wh3_dlc29_black_pyramid_tmb_II_3		false
initiatives_localised_description_wh3_dlc29_black_pyramid_tmb_II_4		false
initiatives_localised_description_wh3_dlc29_black_pyramid_tmb_II_5		false
initiatives_localised_description_wh3_dlc29_black_pyramid_tmb_I_1		false
initiatives_localised_description_wh3_dlc29_black_pyramid_tmb_I_2		false
initiatives_localised_description_wh3_dlc29_black_pyramid_tmb_I_3		false
initiatives_localised_description_wh3_dlc29_black_pyramid_tmb_I_4		false
initiatives_localised_description_wh3_dlc29_black_pyramid_tmb_I_5		false
initiatives_localised_description_wh3_dlc29_black_pyramid_transit_1		false
initiatives_localised_description_wh3_dlc29_black_pyramid_transit_10		false
initiatives_localised_description_wh3_dlc29_black_pyramid_transit_100		false
initiatives_localised_description_wh3_dlc29_black_pyramid_transit_101		false
initiatives_localised_description_wh3_dlc29_black_pyramid_transit_102		false
initiatives_localised_description_wh3_dlc29_black_pyramid_transit_103		false
initiatives_localised_description_wh3_dlc29_black_pyramid_transit_104		false
initiatives_localised_description_wh3_dlc29_black_pyramid_transit_105		false
initiatives_localised_description_wh3_dlc29_black_pyramid_transit_106		false
initiatives_localised_description_wh3_dlc29_black_pyramid_transit_107		false
initiatives_localised_description_wh3_dlc29_black_pyramid_transit_108		false
initiatives_localised_description_wh3_dlc29_black_pyramid_transit_109		false
initiatives_localised_description_wh3_dlc29_black_pyramid_transit_11		false
initiatives_localised_description_wh3_dlc29_black_pyramid_transit_110		false
initiatives_localised_description_wh3_dlc29_black_pyramid_transit_111		false
initiatives_localised_description_wh3_dlc29_black_pyramid_transit_112		false
initiatives_localised_description_wh3_dlc29_black_pyramid_transit_113		false
initiatives_localised_description_wh3_dlc29_black_pyramid_transit_114		false
initiatives_localised_description_wh3_dlc29_black_pyramid_transit_115		false
initiatives_localised_description_wh3_dlc29_black_pyramid_transit_116		false
initiatives_localised_description_wh3_dlc29_black_pyramid_transit_117		false
initiatives_localised_description_wh3_dlc29_black_pyramid_transit_118		false
initiatives_localised_description_wh3_dlc29_black_pyramid_transit_119		false
initiatives_localised_description_wh3_dlc29_black_pyramid_transit_12		false
initiatives_localised_description_wh3_dlc29_black_pyramid_transit_120		false
initiatives_localised_description_wh3_dlc29_black_pyramid_transit_121		false
initiatives_localised_description_wh3_dlc29_black_pyramid_transit_122		false
initiatives_localised_description_wh3_dlc29_black_pyramid_transit_123		false
initiatives_localised_description_wh3_dlc29_black_pyramid_transit_124		false
initiatives_localised_description_wh3_dlc29_black_pyramid_transit_125		false
initiatives_localised_description_wh3_dlc29_black_pyramid_transit_126		false
initiatives_localised_description_wh3_dlc29_black_pyramid_transit_127		false
initiatives_localised_description_wh3_dlc29_black_pyramid_transit_128		false
initiatives_localised_description_wh3_dlc29_black_pyramid_transit_129		false
initiatives_localised_description_wh3_dlc29_black_pyramid_transit_13		false
initiatives_localised_description_wh3_dlc29_black_pyramid_transit_130		false
initiatives_localised_description_wh3_dlc29_black_pyramid_transit_131		false
initiatives_localised_description_wh3_dlc29_black_pyramid_transit_132		false
initiatives_localised_description_wh3_dlc29_black_pyramid_transit_133		false
initiatives_localised_description_wh3_dlc29_black_pyramid_transit_134		false
initiatives_localised_description_wh3_dlc29_black_pyramid_transit_135		false
initiatives_localised_description_wh3_dlc29_black_pyramid_transit_136		false
initiatives_localised_description_wh3_dlc29_black_pyramid_transit_137		false
initiatives_localised_description_wh3_dlc29_black_pyramid_transit_138		false
initiatives_localised_description_wh3_dlc29_black_pyramid_transit_139		false
initiatives_localised_description_wh3_dlc29_black_pyramid_transit_14		false
initiatives_localised_description_wh3_dlc29_black_pyramid_transit_140		false
initiatives_localised_description_wh3_dlc29_black_pyramid_transit_141		false
initiatives_localised_description_wh3_dlc29_black_pyramid_transit_142		false
initiatives_localised_description_wh3_dlc29_black_pyramid_transit_143		false
initiatives_localised_description_wh3_dlc29_black_pyramid_transit_144		false
initiatives_localised_description_wh3_dlc29_black_pyramid_transit_145		false
initiatives_localised_description_wh3_dlc29_black_pyramid_transit_146		false
initiatives_localised_description_wh3_dlc29_black_pyramid_transit_147		false
initiatives_localised_description_wh3_dlc29_black_pyramid_transit_148		false
initiatives_localised_description_wh3_dlc29_black_pyramid_transit_15		false
initiatives_localised_description_wh3_dlc29_black_pyramid_transit_16		false
initiatives_localised_description_wh3_dlc29_black_pyramid_transit_17		false
initiatives_localised_description_wh3_dlc29_black_pyramid_transit_18		false
initiatives_localised_description_wh3_dlc29_black_pyramid_transit_19		false
initiatives_localised_description_wh3_dlc29_black_pyramid_transit_2		false
initiatives_localised_description_wh3_dlc29_black_pyramid_transit_20		false
initiatives_localised_description_wh3_dlc29_black_pyramid_transit_21		false
initiatives_localised_description_wh3_dlc29_black_pyramid_transit_22		false
initiatives_localised_description_wh3_dlc29_black_pyramid_transit_23		false
initiatives_localised_description_wh3_dlc29_black_pyramid_transit_24		false
initiatives_localised_description_wh3_dlc29_black_pyramid_transit_25		false
initiatives_localised_description_wh3_dlc29_black_pyramid_transit_26		false
initiatives_localised_description_wh3_dlc29_black_pyramid_transit_27		false
initiatives_localised_description_wh3_dlc29_black_pyramid_transit_28		false
initiatives_localised_description_wh3_dlc29_black_pyramid_transit_29		false
initiatives_localised_description_wh3_dlc29_black_pyramid_transit_3		false
initiatives_localised_description_wh3_dlc29_black_pyramid_transit_30		false
initiatives_localised_description_wh3_dlc29_black_pyramid_transit_31		false
initiatives_localised_description_wh3_dlc29_black_pyramid_transit_32		false
initiatives_localised_description_wh3_dlc29_black_pyramid_transit_33		false
initiatives_localised_description_wh3_dlc29_black_pyramid_transit_34		false
initiatives_localised_description_wh3_dlc29_black_pyramid_transit_35		false
initiatives_localised_description_wh3_dlc29_black_pyramid_transit_36		false
initiatives_localised_description_wh3_dlc29_black_pyramid_transit_37		false
initiatives_localised_description_wh3_dlc29_black_pyramid_transit_38		false
initiatives_localised_description_wh3_dlc29_black_pyramid_transit_39		false
initiatives_localised_description_wh3_dlc29_black_pyramid_transit_4		false
initiatives_localised_description_wh3_dlc29_black_pyramid_transit_40		false
initiatives_localised_description_wh3_dlc29_black_pyramid_transit_41		false
initiatives_localised_description_wh3_dlc29_black_pyramid_transit_42		false
initiatives_localised_description_wh3_dlc29_black_pyramid_transit_43		false
initiatives_localised_description_wh3_dlc29_black_pyramid_transit_44		false
initiatives_localised_description_wh3_dlc29_black_pyramid_transit_45		false
initiatives_localised_description_wh3_dlc29_black_pyramid_transit_46		false
initiatives_localised_description_wh3_dlc29_black_pyramid_transit_47		false
initiatives_localised_description_wh3_dlc29_black_pyramid_transit_48		false
initiatives_localised_description_wh3_dlc29_black_pyramid_transit_49		false
initiatives_localised_description_wh3_dlc29_black_pyramid_transit_5		false
initiatives_localised_description_wh3_dlc29_black_pyramid_transit_50		false
initiatives_localised_description_wh3_dlc29_black_pyramid_transit_51		false
initiatives_localised_description_wh3_dlc29_black_pyramid_transit_52		false
initiatives_localised_description_wh3_dlc29_black_pyramid_transit_53		false
initiatives_localised_description_wh3_dlc29_black_pyramid_transit_54		false
initiatives_localised_description_wh3_dlc29_black_pyramid_transit_55		false
initiatives_localised_description_wh3_dlc29_black_pyramid_transit_56		false
initiatives_localised_description_wh3_dlc29_black_pyramid_transit_57		false
initiatives_localised_description_wh3_dlc29_black_pyramid_transit_58		false
initiatives_localised_description_wh3_dlc29_black_pyramid_transit_59		false
initiatives_localised_description_wh3_dlc29_black_pyramid_transit_6		false
initiatives_localised_description_wh3_dlc29_black_pyramid_transit_60		false
initiatives_localised_description_wh3_dlc29_black_pyramid_transit_61		false
initiatives_localised_description_wh3_dlc29_black_pyramid_transit_62		false
initiatives_localised_description_wh3_dlc29_black_pyramid_transit_63		false
initiatives_localised_description_wh3_dlc29_black_pyramid_transit_64		false
initiatives_localised_description_wh3_dlc29_black_pyramid_transit_65		false
initiatives_localised_description_wh3_dlc29_black_pyramid_transit_66		false
initiatives_localised_description_wh3_dlc29_black_pyramid_transit_67		false
initiatives_localised_description_wh3_dlc29_black_pyramid_transit_68		false
initiatives_localised_description_wh3_dlc29_black_pyramid_transit_69		false
initiatives_localised_description_wh3_dlc29_black_pyramid_transit_7		false
initiatives_localised_description_wh3_dlc29_black_pyramid_transit_70		false
initiatives_localised_description_wh3_dlc29_black_pyramid_transit_71		false
initiatives_localised_description_wh3_dlc29_black_pyramid_transit_72		false
initiatives_localised_description_wh3_dlc29_black_pyramid_transit_73		false
initiatives_localised_description_wh3_dlc29_black_pyramid_transit_74		false
initiatives_localised_description_wh3_dlc29_black_pyramid_transit_75		false
initiatives_localised_description_wh3_dlc29_black_pyramid_transit_76		false
initiatives_localised_description_wh3_dlc29_black_pyramid_transit_77		false
initiatives_localised_description_wh3_dlc29_black_pyramid_transit_78		false
initiatives_localised_description_wh3_dlc29_black_pyramid_transit_79		false
initiatives_localised_description_wh3_dlc29_black_pyramid_transit_8		false
initiatives_localised_description_wh3_dlc29_black_pyramid_transit_80		false
initiatives_localised_description_wh3_dlc29_black_pyramid_transit_81		false
initiatives_localised_description_wh3_dlc29_black_pyramid_transit_82		false
initiatives_localised_description_wh3_dlc29_black_pyramid_transit_83		false
initiatives_localised_description_wh3_dlc29_black_pyramid_transit_84		false
initiatives_localised_description_wh3_dlc29_black_pyramid_transit_85		false
initiatives_localised_description_wh3_dlc29_black_pyramid_transit_86		false
initiatives_localised_description_wh3_dlc29_black_pyramid_transit_87		false
initiatives_localised_description_wh3_dlc29_black_pyramid_transit_88		false
initiatives_localised_description_wh3_dlc29_black_pyramid_transit_89		false
initiatives_localised_description_wh3_dlc29_black_pyramid_transit_9		false
initiatives_localised_description_wh3_dlc29_black_pyramid_transit_90		false
initiatives_localised_description_wh3_dlc29_black_pyramid_transit_91		false
initiatives_localised_description_wh3_dlc29_black_pyramid_transit_92		false
initiatives_localised_description_wh3_dlc29_black_pyramid_transit_93		false
initiatives_localised_description_wh3_dlc29_black_pyramid_transit_94		false
initiatives_localised_description_wh3_dlc29_black_pyramid_transit_95		false
initiatives_localised_description_wh3_dlc29_black_pyramid_transit_96		false
initiatives_localised_description_wh3_dlc29_black_pyramid_transit_97		false
initiatives_localised_description_wh3_dlc29_black_pyramid_transit_98		false
initiatives_localised_description_wh3_dlc29_black_pyramid_transit_99		false
initiatives_localised_description_wh3_dlc29_black_pyramid_undead_monsters_1		false
initiatives_localised_description_wh3_dlc29_black_pyramid_undead_monsters_2		false
initiatives_localised_description_wh3_dlc29_black_pyramid_undead_monsters_3		false
initiatives_localised_description_wh3_dlc29_black_pyramid_undead_monsters_4		false
initiatives_localised_description_wh3_dlc29_black_pyramid_undead_monsters_5		false
initiatives_localised_description_wh3_dlc29_black_pyramid_undead_monsters_6		false
initiatives_localised_description_wh3_dlc29_black_pyramid_undead_monsters_7		false
initiatives_localised_description_wh3_dlc29_black_pyramid_undead_monsters_8		false
initiatives_localised_description_wh3_dlc29_black_pyramid_undead_monsters_9		false
initiatives_localised_description_wh3_dlc29_black_pyramid_undead_monstrous_1		false
initiatives_localised_description_wh3_dlc29_black_pyramid_undead_monstrous_2		false
initiatives_localised_description_wh3_dlc29_black_pyramid_undead_monstrous_3		false
initiatives_localised_description_wh3_dlc29_black_pyramid_undead_monstrous_4		false
initiatives_localised_description_wh3_dlc29_black_pyramid_undead_monstrous_5		false
initiatives_localised_description_wh3_dlc29_black_pyramid_undead_monstrous_6		false
initiatives_localised_description_wh3_dlc29_black_pyramid_undead_monstrous_7		false
initiatives_localised_description_wh3_dlc29_black_pyramid_undead_monstrous_8		false
initiatives_localised_description_wh3_dlc29_black_pyramid_undead_monstrous_9		false
initiatives_localised_description_wh3_dlc29_black_pyramid_vampires_1		false
initiatives_localised_description_wh3_dlc29_black_pyramid_vampires_2		false
initiatives_localised_description_wh3_dlc29_black_pyramid_vampires_3		false
initiatives_localised_description_wh3_dlc29_black_pyramid_vampires_4		false
initiatives_localised_description_wh3_dlc29_black_pyramid_vampires_5		false
initiatives_localised_description_wh3_dlc29_black_pyramid_vampires_6		false
initiatives_localised_description_wh3_dlc29_black_pyramid_vampires_7		false
initiatives_localised_description_wh3_dlc29_black_pyramid_vampires_8		false
initiatives_localised_description_wh3_dlc29_black_pyramid_vampires_9		false
initiatives_localised_description_wh3_dlc29_black_pyramid_vlad_1		false
initiatives_localised_description_wh3_dlc29_black_pyramid_vlad_2		false
initiatives_localised_description_wh3_dlc29_black_pyramid_vlad_3		false
initiatives_localised_description_wh3_dlc29_black_pyramid_vmp_II_1		false
initiatives_localised_description_wh3_dlc29_black_pyramid_vmp_II_2		false
initiatives_localised_description_wh3_dlc29_black_pyramid_vmp_II_3		false
initiatives_localised_description_wh3_dlc29_black_pyramid_vmp_II_4		false
initiatives_localised_description_wh3_dlc29_black_pyramid_vmp_II_5		false
initiatives_localised_description_wh3_dlc29_black_pyramid_vmp_I_1		false
initiatives_localised_description_wh3_dlc29_black_pyramid_vmp_I_2		false
initiatives_localised_description_wh3_dlc29_black_pyramid_vmp_I_3		false
initiatives_localised_description_wh3_dlc29_black_pyramid_vmp_I_4		false
initiatives_localised_description_wh3_dlc29_black_pyramid_vmp_I_5		false
initiatives_localised_description_wh3_dlc29_black_pyramid_walach_1		false
initiatives_localised_description_wh3_dlc29_black_pyramid_walach_2		false
initiatives_localised_description_wh3_dlc29_black_pyramid_walach_3		false
initiatives_localised_description_wh3_dlc29_black_pyramid_winds_of_magic_1		false
initiatives_localised_description_wh3_dlc29_black_pyramid_winds_of_magic_10		false
initiatives_localised_description_wh3_dlc29_black_pyramid_winds_of_magic_2		false
initiatives_localised_description_wh3_dlc29_black_pyramid_winds_of_magic_3		false
initiatives_localised_description_wh3_dlc29_black_pyramid_winds_of_magic_4		false
initiatives_localised_description_wh3_dlc29_black_pyramid_winds_of_magic_5		false
initiatives_localised_description_wh3_dlc29_black_pyramid_winds_of_magic_6		false
initiatives_localised_description_wh3_dlc29_black_pyramid_winds_of_magic_7		false
initiatives_localised_description_wh3_dlc29_black_pyramid_winds_of_magic_8		false
initiatives_localised_description_wh3_dlc29_black_pyramid_winds_of_magic_9		false
initiatives_localised_description_wh3_dlc29_black_pyramid_wraith_1		false
initiatives_localised_description_wh3_dlc29_black_pyramid_wraith_2		false
initiatives_localised_description_wh3_dlc29_black_pyramid_wraith_3		false
initiatives_localised_description_wh3_dlc29_black_pyramid_wraith_4		false
initiatives_localised_description_wh3_dlc29_black_pyramid_wraith_5		false
initiatives_localised_description_wh3_dlc29_black_pyramid_zombies_1		false
initiatives_localised_description_wh3_dlc29_black_pyramid_zombies_10		false
initiatives_localised_description_wh3_dlc29_black_pyramid_zombies_2		false
initiatives_localised_description_wh3_dlc29_black_pyramid_zombies_3		false
initiatives_localised_description_wh3_dlc29_black_pyramid_zombies_4		false
initiatives_localised_description_wh3_dlc29_black_pyramid_zombies_5		false
initiatives_localised_description_wh3_dlc29_black_pyramid_zombies_6		false
initiatives_localised_description_wh3_dlc29_black_pyramid_zombies_7		false
initiatives_localised_description_wh3_dlc29_black_pyramid_zombies_8		false
initiatives_localised_description_wh3_dlc29_black_pyramid_zombies_9		false
initiatives_localised_description_wh3_dlc29_book_of_nagash_1	{{tr:unit_abilities_tooltip_text_wh3_dlc29_passive_spell_death_doom_and_darkness}}	false
initiatives_localised_description_wh3_dlc29_book_of_nagash_10	{{tr:unit_abilities_tooltip_text_wh3_dlc29_passive_spell_nehekhara_nerus_incantation_of_protection}}	false
initiatives_localised_description_wh3_dlc29_book_of_nagash_11	{{tr:unit_abilities_tooltip_text_wh3_dlc29_passive_spell_nehekhara_sakhmets_incantation_of_the_skullstorm}}	false
initiatives_localised_description_wh3_dlc29_book_of_nagash_12	{{tr:unit_abilities_tooltip_text_wh3_dlc29_passive_spell_nehekhara_usirians_incantation_of_vengeance}}	false
initiatives_localised_description_wh3_dlc29_book_of_nagash_2	{{tr:unit_abilities_tooltip_text_wh3_dlc29_passive_spell_death_spirit_leech}}	false
initiatives_localised_description_wh3_dlc29_book_of_nagash_3	{{tr:unit_abilities_tooltip_text_wh3_dlc29_passive_spell_death_purple_sun_of_xereus}}	false
initiatives_localised_description_wh3_dlc29_book_of_nagash_4	{{tr:unit_abilities_tooltip_text_wh3_dlc29_passive_spell_light_banishment}}	false
initiatives_localised_description_wh3_dlc29_book_of_nagash_5	{{tr:unit_abilities_tooltip_text_wh3_dlc29_passive_spell_light_light_of_battle}}	false
initiatives_localised_description_wh3_dlc29_book_of_nagash_6	{{tr:unit_abilities_tooltip_text_wh3_dlc29_passive_spell_light_shems_burning_gaze}}	false
initiatives_localised_description_wh3_dlc29_book_of_nagash_7	{{tr:unit_abilities_tooltip_text_wh3_dlc29_passive_spell_vampires_gaze_of_nagash}}	false
initiatives_localised_description_wh3_dlc29_book_of_nagash_8	{{tr:unit_abilities_tooltip_text_wh3_dlc29_passive_spell_vampires_invocation_of_nehek}}	false
initiatives_localised_description_wh3_dlc29_book_of_nagash_9	{{tr:unit_abilities_tooltip_text_wh3_dlc29_passive_spell_vampires_curse_of_years}}	false
initiatives_localised_description_wh3_dlc29_emp_middenland_the_great_temple_of_ulric_hall_of_flame_level_1	The Priests-led prayer is a time for breathless silence. Afterwards, full-throated howls resound, and the Priest-led armies set out.	false
initiatives_localised_description_wh3_dlc29_emp_middenland_the_great_temple_of_ulric_hall_of_flame_level_2	If battle does not rage, his houses of worship are warmed by a constant reminder: while the Flame burns, battle is always at hand, for it is ever-present.	false
initiatives_localised_description_wh3_dlc29_emp_middenland_the_great_temple_of_ulric_hall_of_flame_level_3	"Let in the cold of Winter and rekindle the Sacred Flame. Its beauty and merciless nature crystallises the resolve of men for the storms that lies ahead."	false
initiatives_localised_description_wh3_dlc29_emp_middenland_the_great_temple_of_ulric_hall_of_flame_level_4	When the Flame spills freely from the mouths of those whose prayers lift above the din of battle, they need not take a breath. Their allies need not fear harm.	false
initiatives_localised_description_wh3_dlc29_emp_middenland_the_great_temple_of_ulric_high_altar_of_ulric_level_1	With their zeal renewed and grown, the faithful's vigilance assumes the gleam of a predator's eye.	false
initiatives_localised_description_wh3_dlc29_emp_middenland_the_great_temple_of_ulric_high_altar_of_ulric_level_2	Outside the Great Temple, the eyes of Ulric's followers reflect the harsh grandeur of Middenheim. It calls to those whose calling is not battle all the same. 	false
initiatives_localised_description_wh3_dlc29_emp_middenland_the_great_temple_of_ulric_high_altar_of_ulric_level_3	The stones of Middenheim themselves fill with the fierce determination the Altar inspires. The hands who lay them look more and more like those of warriors gripping their weapons.	false
initiatives_localised_description_wh3_dlc29_emp_middenland_the_great_temple_of_ulric_high_altar_of_ulric_level_4	Middenlanders or not, all who kneel at the Altar know that they have found their true home. And their home shall know no fear.	false
initiatives_localised_description_wh3_dlc29_emp_middenland_the_great_temple_of_ulric_pilgrims_retreat_level_1	Ulric strides where battle carries him. Wanderers vowed to his service find battles aplenty. The Empire knows this. Its enemies know only the fear that freezes them in their tracks.	false
initiatives_localised_description_wh3_dlc29_emp_middenland_the_great_temple_of_ulric_pilgrims_retreat_level_2	Many who witness the flow of devotees at the Pilgrim's Court are reminded of their own need to rest. For the pilgrims, there is none. They keep serving Middenheim outside the city.	false
initiatives_localised_description_wh3_dlc29_emp_middenland_the_great_temple_of_ulric_pilgrims_retreat_level_3	As much as pilgrims gather to strengthen their kinship to others of Ulric's growing pack, the pack must grow yet. They scatter again to spread that sense kinship to others.	false
initiatives_localised_description_wh3_dlc29_emp_middenland_the_great_temple_of_ulric_pilgrims_retreat_level_4	Every warrior of faith must be, in a way, a pilgrim. When every pilgim is a warrior of faith, their strength is multiplied.	false
initiatives_localised_description_wh3_dlc29_emp_middenland_the_great_temple_of_ulric_reliquary_of_fangs_level_1	Warriors clamour to make their weapons worthy for the Reliquary, or else lay to rest those wielded by the honourable fallen.	false
initiatives_localised_description_wh3_dlc29_emp_middenland_the_great_temple_of_ulric_reliquary_of_fangs_level_2	Anything can be a cherished battle treasure, or become one, should it be imbued with purpose and used to Ulric's ends.	false
initiatives_localised_description_wh3_dlc29_emp_middenland_the_great_temple_of_ulric_reliquary_of_fangs_level_3	As the Reliquary fills with proof that Ulric's cause is just, it draws Empire soldiers who have witnessed it for themselves or fervently wish to.	false
initiatives_localised_description_wh3_dlc29_emp_middenland_the_great_temple_of_ulric_reliquary_of_fangs_level_4	Dispensing Ulric's judgement hallows and hones one's blade. Devotion to this sacred obligation is a divine shield all unto itself.	false
initiatives_localised_description_wh3_dlc29_emp_middenland_the_great_temple_of_ulric_statue_of_the_white_wolf_level_1	The White Wolf's towering presence lets enemies know there is no wood deep enough to hide in, nor fields open enough to spy his presence – until he strikes.	false
initiatives_localised_description_wh3_dlc29_emp_middenland_the_great_temple_of_ulric_statue_of_the_white_wolf_level_2	Ulric's stone form may be frozen in a perpetual howl, yet it is no warning sign at which to run. It is a sign that running is futile – he is running already, as are those most devoted to his feral ways.	false
initiatives_localised_description_wh3_dlc29_emp_middenland_the_great_temple_of_ulric_statue_of_the_white_wolf_level_3	Those fashioned in the Wolf's image and those who have fashioned themselves so, both crowd at his Statue's feet and in his forests with equal devotion.	false
initiatives_localised_description_wh3_dlc29_emp_middenland_the_great_temple_of_ulric_statue_of_the_white_wolf_level_4	The Wolf of Winter and the God of Battle may be one and the same, but his light step's cunning and his fury's flight must be mastered separately. And so they have been.	false
initiatives_localised_description_wh3_dlc29_emp_middenland_the_great_temple_of_ulric_teutogen_bastion_level_1	Warriors taught to never give in or stand down gather at the Bastion. Some never needed to be taught.	false
initiatives_localised_description_wh3_dlc29_emp_middenland_the_great_temple_of_ulric_teutogen_bastion_level_2	With arms, armour and faith aplenty, there is no excuse for stopping when one's weapons of war fail, even when those are one's bare hands and a body that does not yield.	false
initiatives_localised_description_wh3_dlc29_emp_middenland_the_great_temple_of_ulric_teutogen_bastion_level_3	The feats of so many warriors who stand tall against any odds and give answer to any challenge spur others to never fail when in the presence of such men.	false
initiatives_localised_description_wh3_dlc29_emp_middenland_the_great_temple_of_ulric_teutogen_bastion_level_4	The most steadfast paragons of the Bastion's purpose devote themselves to it so fully that they need no other incentive to protect the place where their holy service burns brightest.	false
initiatives_localised_description_wh3_dlc29_faction_initiative_chs_undivided_5_units_chaos_siege_giant	placeholder	false
initiatives_localised_description_wh3_dlc29_marks_of_nurgle_1_level_0	In grotesque imitation of the Plaguefather's paternal pride, the petitioner loudly boasts the splendour of pox and canker – rousing every manner of Daemon to descend upon civilisation.	false
initiatives_localised_description_wh3_dlc29_marks_of_nurgle_1_level_1	{{tr:initiatives_localised_description_wh3_dlc29_marks_of_nurgle_1_level_0}}	false
initiatives_localised_description_wh3_dlc29_marks_of_nurgle_1_level_2	{{tr:initiatives_localised_description_wh3_dlc29_marks_of_nurgle_1_level_0}}	false
initiatives_localised_description_wh3_dlc29_marks_of_nurgle_1_level_3	{{tr:initiatives_localised_description_wh3_dlc29_marks_of_nurgle_1_level_0}}	false
initiatives_localised_description_wh3_dlc29_marks_of_nurgle_2_level_0	"Three Rot Flies kiss the flesh, then buzz upon the wind. Minds are hopelessly enmeshed, trammelled and chagrined."\\n– Viscerot Asphyxus, Herald of Nurgle	false
initiatives_localised_description_wh3_dlc29_marks_of_nurgle_2_level_1	{{tr:initiatives_localised_description_wh3_dlc29_marks_of_nurgle_2_level_0}}	false
initiatives_localised_description_wh3_dlc29_marks_of_nurgle_2_level_2	{{tr:initiatives_localised_description_wh3_dlc29_marks_of_nurgle_2_level_0}}	false
initiatives_localised_description_wh3_dlc29_marks_of_nurgle_2_level_3	{{tr:initiatives_localised_description_wh3_dlc29_marks_of_nurgle_2_level_0}}	false
initiatives_localised_description_wh3_dlc29_marks_of_nurgle_3_level_0	This droning ritual exacts a heavy price on its chanter, for he must tally the throbbing cankers of a plague-sworn throng upon a Death's Head abacus. As pus weeps from his strained, bloodshot eyes, he gains deeper insight into the mysteries of disease.	false
initiatives_localised_description_wh3_dlc29_marks_of_nurgle_3_level_1	{{tr:initiatives_localised_description_wh3_dlc29_marks_of_nurgle_3_level_0}}	false
initiatives_localised_description_wh3_dlc29_marks_of_nurgle_3_level_2	{{tr:initiatives_localised_description_wh3_dlc29_marks_of_nurgle_3_level_0}}	false
initiatives_localised_description_wh3_dlc29_marks_of_nurgle_3_level_3	{{tr:initiatives_localised_description_wh3_dlc29_marks_of_nurgle_3_level_0}}	false
initiatives_localised_description_wh3_dlc29_marks_of_nurgle_4_level_0	A posy of diseases blooms within the flesh of the blessed, until mottled skin ruptures and the rotting drapery of innards unfurls. Upon this retch-inducing canvas, the truth becomes plain: to the Great Lord of Decay, martial prowess is measured in rot.	false
initiatives_localised_description_wh3_dlc29_marks_of_nurgle_4_level_1	{{tr:initiatives_localised_description_wh3_dlc29_marks_of_nurgle_4_level_0}}	false
initiatives_localised_description_wh3_dlc29_marks_of_nurgle_4_level_2	{{tr:initiatives_localised_description_wh3_dlc29_marks_of_nurgle_4_level_0}}	false
initiatives_localised_description_wh3_dlc29_marks_of_nurgle_4_level_3	{{tr:initiatives_localised_description_wh3_dlc29_marks_of_nurgle_4_level_0}}	false
initiatives_localised_description_wh3_dlc29_marks_of_nurgle_5_level_0	A host of daemonflies plunges down the ailing beast's throat to lay a thousand eggs. Their wriggling larvae nestle among its lungs, guts, and heart – gnawing the three-pocked mark into its innards, and heralding the agonised birth of a creature darker still.	false
initiatives_localised_description_wh3_dlc29_marks_of_nurgle_5_level_1	{{tr:initiatives_localised_description_wh3_dlc29_marks_of_nurgle_5_level_0}}	false
initiatives_localised_description_wh3_dlc29_marks_of_nurgle_5_level_2	{{tr:initiatives_localised_description_wh3_dlc29_marks_of_nurgle_5_level_0}}	false
initiatives_localised_description_wh3_dlc29_marks_of_nurgle_5_level_3	{{tr:initiatives_localised_description_wh3_dlc29_marks_of_nurgle_5_level_0}}	false
initiatives_localised_description_wh3_dlc29_marks_of_nurgle_6_level_0	Echoing the Plaguelord's tireless toil over his iron cauldron, the supplicant must brew for untold hours within a receptacle of disease. The putrid mixture is then forced down the throats of hapless subjects, unleashing wondrously vile transmutations.	false
initiatives_localised_description_wh3_dlc29_marks_of_nurgle_6_level_1	{{tr:initiatives_localised_description_wh3_dlc29_marks_of_nurgle_6_level_0}}	false
initiatives_localised_description_wh3_dlc29_marks_of_nurgle_6_level_2	{{tr:initiatives_localised_description_wh3_dlc29_marks_of_nurgle_6_level_0}}	false
initiatives_localised_description_wh3_dlc29_marks_of_nurgle_6_level_3	{{tr:initiatives_localised_description_wh3_dlc29_marks_of_nurgle_6_level_0}}	false
initiatives_localised_description_wh3_dlc29_marks_of_nurgle_7_level_0	Fecund and inexorable by nature, the Garden can be driven into peerless rapacity and near-sentient malice with the proper incantation. To witness it choke all earthly verdure in its path is a spectacle of foulest wonder.	false
initiatives_localised_description_wh3_dlc29_marks_of_nurgle_7_level_1	{{tr:initiatives_localised_description_wh3_dlc29_marks_of_nurgle_7_level_0}}	false
initiatives_localised_description_wh3_dlc29_marks_of_nurgle_7_level_2	{{tr:initiatives_localised_description_wh3_dlc29_marks_of_nurgle_7_level_0}}	false
initiatives_localised_description_wh3_dlc29_marks_of_nurgle_7_level_3	{{tr:initiatives_localised_description_wh3_dlc29_marks_of_nurgle_7_level_0}}	false
initiatives_localised_description_wh3_main_character_initiative_kairos_spells_common_1_beast	placeholder	false
initiatives_localised_description_wh3_main_character_initiative_kairos_spells_common_1_death	placeholder	false
initiatives_localised_description_wh3_main_character_initiative_kairos_spells_common_1_fire	placeholder	false
initiatives_localised_description_wh3_main_character_initiative_kairos_spells_common_1_heavens	placeholder	false
initiatives_localised_description_wh3_main_character_initiative_kairos_spells_common_1_life	placeholder	false
initiatives_localised_description_wh3_main_character_initiative_kairos_spells_common_1_light	placeholder	false
initiatives_localised_description_wh3_main_character_initiative_kairos_spells_common_1_metal	placeholder	false
initiatives_localised_description_wh3_main_character_initiative_kairos_spells_common_1_shadows	placeholder	false
initiatives_localised_description_wh3_main_character_initiative_kairos_spells_common_1_tzeentch	placeholder	false
initiatives_localised_description_wh3_main_character_initiative_kairos_spells_common_2_beast	placeholder	false
initiatives_localised_description_wh3_main_character_initiative_kairos_spells_common_2_death	placeholder	false
initiatives_localised_description_wh3_main_character_initiative_kairos_spells_common_2_fire	placeholder	false
initiatives_localised_description_wh3_main_character_initiative_kairos_spells_common_2_heavens	placeholder	false
initiatives_localised_description_wh3_main_character_initiative_kairos_spells_common_2_life	placeholder	false
initiatives_localised_description_wh3_main_character_initiative_kairos_spells_common_2_light	placeholder	false
initiatives_localised_description_wh3_main_character_initiative_kairos_spells_common_2_metal	placeholder	false
initiatives_localised_description_wh3_main_character_initiative_kairos_spells_common_2_shadows	placeholder	false
initiatives_localised_description_wh3_main_character_initiative_kairos_spells_common_2_tzeentch	placeholder	false
initiatives_localised_description_wh3_main_character_initiative_kairos_spells_rare_1_beast	placeholder	false
initiatives_localised_description_wh3_main_character_initiative_kairos_spells_rare_1_death	placeholder	false
initiatives_localised_description_wh3_main_character_initiative_kairos_spells_rare_1_fire	placeholder	false
initiatives_localised_description_wh3_main_character_initiative_kairos_spells_rare_1_heavens	placeholder	false
initiatives_localised_description_wh3_main_character_initiative_kairos_spells_rare_1_life	placeholder	false
initiatives_localised_description_wh3_main_character_initiative_kairos_spells_rare_1_light	placeholder	false
initiatives_localised_description_wh3_main_character_initiative_kairos_spells_rare_1_metal	placeholder	false
initiatives_localised_description_wh3_main_character_initiative_kairos_spells_rare_1_shadows	placeholder	false
initiatives_localised_description_wh3_main_character_initiative_kairos_spells_rare_1_tzeentch	placeholder	false
initiatives_localised_description_wh3_main_character_initiative_kairos_spells_rare_2_beast	placeholder	false
initiatives_localised_description_wh3_main_character_initiative_kairos_spells_rare_2_death	placeholder	false
initiatives_localised_description_wh3_main_character_initiative_kairos_spells_rare_2_fire	placeholder	false
initiatives_localised_description_wh3_main_character_initiative_kairos_spells_rare_2_heavens	placeholder	false
initiatives_localised_description_wh3_main_character_initiative_kairos_spells_rare_2_life	placeholder	false
initiatives_localised_description_wh3_main_character_initiative_kairos_spells_rare_2_light	placeholder	false
initiatives_localised_description_wh3_main_character_initiative_kairos_spells_rare_2_metal	placeholder	false
initiatives_localised_description_wh3_main_character_initiative_kairos_spells_rare_2_shadows	placeholder	false
initiatives_localised_description_wh3_main_character_initiative_kairos_spells_rare_2_tzeentch	placeholder	false
initiatives_localised_description_wh3_main_character_initiative_kairos_spells_uncommon_1_beast	placeholder	false
initiatives_localised_description_wh3_main_character_initiative_kairos_spells_uncommon_1_death	placeholder	false
initiatives_localised_description_wh3_main_character_initiative_kairos_spells_uncommon_1_fire	placeholder	false
initiatives_localised_description_wh3_main_character_initiative_kairos_spells_uncommon_1_heavens	placeholder	false
initiatives_localised_description_wh3_main_character_initiative_kairos_spells_uncommon_1_life	placeholder	false
initiatives_localised_description_wh3_main_character_initiative_kairos_spells_uncommon_1_light	placeholder	false
initiatives_localised_description_wh3_main_character_initiative_kairos_spells_uncommon_1_metal	placeholder	false
initiatives_localised_description_wh3_main_character_initiative_kairos_spells_uncommon_1_shadows	placeholder	false
initiatives_localised_description_wh3_main_character_initiative_kairos_spells_uncommon_1_tzeentch	placeholder	false
initiatives_localised_description_wh3_main_character_initiative_kairos_spells_uncommon_2_beast	placeholder	false
initiatives_localised_description_wh3_main_character_initiative_kairos_spells_uncommon_2_death	placeholder	false
initiatives_localised_description_wh3_main_character_initiative_kairos_spells_uncommon_2_fire	placeholder	false
initiatives_localised_description_wh3_main_character_initiative_kairos_spells_uncommon_2_heavens	placeholder	false
initiatives_localised_description_wh3_main_character_initiative_kairos_spells_uncommon_2_life	placeholder	false
initiatives_localised_description_wh3_main_character_initiative_kairos_spells_uncommon_2_light	placeholder	false
initiatives_localised_description_wh3_main_character_initiative_kairos_spells_uncommon_2_metal	placeholder	false
initiatives_localised_description_wh3_main_character_initiative_kairos_spells_uncommon_2_shadows	placeholder	false
initiatives_localised_description_wh3_main_character_initiative_kairos_spells_uncommon_2_tzeentch	placeholder	false
initiatives_localised_description_wh3_main_character_initiative_ogr_big_name_arsebelcher	{{tr:initiatives_localised_description_wh3_dlc25_character_initiative_chs_chaos_sorcerer_nur_04}}	false
initiatives_localised_description_wh3_main_character_initiative_ogr_big_name_beastkiller	Win a battle against an army containing 3 Monster units.	false
initiatives_localised_description_wh3_main_character_initiative_ogr_big_name_beastrider	Unlock the Stonehorn mount.	false
initiatives_localised_description_wh3_main_character_initiative_ogr_big_name_bellyslapper	{{tr:initiatives_localised_description_wh3_dlc20_character_initiative_chs_daemon_prince_kho_08}}	false
initiatives_localised_description_wh3_main_character_initiative_ogr_big_name_bigbellower	Win a battle whilst being reinforced.	false
initiatives_localised_description_wh3_main_character_initiative_ogr_big_name_bonechewer	Win a battle with 5 units of Sabretusks in your army.	false
initiatives_localised_description_wh3_main_character_initiative_ogr_big_name_boommaker	Win a battle with 5 units of Leadbelchers in your army.	false
initiatives_localised_description_wh3_main_character_initiative_ogr_big_name_brawlerguts	Win 5 battles.	false
initiatives_localised_description_wh3_main_character_initiative_ogr_big_name_campmaker	Deploy a camp from this character.	false
initiatives_localised_description_wh3_main_character_initiative_ogr_big_name_chaos_slayer	Capture The Challenge Stone settlement.	false
initiatives_localised_description_wh3_main_character_initiative_ogr_big_name_daemonbreaker	Win a battle against any Daemon race.	false
initiatives_localised_description_wh3_main_character_initiative_ogr_big_name_deathcheater	{{tr:initiatives_localised_description_wh3_dlc20_character_initiative_chs_daemon_prince_kho_02}}	false
initiatives_localised_description_wh3_main_character_initiative_ogr_big_name_dwarfsquasher	Win a battle against Dwarfs.	false
initiatives_localised_description_wh3_main_character_initiative_ogr_big_name_elfmulcher	Win a battle against Wood Elves, High Elves or Dark Elves.	false
initiatives_localised_description_wh3_main_character_initiative_ogr_big_name_giantbreaker	Win a battle against an army containing a Giant unit.	false
initiatives_localised_description_wh3_main_character_initiative_ogr_big_name_gnoblarkicker	Win a battle with 10 Gnoblar units in your army.	false
initiatives_localised_description_wh3_main_character_initiative_ogr_big_name_goldhoarder	Sack a settlement with this character.	false
initiatives_localised_description_wh3_main_character_initiative_ogr_big_name_grandfeaster	Raze a settlement with this character.	false
initiatives_localised_description_wh3_main_character_initiative_ogr_big_name_greasus_gatecrasher	Win a siege battle.	false
initiatives_localised_description_wh3_main_character_initiative_ogr_big_name_greasus_hoardmaster	End your turn with over 5000 {{tr:icon_income}}income per turn.	false
initiatives_localised_description_wh3_main_character_initiative_ogr_big_name_greasus_shockingly_obese	End your turn with over 1000 Meat.	false
initiatives_localised_description_wh3_main_character_initiative_ogr_big_name_greasus_tradelord	Rank-up in Raiding stance.	false
initiatives_localised_description_wh3_main_character_initiative_ogr_big_name_groundbreaker	{{tr:initiatives_localised_description_wh3_main_character_initiative_ogr_big_name_greasus_tradelord}}	false
initiatives_localised_description_wh3_main_character_initiative_ogr_big_name_gutcrusher	Win a battle with 2500 kills.	false
initiatives_localised_description_wh3_main_character_initiative_ogr_big_name_kineater	{{tr:initiatives_localised_description_wh3_dlc20_character_initiative_chs_exalted_hero_und_05}}	false
initiatives_localised_description_wh3_main_character_initiative_ogr_big_name_lizardstrangler	Win a battle against Lizardmen.	false
initiatives_localised_description_wh3_main_character_initiative_ogr_big_name_longstrider_bruiser	{{tr:initiatives_localised_description_wh3_dlc20_character_initiative_chs_exalted_hero_nur_10}}	false
initiatives_localised_description_wh3_main_character_initiative_ogr_big_name_longstrider_butcher	{{tr:initiatives_localised_description_wh3_dlc20_character_initiative_chs_exalted_hero_nur_10}}	false
initiatives_localised_description_wh3_main_character_initiative_ogr_big_name_longstrider_firebelly	{{tr:initiatives_localised_description_wh3_dlc20_character_initiative_chs_exalted_hero_nur_10}}	false
initiatives_localised_description_wh3_main_character_initiative_ogr_big_name_longstrider_hunter	{{tr:initiatives_localised_description_wh3_dlc20_character_initiative_chs_exalted_hero_nur_10}}	false
initiatives_localised_description_wh3_main_character_initiative_ogr_big_name_magichunter	Win a battle against an army led by a spellcaster.	false
initiatives_localised_description_wh3_main_character_initiative_ogr_big_name_maneater	Win a battle against The Empire or Bretonnia.	false
initiatives_localised_description_wh3_main_character_initiative_ogr_big_name_mawseeker	Capture the Xen Wu settlement.	false
initiatives_localised_description_wh3_main_character_initiative_ogr_big_name_mountaineater	Win a battle with 3 units of Stonehorns or Thundertusks in your army.	false
initiatives_localised_description_wh3_main_character_initiative_ogr_big_name_mountaintalker	{{tr:initiatives_localised_description_wh3_dlc20_character_initiative_chs_chaos_sorcerer_tze_06}}	false
initiatives_localised_description_wh3_main_character_initiative_ogr_big_name_ogrekiller	Win a battle against Ogre Kingdoms.	false
initiatives_localised_description_wh3_main_character_initiative_ogr_big_name_orcsplitter	Win a battle against Greenskins.	false
initiatives_localised_description_wh3_main_character_initiative_ogr_big_name_ratkiller	Win a battle against Skaven.	false
initiatives_localised_description_wh3_main_character_initiative_ogr_big_name_skrag_ever_famished	End your turn with 'Starving' Hunger level	false
initiatives_localised_description_wh3_main_character_initiative_ogr_big_name_skrag_gore_harvester	Win a battle against an army with Trolls.	false
initiatives_localised_description_wh3_main_character_initiative_ogr_big_name_skrag_maw_that_walks	Have all 4 Offerings to the Great Maw active at once.	false
initiatives_localised_description_wh3_main_character_initiative_ogr_big_name_skrag_world_swallower	Use the "Maw" spell 3 times in a single battle.	false
initiatives_localised_description_wh3_main_character_initiative_ogr_big_name_staydeader	Win a battle against Vampire Counts, Vampire Coast or Tomb Kings.	false
initiatives_localised_description_wh3_main_character_initiative_ogr_big_name_wallcrusher	Win a siege battle.	false
initiatives_localised_description_wh3_pro11_character_initiative_chs_harald_hammerstorm_01	Kill Karl Franz	false
initiatives_localised_description_wh3_pro11_character_initiative_chs_harald_hammerstorm_02	Kill a Legendary Undead character	false
initiatives_localised_description_wh3_pro11_character_initiative_chs_harald_hammerstorm_03	Kill a greater daemon lord	false
initiatives_localised_name_wh3_cp1_feature_initiatives_cth_ancillaries_armours	Armours	false
initiatives_localised_name_wh3_cp1_feature_initiatives_cth_ancillaries_talisman	Talismans	false
initiatives_localised_name_wh3_cp1_feature_initiatives_cth_ancillaries_weapons	Weapons	false
initiatives_localised_name_wh3_cp1_feature_initiatives_cth_buildings_celestial	Celestial Buildings	false
initiatives_localised_name_wh3_cp1_feature_initiatives_cth_buildings_gun	Gunpowder Building Chain	false
initiatives_localised_name_wh3_cp1_feature_initiatives_cth_buildings_jade	Jade Building Chain	false
initiatives_localised_name_wh3_cp1_feature_initiatives_cth_buildings_machines	Machines Building Chain	false
initiatives_localised_name_wh3_cp1_feature_initiatives_cth_court_decrees_bhashiva_1	White Tiger's Grace	false
initiatives_localised_name_wh3_cp1_feature_initiatives_cth_court_decrees_bhashiva_2	White Tiger's Shadow	false
initiatives_localised_name_wh3_cp1_feature_initiatives_cth_court_decrees_bhashiva_3	White Tiger's Tread	false
initiatives_localised_name_wh3_cp1_feature_initiatives_cth_court_decrees_military_1	Kamau’s Relentless Hunt	false
initiatives_localised_name_wh3_cp1_feature_initiatives_cth_court_decrees_military_2	Kamau’s Hidden Step	false
initiatives_localised_name_wh3_cp1_feature_initiatives_cth_court_decrees_military_3	Kamau’s War-Creed	false
initiatives_localised_name_wh3_cp1_feature_initiatives_cth_court_decrees_spiritual_1	The Thousandfold Stillness	false
initiatives_localised_name_wh3_cp1_feature_initiatives_cth_court_decrees_spiritual_2	Passage of the Thousand Gods	false
initiatives_localised_name_wh3_cp1_feature_initiatives_cth_court_decrees_spiritual_3	The Thousandfold Road	false
initiatives_localised_name_wh3_dlc20_character_initiative_ascend_lord_to_daemon_prince_khorne	Ascend to Daemonhood (Khorne)	false
initiatives_localised_name_wh3_dlc20_character_initiative_ascend_lord_to_daemon_prince_khorne_from_und	Ascend to Daemonhood (Khorne)	false
initiatives_localised_name_wh3_dlc20_character_initiative_ascend_lord_to_daemon_prince_nurgle	Ascend to Daemonhood (Nurgle)	false
initiatives_localised_name_wh3_dlc20_character_initiative_ascend_lord_to_daemon_prince_nurgle_from_und	Ascend to Daemonhood (Nurgle)	false
initiatives_localised_name_wh3_dlc20_character_initiative_ascend_lord_to_daemon_prince_slaanesh	Ascend to Daemonhood (Slaanesh)	false
initiatives_localised_name_wh3_dlc20_character_initiative_ascend_lord_to_daemon_prince_slaanesh_from_und	Ascend to Daemonhood (Slaanesh)	false
initiatives_localised_name_wh3_dlc20_character_initiative_ascend_lord_to_daemon_prince_tzeentch	Ascend to Daemonhood (Tzeentch)	false
initiatives_localised_name_wh3_dlc20_character_initiative_ascend_lord_to_daemon_prince_tzeentch_from_und	Ascend to Daemonhood (Tzeentch)	false
initiatives_localised_name_wh3_dlc20_character_initiative_ascend_lord_to_daemon_prince_undivided	Ascend to Daemonhood (Undivided)	false
initiatives_localised_name_wh3_dlc20_character_initiative_chs_chaos_lord_kho_01	Unbreakable	false
initiatives_localised_name_wh3_dlc20_character_initiative_chs_chaos_lord_kho_02	Slaughterlord	false
initiatives_localised_name_wh3_dlc20_character_initiative_chs_chaos_lord_kho_03	Master of Massacre	false
initiatives_localised_name_wh3_dlc20_character_initiative_chs_chaos_lord_kho_04	Slayer of Champions	false
initiatives_localised_name_wh3_dlc20_character_initiative_chs_chaos_lord_kho_05	Impenetrable	false
initiatives_localised_name_wh3_dlc20_character_initiative_chs_chaos_lord_kho_06	Survivor	false
initiatives_localised_name_wh3_dlc20_character_initiative_chs_chaos_lord_kho_07	Mortal Supremacy	false
initiatives_localised_name_wh3_dlc20_character_initiative_chs_chaos_lord_kho_08	Indisputable Champion	false
initiatives_localised_name_wh3_dlc20_character_initiative_chs_chaos_lord_kho_09	Soul Harvester	false
initiatives_localised_name_wh3_dlc20_character_initiative_chs_chaos_lord_sla_01	Unbreakable	false
initiatives_localised_name_wh3_dlc20_character_initiative_chs_chaos_lord_sla_02	Fiend Leader	false
initiatives_localised_name_wh3_dlc20_character_initiative_chs_chaos_lord_sla_03	Master of Massacre	false
initiatives_localised_name_wh3_dlc20_character_initiative_chs_chaos_lord_sla_04	Living Nightmare	false
initiatives_localised_name_wh3_dlc20_character_initiative_chs_chaos_lord_sla_05	Impenetrable	false
initiatives_localised_name_wh3_dlc20_character_initiative_chs_chaos_lord_sla_06	Survivor	false
initiatives_localised_name_wh3_dlc20_character_initiative_chs_chaos_lord_sla_07	Mortal Supremacy	false
initiatives_localised_name_wh3_dlc20_character_initiative_chs_chaos_lord_sla_08	Indisputable Champion	false
initiatives_localised_name_wh3_dlc20_character_initiative_chs_chaos_lord_sla_09	Soul Harvester	false
initiatives_localised_name_wh3_dlc20_character_initiative_chs_chaos_lord_und_01	Unbreakable	false
initiatives_localised_name_wh3_dlc20_character_initiative_chs_chaos_lord_und_02	Master of Massacre	false
initiatives_localised_name_wh3_dlc20_character_initiative_chs_chaos_lord_und_03	Slayer of Champions	false
initiatives_localised_name_wh3_dlc20_character_initiative_chs_chaos_lord_und_04	Corrupter	false
initiatives_localised_name_wh3_dlc20_character_initiative_chs_chaos_lord_und_05	Impenetrable	false
initiatives_localised_name_wh3_dlc20_character_initiative_chs_chaos_lord_und_06	Survivor	false
initiatives_localised_name_wh3_dlc20_character_initiative_chs_chaos_lord_und_07	Mortal Supremacy	false
initiatives_localised_name_wh3_dlc20_character_initiative_chs_chaos_lord_und_08	Indisputable Champion	false
initiatives_localised_name_wh3_dlc20_character_initiative_chs_chaos_lord_und_09	Soul Harvester	false
initiatives_localised_name_wh3_dlc20_character_initiative_chs_chaos_sorcerer_lord_nur_01	Unbreakable	false
initiatives_localised_name_wh3_dlc20_character_initiative_chs_chaos_sorcerer_lord_nur_02	Partners in Chaos	false
initiatives_localised_name_wh3_dlc20_character_initiative_chs_chaos_sorcerer_lord_nur_03	Aspiring Leader	false
initiatives_localised_name_wh3_dlc20_character_initiative_chs_chaos_sorcerer_lord_nur_04	Wastelander	false
initiatives_localised_name_wh3_dlc20_character_initiative_chs_chaos_sorcerer_lord_nur_05	Aura of Atrophy	false
initiatives_localised_name_wh3_dlc20_character_initiative_chs_chaos_sorcerer_lord_nur_06	Favoured by Nurgle	false
initiatives_localised_name_wh3_dlc20_character_initiative_chs_chaos_sorcerer_lord_nur_07	Attuned to Shyish	false
initiatives_localised_name_wh3_dlc20_character_initiative_chs_chaos_sorcerer_lord_nur_08	Mortal Supremacy	false
initiatives_localised_name_wh3_dlc20_character_initiative_chs_chaos_sorcerer_lord_nur_09	Indisputable Champion	false
initiatives_localised_name_wh3_dlc20_character_initiative_chs_chaos_sorcerer_lord_nur_10	Soul Harvester	false
initiatives_localised_name_wh3_dlc20_character_initiative_chs_chaos_sorcerer_lord_tze_01	Unbreakable	false
initiatives_localised_name_wh3_dlc20_character_initiative_chs_chaos_sorcerer_lord_tze_02	Partners in Chaos	false
initiatives_localised_name_wh3_dlc20_character_initiative_chs_chaos_sorcerer_lord_tze_03	Aspiring Leader	false
initiatives_localised_name_wh3_dlc20_character_initiative_chs_chaos_sorcerer_lord_tze_04	Master Sorcerer	false
initiatives_localised_name_wh3_dlc20_character_initiative_chs_chaos_sorcerer_lord_tze_05	Arcane Exemplar	false
initiatives_localised_name_wh3_dlc20_character_initiative_chs_chaos_sorcerer_lord_tze_06	Attuned to Chamon	false
initiatives_localised_name_wh3_dlc20_character_initiative_chs_chaos_sorcerer_lord_tze_07	Favoured by Tzeentch	false
initiatives_localised_name_wh3_dlc20_character_initiative_chs_chaos_sorcerer_lord_tze_08	Mortal Supremacy	false
initiatives_localised_name_wh3_dlc20_character_initiative_chs_chaos_sorcerer_lord_tze_09	Indisputable Champion	false
initiatives_localised_name_wh3_dlc20_character_initiative_chs_chaos_sorcerer_lord_tze_10	Soul Harvester	false
initiatives_localised_name_wh3_dlc20_character_initiative_chs_chaos_sorcerer_lord_und_01	Unbreakable	false
initiatives_localised_name_wh3_dlc20_character_initiative_chs_chaos_sorcerer_lord_und_02	Partners in Chaos	false
initiatives_localised_name_wh3_dlc20_character_initiative_chs_chaos_sorcerer_lord_und_03	Aspiring Leader	false
initiatives_localised_name_wh3_dlc20_character_initiative_chs_chaos_sorcerer_lord_und_04	Unswayed by Change	false
initiatives_localised_name_wh3_dlc20_character_initiative_chs_chaos_sorcerer_lord_und_05	Unswayed by Decay	false
initiatives_localised_name_wh3_dlc20_character_initiative_chs_chaos_sorcerer_lord_und_06	Attuned to Chamon	false
initiatives_localised_name_wh3_dlc20_character_initiative_chs_chaos_sorcerer_lord_und_07	Attuned to Ulgu	false
initiatives_localised_name_wh3_dlc20_character_initiative_chs_chaos_sorcerer_lord_und_08	Mortal Supremacy	false
initiatives_localised_name_wh3_dlc20_character_initiative_chs_chaos_sorcerer_lord_und_09	Indisputable Champion	false
initiatives_localised_name_wh3_dlc20_character_initiative_chs_chaos_sorcerer_lord_und_10	Soul Harvester	false
initiatives_localised_name_wh3_dlc20_character_initiative_chs_chaos_sorcerer_sla_01	Unbreakable	false
initiatives_localised_name_wh3_dlc20_character_initiative_chs_chaos_sorcerer_sla_02	Partners in Chaos	false
initiatives_localised_name_wh3_dlc20_character_initiative_chs_chaos_sorcerer_sla_03	Hellstrider Leader	false
initiatives_localised_name_wh3_dlc20_character_initiative_chs_chaos_sorcerer_sla_04	Mage Hunter	false
initiatives_localised_name_wh3_dlc20_character_initiative_chs_chaos_sorcerer_sla_05	Living Nightmare	false
initiatives_localised_name_wh3_dlc20_character_initiative_chs_chaos_sorcerer_sla_06	Fiend Leader	false
initiatives_localised_name_wh3_dlc20_character_initiative_chs_chaos_sorcerer_sla_07	Favoured by Slaanesh	false
initiatives_localised_name_wh3_dlc20_character_initiative_chs_chaos_sorcerer_sla_08	Attuned to Ulgu	false
initiatives_localised_name_wh3_dlc20_character_initiative_chs_chaos_sorcerer_sla_09	Oppressive Force	false
initiatives_localised_name_wh3_dlc20_character_initiative_chs_chaos_sorcerer_sla_10	Mortal Prophet	false
initiatives_localised_name_wh3_dlc20_character_initiative_chs_chaos_sorcerer_tze_01	Unbreakable	false
initiatives_localised_name_wh3_dlc20_character_initiative_chs_chaos_sorcerer_tze_02	Partners in Chaos	false
initiatives_localised_name_wh3_dlc20_character_initiative_chs_chaos_sorcerer_tze_03	Master Sorcerer	false
initiatives_localised_name_wh3_dlc20_character_initiative_chs_chaos_sorcerer_tze_04	Mage Hunter	false
initiatives_localised_name_wh3_dlc20_character_initiative_chs_chaos_sorcerer_tze_05	Arcane Exemplar	false
initiatives_localised_name_wh3_dlc20_character_initiative_chs_chaos_sorcerer_tze_06	Shrouded in Chaos	false
initiatives_localised_name_wh3_dlc20_character_initiative_chs_chaos_sorcerer_tze_07	Attuned to Chamon	false
initiatives_localised_name_wh3_dlc20_character_initiative_chs_chaos_sorcerer_tze_08	Favoured by Tzeentch	false
initiatives_localised_name_wh3_dlc20_character_initiative_chs_chaos_sorcerer_tze_09	Oppressive Force	false
initiatives_localised_name_wh3_dlc20_character_initiative_chs_chaos_sorcerer_tze_10	Mortal Prophet	false
initiatives_localised_name_wh3_dlc20_character_initiative_chs_chaos_sorcerer_und_01	Unbreakable	false
initiatives_localised_name_wh3_dlc20_character_initiative_chs_chaos_sorcerer_und_02	Partners in Chaos	false
initiatives_localised_name_wh3_dlc20_character_initiative_chs_chaos_sorcerer_und_03	Corrupter	false
initiatives_localised_name_wh3_dlc20_character_initiative_chs_chaos_sorcerer_und_04	Mage Hunter	false
initiatives_localised_name_wh3_dlc20_character_initiative_chs_chaos_sorcerer_und_05	Unswayed by Excess	false
initiatives_localised_name_wh3_dlc20_character_initiative_chs_chaos_sorcerer_und_06	Unswayed by Change	false
initiatives_localised_name_wh3_dlc20_character_initiative_chs_chaos_sorcerer_und_07	Attuned to Chamon	false
initiatives_localised_name_wh3_dlc20_character_initiative_chs_chaos_sorcerer_und_08	Attuned to Ulgu	false
initiatives_localised_name_wh3_dlc20_character_initiative_chs_chaos_sorcerer_und_09	Oppressive Force	false
initiatives_localised_name_wh3_dlc20_character_initiative_chs_chaos_sorcerer_und_10	Mortal Prophet	false
initiatives_localised_name_wh3_dlc20_character_initiative_chs_daemon_prince_kho_01	Unbreakable	false
initiatives_localised_name_wh3_dlc20_character_initiative_chs_daemon_prince_kho_02	Slaughterlord	false
initiatives_localised_name_wh3_dlc20_character_initiative_chs_daemon_prince_kho_03	Master of Massacre	false
initiatives_localised_name_wh3_dlc20_character_initiative_chs_daemon_prince_kho_04	Mortal Supremacy	false
initiatives_localised_name_wh3_dlc20_character_initiative_chs_daemon_prince_kho_05	Murderous	false
initiatives_localised_name_wh3_dlc20_character_initiative_chs_daemon_prince_kho_06	Impenetrable	false
initiatives_localised_name_wh3_dlc20_character_initiative_chs_daemon_prince_kho_07	Survivor	false
initiatives_localised_name_wh3_dlc20_character_initiative_chs_daemon_prince_kho_08	Indisputable Champion	false
initiatives_localised_name_wh3_dlc20_character_initiative_chs_daemon_prince_kho_09	Soul Harvester	false
initiatives_localised_name_wh3_dlc20_character_initiative_chs_daemon_prince_nur_01	Unbreakable	false
initiatives_localised_name_wh3_dlc20_character_initiative_chs_daemon_prince_nur_02	Partners in Chaos	false
initiatives_localised_name_wh3_dlc20_character_initiative_chs_daemon_prince_nur_03	Master of Massacre	false
initiatives_localised_name_wh3_dlc20_character_initiative_chs_daemon_prince_nur_04	Mortal Supremacy	false
initiatives_localised_name_wh3_dlc20_character_initiative_chs_daemon_prince_nur_05	Murderous	false
initiatives_localised_name_wh3_dlc20_character_initiative_chs_daemon_prince_nur_06	Favoured by Nurgle	false
initiatives_localised_name_wh3_dlc20_character_initiative_chs_daemon_prince_nur_07	Survivor	false
initiatives_localised_name_wh3_dlc20_character_initiative_chs_daemon_prince_nur_08	Indisputable Champion	false
initiatives_localised_name_wh3_dlc20_character_initiative_chs_daemon_prince_nur_09	Soul Harvester	false
initiatives_localised_name_wh3_dlc20_character_initiative_chs_daemon_prince_sla_01	Unbreakable	false
initiatives_localised_name_wh3_dlc20_character_initiative_chs_daemon_prince_sla_02	Partners in Chaos	false
initiatives_localised_name_wh3_dlc20_character_initiative_chs_daemon_prince_sla_03	Master of Massacre	false
initiatives_localised_name_wh3_dlc20_character_initiative_chs_daemon_prince_sla_04	Mortal Supremacy	false
initiatives_localised_name_wh3_dlc20_character_initiative_chs_daemon_prince_sla_05	Murderous	false
initiatives_localised_name_wh3_dlc20_character_initiative_chs_daemon_prince_sla_06	Favoured by Slaanesh	false
initiatives_localised_name_wh3_dlc20_character_initiative_chs_daemon_prince_sla_07	Survivor	false
initiatives_localised_name_wh3_dlc20_character_initiative_chs_daemon_prince_sla_08	Indisputable Champion	false
initiatives_localised_name_wh3_dlc20_character_initiative_chs_daemon_prince_sla_09	Soul Harvester	false
initiatives_localised_name_wh3_dlc20_character_initiative_chs_daemon_prince_tze_01	Unbreakable	false
initiatives_localised_name_wh3_dlc20_character_initiative_chs_daemon_prince_tze_02	Partners in Chaos	false
initiatives_localised_name_wh3_dlc20_character_initiative_chs_daemon_prince_tze_03	Master Sorcerer	false
initiatives_localised_name_wh3_dlc20_character_initiative_chs_daemon_prince_tze_04	Mortal Supremacy	false
initiatives_localised_name_wh3_dlc20_character_initiative_chs_daemon_prince_tze_05	Murderous	false
initiatives_localised_name_wh3_dlc20_character_initiative_chs_daemon_prince_tze_06	Favoured by Tzeentch	false
initiatives_localised_name_wh3_dlc20_character_initiative_chs_daemon_prince_tze_07	Survivor	false
initiatives_localised_name_wh3_dlc20_character_initiative_chs_daemon_prince_tze_08	Indisputable Champion	false
initiatives_localised_name_wh3_dlc20_character_initiative_chs_daemon_prince_tze_09	Soul Harvester	false
initiatives_localised_name_wh3_dlc20_character_initiative_chs_daemon_prince_und_01	Unbreakable	false
initiatives_localised_name_wh3_dlc20_character_initiative_chs_daemon_prince_und_02	Partners in Chaos	false
initiatives_localised_name_wh3_dlc20_character_initiative_chs_daemon_prince_und_03	Master of Massacre	false
initiatives_localised_name_wh3_dlc20_character_initiative_chs_daemon_prince_und_04	Mortal Supremacy	false
initiatives_localised_name_wh3_dlc20_character_initiative_chs_daemon_prince_und_05	Murderous	false
initiatives_localised_name_wh3_dlc20_character_initiative_chs_daemon_prince_und_06	Pyromancer	false
initiatives_localised_name_wh3_dlc20_character_initiative_chs_daemon_prince_und_07	Survivor	false
initiatives_localised_name_wh3_dlc20_character_initiative_chs_daemon_prince_und_08	Indisputable Champion	false
initiatives_localised_name_wh3_dlc20_character_initiative_chs_daemon_prince_und_09	Soul Harvester	false
initiatives_localised_name_wh3_dlc20_character_initiative_chs_exalted_hero_kho_01	Unbreakable	false
initiatives_localised_name_wh3_dlc20_character_initiative_chs_exalted_hero_kho_02	Chaos Knight Leader	false
initiatives_localised_name_wh3_dlc20_character_initiative_chs_exalted_hero_kho_03	Skullcrusher Leader	false
initiatives_localised_name_wh3_dlc20_character_initiative_chs_exalted_hero_kho_04	Slaughterlord	false
initiatives_localised_name_wh3_dlc20_character_initiative_chs_exalted_hero_kho_05	Master of Massacre	false
initiatives_localised_name_wh3_dlc20_character_initiative_chs_exalted_hero_kho_06	Mage Hunter	false
initiatives_localised_name_wh3_dlc20_character_initiative_chs_exalted_hero_kho_07	Survivor	false
initiatives_localised_name_wh3_dlc20_character_initiative_chs_exalted_hero_kho_08	Chosen Leader	false
initiatives_localised_name_wh3_dlc20_character_initiative_chs_exalted_hero_kho_09	Mortal Champion	false
initiatives_localised_name_wh3_dlc20_character_initiative_chs_exalted_hero_kho_10	Chaos Assassin	false
initiatives_localised_name_wh3_dlc20_character_initiative_chs_exalted_hero_nur_01	Unbreakable	false
initiatives_localised_name_wh3_dlc20_character_initiative_chs_exalted_hero_nur_02	Chaos Knight Leader	false
initiatives_localised_name_wh3_dlc20_character_initiative_chs_exalted_hero_nur_03	Master of Massacre	false
initiatives_localised_name_wh3_dlc20_character_initiative_chs_exalted_hero_nur_04	Mage Hunter	false
initiatives_localised_name_wh3_dlc20_character_initiative_chs_exalted_hero_nur_05	Aura of Atrophy	false
initiatives_localised_name_wh3_dlc20_character_initiative_chs_exalted_hero_nur_06	Wastelander	false
initiatives_localised_name_wh3_dlc20_character_initiative_chs_exalted_hero_nur_07	Survivor	false
initiatives_localised_name_wh3_dlc20_character_initiative_chs_exalted_hero_nur_08	Chosen Leader	false
initiatives_localised_name_wh3_dlc20_character_initiative_chs_exalted_hero_nur_09	Mortal Champion	false
initiatives_localised_name_wh3_dlc20_character_initiative_chs_exalted_hero_nur_10	Chaos Assassin	false
initiatives_localised_name_wh3_dlc20_character_initiative_chs_exalted_hero_und_01	Unbreakable	false
initiatives_localised_name_wh3_dlc20_character_initiative_chs_exalted_hero_und_02	Chaos Knight Leader	false
initiatives_localised_name_wh3_dlc20_character_initiative_chs_exalted_hero_und_03	Master of Massacre	false
initiatives_localised_name_wh3_dlc20_character_initiative_chs_exalted_hero_und_04	Mage Hunter	false
initiatives_localised_name_wh3_dlc20_character_initiative_chs_exalted_hero_und_05	Corrupter	false
initiatives_localised_name_wh3_dlc20_character_initiative_chs_exalted_hero_und_06	Survivor	false
initiatives_localised_name_wh3_dlc20_character_initiative_chs_exalted_hero_und_07	Chosen Leader	false
initiatives_localised_name_wh3_dlc20_character_initiative_chs_exalted_hero_und_08	Mortal Champion	false
initiatives_localised_name_wh3_dlc20_character_initiative_chs_exalted_hero_und_09	Chaos Assassin	false
initiatives_localised_name_wh3_dlc20_character_initiative_devote_exalted_hero_to_khorne	Devote to Khorne	false
initiatives_localised_name_wh3_dlc20_character_initiative_devote_exalted_hero_to_nurgle	Devote to Nurgle	false
initiatives_localised_name_wh3_dlc20_character_initiative_devote_lord_to_khorne	Devote to Khorne	false
initiatives_localised_name_wh3_dlc20_character_initiative_devote_lord_to_nurgle	Devote to Nurgle	false
initiatives_localised_name_wh3_dlc20_character_initiative_devote_lord_to_slaanesh	Devote to Slaanesh	false
initiatives_localised_name_wh3_dlc20_character_initiative_devote_sorceror_lord_to_nurgle_death	Devote to Nurgle (Lore of Death)	false
initiatives_localised_name_wh3_dlc20_character_initiative_devote_sorceror_lord_to_nurgle_nurgle	Devote to Nurgle (Lore of Nurgle)	false
initiatives_localised_name_wh3_dlc20_character_initiative_devote_sorceror_lord_to_tzeentch_metal	Devote to Tzeentch (Lore of Metal)	false
initiatives_localised_name_wh3_dlc20_character_initiative_devote_sorceror_lord_to_tzeentch_tzeentch	Devote to Tzeentch (Lore of Tzeentch)	false
initiatives_localised_name_wh3_dlc20_character_initiative_devote_sorceror_to_slaanesh_shadows	Devote to Slaanesh (Lore of Shadows)	false
initiatives_localised_name_wh3_dlc20_character_initiative_devote_sorceror_to_slaanesh_slaanesh	Devote to Slaanesh (Lore of Slaanesh)	false
initiatives_localised_name_wh3_dlc20_character_initiative_devote_sorceror_to_tzeentch_metal	Devote to Tzeentch (Lore of Metal)	false
initiatives_localised_name_wh3_dlc20_character_initiative_devote_sorceror_to_tzeentch_tzeentch	Devote to Tzeentch (Lore of Tzeentch)	false
initiatives_localised_name_wh3_dlc20_faction_initiative_chs_khorne_1_army_xp	Slaughterers' Glory	false
initiatives_localised_name_wh3_dlc20_faction_initiative_chs_khorne_1_economy_post_battle_income	Death's Bounty	false
initiatives_localised_name_wh3_dlc20_faction_initiative_chs_khorne_1_units_bloodletters	Blessing of Blood	false
initiatives_localised_name_wh3_dlc20_faction_initiative_chs_khorne_1_units_flesh_hounds	Hellish Bite	false
initiatives_localised_name_wh3_dlc20_faction_initiative_chs_khorne_2_army_upgrades	Violent Hunger	false
initiatives_localised_name_wh3_dlc20_faction_initiative_chs_khorne_3_characters_marking	Annihilator's Armour	false
initiatives_localised_name_wh3_dlc20_faction_initiative_chs_khorne_3_units_skullcannons	Hellforged Fury	false
initiatives_localised_name_wh3_dlc20_faction_initiative_chs_khorne_3_units_warshrine	Brutal Worship	false
initiatives_localised_name_wh3_dlc20_faction_initiative_chs_khorne_5_units_bloodthirsters	Fists of Khorne	false
initiatives_localised_name_wh3_dlc20_faction_initiative_chs_khorne_5_units_soul_grinder	Murderous Mechanisms	false
initiatives_localised_name_wh3_dlc20_faction_initiative_chs_nurgle_1_army_replenishment	Deadly Transmission	false
initiatives_localised_name_wh3_dlc20_faction_initiative_chs_nurgle_1_economy_growth	Bloom of Decay	false
initiatives_localised_name_wh3_dlc20_faction_initiative_chs_nurgle_1_units_beast_of_nurgle	Blighted Beasts	false
initiatives_localised_name_wh3_dlc20_faction_initiative_chs_nurgle_1_units_plaguebearers	Rotting Retinue	false
initiatives_localised_name_wh3_dlc20_faction_initiative_chs_nurgle_2_army_upgrades	Desiccated Hide	false
initiatives_localised_name_wh3_dlc20_faction_initiative_chs_nurgle_3_characters_marking	Infectious Offering	false
initiatives_localised_name_wh3_dlc20_faction_initiative_chs_nurgle_3_units_plague_drones	Bubonic Swarm	false
initiatives_localised_name_wh3_dlc20_faction_initiative_chs_nurgle_3_units_warshrine	Contagious Worship	false
initiatives_localised_name_wh3_dlc20_faction_initiative_chs_nurgle_5_units_great_unclean_one	Pestilent Plaguefathers	false
initiatives_localised_name_wh3_dlc20_faction_initiative_chs_nurgle_5_units_soul_grinder	Grotesque Mechanisms	false
initiatives_localised_name_wh3_dlc20_faction_initiative_chs_slaanesh_1_army_movement	Endless March	false
initiatives_localised_name_wh3_dlc20_faction_initiative_chs_slaanesh_1_economy_control	Profit of Pleasure	false
initiatives_localised_name_wh3_dlc20_faction_initiative_chs_slaanesh_1_units_daemonettes	Joyous Degradation	false
initiatives_localised_name_wh3_dlc20_faction_initiative_chs_slaanesh_1_units_seeker_chariots	Exalted Chariots	false
initiatives_localised_name_wh3_dlc20_faction_initiative_chs_slaanesh_2_army_upgrades	Boon of Battle	false
initiatives_localised_name_wh3_dlc20_faction_initiative_chs_slaanesh_3_characters_marking	Explosive Sensation	false
initiatives_localised_name_wh3_dlc20_faction_initiative_chs_slaanesh_3_units_fiends	Fiendish Following	false
initiatives_localised_name_wh3_dlc20_faction_initiative_chs_slaanesh_3_units_warshrine	Salacious Worship	false
initiatives_localised_name_wh3_dlc20_faction_initiative_chs_slaanesh_5_units_keeper_of_secrets	Feast of Pain	false
initiatives_localised_name_wh3_dlc20_faction_initiative_chs_slaanesh_5_units_soul_grinder	Infernal Mechanisms	false
initiatives_localised_name_wh3_dlc20_faction_initiative_chs_tzeentch_1_army_winds	Tides of Magic	false
initiatives_localised_name_wh3_dlc20_faction_initiative_chs_tzeentch_1_economy_technology	Forbidden Knowledge	false
initiatives_localised_name_wh3_dlc20_faction_initiative_chs_tzeentch_1_units_pink_horrors	Whirling Destruction	false
initiatives_localised_name_wh3_dlc20_faction_initiative_chs_tzeentch_1_units_screamers	Horror of the Skies	false
initiatives_localised_name_wh3_dlc20_faction_initiative_chs_tzeentch_2_army_upgrades	Arcane Wisdom	false
initiatives_localised_name_wh3_dlc20_faction_initiative_chs_tzeentch_3_characters_marking	Arrows of Destiny	false
initiatives_localised_name_wh3_dlc20_faction_initiative_chs_tzeentch_3_units_flamers	Flames of Fate	false
initiatives_localised_name_wh3_dlc20_faction_initiative_chs_tzeentch_3_units_warshrine	Magical Worship	false
initiatives_localised_name_wh3_dlc20_faction_initiative_chs_tzeentch_5_units_lord_of_Change	Winged Watchers	false
initiatives_localised_name_wh3_dlc20_faction_initiative_chs_tzeentch_5_units_soul_grinder	Mysterious Mechanisms	false
initiatives_localised_name_wh3_dlc20_faction_initiative_chs_undivided_1_army_marauders	Raider's Raiment	false
initiatives_localised_name_wh3_dlc20_faction_initiative_chs_undivided_1_economy_building	Ruinous Bulwark	false
initiatives_localised_name_wh3_dlc20_faction_initiative_chs_undivided_1_units_furies	Fury of Chaos	false
initiatives_localised_name_wh3_dlc20_faction_initiative_chs_undivided_2_army_upgrades	Horrifying Presence	false
initiatives_localised_name_wh3_dlc20_faction_initiative_chs_undivided_2_economy_vassals	Undying Oath	false
initiatives_localised_name_wh3_dlc20_faction_initiative_chs_undivided_2_xp_sharing	Crown of Kings	false
initiatives_localised_name_wh3_dlc20_faction_initiative_chs_undivided_3_army_elites	Reaver's Reward	false
initiatives_localised_name_wh3_dlc20_faction_initiative_chs_undivided_3_characters_marking	Dark Portal	false
initiatives_localised_name_wh3_dlc20_faction_initiative_chs_undivided_3_units_hellcannons	Hail of Hellfire	false
initiatives_localised_name_wh3_dlc20_faction_initiative_chs_undivided_3_units_warshrine	Empowered Worship	false
initiatives_localised_name_wh3_dlc20_faction_initiative_chs_undivided_5_units_shaggoths	Carnage Incarnate	false
initiatives_localised_name_wh3_dlc23_faction_initiative_chd_category_bull_centaurs_1	Rune of Lifesteal	false
initiatives_localised_name_wh3_dlc23_faction_initiative_chd_category_bull_centaurs_2	Bound Daemon of Murder	false
initiatives_localised_name_wh3_dlc23_faction_initiative_chd_category_bull_centaurs_3	Visage of Fear	false
initiatives_localised_name_wh3_dlc23_faction_initiative_chd_category_bull_centaurs_4	Bound Barrier Daemon	false
initiatives_localised_name_wh3_dlc23_faction_initiative_chd_category_bull_centaurs_5	Bound Seeker Daemon	false
initiatives_localised_name_wh3_dlc23_faction_initiative_chd_category_bull_centaurs_6	Hell-Forged	false
initiatives_localised_name_wh3_dlc23_faction_initiative_chd_category_bull_centaurs_7	Soundproofed Armour	false
initiatives_localised_name_wh3_dlc23_faction_initiative_chd_category_bull_centaurs_8	Bound Blood Daemon	false
initiatives_localised_name_wh3_dlc23_faction_initiative_chd_category_flying_beasts_1	Soundproofed Armour	false
initiatives_localised_name_wh3_dlc23_faction_initiative_chd_category_flying_beasts_2	Blackshard Armour	false
initiatives_localised_name_wh3_dlc23_faction_initiative_chd_category_flying_beasts_3	Rune of Frenzy	false
initiatives_localised_name_wh3_dlc23_faction_initiative_chd_category_flying_beasts_4	Rune of Resistance	false
initiatives_localised_name_wh3_dlc23_faction_initiative_chd_category_flying_beasts_5	Bound Barrier Daemon	false
initiatives_localised_name_wh3_dlc23_faction_initiative_chd_category_flying_beasts_6	Bound Daemon of Murder	false
initiatives_localised_name_wh3_dlc23_faction_initiative_chd_category_flying_beasts_7	Chameleon Hide	false
initiatives_localised_name_wh3_dlc23_faction_initiative_chd_category_flying_beasts_8	Rune of Lifesteal	false
initiatives_localised_name_wh3_dlc23_faction_initiative_chd_category_kdaai_1	Bound Daemon of Murder	false
initiatives_localised_name_wh3_dlc23_faction_initiative_chd_category_kdaai_2	Bound Barrier Daemon	false
initiatives_localised_name_wh3_dlc23_faction_initiative_chd_category_kdaai_3	Strengthened Bindings	false
initiatives_localised_name_wh3_dlc23_faction_initiative_chd_category_kdaai_4	Bound Seeker Daemon	false
initiatives_localised_name_wh3_dlc23_faction_initiative_chd_category_kdaai_5	Rune of Shielding	false
initiatives_localised_name_wh3_dlc23_faction_initiative_chd_category_kdaai_6	Bound Resilience Daemon	false
initiatives_localised_name_wh3_dlc23_faction_initiative_chd_category_kdaai_7	Channeled Vigour	false
initiatives_localised_name_wh3_dlc23_faction_initiative_chd_category_kdaai_8	Furnace Fire	false
initiatives_localised_name_wh3_dlc23_faction_initiative_chd_category_melee_infantry_1	Rune of Resistance	false
initiatives_localised_name_wh3_dlc23_faction_initiative_chd_category_melee_infantry_2	Rune of Frenzy	false
initiatives_localised_name_wh3_dlc23_faction_initiative_chd_category_melee_infantry_3	Glittering Scales	false
initiatives_localised_name_wh3_dlc23_faction_initiative_chd_category_melee_infantry_4	Bound Resilience Daemon	false
initiatives_localised_name_wh3_dlc23_faction_initiative_chd_category_melee_infantry_5	Bound Fear Daemon	false
initiatives_localised_name_wh3_dlc23_faction_initiative_chd_category_melee_infantry_6	Rune of Sundering	false
initiatives_localised_name_wh3_dlc23_faction_initiative_chd_category_melee_infantry_7	Rune of Immunity	false
initiatives_localised_name_wh3_dlc23_faction_initiative_chd_category_melee_infantry_8	Rune of Reflection	false
initiatives_localised_name_wh3_dlc23_faction_initiative_chd_category_missile_infantry_1	Suppressing Ammunition	false
initiatives_localised_name_wh3_dlc23_faction_initiative_chd_category_missile_infantry_2	Magical Imbuement	false
initiatives_localised_name_wh3_dlc23_faction_initiative_chd_category_missile_infantry_3	Soundproofed Armour	false
initiatives_localised_name_wh3_dlc23_faction_initiative_chd_category_missile_infantry_4	Extra Pouches	false
initiatives_localised_name_wh3_dlc23_faction_initiative_chd_category_missile_infantry_5	Rune of Immunity	false
initiatives_localised_name_wh3_dlc23_faction_initiative_chd_category_missile_infantry_6	Chameleon Hide	false
initiatives_localised_name_wh3_dlc23_faction_initiative_chd_category_missile_infantry_7	Extra Powder Bag	false
initiatives_localised_name_wh3_dlc23_faction_initiative_chd_category_missile_infantry_8	Calibrated Loading Mechanism	false
initiatives_localised_name_wh3_dlc23_faction_initiative_chd_category_warmachines_1	Furnace Fire	false
initiatives_localised_name_wh3_dlc23_faction_initiative_chd_category_warmachines_2	Bound Barrier Daemon	false
initiatives_localised_name_wh3_dlc23_faction_initiative_chd_category_warmachines_3	Rune of Immunity	false
initiatives_localised_name_wh3_dlc23_faction_initiative_chd_category_warmachines_4	Strapped-On Ammo Crates	false
initiatives_localised_name_wh3_dlc23_faction_initiative_chd_category_warmachines_5	Blazing Body	false
initiatives_localised_name_wh3_dlc23_faction_initiative_chd_category_warmachines_6	Extra Powder Bags	false
initiatives_localised_name_wh3_dlc23_faction_initiative_chd_category_warmachines_7	Extra Ammunition Storage	false
initiatives_localised_name_wh3_dlc23_faction_initiative_chd_category_warmachines_8	Hellbindings	false
initiatives_localised_name_wh3_dlc23_faction_initiative_chd_category_warmachines_carriage_dummy_1	Extra Carriage Slot	false
initiatives_localised_name_wh3_dlc23_faction_initiative_chd_category_warmachines_carriage_dummy_2	Extra Carriage Slot	false
initiatives_localised_name_wh3_dlc24_character_initiative_chs_chaos_lord_tze_01	{{tr:initiatives_localised_name_wh3_dlc20_character_initiative_chs_chaos_lord_kho_01}}	false
initiatives_localised_name_wh3_dlc24_character_initiative_chs_chaos_lord_tze_02	{{tr:initiatives_localised_name_wh3_dlc20_character_initiative_chs_chaos_sorcerer_lord_tze_05}}	false
initiatives_localised_name_wh3_dlc24_character_initiative_chs_chaos_lord_tze_03	{{tr:initiatives_localised_name_wh3_dlc20_character_initiative_chs_chaos_lord_kho_03}}	false
initiatives_localised_name_wh3_dlc24_character_initiative_chs_chaos_lord_tze_04	{{tr:initiatives_localised_name_wh3_dlc20_character_initiative_chs_chaos_sorcerer_lord_tze_06}}	false
initiatives_localised_name_wh3_dlc24_character_initiative_chs_chaos_lord_tze_05	{{tr:initiatives_localised_name_wh3_dlc20_character_initiative_chs_chaos_lord_kho_05}}	false
initiatives_localised_name_wh3_dlc24_character_initiative_chs_chaos_lord_tze_06	{{tr:initiatives_localised_name_wh3_dlc20_character_initiative_chs_chaos_lord_kho_06}}	false
initiatives_localised_name_wh3_dlc24_character_initiative_chs_chaos_lord_tze_07	{{tr:initiatives_localised_name_wh3_dlc20_character_initiative_chs_chaos_lord_kho_07}}	false
initiatives_localised_name_wh3_dlc24_character_initiative_chs_chaos_lord_tze_08	{{tr:initiatives_localised_name_wh3_dlc20_character_initiative_chs_chaos_lord_kho_08}}	false
initiatives_localised_name_wh3_dlc24_character_initiative_chs_chaos_lord_tze_09	{{tr:initiatives_localised_name_wh3_dlc20_character_initiative_chs_chaos_lord_kho_09}}	false
initiatives_localised_name_wh3_dlc24_character_initiative_chs_exalted_hero_tze_01	{{tr:initiatives_localised_name_wh3_dlc20_character_initiative_chs_exalted_hero_kho_01}}	false
initiatives_localised_name_wh3_dlc24_character_initiative_chs_exalted_hero_tze_02	{{tr:initiatives_localised_name_wh3_dlc20_character_initiative_chs_exalted_hero_kho_02}}	false
initiatives_localised_name_wh3_dlc24_character_initiative_chs_exalted_hero_tze_03	{{tr:initiatives_localised_name_wh3_dlc20_character_initiative_chs_chaos_sorcerer_lord_tze_05}}	false
initiatives_localised_name_wh3_dlc24_character_initiative_chs_exalted_hero_tze_04	{{tr:initiatives_localised_name_wh3_dlc20_character_initiative_chs_chaos_sorcerer_lord_tze_06}}	false
initiatives_localised_name_wh3_dlc24_character_initiative_chs_exalted_hero_tze_05	{{tr:initiatives_localised_name_wh3_dlc20_character_initiative_chs_exalted_hero_kho_05}}	false
initiatives_localised_name_wh3_dlc24_character_initiative_chs_exalted_hero_tze_06	{{tr:initiatives_localised_name_wh3_dlc20_character_initiative_chs_exalted_hero_kho_06}}	false
initiatives_localised_name_wh3_dlc24_character_initiative_chs_exalted_hero_tze_07	{{tr:initiatives_localised_name_wh3_dlc20_character_initiative_chs_exalted_hero_kho_07}}	false
initiatives_localised_name_wh3_dlc24_character_initiative_chs_exalted_hero_tze_08	{{tr:initiatives_localised_name_wh3_dlc20_character_initiative_chs_exalted_hero_kho_08}}	false
initiatives_localised_name_wh3_dlc24_character_initiative_chs_exalted_hero_tze_09	{{tr:initiatives_localised_name_wh3_dlc20_character_initiative_chs_exalted_hero_kho_09}}	false
initiatives_localised_name_wh3_dlc24_character_initiative_chs_exalted_hero_tze_10	{{tr:initiatives_localised_name_wh3_dlc20_character_initiative_chs_exalted_hero_kho_10}}	false
initiatives_localised_name_wh3_dlc24_character_initiative_devote_exalted_hero_to_tzeentch	Devote to Tzeentch	false
initiatives_localised_name_wh3_dlc24_character_initiative_devote_lord_to_tzeentch	{{tr:initiatives_localised_name_wh3_dlc24_character_initiative_devote_exalted_hero_to_tzeentch}}	false
initiatives_localised_name_wh3_dlc24_faction_initiative_chs_tzeentch_3_units_changebringers	Flame Weavers	false
initiatives_localised_name_wh3_dlc24_faction_initiative_chs_tzeentch_3_units_cockatrice	Feathered Abominations	false
initiatives_localised_name_wh3_dlc24_faction_initiative_chs_tzeentch_3_units_mutalith_vortex_beast	Mystical Mutations	false
initiatives_localised_name_wh3_dlc25_character_initiative_chs_chaos_lord_nur_01	Unbreakable	false
initiatives_localised_name_wh3_dlc25_character_initiative_chs_chaos_lord_nur_02	Aura of Atrophy	false
initiatives_localised_name_wh3_dlc25_character_initiative_chs_chaos_lord_nur_03	Master of Massacre	false
initiatives_localised_name_wh3_dlc25_character_initiative_chs_chaos_lord_nur_04	Wastelander	false
initiatives_localised_name_wh3_dlc25_character_initiative_chs_chaos_lord_nur_05	Impenetrable	false
initiatives_localised_name_wh3_dlc25_character_initiative_chs_chaos_lord_nur_06	Survivor	false
initiatives_localised_name_wh3_dlc25_character_initiative_chs_chaos_lord_nur_07	Mortal Supremacy	false
initiatives_localised_name_wh3_dlc25_character_initiative_chs_chaos_lord_nur_08	Indisputable Champion	false
initiatives_localised_name_wh3_dlc25_character_initiative_chs_chaos_lord_nur_09	Soul Harvester	false
initiatives_localised_name_wh3_dlc25_character_initiative_chs_chaos_sorcerer_nur_01	Unbreakable	false
initiatives_localised_name_wh3_dlc25_character_initiative_chs_chaos_sorcerer_nur_02	Partners in Chaos	false
initiatives_localised_name_wh3_dlc25_character_initiative_chs_chaos_sorcerer_nur_03	Mage Hunter	false
initiatives_localised_name_wh3_dlc25_character_initiative_chs_chaos_sorcerer_nur_04	Wastelander	false
initiatives_localised_name_wh3_dlc25_character_initiative_chs_chaos_sorcerer_nur_05	Favoured by Nurgle	false
initiatives_localised_name_wh3_dlc25_character_initiative_chs_chaos_sorcerer_nur_06	Aura of Atrophy	false
initiatives_localised_name_wh3_dlc25_character_initiative_chs_chaos_sorcerer_nur_07	Master Sorcerer	false
initiatives_localised_name_wh3_dlc25_character_initiative_chs_chaos_sorcerer_nur_08	Oppressive Force	false
initiatives_localised_name_wh3_dlc25_character_initiative_chs_chaos_sorcerer_nur_09	Mortal Prophet	false
initiatives_localised_name_wh3_dlc25_character_initiative_devote_sorceror_to_nurgle_death	Devote to Nurgle (Lore of Death)	false
initiatives_localised_name_wh3_dlc25_character_initiative_devote_sorceror_to_nurgle_nurgle	Devote to Nurgle (Lore of Nurgle)	false
initiatives_localised_name_wh3_dlc25_faction_initiative_chs_nurgle_3_units_plague_ogres	Rotten Hunger	false
initiatives_localised_name_wh3_dlc25_faction_initiative_chs_nurgle_5_units_toad_dragon	Malignant Maws	false
initiatives_localised_name_wh3_dlc26_character_initiative_ogr_big_name_bragg_01	Gutsman	false
initiatives_localised_name_wh3_dlc26_character_initiative_ogr_big_name_bragg_02	Executioner	false
initiatives_localised_name_wh3_dlc26_character_initiative_ogr_big_name_bragg_03	Kin Feared	false
initiatives_localised_name_wh3_dlc26_character_initiative_ogr_big_name_bragg_04	Heroslayer	false
initiatives_localised_name_wh3_dlc26_character_initiative_ogr_big_name_coin_counter	Coin Counter	false
initiatives_localised_name_wh3_dlc26_character_initiative_ogr_big_name_firebelly_marrow_muncher	{{tr:initiatives_localised_name_wh3_dlc26_character_initiative_ogr_big_name_marrow_muncher}}	false
initiatives_localised_name_wh3_dlc26_character_initiative_ogr_big_name_golgfag_01	Barrelcrusher	false
initiatives_localised_name_wh3_dlc26_character_initiative_ogr_big_name_golgfag_02	Seafarer	false
initiatives_localised_name_wh3_dlc26_character_initiative_ogr_big_name_golgfag_03	{{tr:initiatives_localised_name_wh3_main_character_initiative_ogr_big_name_maneater}}	false
initiatives_localised_name_wh3_dlc26_character_initiative_ogr_big_name_golgfag_04	Tale Spinner	false
initiatives_localised_name_wh3_dlc26_character_initiative_ogr_big_name_gore_drenched	Gore-Drenched	false
initiatives_localised_name_wh3_dlc26_character_initiative_ogr_big_name_gorger_herder	Gorger Herder	false
initiatives_localised_name_wh3_dlc26_character_initiative_ogr_big_name_greasus_drakecrush	Drakecrush	false
initiatives_localised_name_wh3_dlc26_character_initiative_ogr_big_name_groundshaker	Groundshaker	false
initiatives_localised_name_wh3_dlc26_character_initiative_ogr_big_name_impenetrable_gut	Impenetrable Gut	false
initiatives_localised_name_wh3_dlc26_character_initiative_ogr_big_name_kin_guard	Kin-Guard	false
initiatives_localised_name_wh3_dlc26_character_initiative_ogr_big_name_magic_feaster	Magic Feaster	false
initiatives_localised_name_wh3_dlc26_character_initiative_ogr_big_name_marrow_muncher	Marrow Muncher	false
initiatives_localised_name_wh3_dlc26_character_initiative_ogr_big_name_unstoppable	Unstoppable	false
initiatives_localised_name_wh3_dlc26_character_initiative_ogr_maw_offering_1	All-Consuming Stomachs	false
initiatives_localised_name_wh3_dlc26_character_initiative_ogr_maw_offering_2	Ravening Horde	false
initiatives_localised_name_wh3_dlc26_character_initiative_ogr_maw_offering_3	Bone to Pot	false
initiatives_localised_name_wh3_dlc26_character_initiative_ogr_maw_offering_4	Feasting Frenzy	false
initiatives_localised_name_wh3_dlc26_faction_initiative_chs_khorne_3_units_bloodbeast	Blood Starved	false
initiatives_localised_name_wh3_dlc26_faction_initiative_chs_khorne_5_units_slaughterbrute	Slaughterers' Bounty	false
initiatives_localised_name_wh3_dlc26_faction_initiative_kho_arbaal_01	Brass Orbs	false
initiatives_localised_name_wh3_dlc26_faction_initiative_kho_arbaal_02	Blood Shall Spill	false
initiatives_localised_name_wh3_dlc26_faction_initiative_kho_arbaal_03	Honor Before Reason	false
initiatives_localised_name_wh3_dlc26_faction_initiative_kho_arbaal_04	Khorne's Presence	false
initiatives_localised_name_wh3_dlc26_faction_initiative_kho_arbaal_05	Terrors of Blood	false
initiatives_localised_name_wh3_dlc26_faction_initiative_kho_arbaal_06	Vultures of Slaughter	false
initiatives_localised_name_wh3_dlc26_faction_initiative_kho_arbaal_07	Storms of War	false
initiatives_localised_name_wh3_dlc26_faction_initiative_kho_arbaal_08	Khorne's Legions	false
initiatives_localised_name_wh3_dlc26_force_initiative_grn_da_plan_alpha_amma_2	Da Alpha 'Amma	false
initiatives_localised_name_wh3_dlc26_force_initiative_grn_da_plan_arrer_catcha_1	Arrer Catcha	false
initiatives_localised_name_wh3_dlc26_force_initiative_grn_da_plan_block_an_smash_1	Block an' Smash!	false
initiatives_localised_name_wh3_dlc26_force_initiative_grn_da_plan_broodmothers_3	Broodmothers	false
initiatives_localised_name_wh3_dlc26_force_initiative_grn_da_plan_cheerleadaz_3	Gobbo Chant	false
initiatives_localised_name_wh3_dlc26_force_initiative_grn_da_plan_cut_da_chains_3	Cut da Chainz	false
initiatives_localised_name_wh3_dlc26_force_initiative_grn_da_plan_da_black_bastion_2	Da Black Battalion	false
initiatives_localised_name_wh3_dlc26_force_initiative_grn_da_plan_da_greatest_warlord_2	Da Greatest Warlord	false
initiatives_localised_name_wh3_dlc26_force_initiative_grn_da_plan_drag_da_wagonz_2	Drag da Battle Wagonz!	false
initiatives_localised_name_wh3_dlc26_force_initiative_grn_da_plan_drink_an_drive_2	Loaded Pumpy Pilotz	false
initiatives_localised_name_wh3_dlc26_force_initiative_grn_da_plan_earthquake_2	Earthquake!	false
initiatives_localised_name_wh3_dlc26_force_initiative_grn_da_plan_eat_da_runts_2	Eat da Runts!	false
initiatives_localised_name_wh3_dlc26_force_initiative_grn_da_plan_eavy_metal_marchin_3	Eavy Metal Marchin'	false
initiatives_localised_name_wh3_dlc26_force_initiative_grn_da_plan_erd_mentality_1	Erd Mentality	false
initiatives_localised_name_wh3_dlc26_force_initiative_grn_da_plan_fly_at_da_smoke_3	Fly at da Smoke!	false
initiatives_localised_name_wh3_dlc26_force_initiative_grn_da_plan_fungus_farms_2	Fungus Farms	false
initiatives_localised_name_wh3_dlc26_force_initiative_grn_da_plan_get_creepin_1	Get Creepin'	false
initiatives_localised_name_wh3_dlc26_force_initiative_grn_da_plan_get_dem_from_below_2	Sneaky Rogues	false
initiatives_localised_name_wh3_dlc26_force_initiative_grn_da_plan_goin_commando_2	Gettin' Sneaky	false
initiatives_localised_name_wh3_dlc26_force_initiative_grn_da_plan_keep_bossin_2	Keep Bossin'!	false
initiatives_localised_name_wh3_dlc26_force_initiative_grn_da_plan_keep_em_ungry_3	Keep 'Em 'Ungry	false
initiatives_localised_name_wh3_dlc26_force_initiative_grn_da_plan_lead_da_charge_2	Lead da Charge!	false
initiatives_localised_name_wh3_dlc26_force_initiative_grn_da_plan_light_em_up_1	Light Dem Up!	false
initiatives_localised_name_wh3_dlc26_force_initiative_grn_da_plan_little_wont_urt_1	A Little Won't 'Urt	false
initiatives_localised_name_wh3_dlc26_force_initiative_grn_da_plan_load_yerself_3	Idol Loadin'	false
initiatives_localised_name_wh3_dlc26_force_initiative_grn_da_plan_master_planner_3	Da Masta Planna	false
initiatives_localised_name_wh3_dlc26_force_initiative_grn_da_plan_netted_targets_1	Net Dem Up!	false
initiatives_localised_name_wh3_dlc26_force_initiative_grn_da_plan_orcs_are_da_best_1	Gorbad's Boyz	false
initiatives_localised_name_wh3_dlc26_force_initiative_grn_da_plan_power_of_da_waaagh_1	Power of da Waaagh!	false
initiatives_localised_name_wh3_dlc26_force_initiative_grn_da_plan_raidin_parties_1	Raidin' Parties	false
initiatives_localised_name_wh3_dlc26_force_initiative_grn_da_plan_regimental_1	Regimental	false
initiatives_localised_name_wh3_dlc26_force_initiative_grn_da_plan_shoot_da_runts_1	Shoot da Runts!	false
initiatives_localised_name_wh3_dlc26_force_initiative_grn_da_plan_shot_in_da_dark_2	Shot in da Dark	false
initiatives_localised_name_wh3_dlc26_force_initiative_grn_da_plan_splode_da_big_one_3	Splode da Big 'Un!	false
initiatives_localised_name_wh3_dlc26_force_initiative_grn_da_plan_stick_em_like_pigs_2	Stick 'em Like Pigs!	false
initiatives_localised_name_wh3_dlc26_force_initiative_grn_da_plan_stinkee_arrers_3	Stinkee Arrers	false
initiatives_localised_name_wh3_dlc26_force_initiative_grn_da_plan_stompin_ground_2	Stompin' Ground	false
initiatives_localised_name_wh3_dlc26_force_initiative_grn_da_plan_suprise_savagery_2	Surprise Savagery	false
initiatives_localised_name_wh3_dlc26_force_initiative_grn_da_plan_webweavin_1	Webweavin'	false
initiatives_localised_name_wh3_dlc27_asur_domination_focus_colonies_01	Fleetward Harbours	false
initiatives_localised_name_wh3_dlc27_asur_domination_focus_colonies_02	Silvered Stores	false
initiatives_localised_name_wh3_dlc27_asur_domination_focus_colonies_03	Gleaming Ledgers	false
initiatives_localised_name_wh3_dlc27_asur_domination_focus_colonies_04	Banners Abroad	false
initiatives_localised_name_wh3_dlc27_asur_domination_focus_colonies_05	Sea Guard Watch	false
initiatives_localised_name_wh3_dlc27_asur_domination_focus_colonies_06	Tradewind Halls	false
initiatives_localised_name_wh3_dlc27_asur_domination_focus_colonies_07	Bannered Hosts	false
initiatives_localised_name_wh3_dlc27_asur_domination_focus_colonies_08	Swift Foundations	false
initiatives_localised_name_wh3_dlc27_asur_domination_focus_dragonships_01	Dragonblade Arsenal	false
initiatives_localised_name_wh3_dlc27_asur_domination_focus_dragonships_02	Sails of Dominion	false
initiatives_localised_name_wh3_dlc27_asur_domination_focus_dragonships_03	Halls of Renewal	false
initiatives_localised_name_wh3_dlc27_asur_domination_focus_dragonships_04	The Admiral’s Seat	false
initiatives_localised_name_wh3_dlc27_asur_domination_focus_dragonships_05	Holds of Plenty	false
initiatives_localised_name_wh3_dlc27_asur_domination_focus_dragonships_06	Quarters of War	false
initiatives_localised_name_wh3_dlc27_asur_domination_focus_dragonships_07	Provisioned Might	false
initiatives_localised_name_wh3_dlc27_asur_domination_focus_dragonships_08	Admiralty Forged	false
initiatives_localised_name_wh3_dlc27_asur_domination_focus_outposts_01	Battlement Specialists	false
initiatives_localised_name_wh3_dlc27_asur_domination_focus_outposts_02	Mariner’s Headquarters	false
initiatives_localised_name_wh3_dlc27_asur_domination_focus_outposts_03	Spires of Concord	false
initiatives_localised_name_wh3_dlc27_asur_domination_focus_outposts_04	Hall of Tallies	false
initiatives_localised_name_wh3_dlc27_asur_domination_focus_outposts_05	Provincial Forum	false
initiatives_localised_name_wh3_dlc27_asur_domination_focus_outposts_06	Sea Guard Vigil	false
initiatives_localised_name_wh3_dlc27_asur_domination_focus_outposts_07	Council Halls	false
initiatives_localised_name_wh3_dlc27_asur_domination_focus_outposts_08	Expansion Mandate	false
initiatives_localised_name_wh3_dlc27_character_initiative_chs_chaos_sorcerer_lord_sla_01	{{tr:initiatives_localised_name_wh3_dlc20_character_initiative_chs_chaos_lord_sla_01}}	false
initiatives_localised_name_wh3_dlc27_character_initiative_chs_chaos_sorcerer_lord_sla_02	{{tr:initiatives_localised_name_wh3_dlc20_character_initiative_chs_chaos_lord_sla_02}}	false
initiatives_localised_name_wh3_dlc27_character_initiative_chs_chaos_sorcerer_lord_sla_03	{{tr:initiatives_localised_name_wh3_dlc20_character_initiative_chs_chaos_lord_sla_04}}	false
initiatives_localised_name_wh3_dlc27_character_initiative_chs_chaos_sorcerer_lord_sla_04	{{tr:initiatives_localised_name_wh3_dlc20_character_initiative_chs_chaos_lord_sla_05}}	false
initiatives_localised_name_wh3_dlc27_character_initiative_chs_chaos_sorcerer_lord_sla_05	{{tr:initiatives_localised_name_wh3_dlc20_character_initiative_chs_chaos_lord_sla_06}}	false
initiatives_localised_name_wh3_dlc27_character_initiative_chs_chaos_sorcerer_lord_sla_06	{{tr:initiatives_localised_name_wh3_dlc20_character_initiative_chs_chaos_lord_sla_09}}	false
initiatives_localised_name_wh3_dlc27_character_initiative_chs_chaos_sorcerer_lord_sla_07	{{tr:initiatives_localised_name_wh3_dlc20_character_initiative_chs_chaos_sorcerer_sla_02}}	false
initiatives_localised_name_wh3_dlc27_character_initiative_chs_chaos_sorcerer_lord_sla_08	{{tr:initiatives_localised_name_wh3_dlc20_character_initiative_chs_chaos_sorcerer_sla_03}}	false
initiatives_localised_name_wh3_dlc27_character_initiative_chs_chaos_sorcerer_lord_sla_09	{{tr:initiatives_localised_name_wh3_dlc20_character_initiative_chs_chaos_sorcerer_sla_04}}	false
initiatives_localised_name_wh3_dlc27_character_initiative_chs_exalted_hero_sla_01	{{tr:initiatives_localised_name_wh3_dlc20_character_initiative_chs_exalted_hero_kho_01}}	false
initiatives_localised_name_wh3_dlc27_character_initiative_chs_exalted_hero_sla_02	{{tr:initiatives_localised_name_wh3_dlc20_character_initiative_chs_exalted_hero_kho_02}}	false
initiatives_localised_name_wh3_dlc27_character_initiative_chs_exalted_hero_sla_03	{{tr:initiatives_localised_name_wh3_dlc20_character_initiative_chs_chaos_lord_sla_05}}	false
initiatives_localised_name_wh3_dlc27_character_initiative_chs_exalted_hero_sla_04	{{tr:initiatives_localised_name_wh3_dlc20_character_initiative_chs_chaos_lord_sla_04}}	false
initiatives_localised_name_wh3_dlc27_character_initiative_chs_exalted_hero_sla_05	{{tr:initiatives_localised_name_wh3_dlc20_character_initiative_chs_exalted_hero_kho_05}}	false
initiatives_localised_name_wh3_dlc27_character_initiative_chs_exalted_hero_sla_06	{{tr:initiatives_localised_name_wh3_dlc20_character_initiative_chs_exalted_hero_kho_06}}	false
initiatives_localised_name_wh3_dlc27_character_initiative_chs_exalted_hero_sla_07	{{tr:initiatives_localised_name_wh3_dlc20_character_initiative_chs_exalted_hero_kho_07}}	false
initiatives_localised_name_wh3_dlc27_character_initiative_chs_exalted_hero_sla_08	{{tr:initiatives_localised_name_wh3_dlc20_character_initiative_chs_exalted_hero_kho_08}}	false
initiatives_localised_name_wh3_dlc27_character_initiative_chs_exalted_hero_sla_09	{{tr:initiatives_localised_name_wh3_dlc20_character_initiative_chs_exalted_hero_kho_09}}	false
initiatives_localised_name_wh3_dlc27_character_initiative_chs_exalted_hero_sla_10	{{tr:initiatives_localised_name_wh3_dlc20_character_initiative_chs_exalted_hero_kho_10}}	false
initiatives_localised_name_wh3_dlc27_character_initiative_devote_exalted_hero_to_slaanesh	{{tr:initiatives_localised_name_wh3_dlc20_character_initiative_devote_lord_to_slaanesh}}	false
initiatives_localised_name_wh3_dlc27_character_initiative_devote_sorceror_lord_to_slaanesh_shadows	Devote to Slaanesh (Lore of Shadows)	false
initiatives_localised_name_wh3_dlc27_character_initiative_devote_sorceror_lord_to_slaanesh_slaanesh	Devote to Slaanesh (Lore of Slaanesh)	false
initiatives_localised_name_wh3_dlc27_eternal_dance_of_elves_tempo_1_variation_1	A Foolish Flight	false
initiatives_localised_name_wh3_dlc27_eternal_dance_of_elves_tempo_1_variation_2	A Stray Path	false
initiatives_localised_name_wh3_dlc27_eternal_dance_of_elves_tempo_1_variation_3	The Shadows Shiver	false
initiatives_localised_name_wh3_dlc27_eternal_dance_of_elves_tempo_1_variation_4	The Scent Carries	false
initiatives_localised_name_wh3_dlc27_eternal_dance_of_elves_tempo_2_variation_1	The Pursuer's Ruse	false
initiatives_localised_name_wh3_dlc27_eternal_dance_of_elves_tempo_2_variation_2	An Awareness of Appetite	false
initiatives_localised_name_wh3_dlc27_eternal_dance_of_elves_tempo_2_variation_3	A Ravening Urgency	false
initiatives_localised_name_wh3_dlc27_eternal_dance_of_elves_tempo_2_variation_4	Pleasure of the Chase	false
initiatives_localised_name_wh3_dlc27_eternal_dance_of_elves_tempo_3_variation_1	The Master's Pleasure	false
initiatives_localised_name_wh3_dlc27_eternal_dance_of_elves_tempo_3_variation_2	The Consuming Waltz	false
initiatives_localised_name_wh3_dlc27_eternal_dance_of_elves_tempo_3_variation_3	The Unmasking	false
initiatives_localised_name_wh3_dlc27_eternal_dance_of_elves_tempo_3_variation_4	Inescapable Defeat	false
initiatives_localised_name_wh3_dlc27_eternal_dance_of_elves_tempo_4_ritual	The Path to Nowhere	false
initiatives_localised_name_wh3_dlc27_eternal_dance_of_final_battle_tempo_1_variation_1	The Stage	false
initiatives_localised_name_wh3_dlc27_eternal_dance_of_final_battle_tempo_1_variation_2	The Costumes	false
initiatives_localised_name_wh3_dlc27_eternal_dance_of_final_battle_tempo_1_variation_3	The Players	false
initiatives_localised_name_wh3_dlc27_eternal_dance_of_final_battle_tempo_1_variation_4	The Choreography	false
initiatives_localised_name_wh3_dlc27_eternal_dance_of_final_battle_tempo_2_variation_1	The Weakening Winds	false
initiatives_localised_name_wh3_dlc27_eternal_dance_of_final_battle_tempo_2_variation_2	The Devoted Dancers	false
initiatives_localised_name_wh3_dlc27_eternal_dance_of_final_battle_tempo_2_variation_3	More Than Desire	false
initiatives_localised_name_wh3_dlc27_eternal_dance_of_final_battle_tempo_2_variation_4	More Than Sensation	false
initiatives_localised_name_wh3_dlc27_eternal_dance_of_final_battle_tempo_3_variation_1	The Solid Airs	false
initiatives_localised_name_wh3_dlc27_eternal_dance_of_final_battle_tempo_3_variation_2	The Burning Waters	false
initiatives_localised_name_wh3_dlc27_eternal_dance_of_final_battle_tempo_3_variation_3	The Airless Fires	false
initiatives_localised_name_wh3_dlc27_eternal_dance_of_final_battle_tempo_3_variation_4	The Matterless Earth	false
initiatives_localised_name_wh3_dlc27_eternal_dance_of_final_battle_tempo_4_ritual	The Ending Without End	false
initiatives_localised_name_wh3_dlc27_eternal_dance_of_khorne_tempo_1_variation_1	A Barbed Grasp	false
initiatives_localised_name_wh3_dlc27_eternal_dance_of_khorne_tempo_1_variation_2	Lithe & Deadly	false
initiatives_localised_name_wh3_dlc27_eternal_dance_of_khorne_tempo_1_variation_3	Carved With Care	false
initiatives_localised_name_wh3_dlc27_eternal_dance_of_khorne_tempo_1_variation_4	A Manic Rush	false
initiatives_localised_name_wh3_dlc27_eternal_dance_of_khorne_tempo_2_variation_1	Madness & Revelry	false
initiatives_localised_name_wh3_dlc27_eternal_dance_of_khorne_tempo_2_variation_2	Unfettered Desire	false
initiatives_localised_name_wh3_dlc27_eternal_dance_of_khorne_tempo_2_variation_3	Insurmountable Sensation	false
initiatives_localised_name_wh3_dlc27_eternal_dance_of_khorne_tempo_2_variation_4	The Give and the Take	false
initiatives_localised_name_wh3_dlc27_eternal_dance_of_khorne_tempo_3_variation_1	The Divestment	false
initiatives_localised_name_wh3_dlc27_eternal_dance_of_khorne_tempo_3_variation_2	Descent Into Dissolution	false
initiatives_localised_name_wh3_dlc27_eternal_dance_of_khorne_tempo_3_variation_3	Murderous Libations	false
initiatives_localised_name_wh3_dlc27_eternal_dance_of_khorne_tempo_3_variation_4	The Bitter End	false
initiatives_localised_name_wh3_dlc27_eternal_dance_of_khorne_tempo_4_ritual	The Flow of Desire	false
initiatives_localised_name_wh3_dlc27_eternal_dance_of_nurgle_tempo_1_variation_1	The Glamour Upon the Roots	false
initiatives_localised_name_wh3_dlc27_eternal_dance_of_nurgle_tempo_1_variation_2	The Parting of the Vines	false
initiatives_localised_name_wh3_dlc27_eternal_dance_of_nurgle_tempo_1_variation_3	The Safe Path	false
initiatives_localised_name_wh3_dlc27_eternal_dance_of_nurgle_tempo_1_variation_4	The First Sparks of Malice	false
initiatives_localised_name_wh3_dlc27_eternal_dance_of_nurgle_tempo_2_variation_1	The Taming of the Bowers	false
initiatives_localised_name_wh3_dlc27_eternal_dance_of_nurgle_tempo_2_variation_2	The Seeds of Sensation	false
initiatives_localised_name_wh3_dlc27_eternal_dance_of_nurgle_tempo_2_variation_3	The Quickening Step	false
initiatives_localised_name_wh3_dlc27_eternal_dance_of_nurgle_tempo_2_variation_4	A Coy Invitation	false
initiatives_localised_name_wh3_dlc27_eternal_dance_of_nurgle_tempo_3_variation_1	Basking in Our Flame	false
initiatives_localised_name_wh3_dlc27_eternal_dance_of_nurgle_tempo_3_variation_2	The Effulgent Incense	false
initiatives_localised_name_wh3_dlc27_eternal_dance_of_nurgle_tempo_3_variation_3	A Joyous Deliquescence	false
initiatives_localised_name_wh3_dlc27_eternal_dance_of_nurgle_tempo_3_variation_4	Frozen on the Pyre	false
initiatives_localised_name_wh3_dlc27_eternal_dance_of_nurgle_tempo_4_ritual	The Dance of Dunces	false
initiatives_localised_name_wh3_dlc27_faction_initiative_chs_slaanesh_3_units_champions_of_slaanesh	Ultimate Fulfilment	false
initiatives_localised_name_wh3_dlc27_faction_initiative_chs_slaanesh_3_units_pleasureseekers	Glamorous Alacrity	false
initiatives_localised_name_wh3_dlc29_black_pyramid_archers_1	The Grave Call	false
initiatives_localised_name_wh3_dlc29_black_pyramid_archers_2	The Hands of Death Tire Not	false
initiatives_localised_name_wh3_dlc29_black_pyramid_archers_3	Sun-Scorched, Sand-Blistered	false
initiatives_localised_name_wh3_dlc29_black_pyramid_archers_4	Endless Enfilade	false
initiatives_localised_name_wh3_dlc29_black_pyramid_archers_5	The Unfailing Flight	false
initiatives_localised_name_wh3_dlc29_black_pyramid_archers_6	Fletching of Arcane Design	false
initiatives_localised_name_wh3_dlc29_black_pyramid_archers_7	Exemplars of Unliving Marksmanship	false
initiatives_localised_name_wh3_dlc29_black_pyramid_archers_8	Tomb-Annointed Tips	false
initiatives_localised_name_wh3_dlc29_black_pyramid_arkhan_1	Second Only to Nagash	false
initiatives_localised_name_wh3_dlc29_black_pyramid_arkhan_2	Wielder of Nagash's Wisdom	false
initiatives_localised_name_wh3_dlc29_black_pyramid_arkhan_3	Most Trusted of All Leutenants	false
initiatives_localised_name_wh3_dlc29_black_pyramid_beasts_1	{{tr:initiatives_localised_name_wh3_dlc29_black_pyramid_zombies_2}}	false
initiatives_localised_name_wh3_dlc29_black_pyramid_beasts_2	Blacken the Sky	false
initiatives_localised_name_wh3_dlc29_black_pyramid_beasts_3	The Piercing Plummet	false
initiatives_localised_name_wh3_dlc29_black_pyramid_beasts_4	{{tr:initiatives_localised_name_wh3_dlc29_black_pyramid_zombies_2}}	false
initiatives_localised_name_wh3_dlc29_black_pyramid_beasts_5	Master's Pets	false
initiatives_localised_name_wh3_dlc29_black_pyramid_beasts_6	Ever-Gnawing Hunger	false
initiatives_localised_name_wh3_dlc29_black_pyramid_beasts_7	Claws and Talons of Undeath	false
initiatives_localised_name_wh3_dlc29_black_pyramid_books_lore_of_death_1	{{tr:unit_abilities_onscreen_name_wh3_dlc29_passive_spell_death_doom_and_darkness}}	false
initiatives_localised_name_wh3_dlc29_black_pyramid_books_lore_of_death_2	All Souls in His Palm	false
initiatives_localised_name_wh3_dlc29_black_pyramid_books_lore_of_death_3	Shyish in His Voice	false
initiatives_localised_name_wh3_dlc29_black_pyramid_books_lore_of_death_4	{{tr:unit_abilities_onscreen_name_wh3_dlc29_passive_spell_death_purple_sun_of_xereus}}	false
initiatives_localised_name_wh3_dlc29_black_pyramid_books_lore_of_light_1	{{tr:unit_abilities_onscreen_name_wh3_dlc29_passive_spell_light_shems_burning_gaze}}	false
initiatives_localised_name_wh3_dlc29_black_pyramid_books_lore_of_light_2	The Darkness Within All Light	false
initiatives_localised_name_wh3_dlc29_black_pyramid_books_lore_of_light_3	The Final Eclipse	false
initiatives_localised_name_wh3_dlc29_black_pyramid_books_lore_of_light_4	{{tr:unit_abilities_onscreen_name_wh3_dlc29_passive_spell_light_banishment}}	false
initiatives_localised_name_wh3_dlc29_black_pyramid_books_lore_of_nehekhara_1	{{tr:unit_abilities_onscreen_name_wh3_dlc29_passive_spell_nehekhara_usirians_incantation_of_vengeance}}	false
initiatives_localised_name_wh3_dlc29_black_pyramid_books_lore_of_nehekhara_2	Gods at His Feet	false
initiatives_localised_name_wh3_dlc29_black_pyramid_books_lore_of_nehekhara_3	Eternity in His Mind	false
initiatives_localised_name_wh3_dlc29_black_pyramid_books_lore_of_nehekhara_4	{{tr:unit_abilities_onscreen_name_wh3_dlc29_passive_spell_nehekhara_sakhmets_incantation_of_the_skullstorm}}	false
initiatives_localised_name_wh3_dlc29_black_pyramid_books_lore_of_vampires_1	{{tr:unit_abilities_onscreen_name_wh3_dlc29_passive_spell_vampires_gaze_of_nagash}}	false
initiatives_localised_name_wh3_dlc29_black_pyramid_books_lore_of_vampires_2	Dust, His Dominion	false
initiatives_localised_name_wh3_dlc29_black_pyramid_books_lore_of_vampires_3	Unlife, his Birthright	false
initiatives_localised_name_wh3_dlc29_black_pyramid_books_lore_of_vampires_4	{{tr:unit_abilities_onscreen_name_wh3_dlc29_passive_spell_vampires_curse_of_years}}	false
initiatives_localised_name_wh3_dlc29_black_pyramid_chariots_1	{{tr:initiatives_localised_name_wh3_dlc29_black_pyramid_archers_1}}	false
initiatives_localised_name_wh3_dlc29_black_pyramid_chariots_2	Wheels of Inevitability	false
initiatives_localised_name_wh3_dlc29_black_pyramid_chariots_3	Driven to Deliver Doom	false
initiatives_localised_name_wh3_dlc29_black_pyramid_chariots_4	Weight of a Thousand Years	false
initiatives_localised_name_wh3_dlc29_black_pyramid_chariots_5	The Unstoppable Sandstorm	false
initiatives_localised_name_wh3_dlc29_black_pyramid_construct_monsters_1	{{tr:initiatives_localised_name_wh3_dlc29_black_pyramid_archers_1}}	false
initiatives_localised_name_wh3_dlc29_black_pyramid_construct_monsters_2	Reconsecrated to Nagash	false
initiatives_localised_name_wh3_dlc29_black_pyramid_construct_monsters_3	Ever-Standing Stone	false
initiatives_localised_name_wh3_dlc29_black_pyramid_construct_monsters_4	Stupefying Works of War	false
initiatives_localised_name_wh3_dlc29_black_pyramid_construct_monsters_5	The Ever-Rising Stones	false
initiatives_localised_name_wh3_dlc29_black_pyramid_construct_monsters_6	Dark and Light Are One in Death	false
initiatives_localised_name_wh3_dlc29_black_pyramid_construct_monsters_7	The Ever-Striding Pillars	false
initiatives_localised_name_wh3_dlc29_black_pyramid_construct_monsters_8	Life Is One in Dust	false
initiatives_localised_name_wh3_dlc29_black_pyramid_construct_monsters_9	{{tr:initiatives_localised_name_wh3_dlc29_black_pyramid_construct_monsters_1}}	false
initiatives_localised_name_wh3_dlc29_black_pyramid_construct_monstrous_1	{{tr:initiatives_localised_name_wh3_dlc29_black_pyramid_construct_monsters_1}}	false
initiatives_localised_name_wh3_dlc29_black_pyramid_construct_monstrous_2	Infallible Frames	false
initiatives_localised_name_wh3_dlc29_black_pyramid_construct_monstrous_3	The Crushing Collonades	false
initiatives_localised_name_wh3_dlc29_black_pyramid_construct_monstrous_4	Built for the Endless Hunt	false
initiatives_localised_name_wh3_dlc29_black_pyramid_construct_monstrous_5	Built for the Eternal War	false
initiatives_localised_name_wh3_dlc29_black_pyramid_construct_monstrous_6	Pieces Seamlessly Joined	false
initiatives_localised_name_wh3_dlc29_black_pyramid_construct_monstrous_7	{{tr:initiatives_localised_name_wh3_dlc29_black_pyramid_construct_monsters_1}}	false
initiatives_localised_name_wh3_dlc29_black_pyramid_construct_monstrous_8	Artifice Beyond Compare	false
initiatives_localised_name_wh3_dlc29_black_pyramid_construct_monstrous_9	{{tr:initiatives_localised_name_wh3_dlc29_black_pyramid_construct_monsters_1}}	false
initiatives_localised_name_wh3_dlc29_black_pyramid_cst_II_1	An Abyssal Grandeur	false
initiatives_localised_name_wh3_dlc29_black_pyramid_cst_II_2	Tides Endlessly Sailed	false
initiatives_localised_name_wh3_dlc29_black_pyramid_cst_II_3	Depths Endlessly Dredged	false
initiatives_localised_name_wh3_dlc29_black_pyramid_cst_II_4	Oceanic Terrors Walk the Land	false
initiatives_localised_name_wh3_dlc29_black_pyramid_cst_II_5	The Call Of The Chasm	false
initiatives_localised_name_wh3_dlc29_black_pyramid_cst_I_1	By His Abyssal Will Called	false
initiatives_localised_name_wh3_dlc29_black_pyramid_cst_I_2	By His Wind's Grace They Prosper	false
initiatives_localised_name_wh3_dlc29_black_pyramid_cst_I_3	By His Abyssal Will Sustained	false
initiatives_localised_name_wh3_dlc29_black_pyramid_cst_I_4	In His Mind's Depths they Speak	false
initiatives_localised_name_wh3_dlc29_black_pyramid_cst_I_5	Hunger's Icy Depths	false
initiatives_localised_name_wh3_dlc29_black_pyramid_dead_rise_chance_1	Once More Returned	false
initiatives_localised_name_wh3_dlc29_black_pyramid_dead_rise_chance_2	The Ever-Thinning Veil	false
initiatives_localised_name_wh3_dlc29_black_pyramid_dead_rise_chance_3	{{tr:initiatives_localised_name_wh3_dlc29_black_pyramid_dead_rise_chance_2}}	false
initiatives_localised_name_wh3_dlc29_black_pyramid_dead_rise_hp_1	Rites of Binding	false
initiatives_localised_name_wh3_dlc29_black_pyramid_dead_rise_hp_2	Borne Up By Shyish	false
initiatives_localised_name_wh3_dlc29_black_pyramid_dead_rise_hp_3	{{tr:initiatives_localised_name_wh3_dlc29_black_pyramid_dead_rise_hp_2}}	false
initiatives_localised_name_wh3_dlc29_black_pyramid_deck_droppers_1	{{tr:initiatives_localised_name_wh3_dlc29_black_pyramid_archers_1}}	false
initiatives_localised_name_wh3_dlc29_black_pyramid_deck_droppers_2	Unerring Vantage	false
initiatives_localised_name_wh3_dlc29_black_pyramid_deck_droppers_3	Tempests of Flesh	false
initiatives_localised_name_wh3_dlc29_black_pyramid_deck_droppers_4	Shadow-Borne Barrage	false
initiatives_localised_name_wh3_dlc29_black_pyramid_deck_droppers_5	Sure Clutches, Assured Destruction	false
initiatives_localised_name_wh3_dlc29_black_pyramid_deck_droppers_6	Sky-Conjured Powder	false
initiatives_localised_name_wh3_dlc29_black_pyramid_deck_droppers_7	Undeath From Above	false
initiatives_localised_name_wh3_dlc29_black_pyramid_dieter_1	Irrevocable Obsession	false
initiatives_localised_name_wh3_dlc29_black_pyramid_dieter_2	Mastery Above All	false
initiatives_localised_name_wh3_dlc29_black_pyramid_dieter_3	Binder of Undead Divinity	false
initiatives_localised_name_wh3_dlc29_black_pyramid_dual_wield_1	Edict of Cleaving	false
initiatives_localised_name_wh3_dlc29_black_pyramid_dual_wield_2	Mandate of Whirling Death	false
initiatives_localised_name_wh3_dlc29_black_pyramid_dual_wield_3	Decree of Deflection	false
initiatives_localised_name_wh3_dlc29_black_pyramid_dual_wield_4	Interdiction of  Injury	false
initiatives_localised_name_wh3_dlc29_black_pyramid_dual_wield_5	Commandment of Severance	false
initiatives_localised_name_wh3_dlc29_black_pyramid_dual_wield_6	Decree of Overpowering Lethality	false
initiatives_localised_name_wh3_dlc29_black_pyramid_gravecall_recruitment_1	Shyish Calls Forth	false
initiatives_localised_name_wh3_dlc29_black_pyramid_gravecall_recruitment_2	Shyish Seeks out the Worthy	false
initiatives_localised_name_wh3_dlc29_black_pyramid_gravecall_recruitment_3	Shyish Pulls Forth	false
initiatives_localised_name_wh3_dlc29_black_pyramid_gravecall_recruitment_4	Overpowering Summons	false
initiatives_localised_name_wh3_dlc29_black_pyramid_great_weapons_1	The Great Blades Honed	false
initiatives_localised_name_wh3_dlc29_black_pyramid_great_weapons_2	The Great Blades Unsheathed	false
initiatives_localised_name_wh3_dlc29_black_pyramid_great_weapons_3	Garbed in Grave Resolve	false
initiatives_localised_name_wh3_dlc29_black_pyramid_great_weapons_4	The Reapers Advance	false
initiatives_localised_name_wh3_dlc29_black_pyramid_great_weapons_5	The Shearing of the Crop	false
initiatives_localised_name_wh3_dlc29_black_pyramid_great_weapons_6	The Final Felling	false
initiatives_localised_name_wh3_dlc29_black_pyramid_guards_1	The Ever-Risen	false
initiatives_localised_name_wh3_dlc29_black_pyramid_guards_2	Inscriptions of Ultimate Authority	false
initiatives_localised_name_wh3_dlc29_black_pyramid_guards_3	Inscriptions of Undying Triumph	false
initiatives_localised_name_wh3_dlc29_black_pyramid_guards_4	{{tr:initiatives_localised_name_wh3_dlc29_black_pyramid_archers_1}}	false
initiatives_localised_name_wh3_dlc29_black_pyramid_guards_5	Glyphs of All-Vanquishing Tenacity	false
initiatives_localised_name_wh3_dlc29_black_pyramid_guards_6	{{tr:initiatives_localised_name_wh3_dlc29_black_pyramid_archers_1}}	false
initiatives_localised_name_wh3_dlc29_black_pyramid_guards_7	Dread Geas of Preservation	false
initiatives_localised_name_wh3_dlc29_black_pyramid_guards_8	Mark of the Risen Guardians	false
initiatives_localised_name_wh3_dlc29_black_pyramid_gunpowder_artillery_1	{{tr:initiatives_localised_name_wh3_dlc29_black_pyramid_archers_1}}	false
initiatives_localised_name_wh3_dlc29_black_pyramid_gunpowder_artillery_10	delete me	false
initiatives_localised_name_wh3_dlc29_black_pyramid_gunpowder_artillery_2	Seas Rise in His Name	false
initiatives_localised_name_wh3_dlc29_black_pyramid_gunpowder_artillery_3	Boundary-Breakers	false
initiatives_localised_name_wh3_dlc29_black_pyramid_gunpowder_artillery_4	Echoes of What is to Come	false
initiatives_localised_name_wh3_dlc29_black_pyramid_gunpowder_artillery_5	Earth Scorched in His Name	false
initiatives_localised_name_wh3_dlc29_black_pyramid_gunpowder_artillery_6	The Deafening Silence	false
initiatives_localised_name_wh3_dlc29_black_pyramid_gunpowder_artillery_7	Earth-Shakers	false
initiatives_localised_name_wh3_dlc29_black_pyramid_gunpowder_artillery_8	The Shattered Remains	false
initiatives_localised_name_wh3_dlc29_black_pyramid_gunpowder_artillery_9	delete me	false
initiatives_localised_name_wh3_dlc29_black_pyramid_guns_1	{{tr:initiatives_localised_name_wh3_dlc29_black_pyramid_archers_1}}	false
initiatives_localised_name_wh3_dlc29_black_pyramid_guns_2	Sea-Dredged, Fire-Bearing	false
initiatives_localised_name_wh3_dlc29_black_pyramid_guns_3	The Grave Trenches	false
initiatives_localised_name_wh3_dlc29_black_pyramid_guns_4	Nothing Spent, Nothing Wasted	false
initiatives_localised_name_wh3_dlc29_black_pyramid_guns_5	Volleys of Predetermination	false
initiatives_localised_name_wh3_dlc29_black_pyramid_guns_6	Powder to Cloud the Sky	false
initiatives_localised_name_wh3_dlc29_black_pyramid_guns_7	The Tide's Neverending Boom	false
initiatives_localised_name_wh3_dlc29_black_pyramid_guns_8	{{tr:initiatives_localised_name_wh3_dlc29_black_pyramid_archers_1}}	false
initiatives_localised_name_wh3_dlc29_black_pyramid_hero_1	Life Endlessly Receding	false
initiatives_localised_name_wh3_dlc29_black_pyramid_hero_2	Named to Strike	false
initiatives_localised_name_wh3_dlc29_black_pyramid_hero_3	Named to Protect	false
initiatives_localised_name_wh3_dlc29_black_pyramid_hero_4	The Eminent Names of Obedience	false
initiatives_localised_name_wh3_dlc29_black_pyramid_hero_5	Death is Never Weakness	false
initiatives_localised_name_wh3_dlc29_black_pyramid_hero_6	Named to Withstand All Harm	false
initiatives_localised_name_wh3_dlc29_black_pyramid_hero_7	Named to Withstand All Harm	false
initiatives_localised_name_wh3_dlc29_black_pyramid_hero_8	The Eminent Names of Service	false
initiatives_localised_name_wh3_dlc29_black_pyramid_hero_9	delete me	false
initiatives_localised_name_wh3_dlc29_black_pyramid_horsemen_1	{{tr:initiatives_localised_name_wh3_dlc29_black_pyramid_archers_1}}	false
initiatives_localised_name_wh3_dlc29_black_pyramid_horsemen_2	Honed in Barrow, Blood and Desert	false
initiatives_localised_name_wh3_dlc29_black_pyramid_horsemen_3	One in Skill & Skeleton	false
initiatives_localised_name_wh3_dlc29_black_pyramid_horsemen_4	Risen Riders to the Front	false
initiatives_localised_name_wh3_dlc29_black_pyramid_horsemen_5	Bones Bound to Battle	false
initiatives_localised_name_wh3_dlc29_black_pyramid_horsemen_6	The Grave Gallop	false
initiatives_localised_name_wh3_dlc29_black_pyramid_horsemen_7	{{tr:initiatives_localised_name_wh3_dlc29_black_pyramid_archers_1}}	false
initiatives_localised_name_wh3_dlc29_black_pyramid_knights_1	Stone & Steel & Bone	false
initiatives_localised_name_wh3_dlc29_black_pyramid_knights_2	Grass Trampled Under Gravewinds	false
initiatives_localised_name_wh3_dlc29_black_pyramid_knights_3	Returned to Topple the Giants	false
initiatives_localised_name_wh3_dlc29_black_pyramid_knights_4	{{tr:initiatives_localised_name_wh3_dlc29_black_pyramid_archers_1}}	false
initiatives_localised_name_wh3_dlc29_black_pyramid_knights_5	Returned to Break Ranks	false
initiatives_localised_name_wh3_dlc29_black_pyramid_knights_6	{{tr:initiatives_localised_name_wh3_dlc29_black_pyramid_archers_1}}	false
initiatives_localised_name_wh3_dlc29_black_pyramid_knights_7	Ancient Gloryseekers	false
initiatives_localised_name_wh3_dlc29_black_pyramid_knights_8	Death's Dread Onrush	false
initiatives_localised_name_wh3_dlc29_black_pyramid_krell_1	Ancient Power	false
initiatives_localised_name_wh3_dlc29_black_pyramid_krell_2	Stomp of a Thousand Battlefields	false
initiatives_localised_name_wh3_dlc29_black_pyramid_krell_3	Until Nothing Remains	false
initiatives_localised_name_wh3_dlc29_black_pyramid_local_recruitment_1	Dark Power Compels	false
initiatives_localised_name_wh3_dlc29_black_pyramid_local_recruitment_2	Unlife Calls to the Worthy	false
initiatives_localised_name_wh3_dlc29_black_pyramid_local_recruitment_3	Dark Power Coerces	false
initiatives_localised_name_wh3_dlc29_black_pyramid_local_recruitment_4	Overwhelming Imperative	false
initiatives_localised_name_wh3_dlc29_black_pyramid_lock_1_a	Gateway I	false
initiatives_localised_name_wh3_dlc29_black_pyramid_lock_1_b	{{tr:initiatives_localised_name_wh3_dlc29_black_pyramid_lock_1_a}}	false
initiatives_localised_name_wh3_dlc29_black_pyramid_lock_2_a	Gateway II	false
initiatives_localised_name_wh3_dlc29_black_pyramid_lock_2_b	{{tr:initiatives_localised_name_wh3_dlc29_black_pyramid_lock_2_a}}	false
initiatives_localised_name_wh3_dlc29_black_pyramid_lock_2_c	{{tr:initiatives_localised_name_wh3_dlc29_black_pyramid_lock_2_a}}	false
initiatives_localised_name_wh3_dlc29_black_pyramid_lock_2_d	{{tr:initiatives_localised_name_wh3_dlc29_black_pyramid_lock_2_a}}	false
initiatives_localised_name_wh3_dlc29_black_pyramid_lock_3_a	Gateway III	false
initiatives_localised_name_wh3_dlc29_black_pyramid_lock_3_b	{{tr:initiatives_localised_name_wh3_dlc29_black_pyramid_lock_3_a}}	false
initiatives_localised_name_wh3_dlc29_black_pyramid_lord_1	An Immortal Gathering	false
initiatives_localised_name_wh3_dlc29_black_pyramid_lord_2	The Great Names of Service	false
initiatives_localised_name_wh3_dlc29_black_pyramid_lord_3	All Lands Bound in Darkness	false
initiatives_localised_name_wh3_dlc29_black_pyramid_lord_4	Named to Kill	false
initiatives_localised_name_wh3_dlc29_black_pyramid_lord_5	The Great Names of Command	false
initiatives_localised_name_wh3_dlc29_black_pyramid_lord_6	March Beyond Mortality	false
initiatives_localised_name_wh3_dlc29_black_pyramid_lord_7	Death is Never Weakness	false
initiatives_localised_name_wh3_dlc29_black_pyramid_lord_8	Death Endlessly Advancing	false
initiatives_localised_name_wh3_dlc29_black_pyramid_lord_9	delete me	false
initiatives_localised_name_wh3_dlc29_black_pyramid_lore_of_death_1	Rites of Death	false
initiatives_localised_name_wh3_dlc29_black_pyramid_lore_of_death_2	A Death-Choked Path	false
initiatives_localised_name_wh3_dlc29_black_pyramid_lore_of_death_3	A Dread Knight Gathering	false
initiatives_localised_name_wh3_dlc29_black_pyramid_lore_of_death_4	Death, the True Purpose	false
initiatives_localised_name_wh3_dlc29_black_pyramid_lore_of_deep_1	Tides of the Abyss	false
initiatives_localised_name_wh3_dlc29_black_pyramid_lore_of_deep_2	A Wreckage-Haunted Path	false
initiatives_localised_name_wh3_dlc29_black_pyramid_lore_of_deep_3	A Bone-Chill Gathering	false
initiatives_localised_name_wh3_dlc29_black_pyramid_lore_of_deep_4	The Deep, the True Eternity	false
initiatives_localised_name_wh3_dlc29_black_pyramid_lore_of_light_1	Dying of the Light	false
initiatives_localised_name_wh3_dlc29_black_pyramid_lore_of_light_2	A Path of Blinding Brightness	false
initiatives_localised_name_wh3_dlc29_black_pyramid_lore_of_light_3	A Warded Gathering	false
initiatives_localised_name_wh3_dlc29_black_pyramid_lore_of_light_4	Light, the True Purification	false
initiatives_localised_name_wh3_dlc29_black_pyramid_lore_of_light_5	{{tr:unit_abilities_onscreen_name_wh3_dlc29_passive_spell_light_light_of_battle}}	false
initiatives_localised_name_wh3_dlc29_black_pyramid_lore_of_nehekhara_1	Rites of the Afterlife	false
initiatives_localised_name_wh3_dlc29_black_pyramid_lore_of_nehekhara_2	A Deathless Path	false
initiatives_localised_name_wh3_dlc29_black_pyramid_lore_of_nehekhara_3	Wrath of Nagash	false
initiatives_localised_name_wh3_dlc29_black_pyramid_lore_of_nehekhara_4	Soul, the True Essence	false
initiatives_localised_name_wh3_dlc29_black_pyramid_lore_of_shadows_1	Vestiges of Shadow	false
initiatives_localised_name_wh3_dlc29_black_pyramid_lore_of_shadows_2	A Shadow-Shrouded Path	false
initiatives_localised_name_wh3_dlc29_black_pyramid_lore_of_shadows_3	A Dark Gathering	false
initiatives_localised_name_wh3_dlc29_black_pyramid_lore_of_shadows_4	Shadow, the True Shape	false
initiatives_localised_name_wh3_dlc29_black_pyramid_lore_of_undeath_1	Echoes of Eternity	false
initiatives_localised_name_wh3_dlc29_black_pyramid_lore_of_undeath_2	A Timeless Path	false
initiatives_localised_name_wh3_dlc29_black_pyramid_lore_of_undeath_3	Power Gathering	false
initiatives_localised_name_wh3_dlc29_black_pyramid_lore_of_undeath_4	Undeath, the All-Consuming Call	false
initiatives_localised_name_wh3_dlc29_black_pyramid_lore_of_undeath_5	{{tr:initiatives_localised_name_wh3_dlc29_black_pyramid_lore_of_undeath_1}}	false
initiatives_localised_name_wh3_dlc29_black_pyramid_lore_of_undeath_6	{{tr:initiatives_localised_name_wh3_dlc29_black_pyramid_lore_of_undeath_2}}	false
initiatives_localised_name_wh3_dlc29_black_pyramid_lore_of_undeath_7	{{tr:initiatives_localised_name_wh3_dlc29_black_pyramid_lore_of_undeath_3}}	false
initiatives_localised_name_wh3_dlc29_black_pyramid_lore_of_undeath_8	Undeath, the True Victory	false
initiatives_localised_name_wh3_dlc29_black_pyramid_lore_of_vampires_1	Essences of Blood	false
initiatives_localised_name_wh3_dlc29_black_pyramid_lore_of_vampires_2	A Blood-Dimmed Path	false
initiatives_localised_name_wh3_dlc29_black_pyramid_lore_of_vampires_3	A Grave-Bound Gathering	false
initiatives_localised_name_wh3_dlc29_black_pyramid_lore_of_vampires_4	Unlife, the True Existence	false
initiatives_localised_name_wh3_dlc29_black_pyramid_lore_of_vampires_5	{{tr:unit_abilities_onscreen_name_wh3_dlc29_passive_spell_vampires_invocation_of_nehek}}	false
initiatives_localised_name_wh3_dlc29_black_pyramid_luthor_1	Master of Uncanny Ships	false
initiatives_localised_name_wh3_dlc29_black_pyramid_luthor_2	Subduer of All Seas	false
initiatives_localised_name_wh3_dlc29_black_pyramid_luthor_3	Captain of the Drowned Dead	false
initiatives_localised_name_wh3_dlc29_black_pyramid_magic_artillery_1	{{tr:initiatives_localised_name_wh3_dlc29_black_pyramid_archers_1}}	false
initiatives_localised_name_wh3_dlc29_black_pyramid_magic_artillery_10	delete me	false
initiatives_localised_name_wh3_dlc29_black_pyramid_magic_artillery_2	Sacraments of Ceaseless Destruction	false
initiatives_localised_name_wh3_dlc29_black_pyramid_magic_artillery_3	Ever-Swirling Spiral of Extinction	false
initiatives_localised_name_wh3_dlc29_black_pyramid_magic_artillery_4	Voices Tear Across the Air	false
initiatives_localised_name_wh3_dlc29_black_pyramid_magic_artillery_5	Unbreakable Seals	false
initiatives_localised_name_wh3_dlc29_black_pyramid_magic_artillery_6	Voices Wail Beyond the Veil	false
initiatives_localised_name_wh3_dlc29_black_pyramid_magic_artillery_7	Endless Screaming Death	false
initiatives_localised_name_wh3_dlc29_black_pyramid_magic_artillery_8	Seekers of Kindred Skulls	false
initiatives_localised_name_wh3_dlc29_black_pyramid_magic_artillery_9	delete me	false
initiatives_localised_name_wh3_dlc29_black_pyramid_magic_vehicles_1	{{tr:initiatives_localised_name_wh3_dlc29_black_pyramid_archers_1}}	false
initiatives_localised_name_wh3_dlc29_black_pyramid_magic_vehicles_2	Locus of Hurtling Darkness	false
initiatives_localised_name_wh3_dlc29_black_pyramid_magic_vehicles_3	Locus of Unassailable Authority	false
initiatives_localised_name_wh3_dlc29_black_pyramid_magic_vehicles_4	Locus of Forbiddings	false
initiatives_localised_name_wh3_dlc29_black_pyramid_magic_vehicles_5	Black Nimbus of Inevitability	false
initiatives_localised_name_wh3_dlc29_black_pyramid_mannfred_1	Collector of Dust	false
initiatives_localised_name_wh3_dlc29_black_pyramid_mannfred_2	Drinker of Death	false
initiatives_localised_name_wh3_dlc29_black_pyramid_mannfred_3	Ruler of Bones	false
initiatives_localised_name_wh3_dlc29_black_pyramid_missile_artillery_siege_1	{{tr:initiatives_localised_name_wh3_dlc29_black_pyramid_archers_1}}	false
initiatives_localised_name_wh3_dlc29_black_pyramid_missile_artillery_siege_2	{{tr:initiatives_localised_name_wh3_dlc29_black_pyramid_archers_1}}	false
initiatives_localised_name_wh3_dlc29_black_pyramid_missile_artillery_siege_3	Terrors of Sea & Sands	false
initiatives_localised_name_wh3_dlc29_black_pyramid_missile_artillery_siege_4	None Shall Hold their Barrage	false
initiatives_localised_name_wh3_dlc29_black_pyramid_missile_artillery_siege_5	World-Stopping Power	false
initiatives_localised_name_wh3_dlc29_black_pyramid_missile_artillery_siege_6	The Ruinous Grasp of Eternity	false
initiatives_localised_name_wh3_dlc29_black_pyramid_missile_artillery_siege_7	Hail to Halt All Strides	false
initiatives_localised_name_wh3_dlc29_black_pyramid_missile_artillery_siege_8	Depth and Heights Beyond Reach	false
initiatives_localised_name_wh3_dlc29_black_pyramid_missile_artillery_siege_9	Black Dust, White Ashes	false
initiatives_localised_name_wh3_dlc29_black_pyramid_morghasts_1	{{tr:initiatives_localised_name_wh3_dlc29_black_pyramid_archers_1}}	false
initiatives_localised_name_wh3_dlc29_black_pyramid_morghasts_10	{{tr:initiatives_localised_name_wh3_dlc29_black_pyramid_morghasts_9}}	false
initiatives_localised_name_wh3_dlc29_black_pyramid_morghasts_11	Their Ranks & Strides Unbroken	false
initiatives_localised_name_wh3_dlc29_black_pyramid_morghasts_12	They Herald the Final End	false
initiatives_localised_name_wh3_dlc29_black_pyramid_morghasts_2	They Bear No Mercy	false
initiatives_localised_name_wh3_dlc29_black_pyramid_morghasts_3	They Err Not in Judgement	false
initiatives_localised_name_wh3_dlc29_black_pyramid_morghasts_4	None Shall Hold Their Onslaught	false
initiatives_localised_name_wh3_dlc29_black_pyramid_morghasts_5	{{tr:initiatives_localised_name_wh3_dlc29_black_pyramid_archers_1}}	false
initiatives_localised_name_wh3_dlc29_black_pyramid_morghasts_6	None Shall Withstand Their Power	false
initiatives_localised_name_wh3_dlc29_black_pyramid_morghasts_7	None Shall Desecrate Their Path	false
initiatives_localised_name_wh3_dlc29_black_pyramid_morghasts_8	None Shall Violate their Duty	false
initiatives_localised_name_wh3_dlc29_black_pyramid_morghasts_9	None Shall Desecrate Their Path	false
initiatives_localised_name_wh3_dlc29_black_pyramid_movement_1	The Stilling of Matter & Magic 	false
initiatives_localised_name_wh3_dlc29_black_pyramid_movement_2	The Shaping of Magic	false
initiatives_localised_name_wh3_dlc29_black_pyramid_movement_3	The Subduing of Matter	false
initiatives_localised_name_wh3_dlc29_black_pyramid_movement_4	The Advancing Nothingness	false
initiatives_localised_name_wh3_dlc29_black_pyramid_movement_5	The Speeding Destruction	false
initiatives_localised_name_wh3_dlc29_black_pyramid_movement_6	The Unending Annihilation	false
initiatives_localised_name_wh3_dlc29_black_pyramid_nagash_early_1	His Final March Begins	false
initiatives_localised_name_wh3_dlc29_black_pyramid_nagash_early_2	No Winds Shall Sway Him	false
initiatives_localised_name_wh3_dlc29_black_pyramid_nagash_early_3	All Darkness Belongs to Him	false
initiatives_localised_name_wh3_dlc29_black_pyramid_nagash_early_4	All Death Belongs to Him	false
initiatives_localised_name_wh3_dlc29_black_pyramid_nagash_early_5	His Shadow Grows	false
initiatives_localised_name_wh3_dlc29_black_pyramid_nagash_early_6	No Ocean Shall Deny Him	false
initiatives_localised_name_wh3_dlc29_black_pyramid_nagash_late_1	Those Who Follow Forever	false
initiatives_localised_name_wh3_dlc29_black_pyramid_nagash_late_10	His Deathly Domain	false
initiatives_localised_name_wh3_dlc29_black_pyramid_nagash_late_11	Effigies of Fallen Gods	false
initiatives_localised_name_wh3_dlc29_black_pyramid_nagash_late_12	Architects of Dust	false
initiatives_localised_name_wh3_dlc29_black_pyramid_nagash_late_13	Architectures of Sheer Magic	false
initiatives_localised_name_wh3_dlc29_black_pyramid_nagash_late_14	The Coming of the Heralds	false
initiatives_localised_name_wh3_dlc29_black_pyramid_nagash_late_15	Chronicles of the Unthinkable	false
initiatives_localised_name_wh3_dlc29_black_pyramid_nagash_late_16	The Way of All Flesh	false
initiatives_localised_name_wh3_dlc29_black_pyramid_nagash_late_2	The Shape of Inevitability	false
initiatives_localised_name_wh3_dlc29_black_pyramid_nagash_late_3	The Untouchable Presence	false
initiatives_localised_name_wh3_dlc29_black_pyramid_nagash_late_4	The Indestructible Form	false
initiatives_localised_name_wh3_dlc29_black_pyramid_nagash_late_5	The Path of Inevitability	false
initiatives_localised_name_wh3_dlc29_black_pyramid_nagash_late_6	The Boundless Persistence	false
initiatives_localised_name_wh3_dlc29_black_pyramid_nagash_late_7	The Endless Progress of Extinction	false
initiatives_localised_name_wh3_dlc29_black_pyramid_nagash_late_8	His Earthly Domain 	false
initiatives_localised_name_wh3_dlc29_black_pyramid_nagash_late_9	His Numberless Servants	false
initiatives_localised_name_wh3_dlc29_black_pyramid_nagash_mid_1	What Is Begun Shall Be Finished	false
initiatives_localised_name_wh3_dlc29_black_pyramid_nagash_mid_2	His Will Is Unassailable	false
initiatives_localised_name_wh3_dlc29_black_pyramid_nagash_mid_3	His Wrath Is Inescapable	false
initiatives_localised_name_wh3_dlc29_black_pyramid_nagash_mid_4	What Is Fallen Shall Rise	false
initiatives_localised_name_wh3_dlc29_black_pyramid_nagash_mid_5	His Reign Is Absolute	false
initiatives_localised_name_wh3_dlc29_black_pyramid_nagash_mid_6	His Form Withstands All	false
initiatives_localised_name_wh3_dlc29_black_pyramid_nagash_mid_7	His Hand Withers All	false
initiatives_localised_name_wh3_dlc29_black_pyramid_nagash_mid_8	Omnipresent Darkness	false
initiatives_localised_name_wh3_dlc29_black_pyramid_nagash_shambling_horde_1	The Shambling Detritus	false
initiatives_localised_name_wh3_dlc29_black_pyramid_nagash_shambling_horde_2	Shattered Remnants Abound	false
initiatives_localised_name_wh3_dlc29_black_pyramid_nagash_shambling_horde_3	Shattered Remnants Beyond Count	false
initiatives_localised_name_wh3_dlc29_black_pyramid_nagash_shambling_horde_4	The Twisted Leading The Broken	false
initiatives_localised_name_wh3_dlc29_black_pyramid_nagash_shambling_horde_5	All Are One, One Is All	false
initiatives_localised_name_wh3_dlc29_black_pyramid_nagash_shambling_horde_6	Lasting Vestiges	false
initiatives_localised_name_wh3_dlc29_black_pyramid_nagash_shambling_horde_7	{{tr:initiatives_localised_name_wh3_dlc29_black_pyramid_nagash_shambling_horde_5}}	false
initiatives_localised_name_wh3_dlc29_black_pyramid_nagash_shambling_horde_8	{{tr:initiatives_localised_name_wh3_dlc29_black_pyramid_nagash_shambling_horde_6}}	false
initiatives_localised_name_wh3_dlc29_black_pyramid_nagash_transported_army_1	Cradled in His Shadow	false
initiatives_localised_name_wh3_dlc29_black_pyramid_nagash_transported_army_2	Reared up in Darkness	false
initiatives_localised_name_wh3_dlc29_black_pyramid_nagash_transported_army_3	His Children Multiply	false
initiatives_localised_name_wh3_dlc29_black_pyramid_nagash_transported_army_4	An Eternal Bond	false
initiatives_localised_name_wh3_dlc29_black_pyramid_nagash_transported_army_5	Fresh Undeath's Tenacity	false
initiatives_localised_name_wh3_dlc29_black_pyramid_nagash_transported_army_6	{{tr:initiatives_localised_name_wh3_dlc29_black_pyramid_nagash_transported_army_8}}	false
initiatives_localised_name_wh3_dlc29_black_pyramid_nagash_transported_army_7	Fresh Undeath's Tenacity	false
initiatives_localised_name_wh3_dlc29_black_pyramid_nagash_transported_army_8	Lineages Beyond Count	false
initiatives_localised_name_wh3_dlc29_black_pyramid_nameless_1	Minds Are Playthings	false
initiatives_localised_name_wh3_dlc29_black_pyramid_nameless_2	{{tr:initiatives_localised_name_wh3_dlc29_black_pyramid_nameless_1}}	false
initiatives_localised_name_wh3_dlc29_black_pyramid_nameless_3	A Hero's Will Is Not Enough	false
initiatives_localised_name_wh3_dlc29_black_pyramid_nameless_4	The Freedom to Control	false
initiatives_localised_name_wh3_dlc29_black_pyramid_nameless_5	All Minds Are Playthings	false
initiatives_localised_name_wh3_dlc29_black_pyramid_nameless_6	{{tr:initiatives_localised_name_wh3_dlc29_black_pyramid_nameless_4}}	false
initiatives_localised_name_wh3_dlc29_black_pyramid_nameless_7	Depravity Craves Company	false
initiatives_localised_name_wh3_dlc29_black_pyramid_nameless_8	{{tr:initiatives_localised_name_wh3_dlc29_black_pyramid_nameless_5}}	false
initiatives_localised_name_wh3_dlc29_black_pyramid_nameless_9	{{tr:initiatives_localised_name_wh3_dlc29_black_pyramid_nameless_7}}	false
initiatives_localised_name_wh3_dlc29_black_pyramid_neferata_1	Ancient Concealments	false
initiatives_localised_name_wh3_dlc29_black_pyramid_neferata_2	The Woven Web	false
initiatives_localised_name_wh3_dlc29_black_pyramid_neferata_3	Queen of Night	false
initiatives_localised_name_wh3_dlc29_black_pyramid_post_battle_1	Death Is Servitude	false
initiatives_localised_name_wh3_dlc29_black_pyramid_post_battle_2	Death Gives	false
initiatives_localised_name_wh3_dlc29_black_pyramid_post_battle_3	Death Takes	false
initiatives_localised_name_wh3_dlc29_black_pyramid_post_battle_4	Death Goes On Forever	false
initiatives_localised_name_wh3_dlc29_black_pyramid_post_battle_5	delete me	false
initiatives_localised_name_wh3_dlc29_black_pyramid_settlements_1	Lands of Eternal Acquiescence	false
initiatives_localised_name_wh3_dlc29_black_pyramid_settlements_2	The Ends to His Means	false
initiatives_localised_name_wh3_dlc29_black_pyramid_settlements_3	The Work of His Hands	false
initiatives_localised_name_wh3_dlc29_black_pyramid_settlements_4	All Lands Bound in Death	false
initiatives_localised_name_wh3_dlc29_black_pyramid_settlements_5	delete me	false
initiatives_localised_name_wh3_dlc29_black_pyramid_skeleton_1	The Hollow Fear No Hail	false
initiatives_localised_name_wh3_dlc29_black_pyramid_skeleton_10	{{tr:initiatives_localised_name_wh3_dlc29_black_pyramid_zombies_2}}	false
initiatives_localised_name_wh3_dlc29_black_pyramid_skeleton_2	{{tr:initiatives_localised_name_wh3_dlc29_black_pyramid_zombies_2}}	false
initiatives_localised_name_wh3_dlc29_black_pyramid_skeleton_3	The Inexorable Advance	false
initiatives_localised_name_wh3_dlc29_black_pyramid_skeleton_4	Sunderers of Life	false
initiatives_localised_name_wh3_dlc29_black_pyramid_skeleton_5	The Bones Endure	false
initiatives_localised_name_wh3_dlc29_black_pyramid_skeleton_6	The Unfailing Line	false
initiatives_localised_name_wh3_dlc29_black_pyramid_skeleton_7	Souls of Strong Stock	false
initiatives_localised_name_wh3_dlc29_black_pyramid_skeleton_8	{{tr:initiatives_localised_name_wh3_dlc29_black_pyramid_zombies_8}}	false
initiatives_localised_name_wh3_dlc29_black_pyramid_skeleton_9	Unfailing in Stillness	false
initiatives_localised_name_wh3_dlc29_black_pyramid_spears_1	Death's Endless March	false
initiatives_localised_name_wh3_dlc29_black_pyramid_spears_2	Death's Endless Reach	false
initiatives_localised_name_wh3_dlc29_black_pyramid_spears_3	Pierce the Veil	false
initiatives_localised_name_wh3_dlc29_black_pyramid_spears_4	The Moving Wall	false
initiatives_localised_name_wh3_dlc29_black_pyramid_spears_5	All Are Equal in Death	false
initiatives_localised_name_wh3_dlc29_black_pyramid_spears_6	The Immovable Wall	false
initiatives_localised_name_wh3_dlc29_black_pyramid_start	The Beginning of the End	false
initiatives_localised_name_wh3_dlc29_black_pyramid_sword_shield_1	Implacable Repudiation	false
initiatives_localised_name_wh3_dlc29_black_pyramid_sword_shield_2	Inscriptions of Shielding	false
initiatives_localised_name_wh3_dlc29_black_pyramid_sword_shield_3	Dictate of Denial	false
initiatives_localised_name_wh3_dlc29_black_pyramid_sword_shield_4	Inscriptions of Carving	false
initiatives_localised_name_wh3_dlc29_black_pyramid_sword_shield_5	Injunction of Forbiddance	false
initiatives_localised_name_wh3_dlc29_black_pyramid_sword_shield_6	Sigils of Cessation	false
initiatives_localised_name_wh3_dlc29_black_pyramid_thrones_1	{{tr:initiatives_localised_name_wh3_dlc29_black_pyramid_archers_1}}	false
initiatives_localised_name_wh3_dlc29_black_pyramid_thrones_2	Seats of Unquestioned Authority	false
initiatives_localised_name_wh3_dlc29_black_pyramid_thrones_3	Vestments of Woven Souls	false
initiatives_localised_name_wh3_dlc29_black_pyramid_thrones_4	Symbols of Broken Defiance	false
initiatives_localised_name_wh3_dlc29_black_pyramid_thrones_5	The Thrones of His Majesty	false
initiatives_localised_name_wh3_dlc29_black_pyramid_tmb_II_1	Glory at His Behest	false
initiatives_localised_name_wh3_dlc29_black_pyramid_tmb_II_2	Heralds of His Name	false
initiatives_localised_name_wh3_dlc29_black_pyramid_tmb_II_3	Eternal Unlife	false
initiatives_localised_name_wh3_dlc29_black_pyramid_tmb_II_4	Beasts of Ageless Stone	false
initiatives_localised_name_wh3_dlc29_black_pyramid_tmb_II_5	Ushered By His Voice	false
initiatives_localised_name_wh3_dlc29_black_pyramid_tmb_I_1	By His Decree Risen	false
initiatives_localised_name_wh3_dlc29_black_pyramid_tmb_I_2	His Glory They Proclaim	false
initiatives_localised_name_wh3_dlc29_black_pyramid_tmb_I_3	By His Decree Sustained	false
initiatives_localised_name_wh3_dlc29_black_pyramid_tmb_I_4	In His Glory They Rise	false
initiatives_localised_name_wh3_dlc29_black_pyramid_tmb_I_5	Dread Sentinels	false
initiatives_localised_name_wh3_dlc29_black_pyramid_transit_1	Pathways to Eternity	false
initiatives_localised_name_wh3_dlc29_black_pyramid_transit_10	{{tr:initiatives_localised_name_wh3_dlc29_black_pyramid_transit_1}}	false
initiatives_localised_name_wh3_dlc29_black_pyramid_transit_100	{{tr:initiatives_localised_name_wh3_dlc29_black_pyramid_transit_1}}	false
initiatives_localised_name_wh3_dlc29_black_pyramid_transit_101	{{tr:initiatives_localised_name_wh3_dlc29_black_pyramid_transit_1}}	false
initiatives_localised_name_wh3_dlc29_black_pyramid_transit_102	{{tr:initiatives_localised_name_wh3_dlc29_black_pyramid_transit_1}}	false
initiatives_localised_name_wh3_dlc29_black_pyramid_transit_103	{{tr:initiatives_localised_name_wh3_dlc29_black_pyramid_transit_1}}	false
initiatives_localised_name_wh3_dlc29_black_pyramid_transit_104	{{tr:initiatives_localised_name_wh3_dlc29_black_pyramid_transit_1}}	false
initiatives_localised_name_wh3_dlc29_black_pyramid_transit_105	{{tr:initiatives_localised_name_wh3_dlc29_black_pyramid_transit_1}}	false
initiatives_localised_name_wh3_dlc29_black_pyramid_transit_106	{{tr:initiatives_localised_name_wh3_dlc29_black_pyramid_transit_1}}	false
initiatives_localised_name_wh3_dlc29_black_pyramid_transit_107	{{tr:initiatives_localised_name_wh3_dlc29_black_pyramid_transit_1}}	false
initiatives_localised_name_wh3_dlc29_black_pyramid_transit_108	{{tr:initiatives_localised_name_wh3_dlc29_black_pyramid_transit_1}}	false
initiatives_localised_name_wh3_dlc29_black_pyramid_transit_109	{{tr:initiatives_localised_name_wh3_dlc29_black_pyramid_transit_1}}	false
initiatives_localised_name_wh3_dlc29_black_pyramid_transit_11	{{tr:initiatives_localised_name_wh3_dlc29_black_pyramid_transit_1}}	false
initiatives_localised_name_wh3_dlc29_black_pyramid_transit_110	{{tr:initiatives_localised_name_wh3_dlc29_black_pyramid_transit_1}}	false
initiatives_localised_name_wh3_dlc29_black_pyramid_transit_111	{{tr:initiatives_localised_name_wh3_dlc29_black_pyramid_transit_1}}	false
initiatives_localised_name_wh3_dlc29_black_pyramid_transit_112	{{tr:initiatives_localised_name_wh3_dlc29_black_pyramid_transit_1}}	false
initiatives_localised_name_wh3_dlc29_black_pyramid_transit_113	{{tr:initiatives_localised_name_wh3_dlc29_black_pyramid_transit_1}}	false
initiatives_localised_name_wh3_dlc29_black_pyramid_transit_114	{{tr:initiatives_localised_name_wh3_dlc29_black_pyramid_transit_1}}	false
initiatives_localised_name_wh3_dlc29_black_pyramid_transit_115	{{tr:initiatives_localised_name_wh3_dlc29_black_pyramid_transit_1}}	false
initiatives_localised_name_wh3_dlc29_black_pyramid_transit_116	{{tr:initiatives_localised_name_wh3_dlc29_black_pyramid_transit_1}}	false
initiatives_localised_name_wh3_dlc29_black_pyramid_transit_117	{{tr:initiatives_localised_name_wh3_dlc29_black_pyramid_transit_1}}	false
initiatives_localised_name_wh3_dlc29_black_pyramid_transit_118	{{tr:initiatives_localised_name_wh3_dlc29_black_pyramid_transit_1}}	false
initiatives_localised_name_wh3_dlc29_black_pyramid_transit_119	{{tr:initiatives_localised_name_wh3_dlc29_black_pyramid_transit_1}}	false
initiatives_localised_name_wh3_dlc29_black_pyramid_transit_12	{{tr:initiatives_localised_name_wh3_dlc29_black_pyramid_transit_1}}	false
initiatives_localised_name_wh3_dlc29_black_pyramid_transit_120	{{tr:initiatives_localised_name_wh3_dlc29_black_pyramid_transit_1}}	false
initiatives_localised_name_wh3_dlc29_black_pyramid_transit_121	{{tr:initiatives_localised_name_wh3_dlc29_black_pyramid_transit_1}}	false
initiatives_localised_name_wh3_dlc29_black_pyramid_transit_122	{{tr:initiatives_localised_name_wh3_dlc29_black_pyramid_transit_1}}	false
initiatives_localised_name_wh3_dlc29_black_pyramid_transit_123	{{tr:initiatives_localised_name_wh3_dlc29_black_pyramid_transit_1}}	false
initiatives_localised_name_wh3_dlc29_black_pyramid_transit_124	{{tr:initiatives_localised_name_wh3_dlc29_black_pyramid_transit_1}}	false
initiatives_localised_name_wh3_dlc29_black_pyramid_transit_125	{{tr:initiatives_localised_name_wh3_dlc29_black_pyramid_transit_1}}	false
initiatives_localised_name_wh3_dlc29_black_pyramid_transit_126	{{tr:initiatives_localised_name_wh3_dlc29_black_pyramid_transit_1}}	false
initiatives_localised_name_wh3_dlc29_black_pyramid_transit_127	{{tr:initiatives_localised_name_wh3_dlc29_black_pyramid_transit_1}}	false
initiatives_localised_name_wh3_dlc29_black_pyramid_transit_128	{{tr:initiatives_localised_name_wh3_dlc29_black_pyramid_transit_1}}	false
initiatives_localised_name_wh3_dlc29_black_pyramid_transit_129	{{tr:initiatives_localised_name_wh3_dlc29_black_pyramid_transit_1}}	false
initiatives_localised_name_wh3_dlc29_black_pyramid_transit_13	{{tr:initiatives_localised_name_wh3_dlc29_black_pyramid_transit_1}}	false
initiatives_localised_name_wh3_dlc29_black_pyramid_transit_130	{{tr:initiatives_localised_name_wh3_dlc29_black_pyramid_transit_1}}	false
initiatives_localised_name_wh3_dlc29_black_pyramid_transit_131	{{tr:initiatives_localised_name_wh3_dlc29_black_pyramid_transit_1}}	false
initiatives_localised_name_wh3_dlc29_black_pyramid_transit_132	{{tr:initiatives_localised_name_wh3_dlc29_black_pyramid_transit_1}}	false
initiatives_localised_name_wh3_dlc29_black_pyramid_transit_133	{{tr:initiatives_localised_name_wh3_dlc29_black_pyramid_transit_1}}	false
initiatives_localised_name_wh3_dlc29_black_pyramid_transit_134	{{tr:initiatives_localised_name_wh3_dlc29_black_pyramid_transit_1}}	false
initiatives_localised_name_wh3_dlc29_black_pyramid_transit_135	{{tr:initiatives_localised_name_wh3_dlc29_black_pyramid_transit_1}}	false
initiatives_localised_name_wh3_dlc29_black_pyramid_transit_136	{{tr:initiatives_localised_name_wh3_dlc29_black_pyramid_transit_1}}	false
initiatives_localised_name_wh3_dlc29_black_pyramid_transit_137	{{tr:initiatives_localised_name_wh3_dlc29_black_pyramid_transit_1}}	false
initiatives_localised_name_wh3_dlc29_black_pyramid_transit_138	{{tr:initiatives_localised_name_wh3_dlc29_black_pyramid_transit_1}}	false
initiatives_localised_name_wh3_dlc29_black_pyramid_transit_139	{{tr:initiatives_localised_name_wh3_dlc29_black_pyramid_transit_1}}	false
initiatives_localised_name_wh3_dlc29_black_pyramid_transit_14	{{tr:initiatives_localised_name_wh3_dlc29_black_pyramid_transit_1}}	false
initiatives_localised_name_wh3_dlc29_black_pyramid_transit_140	{{tr:initiatives_localised_name_wh3_dlc29_black_pyramid_transit_1}}	false
initiatives_localised_name_wh3_dlc29_black_pyramid_transit_141	{{tr:initiatives_localised_name_wh3_dlc29_black_pyramid_transit_1}}	false
initiatives_localised_name_wh3_dlc29_black_pyramid_transit_142	{{tr:initiatives_localised_name_wh3_dlc29_black_pyramid_transit_1}}	false
initiatives_localised_name_wh3_dlc29_black_pyramid_transit_143	{{tr:initiatives_localised_name_wh3_dlc29_black_pyramid_transit_1}}	false
initiatives_localised_name_wh3_dlc29_black_pyramid_transit_144	{{tr:initiatives_localised_name_wh3_dlc29_black_pyramid_transit_1}}	false
initiatives_localised_name_wh3_dlc29_black_pyramid_transit_145	{{tr:initiatives_localised_name_wh3_dlc29_black_pyramid_transit_1}}	false
initiatives_localised_name_wh3_dlc29_black_pyramid_transit_146	{{tr:initiatives_localised_name_wh3_dlc29_black_pyramid_transit_1}}	false
initiatives_localised_name_wh3_dlc29_black_pyramid_transit_147	{{tr:initiatives_localised_name_wh3_dlc29_black_pyramid_transit_1}}	false
initiatives_localised_name_wh3_dlc29_black_pyramid_transit_148	{{tr:initiatives_localised_name_wh3_dlc29_black_pyramid_transit_1}}	false
initiatives_localised_name_wh3_dlc29_black_pyramid_transit_15	{{tr:initiatives_localised_name_wh3_dlc29_black_pyramid_transit_1}}	false
initiatives_localised_name_wh3_dlc29_black_pyramid_transit_16	{{tr:initiatives_localised_name_wh3_dlc29_black_pyramid_transit_1}}	false
initiatives_localised_name_wh3_dlc29_black_pyramid_transit_17	{{tr:initiatives_localised_name_wh3_dlc29_black_pyramid_transit_1}}	false
initiatives_localised_name_wh3_dlc29_black_pyramid_transit_18	{{tr:initiatives_localised_name_wh3_dlc29_black_pyramid_transit_1}}	false
initiatives_localised_name_wh3_dlc29_black_pyramid_transit_19	{{tr:initiatives_localised_name_wh3_dlc29_black_pyramid_transit_1}}	false
initiatives_localised_name_wh3_dlc29_black_pyramid_transit_2	{{tr:initiatives_localised_name_wh3_dlc29_black_pyramid_transit_1}}	false
initiatives_localised_name_wh3_dlc29_black_pyramid_transit_20	{{tr:initiatives_localised_name_wh3_dlc29_black_pyramid_transit_1}}	false
initiatives_localised_name_wh3_dlc29_black_pyramid_transit_21	{{tr:initiatives_localised_name_wh3_dlc29_black_pyramid_transit_1}}	false
initiatives_localised_name_wh3_dlc29_black_pyramid_transit_22	{{tr:initiatives_localised_name_wh3_dlc29_black_pyramid_transit_1}}	false
initiatives_localised_name_wh3_dlc29_black_pyramid_transit_23	{{tr:initiatives_localised_name_wh3_dlc29_black_pyramid_transit_1}}	false
initiatives_localised_name_wh3_dlc29_black_pyramid_transit_24	{{tr:initiatives_localised_name_wh3_dlc29_black_pyramid_transit_1}}	false
initiatives_localised_name_wh3_dlc29_black_pyramid_transit_25	{{tr:initiatives_localised_name_wh3_dlc29_black_pyramid_transit_1}}	false
initiatives_localised_name_wh3_dlc29_black_pyramid_transit_26	{{tr:initiatives_localised_name_wh3_dlc29_black_pyramid_transit_1}}	false
initiatives_localised_name_wh3_dlc29_black_pyramid_transit_27	{{tr:initiatives_localised_name_wh3_dlc29_black_pyramid_transit_1}}	false
initiatives_localised_name_wh3_dlc29_black_pyramid_transit_28	{{tr:initiatives_localised_name_wh3_dlc29_black_pyramid_transit_1}}	false
initiatives_localised_name_wh3_dlc29_black_pyramid_transit_29	{{tr:initiatives_localised_name_wh3_dlc29_black_pyramid_transit_1}}	false
initiatives_localised_name_wh3_dlc29_black_pyramid_transit_3	{{tr:initiatives_localised_name_wh3_dlc29_black_pyramid_transit_1}}	false
initiatives_localised_name_wh3_dlc29_black_pyramid_transit_30	{{tr:initiatives_localised_name_wh3_dlc29_black_pyramid_transit_1}}	false
initiatives_localised_name_wh3_dlc29_black_pyramid_transit_31	{{tr:initiatives_localised_name_wh3_dlc29_black_pyramid_transit_1}}	false
initiatives_localised_name_wh3_dlc29_black_pyramid_transit_32	{{tr:initiatives_localised_name_wh3_dlc29_black_pyramid_transit_1}}	false
initiatives_localised_name_wh3_dlc29_black_pyramid_transit_33	{{tr:initiatives_localised_name_wh3_dlc29_black_pyramid_transit_1}}	false
initiatives_localised_name_wh3_dlc29_black_pyramid_transit_34	{{tr:initiatives_localised_name_wh3_dlc29_black_pyramid_transit_1}}	false
initiatives_localised_name_wh3_dlc29_black_pyramid_transit_35	{{tr:initiatives_localised_name_wh3_dlc29_black_pyramid_transit_1}}	false
initiatives_localised_name_wh3_dlc29_black_pyramid_transit_36	{{tr:initiatives_localised_name_wh3_dlc29_black_pyramid_transit_1}}	false
initiatives_localised_name_wh3_dlc29_black_pyramid_transit_37	{{tr:initiatives_localised_name_wh3_dlc29_black_pyramid_transit_1}}	false
initiatives_localised_name_wh3_dlc29_black_pyramid_transit_38	{{tr:initiatives_localised_name_wh3_dlc29_black_pyramid_transit_1}}	false
initiatives_localised_name_wh3_dlc29_black_pyramid_transit_39	{{tr:initiatives_localised_name_wh3_dlc29_black_pyramid_transit_1}}	false
initiatives_localised_name_wh3_dlc29_black_pyramid_transit_4	{{tr:initiatives_localised_name_wh3_dlc29_black_pyramid_transit_1}}	false
initiatives_localised_name_wh3_dlc29_black_pyramid_transit_40	{{tr:initiatives_localised_name_wh3_dlc29_black_pyramid_transit_1}}	false
initiatives_localised_name_wh3_dlc29_black_pyramid_transit_41	{{tr:initiatives_localised_name_wh3_dlc29_black_pyramid_transit_1}}	false
initiatives_localised_name_wh3_dlc29_black_pyramid_transit_42	{{tr:initiatives_localised_name_wh3_dlc29_black_pyramid_transit_1}}	false
initiatives_localised_name_wh3_dlc29_black_pyramid_transit_43	{{tr:initiatives_localised_name_wh3_dlc29_black_pyramid_transit_1}}	false
initiatives_localised_name_wh3_dlc29_black_pyramid_transit_44	{{tr:initiatives_localised_name_wh3_dlc29_black_pyramid_transit_1}}	false
initiatives_localised_name_wh3_dlc29_black_pyramid_transit_45	{{tr:initiatives_localised_name_wh3_dlc29_black_pyramid_transit_1}}	false
initiatives_localised_name_wh3_dlc29_black_pyramid_transit_46	{{tr:initiatives_localised_name_wh3_dlc29_black_pyramid_transit_1}}	false
initiatives_localised_name_wh3_dlc29_black_pyramid_transit_47	{{tr:initiatives_localised_name_wh3_dlc29_black_pyramid_transit_1}}	false
initiatives_localised_name_wh3_dlc29_black_pyramid_transit_48	{{tr:initiatives_localised_name_wh3_dlc29_black_pyramid_transit_1}}	false
initiatives_localised_name_wh3_dlc29_black_pyramid_transit_49	{{tr:initiatives_localised_name_wh3_dlc29_black_pyramid_transit_1}}	false
initiatives_localised_name_wh3_dlc29_black_pyramid_transit_5	{{tr:initiatives_localised_name_wh3_dlc29_black_pyramid_transit_1}}	false
initiatives_localised_name_wh3_dlc29_black_pyramid_transit_50	{{tr:initiatives_localised_name_wh3_dlc29_black_pyramid_transit_1}}	false
initiatives_localised_name_wh3_dlc29_black_pyramid_transit_51	{{tr:initiatives_localised_name_wh3_dlc29_black_pyramid_transit_1}}	false
initiatives_localised_name_wh3_dlc29_black_pyramid_transit_52	{{tr:initiatives_localised_name_wh3_dlc29_black_pyramid_transit_1}}	false
initiatives_localised_name_wh3_dlc29_black_pyramid_transit_53	{{tr:initiatives_localised_name_wh3_dlc29_black_pyramid_transit_1}}	false
initiatives_localised_name_wh3_dlc29_black_pyramid_transit_54	{{tr:initiatives_localised_name_wh3_dlc29_black_pyramid_transit_1}}	false
initiatives_localised_name_wh3_dlc29_black_pyramid_transit_55	{{tr:initiatives_localised_name_wh3_dlc29_black_pyramid_transit_1}}	false
initiatives_localised_name_wh3_dlc29_black_pyramid_transit_56	{{tr:initiatives_localised_name_wh3_dlc29_black_pyramid_transit_1}}	false
initiatives_localised_name_wh3_dlc29_black_pyramid_transit_57	{{tr:initiatives_localised_name_wh3_dlc29_black_pyramid_transit_1}}	false
initiatives_localised_name_wh3_dlc29_black_pyramid_transit_58	{{tr:initiatives_localised_name_wh3_dlc29_black_pyramid_transit_1}}	false
initiatives_localised_name_wh3_dlc29_black_pyramid_transit_59	{{tr:initiatives_localised_name_wh3_dlc29_black_pyramid_transit_1}}	false
initiatives_localised_name_wh3_dlc29_black_pyramid_transit_6	{{tr:initiatives_localised_name_wh3_dlc29_black_pyramid_transit_1}}	false
initiatives_localised_name_wh3_dlc29_black_pyramid_transit_60	{{tr:initiatives_localised_name_wh3_dlc29_black_pyramid_transit_1}}	false
initiatives_localised_name_wh3_dlc29_black_pyramid_transit_61	{{tr:initiatives_localised_name_wh3_dlc29_black_pyramid_transit_1}}	false
initiatives_localised_name_wh3_dlc29_black_pyramid_transit_62	{{tr:initiatives_localised_name_wh3_dlc29_black_pyramid_transit_1}}	false
initiatives_localised_name_wh3_dlc29_black_pyramid_transit_63	{{tr:initiatives_localised_name_wh3_dlc29_black_pyramid_transit_1}}	false
initiatives_localised_name_wh3_dlc29_black_pyramid_transit_64	{{tr:initiatives_localised_name_wh3_dlc29_black_pyramid_transit_1}}	false
initiatives_localised_name_wh3_dlc29_black_pyramid_transit_65	{{tr:initiatives_localised_name_wh3_dlc29_black_pyramid_transit_1}}	false
initiatives_localised_name_wh3_dlc29_black_pyramid_transit_66	{{tr:initiatives_localised_name_wh3_dlc29_black_pyramid_transit_1}}	false
initiatives_localised_name_wh3_dlc29_black_pyramid_transit_67	{{tr:initiatives_localised_name_wh3_dlc29_black_pyramid_transit_1}}	false
initiatives_localised_name_wh3_dlc29_black_pyramid_transit_68	{{tr:initiatives_localised_name_wh3_dlc29_black_pyramid_transit_1}}	false
initiatives_localised_name_wh3_dlc29_black_pyramid_transit_69	{{tr:initiatives_localised_name_wh3_dlc29_black_pyramid_transit_1}}	false
initiatives_localised_name_wh3_dlc29_black_pyramid_transit_7	{{tr:initiatives_localised_name_wh3_dlc29_black_pyramid_transit_1}}	false
initiatives_localised_name_wh3_dlc29_black_pyramid_transit_70	{{tr:initiatives_localised_name_wh3_dlc29_black_pyramid_transit_1}}	false
initiatives_localised_name_wh3_dlc29_black_pyramid_transit_71	{{tr:initiatives_localised_name_wh3_dlc29_black_pyramid_transit_1}}	false
initiatives_localised_name_wh3_dlc29_black_pyramid_transit_72	{{tr:initiatives_localised_name_wh3_dlc29_black_pyramid_transit_1}}	false
initiatives_localised_name_wh3_dlc29_black_pyramid_transit_73	{{tr:initiatives_localised_name_wh3_dlc29_black_pyramid_transit_1}}	false
initiatives_localised_name_wh3_dlc29_black_pyramid_transit_74	{{tr:initiatives_localised_name_wh3_dlc29_black_pyramid_transit_1}}	false
initiatives_localised_name_wh3_dlc29_black_pyramid_transit_75	{{tr:initiatives_localised_name_wh3_dlc29_black_pyramid_transit_1}}	false
initiatives_localised_name_wh3_dlc29_black_pyramid_transit_76	{{tr:initiatives_localised_name_wh3_dlc29_black_pyramid_transit_1}}	false
initiatives_localised_name_wh3_dlc29_black_pyramid_transit_77	{{tr:initiatives_localised_name_wh3_dlc29_black_pyramid_transit_1}}	false
initiatives_localised_name_wh3_dlc29_black_pyramid_transit_78	{{tr:initiatives_localised_name_wh3_dlc29_black_pyramid_transit_1}}	false
initiatives_localised_name_wh3_dlc29_black_pyramid_transit_79	{{tr:initiatives_localised_name_wh3_dlc29_black_pyramid_transit_1}}	false
initiatives_localised_name_wh3_dlc29_black_pyramid_transit_8	{{tr:initiatives_localised_name_wh3_dlc29_black_pyramid_transit_1}}	false
initiatives_localised_name_wh3_dlc29_black_pyramid_transit_80	{{tr:initiatives_localised_name_wh3_dlc29_black_pyramid_transit_1}}	false
initiatives_localised_name_wh3_dlc29_black_pyramid_transit_81	{{tr:initiatives_localised_name_wh3_dlc29_black_pyramid_transit_1}}	false
initiatives_localised_name_wh3_dlc29_black_pyramid_transit_82	{{tr:initiatives_localised_name_wh3_dlc29_black_pyramid_transit_1}}	false
initiatives_localised_name_wh3_dlc29_black_pyramid_transit_83	{{tr:initiatives_localised_name_wh3_dlc29_black_pyramid_transit_1}}	false
initiatives_localised_name_wh3_dlc29_black_pyramid_transit_84	{{tr:initiatives_localised_name_wh3_dlc29_black_pyramid_transit_1}}	false
initiatives_localised_name_wh3_dlc29_black_pyramid_transit_85	{{tr:initiatives_localised_name_wh3_dlc29_black_pyramid_transit_1}}	false
initiatives_localised_name_wh3_dlc29_black_pyramid_transit_86	{{tr:initiatives_localised_name_wh3_dlc29_black_pyramid_transit_1}}	false
initiatives_localised_name_wh3_dlc29_black_pyramid_transit_87	{{tr:initiatives_localised_name_wh3_dlc29_black_pyramid_transit_1}}	false
initiatives_localised_name_wh3_dlc29_black_pyramid_transit_88	{{tr:initiatives_localised_name_wh3_dlc29_black_pyramid_transit_1}}	false
initiatives_localised_name_wh3_dlc29_black_pyramid_transit_89	{{tr:initiatives_localised_name_wh3_dlc29_black_pyramid_transit_1}}	false
initiatives_localised_name_wh3_dlc29_black_pyramid_transit_9	{{tr:initiatives_localised_name_wh3_dlc29_black_pyramid_transit_1}}	false
initiatives_localised_name_wh3_dlc29_black_pyramid_transit_90	{{tr:initiatives_localised_name_wh3_dlc29_black_pyramid_transit_1}}	false
initiatives_localised_name_wh3_dlc29_black_pyramid_transit_91	{{tr:initiatives_localised_name_wh3_dlc29_black_pyramid_transit_1}}	false
initiatives_localised_name_wh3_dlc29_black_pyramid_transit_92	{{tr:initiatives_localised_name_wh3_dlc29_black_pyramid_transit_1}}	false
initiatives_localised_name_wh3_dlc29_black_pyramid_transit_93	{{tr:initiatives_localised_name_wh3_dlc29_black_pyramid_transit_1}}	false
initiatives_localised_name_wh3_dlc29_black_pyramid_transit_94	{{tr:initiatives_localised_name_wh3_dlc29_black_pyramid_transit_1}}	false
initiatives_localised_name_wh3_dlc29_black_pyramid_transit_95	{{tr:initiatives_localised_name_wh3_dlc29_black_pyramid_transit_1}}	false
initiatives_localised_name_wh3_dlc29_black_pyramid_transit_96	{{tr:initiatives_localised_name_wh3_dlc29_black_pyramid_transit_1}}	false
initiatives_localised_name_wh3_dlc29_black_pyramid_transit_97	{{tr:initiatives_localised_name_wh3_dlc29_black_pyramid_transit_1}}	false
initiatives_localised_name_wh3_dlc29_black_pyramid_transit_98	{{tr:initiatives_localised_name_wh3_dlc29_black_pyramid_transit_1}}	false
initiatives_localised_name_wh3_dlc29_black_pyramid_transit_99	{{tr:initiatives_localised_name_wh3_dlc29_black_pyramid_transit_1}}	false
initiatives_localised_name_wh3_dlc29_black_pyramid_undead_monsters_1	{{tr:initiatives_localised_name_wh3_dlc29_black_pyramid_archers_1}}	false
initiatives_localised_name_wh3_dlc29_black_pyramid_undead_monsters_2	Nagash's Winged Darkness	false
initiatives_localised_name_wh3_dlc29_black_pyramid_undead_monsters_3	The Sky's Voracious Gaze	false
initiatives_localised_name_wh3_dlc29_black_pyramid_undead_monsters_4	The Deathly Mouths	false
initiatives_localised_name_wh3_dlc29_black_pyramid_undead_monsters_5	Nagash's Walking Desolation	false
initiatives_localised_name_wh3_dlc29_black_pyramid_undead_monsters_6	Nagash's Impregnable Shroud	false
initiatives_localised_name_wh3_dlc29_black_pyramid_undead_monsters_7	The Deathless Shells	false
initiatives_localised_name_wh3_dlc29_black_pyramid_undead_monsters_8	Unliving, Unyielding	false
initiatives_localised_name_wh3_dlc29_black_pyramid_undead_monsters_9	The Land's Risen Flesh	false
initiatives_localised_name_wh3_dlc29_black_pyramid_undead_monstrous_1	{{tr:initiatives_localised_name_wh3_dlc29_black_pyramid_archers_1}}	false
initiatives_localised_name_wh3_dlc29_black_pyramid_undead_monstrous_2	Undeath's Feeding Frenzy	false
initiatives_localised_name_wh3_dlc29_black_pyramid_undead_monstrous_3	Monstrous Multitudes	false
initiatives_localised_name_wh3_dlc29_black_pyramid_undead_monstrous_4	{{tr:initiatives_localised_name_wh3_dlc29_black_pyramid_undead_monsters_1}}	false
initiatives_localised_name_wh3_dlc29_black_pyramid_undead_monstrous_5	{{tr:initiatives_localised_name_wh3_dlc29_black_pyramid_undead_monsters_1}}	false
initiatives_localised_name_wh3_dlc29_black_pyramid_undead_monstrous_6	What Lives Hurts Not	false
initiatives_localised_name_wh3_dlc29_black_pyramid_undead_monstrous_7	Boundary of Infinite Cold	false
initiatives_localised_name_wh3_dlc29_black_pyramid_undead_monstrous_8	Feast of Flesh & Souls	false
initiatives_localised_name_wh3_dlc29_black_pyramid_undead_monstrous_9	Undeath's Bursting Fruit	false
initiatives_localised_name_wh3_dlc29_black_pyramid_vampires_1	Bathed in Blood	false
initiatives_localised_name_wh3_dlc29_black_pyramid_vampires_2	Nagash's First Lieutenants	false
initiatives_localised_name_wh3_dlc29_black_pyramid_vampires_3	{{tr:initiatives_localised_name_wh3_dlc29_black_pyramid_archers_1}}	false
initiatives_localised_name_wh3_dlc29_black_pyramid_vampires_4	By His Grace and Theirs	false
initiatives_localised_name_wh3_dlc29_black_pyramid_vampires_5	Nagash's Mark of Awe	false
initiatives_localised_name_wh3_dlc29_black_pyramid_vampires_6	Bone-Piercing Dread	false
initiatives_localised_name_wh3_dlc29_black_pyramid_vampires_7	Nagash's Mark of Terror	false
initiatives_localised_name_wh3_dlc29_black_pyramid_vampires_8	Inexhaustible Miasma	false
initiatives_localised_name_wh3_dlc29_black_pyramid_vampires_9	Favoured of the Dark Winds	false
initiatives_localised_name_wh3_dlc29_black_pyramid_vlad_1	He Who Will Always Remain	false
initiatives_localised_name_wh3_dlc29_black_pyramid_vlad_2	He Who Flies in Monstrous Shadow	false
initiatives_localised_name_wh3_dlc29_black_pyramid_vlad_3	He Who Slaughters Single-Handedly	false
initiatives_localised_name_wh3_dlc29_black_pyramid_vmp_II_1	Bestowed A Greater Darkness	false
initiatives_localised_name_wh3_dlc29_black_pyramid_vmp_II_2	Manifold Darkness	false
initiatives_localised_name_wh3_dlc29_black_pyramid_vmp_II_3	Blackest Summons	false
initiatives_localised_name_wh3_dlc29_black_pyramid_vmp_II_4	The Horrors Above	false
initiatives_localised_name_wh3_dlc29_black_pyramid_vmp_II_5	A Tenebrous Shade of Red	false
initiatives_localised_name_wh3_dlc29_black_pyramid_vmp_I_1	By His Dark Will Called	false
initiatives_localised_name_wh3_dlc29_black_pyramid_vmp_I_2	In His Shadow They Dwell	false
initiatives_localised_name_wh3_dlc29_black_pyramid_vmp_I_3	By His Dark Will Sustained	false
initiatives_localised_name_wh3_dlc29_black_pyramid_vmp_I_4	In His Shadow They Speak	false
initiatives_localised_name_wh3_dlc29_black_pyramid_vmp_I_5	The Horrors Underneath	false
initiatives_localised_name_wh3_dlc29_black_pyramid_walach_1	Bloodiest of Knights	false
initiatives_localised_name_wh3_dlc29_black_pyramid_walach_2	Foremost Seeker of Glory	false
initiatives_localised_name_wh3_dlc29_black_pyramid_walach_3	Blood & Glory Eternal	false
initiatives_localised_name_wh3_dlc29_black_pyramid_winds_of_magic_1	Bottomless Dark Magic	false
initiatives_localised_name_wh3_dlc29_black_pyramid_winds_of_magic_10	The Thinning Thread	false
initiatives_localised_name_wh3_dlc29_black_pyramid_winds_of_magic_2	Ever-greater Depths	false
initiatives_localised_name_wh3_dlc29_black_pyramid_winds_of_magic_3	One With Shyish	false
initiatives_localised_name_wh3_dlc29_black_pyramid_winds_of_magic_4	NOT USED	false
initiatives_localised_name_wh3_dlc29_black_pyramid_winds_of_magic_5	{{tr:initiatives_localised_name_wh3_dlc29_black_pyramid_winds_of_magic_10}}	false
initiatives_localised_name_wh3_dlc29_black_pyramid_winds_of_magic_6	{{tr:initiatives_localised_name_wh3_dlc29_black_pyramid_winds_of_magic_1}}	false
initiatives_localised_name_wh3_dlc29_black_pyramid_winds_of_magic_7	{{tr:initiatives_localised_name_wh3_dlc29_black_pyramid_winds_of_magic_2}}	false
initiatives_localised_name_wh3_dlc29_black_pyramid_winds_of_magic_8	{{tr:initiatives_localised_name_wh3_dlc29_black_pyramid_winds_of_magic_3}}	false
initiatives_localised_name_wh3_dlc29_black_pyramid_winds_of_magic_9	NOT USED	false
initiatives_localised_name_wh3_dlc29_black_pyramid_wraith_1	{{tr:initiatives_localised_name_wh3_dlc29_black_pyramid_archers_1}}	false
initiatives_localised_name_wh3_dlc29_black_pyramid_wraith_2	Shaped by Shyish	false
initiatives_localised_name_wh3_dlc29_black_pyramid_wraith_3	The Inviolable Shroud	false
initiatives_localised_name_wh3_dlc29_black_pyramid_wraith_4	Parting the Veil	false
initiatives_localised_name_wh3_dlc29_black_pyramid_wraith_5	The Whisper Before the Wail	false
initiatives_localised_name_wh3_dlc29_black_pyramid_zombies_1	What is Killed is Made Stronger	false
initiatives_localised_name_wh3_dlc29_black_pyramid_zombies_10	{{tr:initiatives_localised_name_wh3_dlc29_black_pyramid_zombies_2}}	false
initiatives_localised_name_wh3_dlc29_black_pyramid_zombies_2	{{tr:initiatives_localised_name_wh3_dlc29_black_pyramid_archers_1}}	false
initiatives_localised_name_wh3_dlc29_black_pyramid_zombies_3	His Will's Receptacles	false
initiatives_localised_name_wh3_dlc29_black_pyramid_zombies_4	Easy to Die, Easy to Rise	false
initiatives_localised_name_wh3_dlc29_black_pyramid_zombies_5	Ghoulish Instruments	false
initiatives_localised_name_wh3_dlc29_black_pyramid_zombies_6	Cracking of the Mortal Shells	false
initiatives_localised_name_wh3_dlc29_black_pyramid_zombies_7	Unfettered by Death	false
initiatives_localised_name_wh3_dlc29_black_pyramid_zombies_8	Shyish Sustains	false
initiatives_localised_name_wh3_dlc29_black_pyramid_zombies_9	Pall of the Crypt	false
initiatives_localised_name_wh3_dlc29_book_of_nagash_1	{{tr:unit_abilities_onscreen_name_wh3_dlc29_passive_spell_death_doom_and_darkness}}	false
initiatives_localised_name_wh3_dlc29_book_of_nagash_10	{{tr:unit_abilities_onscreen_name_wh3_dlc29_passive_spell_nehekhara_nerus_incantation_of_protection}}	false
initiatives_localised_name_wh3_dlc29_book_of_nagash_11	{{tr:unit_abilities_onscreen_name_wh3_dlc29_passive_spell_nehekhara_sakhmets_incantation_of_the_skullstorm}}	false
initiatives_localised_name_wh3_dlc29_book_of_nagash_12	{{tr:unit_abilities_onscreen_name_wh3_dlc29_passive_spell_nehekhara_usirians_incantation_of_vengeance}}	false
initiatives_localised_name_wh3_dlc29_book_of_nagash_2	{{tr:unit_abilities_onscreen_name_wh3_dlc29_passive_spell_death_spirit_leech}}	false
initiatives_localised_name_wh3_dlc29_book_of_nagash_3	{{tr:unit_abilities_onscreen_name_wh3_dlc29_passive_spell_death_purple_sun_of_xereus}}	false
initiatives_localised_name_wh3_dlc29_book_of_nagash_4	{{tr:unit_abilities_onscreen_name_wh3_dlc29_passive_spell_light_banishment}}	false
initiatives_localised_name_wh3_dlc29_book_of_nagash_5	{{tr:unit_abilities_onscreen_name_wh3_dlc29_passive_spell_light_light_of_battle}}	false
initiatives_localised_name_wh3_dlc29_book_of_nagash_6	{{tr:unit_abilities_onscreen_name_wh3_dlc29_passive_spell_light_shems_burning_gaze}}	false
initiatives_localised_name_wh3_dlc29_book_of_nagash_7	{{tr:unit_abilities_onscreen_name_wh3_dlc29_passive_spell_vampires_gaze_of_nagash}}	false
initiatives_localised_name_wh3_dlc29_book_of_nagash_8	{{tr:unit_abilities_onscreen_name_wh3_dlc29_passive_spell_vampires_invocation_of_nehek}}	false
initiatives_localised_name_wh3_dlc29_book_of_nagash_9	{{tr:unit_abilities_onscreen_name_wh3_dlc29_passive_spell_vampires_curse_of_years}}	false
initiatives_localised_name_wh3_dlc29_emp_middenland_the_great_temple_of_ulric_hall_of_flame_level_1	{{tr:initiative_sets_localised_name_wh3_dlc29_middenland_the_great_temple_of_ulric_hall_of_flame}} I	false
initiatives_localised_name_wh3_dlc29_emp_middenland_the_great_temple_of_ulric_hall_of_flame_level_2	{{tr:initiative_sets_localised_name_wh3_dlc29_middenland_the_great_temple_of_ulric_hall_of_flame}} II	false
initiatives_localised_name_wh3_dlc29_emp_middenland_the_great_temple_of_ulric_hall_of_flame_level_3	{{tr:initiative_sets_localised_name_wh3_dlc29_middenland_the_great_temple_of_ulric_hall_of_flame}} III	false
initiatives_localised_name_wh3_dlc29_emp_middenland_the_great_temple_of_ulric_hall_of_flame_level_4	{{tr:initiative_sets_localised_name_wh3_dlc29_middenland_the_great_temple_of_ulric_hall_of_flame}} IV	false
initiatives_localised_name_wh3_dlc29_emp_middenland_the_great_temple_of_ulric_high_altar_of_ulric_level_1	{{tr:initiative_sets_localised_name_wh3_dlc29_middenland_the_great_temple_of_ulric_high_altar_of_ulric}} I	false
initiatives_localised_name_wh3_dlc29_emp_middenland_the_great_temple_of_ulric_high_altar_of_ulric_level_2	{{tr:initiative_sets_localised_name_wh3_dlc29_middenland_the_great_temple_of_ulric_high_altar_of_ulric}} II	false
initiatives_localised_name_wh3_dlc29_emp_middenland_the_great_temple_of_ulric_high_altar_of_ulric_level_3	{{tr:initiative_sets_localised_name_wh3_dlc29_middenland_the_great_temple_of_ulric_high_altar_of_ulric}} III	false
initiatives_localised_name_wh3_dlc29_emp_middenland_the_great_temple_of_ulric_high_altar_of_ulric_level_4	{{tr:initiative_sets_localised_name_wh3_dlc29_middenland_the_great_temple_of_ulric_high_altar_of_ulric}} IV	false
initiatives_localised_name_wh3_dlc29_emp_middenland_the_great_temple_of_ulric_pilgrims_retreat_level_1	{{tr:initiative_sets_localised_name_wh3_dlc29_middenland_the_great_temple_of_ulric_pilgrims_retreat}} I	false
initiatives_localised_name_wh3_dlc29_emp_middenland_the_great_temple_of_ulric_pilgrims_retreat_level_2	{{tr:initiative_sets_localised_name_wh3_dlc29_middenland_the_great_temple_of_ulric_pilgrims_retreat}} II	false
initiatives_localised_name_wh3_dlc29_emp_middenland_the_great_temple_of_ulric_pilgrims_retreat_level_3	{{tr:initiative_sets_localised_name_wh3_dlc29_middenland_the_great_temple_of_ulric_pilgrims_retreat}} III	false
initiatives_localised_name_wh3_dlc29_emp_middenland_the_great_temple_of_ulric_pilgrims_retreat_level_4	{{tr:initiative_sets_localised_name_wh3_dlc29_middenland_the_great_temple_of_ulric_pilgrims_retreat}} IV	false
initiatives_localised_name_wh3_dlc29_emp_middenland_the_great_temple_of_ulric_reliquary_of_fangs_level_1	{{tr:initiative_sets_localised_name_wh3_dlc29_middenland_the_great_temple_of_ulric_reliquary_of_fangs}} I	false
initiatives_localised_name_wh3_dlc29_emp_middenland_the_great_temple_of_ulric_reliquary_of_fangs_level_2	{{tr:initiative_sets_localised_name_wh3_dlc29_middenland_the_great_temple_of_ulric_reliquary_of_fangs}} II	false
initiatives_localised_name_wh3_dlc29_emp_middenland_the_great_temple_of_ulric_reliquary_of_fangs_level_3	{{tr:initiative_sets_localised_name_wh3_dlc29_middenland_the_great_temple_of_ulric_reliquary_of_fangs}} III	false
initiatives_localised_name_wh3_dlc29_emp_middenland_the_great_temple_of_ulric_reliquary_of_fangs_level_4	{{tr:initiative_sets_localised_name_wh3_dlc29_middenland_the_great_temple_of_ulric_reliquary_of_fangs}} IV	false
initiatives_localised_name_wh3_dlc29_emp_middenland_the_great_temple_of_ulric_statue_of_the_white_wolf_level_1	{{tr:initiative_sets_localised_name_wh3_dlc29_middenland_the_great_temple_of_ulric_statue_of_the_white_wolf}} I	false
initiatives_localised_name_wh3_dlc29_emp_middenland_the_great_temple_of_ulric_statue_of_the_white_wolf_level_2	{{tr:initiative_sets_localised_name_wh3_dlc29_middenland_the_great_temple_of_ulric_statue_of_the_white_wolf}} II	false
initiatives_localised_name_wh3_dlc29_emp_middenland_the_great_temple_of_ulric_statue_of_the_white_wolf_level_3	{{tr:initiative_sets_localised_name_wh3_dlc29_middenland_the_great_temple_of_ulric_statue_of_the_white_wolf}} III	false
initiatives_localised_name_wh3_dlc29_emp_middenland_the_great_temple_of_ulric_statue_of_the_white_wolf_level_4	{{tr:initiative_sets_localised_name_wh3_dlc29_middenland_the_great_temple_of_ulric_statue_of_the_white_wolf}} IV	false
initiatives_localised_name_wh3_dlc29_emp_middenland_the_great_temple_of_ulric_teutogen_bastion_level_1	{{tr:initiative_sets_localised_name_wh3_dlc29_middenland_the_great_temple_of_ulric_teutogen_bastion}} I	false
initiatives_localised_name_wh3_dlc29_emp_middenland_the_great_temple_of_ulric_teutogen_bastion_level_2	{{tr:initiative_sets_localised_name_wh3_dlc29_middenland_the_great_temple_of_ulric_teutogen_bastion}} II	false
initiatives_localised_name_wh3_dlc29_emp_middenland_the_great_temple_of_ulric_teutogen_bastion_level_3	{{tr:initiative_sets_localised_name_wh3_dlc29_middenland_the_great_temple_of_ulric_teutogen_bastion}} III	false
initiatives_localised_name_wh3_dlc29_emp_middenland_the_great_temple_of_ulric_teutogen_bastion_level_4	{{tr:initiative_sets_localised_name_wh3_dlc29_middenland_the_great_temple_of_ulric_teutogen_bastion}} IV	false
initiatives_localised_name_wh3_dlc29_faction_initiative_chs_undivided_5_units_chaos_siege_giant	Hate-Fuelled Monstrosity	false
initiatives_localised_name_wh3_dlc29_marks_of_nurgle_1_level_0	Obstreperous Lordship	false
initiatives_localised_name_wh3_dlc29_marks_of_nurgle_1_level_1	{{tr:initiatives_localised_name_wh3_dlc29_marks_of_nurgle_1_level_0}}	false
initiatives_localised_name_wh3_dlc29_marks_of_nurgle_1_level_2	{{tr:initiatives_localised_name_wh3_dlc29_marks_of_nurgle_1_level_0}}	false
initiatives_localised_name_wh3_dlc29_marks_of_nurgle_1_level_3	{{tr:initiatives_localised_name_wh3_dlc29_marks_of_nurgle_1_level_0}}	false
initiatives_localised_name_wh3_dlc29_marks_of_nurgle_2_level_0	Miasmal Windfall	false
initiatives_localised_name_wh3_dlc29_marks_of_nurgle_2_level_1	{{tr:initiatives_localised_name_wh3_dlc29_marks_of_nurgle_2_level_0}}	false
initiatives_localised_name_wh3_dlc29_marks_of_nurgle_2_level_2	{{tr:initiatives_localised_name_wh3_dlc29_marks_of_nurgle_2_level_0}}	false
initiatives_localised_name_wh3_dlc29_marks_of_nurgle_2_level_3	{{tr:initiatives_localised_name_wh3_dlc29_marks_of_nurgle_2_level_0}}	false
initiatives_localised_name_wh3_dlc29_marks_of_nurgle_3_level_0	Virulent Insight	false
initiatives_localised_name_wh3_dlc29_marks_of_nurgle_3_level_1	{{tr:initiatives_localised_name_wh3_dlc29_marks_of_nurgle_3_level_0}}	false
initiatives_localised_name_wh3_dlc29_marks_of_nurgle_3_level_2	{{tr:initiatives_localised_name_wh3_dlc29_marks_of_nurgle_3_level_0}}	false
initiatives_localised_name_wh3_dlc29_marks_of_nurgle_3_level_3	{{tr:initiatives_localised_name_wh3_dlc29_marks_of_nurgle_3_level_0}}	false
initiatives_localised_name_wh3_dlc29_marks_of_nurgle_4_level_0	Putrefying Grit	false
initiatives_localised_name_wh3_dlc29_marks_of_nurgle_4_level_1	{{tr:initiatives_localised_name_wh3_dlc29_marks_of_nurgle_4_level_0}}	false
initiatives_localised_name_wh3_dlc29_marks_of_nurgle_4_level_2	{{tr:initiatives_localised_name_wh3_dlc29_marks_of_nurgle_4_level_0}}	false
initiatives_localised_name_wh3_dlc29_marks_of_nurgle_4_level_3	{{tr:initiatives_localised_name_wh3_dlc29_marks_of_nurgle_4_level_0}}	false
initiatives_localised_name_wh3_dlc29_marks_of_nurgle_5_level_0	Fecund Rebirth	false
initiatives_localised_name_wh3_dlc29_marks_of_nurgle_5_level_1	{{tr:initiatives_localised_name_wh3_dlc29_marks_of_nurgle_5_level_0}}	false
initiatives_localised_name_wh3_dlc29_marks_of_nurgle_5_level_2	{{tr:initiatives_localised_name_wh3_dlc29_marks_of_nurgle_5_level_0}}	false
initiatives_localised_name_wh3_dlc29_marks_of_nurgle_5_level_3	{{tr:initiatives_localised_name_wh3_dlc29_marks_of_nurgle_5_level_0}}	false
initiatives_localised_name_wh3_dlc29_marks_of_nurgle_6_level_0	Acolyte of Pestilence	false
initiatives_localised_name_wh3_dlc29_marks_of_nurgle_6_level_1	{{tr:initiatives_localised_name_wh3_dlc29_marks_of_nurgle_6_level_0}}	false
initiatives_localised_name_wh3_dlc29_marks_of_nurgle_6_level_2	{{tr:initiatives_localised_name_wh3_dlc29_marks_of_nurgle_6_level_0}}	false
initiatives_localised_name_wh3_dlc29_marks_of_nurgle_6_level_3	{{tr:initiatives_localised_name_wh3_dlc29_marks_of_nurgle_6_level_0}}	false
initiatives_localised_name_wh3_dlc29_marks_of_nurgle_7_level_0	Unbridled Growth	false
initiatives_localised_name_wh3_dlc29_marks_of_nurgle_7_level_1	{{tr:initiatives_localised_name_wh3_dlc29_marks_of_nurgle_7_level_0}}	false
initiatives_localised_name_wh3_dlc29_marks_of_nurgle_7_level_2	{{tr:initiatives_localised_name_wh3_dlc29_marks_of_nurgle_7_level_0}}	false
initiatives_localised_name_wh3_dlc29_marks_of_nurgle_7_level_3	{{tr:initiatives_localised_name_wh3_dlc29_marks_of_nurgle_7_level_0}}	false
initiatives_localised_name_wh3_main_character_initiative_kairos_spells_common_1_beast	{{tr:unit_abilities_onscreen_name_wh_dlc03_spell_beasts_wyssans_wildform}}	false
initiatives_localised_name_wh3_main_character_initiative_kairos_spells_common_1_death	{{tr:unit_abilities_onscreen_name_wh_dlc08_spell_death_aspect_of_the_dreadknight_arzik}}	false
initiatives_localised_name_wh3_main_character_initiative_kairos_spells_common_1_fire	{{tr:unit_abilities_onscreen_name_wh_main_spell_fire_cascading_fire_cloak}}	false
initiatives_localised_name_wh3_main_character_initiative_kairos_spells_common_1_heavens	{{tr:unit_abilities_onscreen_name_wh2_dlc11_spell_bound_wind_blast}}	false
initiatives_localised_name_wh3_main_character_initiative_kairos_spells_common_1_life	{{tr:unit_abilities_onscreen_name_wh_dlc05_spell_life_awakening_of_the_wood}}	false
initiatives_localised_name_wh3_main_character_initiative_kairos_spells_common_1_light	{{tr:unit_abilities_onscreen_name_wh3_main_spell_bound_phas_protection}}	false
initiatives_localised_name_wh3_main_character_initiative_kairos_spells_common_1_metal	{{tr:unit_abilities_onscreen_name_wh3_main_spell_bound_plague_of_rust}}	false
initiatives_localised_name_wh3_main_character_initiative_kairos_spells_common_1_shadows	{{tr:unit_abilities_onscreen_name_wh_dlc05_spell_shadow_melkoths_mystifying_miasma}}	false
initiatives_localised_name_wh3_main_character_initiative_kairos_spells_common_1_tzeentch	{{tr:unit_abilities_onscreen_name_wh3_dlc20_spell_bound_pink_fire_of_tzeentch}}	false
initiatives_localised_name_wh3_main_character_initiative_kairos_spells_common_2_beast	{{tr:unit_abilities_onscreen_name_wh3_main_spell_bound_flock_of_doom}}	false
initiatives_localised_name_wh3_main_character_initiative_kairos_spells_common_2_death	{{tr:unit_abilities_onscreen_name_wh2_dlc09_spell_death_spirit_leech_bound}}	false
initiatives_localised_name_wh3_main_character_initiative_kairos_spells_common_2_fire	{{tr:unit_abilities_onscreen_name_wh_dlc08_spell_fire_fireball_kihar}}	false
initiatives_localised_name_wh3_main_character_initiative_kairos_spells_common_2_heavens	{{tr:unit_abilities_onscreen_name_wh_main_spell_heavens_harmonic_convergence}}	false
initiatives_localised_name_wh3_main_character_initiative_kairos_spells_common_2_life	{{tr:unit_abilities_onscreen_name_wh2_dlc16_spell_bound_earth_blood}}	false
initiatives_localised_name_wh3_main_character_initiative_kairos_spells_common_2_light	{{tr:unit_abilities_onscreen_name_wh_main_spell_light_shems_burning_gaze}}	false
initiatives_localised_name_wh3_main_character_initiative_kairos_spells_common_2_metal	{{tr:unit_abilities_onscreen_name_wh3_twa08_spell_bound_searing_doom}}	false
initiatives_localised_name_wh3_main_character_initiative_kairos_spells_common_2_shadows	{{tr:unit_abilities_onscreen_name_wh3_dlc23_spell_bound_enfeebling_foe}}	false
initiatives_localised_name_wh3_main_character_initiative_kairos_spells_common_2_tzeentch	{{tr:unit_abilities_onscreen_name_wh3_main_spell_tzeentch_blue_fire_of_tzeentch}}	false
initiatives_localised_name_wh3_main_character_initiative_kairos_spells_rare_1_beast	{{tr:unit_abilities_onscreen_name_wh2_dlc16_spell_bound_the_curse_of_anraheir}}	false
initiatives_localised_name_wh3_main_character_initiative_kairos_spells_rare_1_death	{{tr:unit_abilities_onscreen_name_wh2_dlc11_spell_bound_the_purple_sun_of_xereus}}	false
initiatives_localised_name_wh3_main_character_initiative_kairos_spells_rare_1_fire	{{tr:unit_abilities_onscreen_name_wh_main_spell_bound_piercing_bolts_of_burning}}	false
initiatives_localised_name_wh3_main_character_initiative_kairos_spells_rare_1_heavens	{{tr:unit_abilities_onscreen_name_wh2_dlc17_spell_heavens_comet_of_casandora_bound_skink_oracle}}	false
initiatives_localised_name_wh3_main_character_initiative_kairos_spells_rare_1_life	{{tr:unit_abilities_onscreen_name_wh2_dlc16_spell_bound_regrowth}}	false
initiatives_localised_name_wh3_main_character_initiative_kairos_spells_rare_1_light	{{tr:unit_abilities_onscreen_name_wh_main_spell_bound_bironas_timewarp}}	false
initiatives_localised_name_wh3_main_character_initiative_kairos_spells_rare_1_metal	{{tr:unit_abilities_onscreen_name_wh3_main_spell_bound_transmutation_of_lead}}	false
initiatives_localised_name_wh3_main_character_initiative_kairos_spells_rare_1_shadows	{{tr:unit_abilities_onscreen_name_wh_dlc05_spell_shadow_okkams_mindrazor}}	false
initiatives_localised_name_wh3_main_character_initiative_kairos_spells_rare_1_tzeentch	{{tr:unit_abilities_onscreen_name_wh3_main_spell_tzeentch_tzeentchs_firestorm}}	false
initiatives_localised_name_wh3_main_character_initiative_kairos_spells_rare_2_beast	{{tr:unit_abilities_onscreen_name_wh2_dlc11_spell_beasts_transformation_of_kadon}}	false
initiatives_localised_name_wh3_main_character_initiative_kairos_spells_rare_2_death	{{tr:unit_abilities_onscreen_name_wh3_dlc25_spell_bound_the_fate_of_bjuna}}	false
initiatives_localised_name_wh3_main_character_initiative_kairos_spells_rare_2_fire	{{tr:unit_abilities_onscreen_name_wh2_dlc10_quest_abilities_flame_storm}}	false
initiatives_localised_name_wh3_main_character_initiative_kairos_spells_rare_2_heavens	{{tr:unit_abilities_onscreen_name_wh2_dlc15_spell_bound_chain_lightning}}	false
initiatives_localised_name_wh3_main_character_initiative_kairos_spells_rare_2_life	{{tr:unit_abilities_onscreen_name_wh_dlc05_spell_life_the_dwellers_below}}	false
initiatives_localised_name_wh3_main_character_initiative_kairos_spells_rare_2_light	{{tr:unit_abilities_onscreen_name_wh_dlc04_spell_bound_banishment}}	false
initiatives_localised_name_wh3_main_character_initiative_kairos_spells_rare_2_metal	{{tr:unit_abilities_onscreen_name_wh_dlc08_spell_metal_final_transmutation_arzik}}	false
initiatives_localised_name_wh3_main_character_initiative_kairos_spells_rare_2_shadows	{{tr:unit_abilities_onscreen_name_wh_dlc05_spell_shadow_pit_of_shades}}	false
initiatives_localised_name_wh3_main_character_initiative_kairos_spells_rare_2_tzeentch	{{tr:unit_abilities_onscreen_name_wh3_dlc20_spell_bound_infernal_gateway}}	false
initiatives_localised_name_wh3_main_character_initiative_kairos_spells_uncommon_1_beast	{{tr:unit_abilities_onscreen_name_wh_dlc03_spell_beasts_the_amber_spear}}	false
initiatives_localised_name_wh3_main_character_initiative_kairos_spells_uncommon_1_death	{{tr:unit_abilities_onscreen_name_wh_dlc04_spell_death_doom_and_darkness_strigoi}}	false
initiatives_localised_name_wh3_main_character_initiative_kairos_spells_uncommon_1_fire	{{tr:unit_abilities_onscreen_name_wh3_dlc25_unit_passive_flaming_sword_of_rhuin_aoe}}	false
initiatives_localised_name_wh3_main_character_initiative_kairos_spells_uncommon_1_heavens	{{tr:unit_abilities_onscreen_name_wh2_dlc17_spell_bound_urannons_thunderbolt}}	false
initiatives_localised_name_wh3_main_character_initiative_kairos_spells_uncommon_1_life	{{tr:unit_abilities_onscreen_name_wh2_dlc17_spell_bound_shield_of_thorns}}	false
initiatives_localised_name_wh3_main_character_initiative_kairos_spells_uncommon_1_light	{{tr:unit_abilities_onscreen_name_wh_main_spell_light_light_of_battle}}	false
initiatives_localised_name_wh3_main_character_initiative_kairos_spells_uncommon_1_metal	{{tr:unit_abilities_onscreen_name_wh_main_spell_metal_glittering_robe}}	false
initiatives_localised_name_wh3_main_character_initiative_kairos_spells_uncommon_1_shadows	{{tr:unit_abilities_onscreen_name_wh3_dlc23_spell_bound_the_withering}}	false
initiatives_localised_name_wh3_main_character_initiative_kairos_spells_uncommon_1_tzeentch	{{tr:unit_abilities_onscreen_name_wh3_main_spell_tzeentch_treason_of_tzeentch}}	false
initiatives_localised_name_wh3_main_character_initiative_kairos_spells_uncommon_2_beast	{{tr:unit_abilities_onscreen_name_wh_dlc03_spell_beasts_panns_impenetrable_pelt}}	false
initiatives_localised_name_wh3_main_character_initiative_kairos_spells_uncommon_2_death	{{tr:unit_abilities_onscreen_name_wh2_dlc10_spell_bound_soulblight}}	false
initiatives_localised_name_wh3_main_character_initiative_kairos_spells_uncommon_2_fire	{{tr:unit_abilities_onscreen_name_wh3_dlc25_spell_bound_fire_the_burning_head}}	false
initiatives_localised_name_wh3_main_character_initiative_kairos_spells_uncommon_2_heavens	{{tr:unit_abilities_onscreen_name_wh_main_spell_heavens_curse_of_the_midnight_wind}}	false
initiatives_localised_name_wh3_main_character_initiative_kairos_spells_uncommon_2_life	{{tr:unit_abilities_onscreen_name_wh2_dlc16_spell_bound_flesh_to_stone}}	false
initiatives_localised_name_wh3_main_character_initiative_kairos_spells_uncommon_2_light	{{tr:unit_abilities_onscreen_name_wh_dlc04_spell_bound_net_of_amyntok}}	false
initiatives_localised_name_wh3_main_character_initiative_kairos_spells_uncommon_2_metal	{{tr:unit_abilities_onscreen_name_wh3_dlc20_spell_bound_gehennas_golden_hounds}}	false
initiatives_localised_name_wh3_main_character_initiative_kairos_spells_uncommon_2_shadows	{{tr:unit_abilities_onscreen_name_wh3_dlc20_spell_bound_the_penumbral_pendulum}}	false
initiatives_localised_name_wh3_main_character_initiative_kairos_spells_uncommon_2_tzeentch	{{tr:unit_abilities_onscreen_name_wh3_main_spell_tzeentch_glean_magic}}	false
initiatives_localised_name_wh3_main_character_initiative_ogr_big_name_arsebelcher	Arsebelcher	false
initiatives_localised_name_wh3_main_character_initiative_ogr_big_name_beastkiller	Beastkiller	false
initiatives_localised_name_wh3_main_character_initiative_ogr_big_name_beastrider	Beastrider	false
initiatives_localised_name_wh3_main_character_initiative_ogr_big_name_bellyslapper	Bellyslapper	false
initiatives_localised_name_wh3_main_character_initiative_ogr_big_name_bigbellower	Bigbellower	false
initiatives_localised_name_wh3_main_character_initiative_ogr_big_name_bonechewer	Bonechewer	false
initiatives_localised_name_wh3_main_character_initiative_ogr_big_name_boommaker	Boommaker	false
initiatives_localised_name_wh3_main_character_initiative_ogr_big_name_brawlerguts	Brawlerguts	false
initiatives_localised_name_wh3_main_character_initiative_ogr_big_name_campmaker	Campmaker	false
initiatives_localised_name_wh3_main_character_initiative_ogr_big_name_chaos_slayer	Chaos-Slayer	false
initiatives_localised_name_wh3_main_character_initiative_ogr_big_name_daemonbreaker	Daemonbreaker	false
initiatives_localised_name_wh3_main_character_initiative_ogr_big_name_deathcheater	Deathcheater	false
initiatives_localised_name_wh3_main_character_initiative_ogr_big_name_dwarfsquasher	Dwarfsquasher	false
initiatives_localised_name_wh3_main_character_initiative_ogr_big_name_elfmulcher	Elfmulcher	false
initiatives_localised_name_wh3_main_character_initiative_ogr_big_name_giantbreaker	Giantbreaker	false
initiatives_localised_name_wh3_main_character_initiative_ogr_big_name_gnoblarkicker	Gnoblarkicker	false
initiatives_localised_name_wh3_main_character_initiative_ogr_big_name_goldhoarder	Goldhoarder	false
initiatives_localised_name_wh3_main_character_initiative_ogr_big_name_grandfeaster	Grandfeaster	false
initiatives_localised_name_wh3_main_character_initiative_ogr_big_name_greasus_gatecrasher	Gatecrasher	false
initiatives_localised_name_wh3_main_character_initiative_ogr_big_name_greasus_hoardmaster	Hoardmaster	false
initiatives_localised_name_wh3_main_character_initiative_ogr_big_name_greasus_shockingly_obese	Shockingly Obese	false
initiatives_localised_name_wh3_main_character_initiative_ogr_big_name_greasus_tradelord	Tradelord	false
initiatives_localised_name_wh3_main_character_initiative_ogr_big_name_groundbreaker	Groundbreaker	false
initiatives_localised_name_wh3_main_character_initiative_ogr_big_name_gutcrusher	Gutcrusher	false
initiatives_localised_name_wh3_main_character_initiative_ogr_big_name_kineater	Kineater	false
initiatives_localised_name_wh3_main_character_initiative_ogr_big_name_lizardstrangler	Lizardstrangler	false
initiatives_localised_name_wh3_main_character_initiative_ogr_big_name_longstrider_bruiser	Longstrider	false
initiatives_localised_name_wh3_main_character_initiative_ogr_big_name_longstrider_butcher	{{tr:initiatives_localised_name_wh3_main_character_initiative_ogr_big_name_longstrider_bruiser}}	false
initiatives_localised_name_wh3_main_character_initiative_ogr_big_name_longstrider_firebelly	{{tr:initiatives_localised_name_wh3_main_character_initiative_ogr_big_name_longstrider_bruiser}}	false
initiatives_localised_name_wh3_main_character_initiative_ogr_big_name_longstrider_hunter	{{tr:initiatives_localised_name_wh3_main_character_initiative_ogr_big_name_longstrider_bruiser}}	false
initiatives_localised_name_wh3_main_character_initiative_ogr_big_name_magichunter	Magic Hunter	false
initiatives_localised_name_wh3_main_character_initiative_ogr_big_name_maneater	Maneater	false
initiatives_localised_name_wh3_main_character_initiative_ogr_big_name_mawseeker	Mawseeker	false
initiatives_localised_name_wh3_main_character_initiative_ogr_big_name_mountaineater	Mountaineater	false
initiatives_localised_name_wh3_main_character_initiative_ogr_big_name_mountaintalker	Mountaintalker	false
initiatives_localised_name_wh3_main_character_initiative_ogr_big_name_ogrekiller	Ogrekiller	false
initiatives_localised_name_wh3_main_character_initiative_ogr_big_name_orcsplitter	Orcsplitter	false
initiatives_localised_name_wh3_main_character_initiative_ogr_big_name_ratkiller	Ratkiller	false
initiatives_localised_name_wh3_main_character_initiative_ogr_big_name_skrag_ever_famished	Ever-Famished	false
initiatives_localised_name_wh3_main_character_initiative_ogr_big_name_skrag_gore_harvester	Gore-Harvester	false
initiatives_localised_name_wh3_main_character_initiative_ogr_big_name_skrag_maw_that_walks	Maw-that-Walks	false
initiatives_localised_name_wh3_main_character_initiative_ogr_big_name_skrag_world_swallower	World-Swallower	false
initiatives_localised_name_wh3_main_character_initiative_ogr_big_name_staydeader	Staydeader	false
initiatives_localised_name_wh3_main_character_initiative_ogr_big_name_wallcrusher	Wallcrusher	false
initiatives_localised_name_wh3_pro11_character_initiative_chs_harald_hammerstorm_01	One True Hammer	false
initiatives_localised_name_wh3_pro11_character_initiative_chs_harald_hammerstorm_02	Deadbane	false
initiatives_localised_name_wh3_pro11_character_initiative_chs_harald_hammerstorm_03	No One's Fool	false
