key	effects	duration	expended_cost	required_cost	image_path	upkeep_cost	point_cost	cooldown	swap_cost	sort_order	on_trigger_vo_event
#initiatives_tables;10;db/initiatives_tables/data__											
wh3_cp1_feature_initiatives_cth_ancillaries_armours	wh3_cp1_feature_initiatives_cth_ancillaries_armours_effects	-1					0	0		0	
wh3_cp1_feature_initiatives_cth_ancillaries_talisman	wh3_cp1_feature_initiatives_cth_ancillaries_talisman_effects	-1					0	0		0	
wh3_cp1_feature_initiatives_cth_ancillaries_weapons	wh3_cp1_feature_initiatives_cth_ancillaries_weapons_effects	-1					0	0		0	
wh3_cp1_feature_initiatives_cth_buildings_celestial	wh3_cp1_feature_initiatives_cth_military_buildings_3	-1					0	0		0	
wh3_cp1_feature_initiatives_cth_buildings_gun	wh3_cp1_feature_initiatives_cth_military_buildings_2	-1					0	0		0	
wh3_cp1_feature_initiatives_cth_buildings_jade	wh3_cp1_feature_initiatives_cth_military_buildings_1	-1					0	0		0	
wh3_cp1_feature_initiatives_cth_buildings_machines	wh3_cp1_feature_initiatives_cth_military_buildings_4	-1					0	0		0	
wh3_cp1_feature_initiatives_cth_court_decrees_bhashiva_1	wh3_cp1_feature_initiatives_cth_court_decrees_bhashiva_1	-1			UI\skins\default\cp1_cth_tiger_court\icons_decrees\wh3_cp1_tiger_court_decree_white_tiger_3.png		0	1		0	
wh3_cp1_feature_initiatives_cth_court_decrees_bhashiva_2	wh3_cp1_feature_initiatives_cth_court_decrees_bhashiva_2	-1			UI\skins\default\cp1_cth_tiger_court\icons_decrees\wh3_cp1_tiger_court_decree_white_tiger_2.png		0	1		0	
wh3_cp1_feature_initiatives_cth_court_decrees_bhashiva_3	wh3_cp1_feature_initiatives_cth_court_decrees_bhashiva_3	-1			UI\skins\default\cp1_cth_tiger_court\icons_decrees\wh3_cp1_tiger_court_decree_white_tiger_1.png		0	1		0	
wh3_cp1_feature_initiatives_cth_court_decrees_military_1	wh3_cp1_feature_initiatives_cth_court_decrees_military_1	-1			UI\skins\default\cp1_cth_tiger_court\icons_decrees\wh3_cp1_tiger_court_decree_kamau_3.png		0	1		0	
wh3_cp1_feature_initiatives_cth_court_decrees_military_2	wh3_cp1_feature_initiatives_cth_court_decrees_military_2	-1			UI\skins\default\cp1_cth_tiger_court\icons_decrees\wh3_cp1_tiger_court_decree_kamau_2.png		0	1		0	
wh3_cp1_feature_initiatives_cth_court_decrees_military_3	wh3_cp1_feature_initiatives_cth_court_decrees_military_3	-1			UI\skins\default\cp1_cth_tiger_court\icons_decrees\wh3_cp1_tiger_court_decree_kamau_1.png		0	1		0	
wh3_cp1_feature_initiatives_cth_court_decrees_spiritual_1	wh3_cp1_feature_initiatives_cth_court_decrees_spiritual_1	-1			UI\skins\default\cp1_cth_tiger_court\icons_decrees\wh3_cp1_tiger_court_decree_thousand_gods_3.png		0	1		0	
wh3_cp1_feature_initiatives_cth_court_decrees_spiritual_2	wh3_cp1_feature_initiatives_cth_court_decrees_spiritual_2	-1			UI\skins\default\cp1_cth_tiger_court\icons_decrees\wh3_cp1_tiger_court_decree_thousand_gods_2.png		0	1		0	
wh3_cp1_feature_initiatives_cth_court_decrees_spiritual_3	wh3_cp1_feature_initiatives_cth_court_decrees_spiritual_3	-1			UI\skins\default\cp1_cth_tiger_court\icons_decrees\wh3_cp1_tiger_court_decree_thousand_gods_1.png		0	1		0	
wh3_dlc20_character_initiative_ascend_lord_to_daemon_prince_khorne	wh3_dlc20_character_upgrade_effects	1	wh3_dlc20_character_mark_daemon_prince_kho	wh3_dlc20_character_mark_daemon_prince_kho	UI\skins\default\path_to_glory\mark_of_chaos_daemon_prince_khorne.png		0	0		0	
wh3_dlc20_character_initiative_ascend_lord_to_daemon_prince_khorne_from_und	wh3_dlc20_character_upgrade_effects	1	wh3_dlc20_character_mark_daemon_prince_kho_from_und	wh3_dlc20_character_mark_daemon_prince_kho_from_und	UI\skins\default\path_to_glory\mark_of_chaos_daemon_prince_khorne.png		0	0		0	
wh3_dlc20_character_initiative_ascend_lord_to_daemon_prince_nurgle	wh3_dlc20_character_upgrade_effects	1	wh3_dlc20_character_mark_daemon_prince_nur	wh3_dlc20_character_mark_daemon_prince_nur	UI\skins\default\path_to_glory\mark_of_chaos_daemon_prince_nurgle.png		0	0		0	
wh3_dlc20_character_initiative_ascend_lord_to_daemon_prince_nurgle_from_und	wh3_dlc20_character_upgrade_effects	1	wh3_dlc20_character_mark_daemon_prince_nur_from_und	wh3_dlc20_character_mark_daemon_prince_nur_from_und	UI\skins\default\path_to_glory\mark_of_chaos_daemon_prince_nurgle.png		0	0		0	
wh3_dlc20_character_initiative_ascend_lord_to_daemon_prince_slaanesh	wh3_dlc20_character_upgrade_effects	1	wh3_dlc20_character_mark_daemon_prince_sla	wh3_dlc20_character_mark_daemon_prince_sla	UI\skins\default\path_to_glory\mark_of_chaos_daemon_prince_slaanesh.png		0	0		0	
wh3_dlc20_character_initiative_ascend_lord_to_daemon_prince_slaanesh_from_und	wh3_dlc20_character_upgrade_effects	1	wh3_dlc20_character_mark_daemon_prince_sla_from_und	wh3_dlc20_character_mark_daemon_prince_sla_from_und	UI\skins\default\path_to_glory\mark_of_chaos_daemon_prince_slaanesh.png		0	0		0	
wh3_dlc20_character_initiative_ascend_lord_to_daemon_prince_tzeentch	wh3_dlc20_character_upgrade_effects	1	wh3_dlc20_character_mark_daemon_prince_tze	wh3_dlc20_character_mark_daemon_prince_tze	UI\skins\default\path_to_glory\mark_of_chaos_daemon_prince_tzeentch.png		0	0		0	
wh3_dlc20_character_initiative_ascend_lord_to_daemon_prince_tzeentch_from_und	wh3_dlc20_character_upgrade_effects	1	wh3_dlc20_character_mark_daemon_prince_tze_from_und	wh3_dlc20_character_mark_daemon_prince_tze_from_und	UI\skins\default\path_to_glory\mark_of_chaos_daemon_prince_tzeentch.png		0	0		0	
wh3_dlc20_character_initiative_ascend_lord_to_daemon_prince_undivided	wh3_dlc20_character_upgrade_effects	1	wh3_dlc20_character_mark_daemon_prince_und	wh3_dlc20_character_mark_daemon_prince_und	UI\skins\default\path_to_glory\mark_of_chaos_daemon_prince_undivided.png		0	0		0	
wh3_dlc20_character_initiative_chs_chaos_lord_kho_01	wh3_dlc20_character_initiative_chs_chaos_lord_kho_01	-1			UI\skins\default\path_to_glory\boon_background_image_khorne.png		0	0		0	
wh3_dlc20_character_initiative_chs_chaos_lord_kho_02	wh3_dlc20_character_initiative_chs_chaos_lord_kho_02	-1			UI\skins\default\path_to_glory\boon_background_image_khorne.png		0	0		0	
wh3_dlc20_character_initiative_chs_chaos_lord_kho_03	wh3_dlc20_character_initiative_chs_chaos_lord_kho_03	-1			UI\skins\default\path_to_glory\boon_background_image_khorne.png		0	0		0	
wh3_dlc20_character_initiative_chs_chaos_lord_kho_04	wh3_dlc20_character_initiative_chs_chaos_lord_kho_04	-1			UI\skins\default\path_to_glory\boon_background_image_khorne.png		0	0		0	
wh3_dlc20_character_initiative_chs_chaos_lord_kho_05	wh3_dlc20_character_initiative_chs_chaos_lord_kho_05	-1			UI\skins\default\path_to_glory\boon_background_image_khorne.png		0	0		0	
wh3_dlc20_character_initiative_chs_chaos_lord_kho_06	wh3_dlc20_character_initiative_chs_chaos_lord_kho_06	-1			UI\skins\default\path_to_glory\boon_background_image_khorne.png		0	0		0	
wh3_dlc20_character_initiative_chs_chaos_lord_kho_07	wh3_dlc20_character_initiative_chs_chaos_lord_kho_07	-1			UI\skins\default\path_to_glory\boon_background_image_khorne.png		0	0		0	
wh3_dlc20_character_initiative_chs_chaos_lord_kho_08	wh3_dlc20_character_initiative_chs_chaos_lord_kho_08	-1			UI\skins\default\path_to_glory\boon_background_image_khorne.png		0	0		0	
wh3_dlc20_character_initiative_chs_chaos_lord_kho_09	wh3_dlc20_character_initiative_chs_chaos_lord_kho_09	-1			UI\skins\default\path_to_glory\boon_background_image_khorne.png		0	0		0	
wh3_dlc20_character_initiative_chs_chaos_lord_sla_01	wh3_dlc20_character_initiative_chs_chaos_lord_sla_01	-1			UI\skins\default\path_to_glory\boon_background_image_slaanesh.png		0	0		0	
wh3_dlc20_character_initiative_chs_chaos_lord_sla_02	wh3_dlc20_character_initiative_chs_chaos_lord_sla_02	-1			UI\skins\default\path_to_glory\boon_background_image_slaanesh.png		0	0		0	
wh3_dlc20_character_initiative_chs_chaos_lord_sla_03	wh3_dlc20_character_initiative_chs_chaos_lord_sla_03	-1			UI\skins\default\path_to_glory\boon_background_image_slaanesh.png		0	0		0	
wh3_dlc20_character_initiative_chs_chaos_lord_sla_04	wh3_dlc20_character_initiative_chs_chaos_lord_sla_04	-1			UI\skins\default\path_to_glory\boon_background_image_slaanesh.png		0	0		0	
wh3_dlc20_character_initiative_chs_chaos_lord_sla_05	wh3_dlc20_character_initiative_chs_chaos_lord_sla_05	-1			UI\skins\default\path_to_glory\boon_background_image_slaanesh.png		0	0		0	
wh3_dlc20_character_initiative_chs_chaos_lord_sla_06	wh3_dlc20_character_initiative_chs_chaos_lord_sla_06	-1			UI\skins\default\path_to_glory\boon_background_image_slaanesh.png		0	0		0	
wh3_dlc20_character_initiative_chs_chaos_lord_sla_07	wh3_dlc20_character_initiative_chs_chaos_lord_sla_07	-1			UI\skins\default\path_to_glory\boon_background_image_slaanesh.png		0	0		0	
wh3_dlc20_character_initiative_chs_chaos_lord_sla_08	wh3_dlc20_character_initiative_chs_chaos_lord_sla_08	-1			UI\skins\default\path_to_glory\boon_background_image_slaanesh.png		0	0		0	
wh3_dlc20_character_initiative_chs_chaos_lord_sla_09	wh3_dlc20_character_initiative_chs_chaos_lord_sla_09	-1			UI\skins\default\path_to_glory\boon_background_image_slaanesh.png		0	0		0	
wh3_dlc20_character_initiative_chs_chaos_lord_und_01	wh3_dlc20_character_initiative_chs_chaos_lord_und_01	-1			UI\skins\default\path_to_glory\boon_background_image_undivided.png		0	0		0	
wh3_dlc20_character_initiative_chs_chaos_lord_und_02	wh3_dlc20_character_initiative_chs_chaos_lord_und_02	-1			UI\skins\default\path_to_glory\boon_background_image_undivided.png		0	0		0	
wh3_dlc20_character_initiative_chs_chaos_lord_und_03	wh3_dlc20_character_initiative_chs_chaos_lord_und_03	-1			UI\skins\default\path_to_glory\boon_background_image_undivided.png		0	0		0	
wh3_dlc20_character_initiative_chs_chaos_lord_und_04	wh3_dlc20_character_initiative_chs_chaos_lord_und_04	-1			UI\skins\default\path_to_glory\boon_background_image_undivided.png		0	0		0	
wh3_dlc20_character_initiative_chs_chaos_lord_und_05	wh3_dlc20_character_initiative_chs_chaos_lord_und_05	-1			UI\skins\default\path_to_glory\boon_background_image_undivided.png		0	0		0	
wh3_dlc20_character_initiative_chs_chaos_lord_und_06	wh3_dlc20_character_initiative_chs_chaos_lord_und_06	-1			UI\skins\default\path_to_glory\boon_background_image_undivided.png		0	0		0	
wh3_dlc20_character_initiative_chs_chaos_lord_und_07	wh3_dlc20_character_initiative_chs_chaos_lord_und_07	-1			UI\skins\default\path_to_glory\boon_background_image_undivided.png		0	0		0	
wh3_dlc20_character_initiative_chs_chaos_lord_und_08	wh3_dlc20_character_initiative_chs_chaos_lord_und_08	-1			UI\skins\default\path_to_glory\boon_background_image_undivided.png		0	0		0	
wh3_dlc20_character_initiative_chs_chaos_lord_und_09	wh3_dlc20_character_initiative_chs_chaos_lord_und_09	-1			UI\skins\default\path_to_glory\boon_background_image_undivided.png		0	0		0	
wh3_dlc20_character_initiative_chs_chaos_sorcerer_lord_nur_01	wh3_dlc20_character_initiative_chs_chaos_sorcerer_lord_nur_01	-1			UI\skins\default\path_to_glory\boon_background_image_nurgle.png		0	0		0	
wh3_dlc20_character_initiative_chs_chaos_sorcerer_lord_nur_02	wh3_dlc20_character_initiative_chs_chaos_sorcerer_lord_nur_02	-1			UI\skins\default\path_to_glory\boon_background_image_nurgle.png		0	0		0	
wh3_dlc20_character_initiative_chs_chaos_sorcerer_lord_nur_03	wh3_dlc20_character_initiative_chs_chaos_sorcerer_lord_nur_03	-1			UI\skins\default\path_to_glory\boon_background_image_nurgle.png		0	0		0	
wh3_dlc20_character_initiative_chs_chaos_sorcerer_lord_nur_04	wh3_dlc20_character_initiative_chs_chaos_sorcerer_lord_nur_04	-1			UI\skins\default\path_to_glory\boon_background_image_nurgle.png		0	0		0	
wh3_dlc20_character_initiative_chs_chaos_sorcerer_lord_nur_05	wh3_dlc20_character_initiative_chs_chaos_sorcerer_lord_nur_05	-1			UI\skins\default\path_to_glory\boon_background_image_nurgle.png		0	0		0	
wh3_dlc20_character_initiative_chs_chaos_sorcerer_lord_nur_06	wh3_dlc20_character_initiative_chs_chaos_sorcerer_lord_nur_06	-1			UI\skins\default\path_to_glory\boon_background_image_nurgle.png		0	0		0	
wh3_dlc20_character_initiative_chs_chaos_sorcerer_lord_nur_07	wh3_dlc20_character_initiative_chs_chaos_sorcerer_lord_nur_07	-1			UI\skins\default\path_to_glory\boon_background_image_nurgle.png		0	0		0	
wh3_dlc20_character_initiative_chs_chaos_sorcerer_lord_nur_08	wh3_dlc20_character_initiative_chs_chaos_sorcerer_lord_nur_08	-1			UI\skins\default\path_to_glory\boon_background_image_nurgle.png		0	0		0	
wh3_dlc20_character_initiative_chs_chaos_sorcerer_lord_nur_09	wh3_dlc20_character_initiative_chs_chaos_sorcerer_lord_nur_09	-1			UI\skins\default\path_to_glory\boon_background_image_nurgle.png		0	0		0	
wh3_dlc20_character_initiative_chs_chaos_sorcerer_lord_nur_10	wh3_dlc20_character_initiative_chs_chaos_sorcerer_lord_nur_10	-1			UI\skins\default\path_to_glory\boon_background_image_nurgle.png		0	0		0	
wh3_dlc20_character_initiative_chs_chaos_sorcerer_lord_tze_01	wh3_dlc20_character_initiative_chs_chaos_sorcerer_lord_tze_01	-1			UI\skins\default\path_to_glory\boon_background_image_tzeentch.png		0	0		0	
wh3_dlc20_character_initiative_chs_chaos_sorcerer_lord_tze_02	wh3_dlc20_character_initiative_chs_chaos_sorcerer_lord_tze_02	-1			UI\skins\default\path_to_glory\boon_background_image_tzeentch.png		0	0		0	
wh3_dlc20_character_initiative_chs_chaos_sorcerer_lord_tze_03	wh3_dlc20_character_initiative_chs_chaos_sorcerer_lord_tze_03	-1			UI\skins\default\path_to_glory\boon_background_image_tzeentch.png		0	0		0	
wh3_dlc20_character_initiative_chs_chaos_sorcerer_lord_tze_04	wh3_dlc20_character_initiative_chs_chaos_sorcerer_lord_tze_04	-1			UI\skins\default\path_to_glory\boon_background_image_tzeentch.png		0	0		0	
wh3_dlc20_character_initiative_chs_chaos_sorcerer_lord_tze_05	wh3_dlc20_character_initiative_chs_chaos_sorcerer_lord_tze_05	-1			UI\skins\default\path_to_glory\boon_background_image_tzeentch.png		0	0		0	
wh3_dlc20_character_initiative_chs_chaos_sorcerer_lord_tze_06	wh3_dlc20_character_initiative_chs_chaos_sorcerer_lord_tze_06	-1			UI\skins\default\path_to_glory\boon_background_image_tzeentch.png		0	0		0	
wh3_dlc20_character_initiative_chs_chaos_sorcerer_lord_tze_07	wh3_dlc20_character_initiative_chs_chaos_sorcerer_lord_tze_07	-1			UI\skins\default\path_to_glory\boon_background_image_tzeentch.png		0	0		0	
wh3_dlc20_character_initiative_chs_chaos_sorcerer_lord_tze_08	wh3_dlc20_character_initiative_chs_chaos_sorcerer_lord_tze_08	-1			UI\skins\default\path_to_glory\boon_background_image_tzeentch.png		0	0		0	
wh3_dlc20_character_initiative_chs_chaos_sorcerer_lord_tze_09	wh3_dlc20_character_initiative_chs_chaos_sorcerer_lord_tze_09	-1			UI\skins\default\path_to_glory\boon_background_image_tzeentch.png		0	0		0	
wh3_dlc20_character_initiative_chs_chaos_sorcerer_lord_tze_10	wh3_dlc20_character_initiative_chs_chaos_sorcerer_lord_tze_10	-1			UI\skins\default\path_to_glory\boon_background_image_tzeentch.png		0	0		0	
wh3_dlc20_character_initiative_chs_chaos_sorcerer_lord_und_01	wh3_dlc20_character_initiative_chs_chaos_sorcerer_lord_und_01	-1			UI\skins\default\path_to_glory\boon_background_image_undivided.png		0	0		0	
wh3_dlc20_character_initiative_chs_chaos_sorcerer_lord_und_02	wh3_dlc20_character_initiative_chs_chaos_sorcerer_lord_und_02	-1			UI\skins\default\path_to_glory\boon_background_image_undivided.png		0	0		0	
wh3_dlc20_character_initiative_chs_chaos_sorcerer_lord_und_03	wh3_dlc20_character_initiative_chs_chaos_sorcerer_lord_und_03	-1			UI\skins\default\path_to_glory\boon_background_image_undivided.png		0	0		0	
wh3_dlc20_character_initiative_chs_chaos_sorcerer_lord_und_04	wh3_dlc20_character_initiative_chs_chaos_sorcerer_lord_und_04	-1			UI\skins\default\path_to_glory\boon_background_image_undivided.png		0	0		0	
wh3_dlc20_character_initiative_chs_chaos_sorcerer_lord_und_05	wh3_dlc20_character_initiative_chs_chaos_sorcerer_lord_und_05	-1			UI\skins\default\path_to_glory\boon_background_image_undivided.png		0	0		0	
wh3_dlc20_character_initiative_chs_chaos_sorcerer_lord_und_06	wh3_dlc20_character_initiative_chs_chaos_sorcerer_lord_und_06	-1			UI\skins\default\path_to_glory\boon_background_image_undivided.png		0	0		0	
wh3_dlc20_character_initiative_chs_chaos_sorcerer_lord_und_07	wh3_dlc20_character_initiative_chs_chaos_sorcerer_lord_und_07	-1			UI\skins\default\path_to_glory\boon_background_image_undivided.png		0	0		0	
wh3_dlc20_character_initiative_chs_chaos_sorcerer_lord_und_08	wh3_dlc20_character_initiative_chs_chaos_sorcerer_lord_und_08	-1			UI\skins\default\path_to_glory\boon_background_image_undivided.png		0	0		0	
wh3_dlc20_character_initiative_chs_chaos_sorcerer_lord_und_09	wh3_dlc20_character_initiative_chs_chaos_sorcerer_lord_und_09	-1			UI\skins\default\path_to_glory\boon_background_image_undivided.png		0	0		0	
wh3_dlc20_character_initiative_chs_chaos_sorcerer_lord_und_10	wh3_dlc20_character_initiative_chs_chaos_sorcerer_lord_und_10	-1			UI\skins\default\path_to_glory\boon_background_image_undivided.png		0	0		0	
wh3_dlc20_character_initiative_chs_chaos_sorcerer_sla_01	wh3_dlc20_character_initiative_chs_chaos_sorcerer_sla_01	-1			UI\skins\default\path_to_glory\boon_background_image_slaanesh.png		0	0		0	
wh3_dlc20_character_initiative_chs_chaos_sorcerer_sla_02	wh3_dlc20_character_initiative_chs_chaos_sorcerer_sla_02	-1			UI\skins\default\path_to_glory\boon_background_image_slaanesh.png		0	0		0	
wh3_dlc20_character_initiative_chs_chaos_sorcerer_sla_03	wh3_dlc20_character_initiative_chs_chaos_sorcerer_sla_03	-1			UI\skins\default\path_to_glory\boon_background_image_slaanesh.png		0	0		0	
wh3_dlc20_character_initiative_chs_chaos_sorcerer_sla_04	wh3_dlc20_character_initiative_chs_chaos_sorcerer_sla_04	-1			UI\skins\default\path_to_glory\boon_background_image_slaanesh.png		0	0		0	
wh3_dlc20_character_initiative_chs_chaos_sorcerer_sla_05	wh3_dlc20_character_initiative_chs_chaos_sorcerer_sla_05	-1			UI\skins\default\path_to_glory\boon_background_image_slaanesh.png		0	0		0	
wh3_dlc20_character_initiative_chs_chaos_sorcerer_sla_06	wh3_dlc20_character_initiative_chs_chaos_sorcerer_sla_06	-1			UI\skins\default\path_to_glory\boon_background_image_slaanesh.png		0	0		0	
wh3_dlc20_character_initiative_chs_chaos_sorcerer_sla_07	wh3_dlc20_character_initiative_chs_chaos_sorcerer_sla_07	-1			UI\skins\default\path_to_glory\boon_background_image_slaanesh.png		0	0		0	
wh3_dlc20_character_initiative_chs_chaos_sorcerer_sla_08	wh3_dlc20_character_initiative_chs_chaos_sorcerer_sla_08	-1			UI\skins\default\path_to_glory\boon_background_image_slaanesh.png		0	0		0	
wh3_dlc20_character_initiative_chs_chaos_sorcerer_sla_09	wh3_dlc20_character_initiative_chs_chaos_sorcerer_sla_09	-1			UI\skins\default\path_to_glory\boon_background_image_slaanesh.png		0	0		0	
wh3_dlc20_character_initiative_chs_chaos_sorcerer_sla_10	wh3_dlc20_character_initiative_chs_chaos_sorcerer_sla_10	-1			UI\skins\default\path_to_glory\boon_background_image_slaanesh.png		0	0		0	
wh3_dlc20_character_initiative_chs_chaos_sorcerer_tze_01	wh3_dlc20_character_initiative_chs_chaos_sorcerer_tze_01	-1			UI\skins\default\path_to_glory\boon_background_image_tzeentch.png		0	0		0	
wh3_dlc20_character_initiative_chs_chaos_sorcerer_tze_02	wh3_dlc20_character_initiative_chs_chaos_sorcerer_tze_02	-1			UI\skins\default\path_to_glory\boon_background_image_tzeentch.png		0	0		0	
wh3_dlc20_character_initiative_chs_chaos_sorcerer_tze_03	wh3_dlc20_character_initiative_chs_chaos_sorcerer_tze_03	-1			UI\skins\default\path_to_glory\boon_background_image_tzeentch.png		0	0		0	
wh3_dlc20_character_initiative_chs_chaos_sorcerer_tze_04	wh3_dlc20_character_initiative_chs_chaos_sorcerer_tze_04	-1			UI\skins\default\path_to_glory\boon_background_image_tzeentch.png		0	0		0	
wh3_dlc20_character_initiative_chs_chaos_sorcerer_tze_05	wh3_dlc20_character_initiative_chs_chaos_sorcerer_tze_05	-1			UI\skins\default\path_to_glory\boon_background_image_tzeentch.png		0	0		0	
wh3_dlc20_character_initiative_chs_chaos_sorcerer_tze_06	wh3_dlc20_character_initiative_chs_chaos_sorcerer_tze_06	-1			UI\skins\default\path_to_glory\boon_background_image_tzeentch.png		0	0		0	
wh3_dlc20_character_initiative_chs_chaos_sorcerer_tze_07	wh3_dlc20_character_initiative_chs_chaos_sorcerer_tze_07	-1			UI\skins\default\path_to_glory\boon_background_image_tzeentch.png		0	0		0	
wh3_dlc20_character_initiative_chs_chaos_sorcerer_tze_08	wh3_dlc20_character_initiative_chs_chaos_sorcerer_tze_08	-1			UI\skins\default\path_to_glory\boon_background_image_tzeentch.png		0	0		0	
wh3_dlc20_character_initiative_chs_chaos_sorcerer_tze_09	wh3_dlc20_character_initiative_chs_chaos_sorcerer_tze_09	-1			UI\skins\default\path_to_glory\boon_background_image_tzeentch.png		0	0		0	
wh3_dlc20_character_initiative_chs_chaos_sorcerer_tze_10	wh3_dlc20_character_initiative_chs_chaos_sorcerer_tze_10	-1			UI\skins\default\path_to_glory\boon_background_image_tzeentch.png		0	0		0	
wh3_dlc20_character_initiative_chs_chaos_sorcerer_und_01	wh3_dlc20_character_initiative_chs_chaos_sorcerer_und_01	-1			UI\skins\default\path_to_glory\boon_background_image_undivided.png		0	0		0	
wh3_dlc20_character_initiative_chs_chaos_sorcerer_und_02	wh3_dlc20_character_initiative_chs_chaos_sorcerer_und_02	-1			UI\skins\default\path_to_glory\boon_background_image_undivided.png		0	0		0	
wh3_dlc20_character_initiative_chs_chaos_sorcerer_und_03	wh3_dlc20_character_initiative_chs_chaos_sorcerer_und_03	-1			UI\skins\default\path_to_glory\boon_background_image_undivided.png		0	0		0	
wh3_dlc20_character_initiative_chs_chaos_sorcerer_und_04	wh3_dlc20_character_initiative_chs_chaos_sorcerer_und_04	-1			UI\skins\default\path_to_glory\boon_background_image_undivided.png		0	0		0	
wh3_dlc20_character_initiative_chs_chaos_sorcerer_und_05	wh3_dlc20_character_initiative_chs_chaos_sorcerer_und_05	-1			UI\skins\default\path_to_glory\boon_background_image_undivided.png		0	0		0	
wh3_dlc20_character_initiative_chs_chaos_sorcerer_und_06	wh3_dlc20_character_initiative_chs_chaos_sorcerer_und_06	-1			UI\skins\default\path_to_glory\boon_background_image_undivided.png		0	0		0	
wh3_dlc20_character_initiative_chs_chaos_sorcerer_und_07	wh3_dlc20_character_initiative_chs_chaos_sorcerer_und_07	-1			UI\skins\default\path_to_glory\boon_background_image_undivided.png		0	0		0	
wh3_dlc20_character_initiative_chs_chaos_sorcerer_und_08	wh3_dlc20_character_initiative_chs_chaos_sorcerer_und_08	-1			UI\skins\default\path_to_glory\boon_background_image_undivided.png		0	0		0	
wh3_dlc20_character_initiative_chs_chaos_sorcerer_und_09	wh3_dlc20_character_initiative_chs_chaos_sorcerer_und_09	-1			UI\skins\default\path_to_glory\boon_background_image_undivided.png		0	0		0	
wh3_dlc20_character_initiative_chs_chaos_sorcerer_und_10	wh3_dlc20_character_initiative_chs_chaos_sorcerer_und_10	-1			UI\skins\default\path_to_glory\boon_background_image_undivided.png		0	0		0	
wh3_dlc20_character_initiative_chs_daemon_prince_kho_01	wh3_dlc20_character_initiative_chs_daemon_prince_kho_01	-1			UI\skins\default\path_to_glory\boon_background_image_khorne.png		0	0		0	
wh3_dlc20_character_initiative_chs_daemon_prince_kho_02	wh3_dlc20_character_initiative_chs_daemon_prince_kho_02	-1			UI\skins\default\path_to_glory\boon_background_image_khorne.png		0	0		0	
wh3_dlc20_character_initiative_chs_daemon_prince_kho_03	wh3_dlc20_character_initiative_chs_daemon_prince_kho_03	-1			UI\skins\default\path_to_glory\boon_background_image_khorne.png		0	0		0	
wh3_dlc20_character_initiative_chs_daemon_prince_kho_04	wh3_dlc20_character_initiative_chs_daemon_prince_kho_04	-1			UI\skins\default\path_to_glory\boon_background_image_khorne.png		0	0		0	
wh3_dlc20_character_initiative_chs_daemon_prince_kho_05	wh3_dlc20_character_initiative_chs_daemon_prince_kho_05	-1			UI\skins\default\path_to_glory\boon_background_image_khorne.png		0	0		0	
wh3_dlc20_character_initiative_chs_daemon_prince_kho_06	wh3_dlc20_character_initiative_chs_daemon_prince_kho_06	-1			UI\skins\default\path_to_glory\boon_background_image_khorne.png		0	0		0	
wh3_dlc20_character_initiative_chs_daemon_prince_kho_07	wh3_dlc20_character_initiative_chs_daemon_prince_kho_07	-1			UI\skins\default\path_to_glory\boon_background_image_khorne.png		0	0		0	
wh3_dlc20_character_initiative_chs_daemon_prince_kho_08	wh3_dlc20_character_initiative_chs_daemon_prince_kho_08	-1			UI\skins\default\path_to_glory\boon_background_image_khorne.png		0	0		0	
wh3_dlc20_character_initiative_chs_daemon_prince_kho_09	wh3_dlc20_character_initiative_chs_daemon_prince_kho_09	-1			UI\skins\default\path_to_glory\boon_background_image_khorne.png		0	0		0	
wh3_dlc20_character_initiative_chs_daemon_prince_nur_01	wh3_dlc20_character_initiative_chs_daemon_prince_nur_01	-1			UI\skins\default\path_to_glory\boon_background_image_nurgle.png		0	0		0	
wh3_dlc20_character_initiative_chs_daemon_prince_nur_02	wh3_dlc20_character_initiative_chs_daemon_prince_nur_02	-1			UI\skins\default\path_to_glory\boon_background_image_nurgle.png		0	0		0	
wh3_dlc20_character_initiative_chs_daemon_prince_nur_03	wh3_dlc20_character_initiative_chs_daemon_prince_nur_03	-1			UI\skins\default\path_to_glory\boon_background_image_nurgle.png		0	0		0	
wh3_dlc20_character_initiative_chs_daemon_prince_nur_04	wh3_dlc20_character_initiative_chs_daemon_prince_nur_04	-1			UI\skins\default\path_to_glory\boon_background_image_nurgle.png		0	0		0	
wh3_dlc20_character_initiative_chs_daemon_prince_nur_05	wh3_dlc20_character_initiative_chs_daemon_prince_nur_05	-1			UI\skins\default\path_to_glory\boon_background_image_nurgle.png		0	0		0	
wh3_dlc20_character_initiative_chs_daemon_prince_nur_06	wh3_dlc20_character_initiative_chs_daemon_prince_nur_06	-1			UI\skins\default\path_to_glory\boon_background_image_nurgle.png		0	0		0	
wh3_dlc20_character_initiative_chs_daemon_prince_nur_07	wh3_dlc20_character_initiative_chs_daemon_prince_nur_07	-1			UI\skins\default\path_to_glory\boon_background_image_nurgle.png		0	0		0	
wh3_dlc20_character_initiative_chs_daemon_prince_nur_08	wh3_dlc20_character_initiative_chs_daemon_prince_nur_08	-1			UI\skins\default\path_to_glory\boon_background_image_nurgle.png		0	0		0	
wh3_dlc20_character_initiative_chs_daemon_prince_nur_09	wh3_dlc20_character_initiative_chs_daemon_prince_nur_09	-1			UI\skins\default\path_to_glory\boon_background_image_nurgle.png		0	0		0	
wh3_dlc20_character_initiative_chs_daemon_prince_sla_01	wh3_dlc20_character_initiative_chs_daemon_prince_sla_01	-1			UI\skins\default\path_to_glory\boon_background_image_slaanesh.png		0	0		0	
wh3_dlc20_character_initiative_chs_daemon_prince_sla_02	wh3_dlc20_character_initiative_chs_daemon_prince_sla_02	-1			UI\skins\default\path_to_glory\boon_background_image_slaanesh.png		0	0		0	
wh3_dlc20_character_initiative_chs_daemon_prince_sla_03	wh3_dlc20_character_initiative_chs_daemon_prince_sla_03	-1			UI\skins\default\path_to_glory\boon_background_image_slaanesh.png		0	0		0	
wh3_dlc20_character_initiative_chs_daemon_prince_sla_04	wh3_dlc20_character_initiative_chs_daemon_prince_sla_04	-1			UI\skins\default\path_to_glory\boon_background_image_slaanesh.png		0	0		0	
wh3_dlc20_character_initiative_chs_daemon_prince_sla_05	wh3_dlc20_character_initiative_chs_daemon_prince_sla_05	-1			UI\skins\default\path_to_glory\boon_background_image_slaanesh.png		0	0		0	
wh3_dlc20_character_initiative_chs_daemon_prince_sla_06	wh3_dlc20_character_initiative_chs_daemon_prince_sla_06	-1			UI\skins\default\path_to_glory\boon_background_image_slaanesh.png		0	0		0	
wh3_dlc20_character_initiative_chs_daemon_prince_sla_07	wh3_dlc20_character_initiative_chs_daemon_prince_sla_07	-1			UI\skins\default\path_to_glory\boon_background_image_slaanesh.png		0	0		0	
wh3_dlc20_character_initiative_chs_daemon_prince_sla_08	wh3_dlc20_character_initiative_chs_daemon_prince_sla_08	-1			UI\skins\default\path_to_glory\boon_background_image_slaanesh.png		0	0		0	
wh3_dlc20_character_initiative_chs_daemon_prince_sla_09	wh3_dlc20_character_initiative_chs_daemon_prince_sla_09	-1			UI\skins\default\path_to_glory\boon_background_image_slaanesh.png		0	0		0	
wh3_dlc20_character_initiative_chs_daemon_prince_tze_01	wh3_dlc20_character_initiative_chs_daemon_prince_tze_01	-1			UI\skins\default\path_to_glory\boon_background_image_tzeentch.png		0	0		0	
wh3_dlc20_character_initiative_chs_daemon_prince_tze_02	wh3_dlc20_character_initiative_chs_daemon_prince_tze_02	-1			UI\skins\default\path_to_glory\boon_background_image_tzeentch.png		0	0		0	
wh3_dlc20_character_initiative_chs_daemon_prince_tze_03	wh3_dlc20_character_initiative_chs_daemon_prince_tze_03	-1			UI\skins\default\path_to_glory\boon_background_image_tzeentch.png		0	0		0	
wh3_dlc20_character_initiative_chs_daemon_prince_tze_04	wh3_dlc20_character_initiative_chs_daemon_prince_tze_04	-1			UI\skins\default\path_to_glory\boon_background_image_tzeentch.png		0	0		0	
wh3_dlc20_character_initiative_chs_daemon_prince_tze_05	wh3_dlc20_character_initiative_chs_daemon_prince_tze_05	-1			UI\skins\default\path_to_glory\boon_background_image_tzeentch.png		0	0		0	
wh3_dlc20_character_initiative_chs_daemon_prince_tze_06	wh3_dlc20_character_initiative_chs_daemon_prince_tze_06	-1			UI\skins\default\path_to_glory\boon_background_image_tzeentch.png		0	0		0	
wh3_dlc20_character_initiative_chs_daemon_prince_tze_07	wh3_dlc20_character_initiative_chs_daemon_prince_tze_07	-1			UI\skins\default\path_to_glory\boon_background_image_tzeentch.png		0	0		0	
wh3_dlc20_character_initiative_chs_daemon_prince_tze_08	wh3_dlc20_character_initiative_chs_daemon_prince_tze_08	-1			UI\skins\default\path_to_glory\boon_background_image_tzeentch.png		0	0		0	
wh3_dlc20_character_initiative_chs_daemon_prince_tze_09	wh3_dlc20_character_initiative_chs_daemon_prince_tze_09	-1			UI\skins\default\path_to_glory\boon_background_image_tzeentch.png		0	0		0	
wh3_dlc20_character_initiative_chs_daemon_prince_und_01	wh3_dlc20_character_initiative_chs_daemon_prince_und_01	-1			UI\skins\default\path_to_glory\boon_background_image_undivided.png		0	0		0	
wh3_dlc20_character_initiative_chs_daemon_prince_und_02	wh3_dlc20_character_initiative_chs_daemon_prince_und_02	-1			UI\skins\default\path_to_glory\boon_background_image_undivided.png		0	0		0	
wh3_dlc20_character_initiative_chs_daemon_prince_und_03	wh3_dlc20_character_initiative_chs_daemon_prince_und_03	-1			UI\skins\default\path_to_glory\boon_background_image_undivided.png		0	0		0	
wh3_dlc20_character_initiative_chs_daemon_prince_und_04	wh3_dlc20_character_initiative_chs_daemon_prince_und_04	-1			UI\skins\default\path_to_glory\boon_background_image_undivided.png		0	0		0	
wh3_dlc20_character_initiative_chs_daemon_prince_und_05	wh3_dlc20_character_initiative_chs_daemon_prince_und_05	-1			UI\skins\default\path_to_glory\boon_background_image_undivided.png		0	0		0	
wh3_dlc20_character_initiative_chs_daemon_prince_und_06	wh3_dlc20_character_initiative_chs_daemon_prince_und_06	-1			UI\skins\default\path_to_glory\boon_background_image_undivided.png		0	0		0	
wh3_dlc20_character_initiative_chs_daemon_prince_und_07	wh3_dlc20_character_initiative_chs_daemon_prince_und_07	-1			UI\skins\default\path_to_glory\boon_background_image_undivided.png		0	0		0	
wh3_dlc20_character_initiative_chs_daemon_prince_und_08	wh3_dlc20_character_initiative_chs_daemon_prince_und_08	-1			UI\skins\default\path_to_glory\boon_background_image_undivided.png		0	0		0	
wh3_dlc20_character_initiative_chs_daemon_prince_und_09	wh3_dlc20_character_initiative_chs_daemon_prince_und_09	-1			UI\skins\default\path_to_glory\boon_background_image_undivided.png		0	0		0	
wh3_dlc20_character_initiative_chs_exalted_hero_kho_01	wh3_dlc20_character_initiative_chs_exalted_hero_kho_01	-1			UI\skins\default\path_to_glory\boon_background_image_khorne.png		0	0		0	
wh3_dlc20_character_initiative_chs_exalted_hero_kho_02	wh3_dlc20_character_initiative_chs_exalted_hero_kho_02	-1			UI\skins\default\path_to_glory\boon_background_image_khorne.png		0	0		0	
wh3_dlc20_character_initiative_chs_exalted_hero_kho_03	wh3_dlc20_character_initiative_chs_exalted_hero_kho_03	-1			UI\skins\default\path_to_glory\boon_background_image_khorne.png		0	0		0	
wh3_dlc20_character_initiative_chs_exalted_hero_kho_04	wh3_dlc20_character_initiative_chs_exalted_hero_kho_04	-1			UI\skins\default\path_to_glory\boon_background_image_khorne.png		0	0		0	
wh3_dlc20_character_initiative_chs_exalted_hero_kho_05	wh3_dlc20_character_initiative_chs_exalted_hero_kho_05	-1			UI\skins\default\path_to_glory\boon_background_image_khorne.png		0	0		0	
wh3_dlc20_character_initiative_chs_exalted_hero_kho_06	wh3_dlc20_character_initiative_chs_exalted_hero_kho_06	-1			UI\skins\default\path_to_glory\boon_background_image_khorne.png		0	0		0	
wh3_dlc20_character_initiative_chs_exalted_hero_kho_07	wh3_dlc20_character_initiative_chs_exalted_hero_kho_07	-1			UI\skins\default\path_to_glory\boon_background_image_khorne.png		0	0		0	
wh3_dlc20_character_initiative_chs_exalted_hero_kho_08	wh3_dlc20_character_initiative_chs_exalted_hero_kho_08	-1			UI\skins\default\path_to_glory\boon_background_image_khorne.png		0	0		0	
wh3_dlc20_character_initiative_chs_exalted_hero_kho_09	wh3_dlc20_character_initiative_chs_exalted_hero_kho_09	-1			UI\skins\default\path_to_glory\boon_background_image_khorne.png		0	0		0	
wh3_dlc20_character_initiative_chs_exalted_hero_kho_10	wh3_dlc20_character_initiative_chs_exalted_hero_kho_10	-1			UI\skins\default\path_to_glory\boon_background_image_khorne.png		0	0		0	
wh3_dlc20_character_initiative_chs_exalted_hero_nur_01	wh3_dlc20_character_initiative_chs_exalted_hero_nur_01	-1			UI\skins\default\path_to_glory\boon_background_image_nurgle.png		0	0		0	
wh3_dlc20_character_initiative_chs_exalted_hero_nur_02	wh3_dlc20_character_initiative_chs_exalted_hero_nur_02	-1			UI\skins\default\path_to_glory\boon_background_image_nurgle.png		0	0		0	
wh3_dlc20_character_initiative_chs_exalted_hero_nur_03	wh3_dlc20_character_initiative_chs_exalted_hero_nur_03	-1			UI\skins\default\path_to_glory\boon_background_image_nurgle.png		0	0		0	
wh3_dlc20_character_initiative_chs_exalted_hero_nur_04	wh3_dlc20_character_initiative_chs_exalted_hero_nur_04	-1			UI\skins\default\path_to_glory\boon_background_image_nurgle.png		0	0		0	
wh3_dlc20_character_initiative_chs_exalted_hero_nur_05	wh3_dlc20_character_initiative_chs_exalted_hero_nur_05	-1			UI\skins\default\path_to_glory\boon_background_image_nurgle.png		0	0		0	
wh3_dlc20_character_initiative_chs_exalted_hero_nur_06	wh3_dlc20_character_initiative_chs_exalted_hero_nur_06	-1			UI\skins\default\path_to_glory\boon_background_image_nurgle.png		0	0		0	
wh3_dlc20_character_initiative_chs_exalted_hero_nur_07	wh3_dlc20_character_initiative_chs_exalted_hero_nur_07	-1			UI\skins\default\path_to_glory\boon_background_image_nurgle.png		0	0		0	
wh3_dlc20_character_initiative_chs_exalted_hero_nur_08	wh3_dlc20_character_initiative_chs_exalted_hero_nur_08	-1			UI\skins\default\path_to_glory\boon_background_image_nurgle.png		0	0		0	
wh3_dlc20_character_initiative_chs_exalted_hero_nur_09	wh3_dlc20_character_initiative_chs_exalted_hero_nur_09	-1			UI\skins\default\path_to_glory\boon_background_image_nurgle.png		0	0		0	
wh3_dlc20_character_initiative_chs_exalted_hero_nur_10	wh3_dlc20_character_initiative_chs_exalted_hero_nur_10	-1			UI\skins\default\path_to_glory\boon_background_image_nurgle.png		0	0		0	
wh3_dlc20_character_initiative_chs_exalted_hero_und_01	wh3_dlc20_character_initiative_chs_exalted_hero_und_01	-1			UI\skins\default\path_to_glory\boon_background_image_undivided.png		0	0		0	
wh3_dlc20_character_initiative_chs_exalted_hero_und_02	wh3_dlc20_character_initiative_chs_exalted_hero_und_02	-1			UI\skins\default\path_to_glory\boon_background_image_undivided.png		0	0		0	
wh3_dlc20_character_initiative_chs_exalted_hero_und_03	wh3_dlc20_character_initiative_chs_exalted_hero_und_03	-1			UI\skins\default\path_to_glory\boon_background_image_undivided.png		0	0		0	
wh3_dlc20_character_initiative_chs_exalted_hero_und_04	wh3_dlc20_character_initiative_chs_exalted_hero_und_04	-1			UI\skins\default\path_to_glory\boon_background_image_undivided.png		0	0		0	
wh3_dlc20_character_initiative_chs_exalted_hero_und_05	wh3_dlc20_character_initiative_chs_exalted_hero_und_05	-1			UI\skins\default\path_to_glory\boon_background_image_undivided.png		0	0		0	
wh3_dlc20_character_initiative_chs_exalted_hero_und_06	wh3_dlc20_character_initiative_chs_exalted_hero_und_06	-1			UI\skins\default\path_to_glory\boon_background_image_undivided.png		0	0		0	
wh3_dlc20_character_initiative_chs_exalted_hero_und_07	wh3_dlc20_character_initiative_chs_exalted_hero_und_07	-1			UI\skins\default\path_to_glory\boon_background_image_undivided.png		0	0		0	
wh3_dlc20_character_initiative_chs_exalted_hero_und_08	wh3_dlc20_character_initiative_chs_exalted_hero_und_08	-1			UI\skins\default\path_to_glory\boon_background_image_undivided.png		0	0		0	
wh3_dlc20_character_initiative_chs_exalted_hero_und_09	wh3_dlc20_character_initiative_chs_exalted_hero_und_09	-1			UI\skins\default\path_to_glory\boon_background_image_undivided.png		0	0		0	
wh3_dlc20_character_initiative_devote_exalted_hero_to_khorne	wh3_dlc20_character_upgrade_effects	1	wh3_dlc20_initiative_character_mark_hero_kho	wh3_dlc20_initiative_character_mark_hero_kho	UI\skins\default\path_to_glory\mark_of_chaos_exalted_hero_khorne.png		0	0		0	
wh3_dlc20_character_initiative_devote_exalted_hero_to_nurgle	wh3_dlc20_character_upgrade_effects	1	wh3_dlc20_initiative_character_mark_hero_nur	wh3_dlc20_initiative_character_mark_hero_nur	UI\skins\default\path_to_glory\mark_of_chaos_exalted_hero_nurgle.png		0	0		0	
wh3_dlc20_character_initiative_devote_lord_to_khorne	wh3_dlc20_character_upgrade_effects	1	wh3_dlc20_initiative_character_mark_lord_kho	wh3_dlc20_initiative_character_mark_lord_kho	UI\skins\default\path_to_glory\mark_of_chaos_chaos_lord_khorne.png		0	0		0	
wh3_dlc20_character_initiative_devote_lord_to_nurgle	wh3_dlc20_character_upgrade_effects	1	wh3_dlc20_initiative_character_mark_lord_nur	wh3_dlc20_initiative_character_mark_lord_nur	UI\skins\default\path_to_glory\mark_of_chaos_lord_nurgle.png		0	0		0	
wh3_dlc20_character_initiative_devote_lord_to_slaanesh	wh3_dlc20_character_upgrade_effects	1	wh3_dlc20_initiative_character_mark_lord_sla	wh3_dlc20_initiative_character_mark_lord_sla	UI\skins\default\path_to_glory\mark_of_chaos_chaos_lord_slaanesh.png		0	0		0	
wh3_dlc20_character_initiative_devote_sorceror_lord_to_nurgle_death	wh3_dlc20_character_upgrade_effects	1	wh3_dlc20_initiative_character_mark_lord_nur	wh3_dlc20_initiative_character_mark_lord_nur	UI\skins\default\path_to_glory\mark_of_chaos_sorceror_lord_nurgle.png		0	0		0	
wh3_dlc20_character_initiative_devote_sorceror_lord_to_nurgle_nurgle	wh3_dlc20_character_upgrade_effects	1	wh3_dlc20_initiative_character_mark_lord_nur	wh3_dlc20_initiative_character_mark_lord_nur	UI\skins\default\path_to_glory\mark_of_chaos_sorceror_lord_nurgle.png		0	0		0	
wh3_dlc20_character_initiative_devote_sorceror_lord_to_tzeentch_metal	wh3_dlc20_character_upgrade_effects	1	wh3_dlc20_initiative_character_mark_lord_tze	wh3_dlc20_initiative_character_mark_lord_tze	UI\skins\default\path_to_glory\mark_of_chaos_sorceror_lord_tzeentch.png		0	0		0	
wh3_dlc20_character_initiative_devote_sorceror_lord_to_tzeentch_tzeentch	wh3_dlc20_character_upgrade_effects	1	wh3_dlc20_initiative_character_mark_lord_tze	wh3_dlc20_initiative_character_mark_lord_tze	UI\skins\default\path_to_glory\mark_of_chaos_sorceror_lord_tzeentch.png		0	0		0	
wh3_dlc20_character_initiative_devote_sorceror_to_slaanesh_shadows	wh3_dlc20_character_upgrade_effects	1	wh3_dlc20_initiative_character_mark_hero_sla	wh3_dlc20_initiative_character_mark_hero_sla	UI\skins\default\path_to_glory\mark_of_chaos_chaos_sorceror_slaanesh.png		0	0		0	
wh3_dlc20_character_initiative_devote_sorceror_to_slaanesh_slaanesh	wh3_dlc20_character_upgrade_effects	1	wh3_dlc20_initiative_character_mark_hero_sla	wh3_dlc20_initiative_character_mark_hero_sla	UI\skins\default\path_to_glory\mark_of_chaos_chaos_sorceror_slaanesh.png		0	0		0	
wh3_dlc20_character_initiative_devote_sorceror_to_tzeentch_metal	wh3_dlc20_character_upgrade_effects	1	wh3_dlc20_initiative_character_mark_hero_tze	wh3_dlc20_initiative_character_mark_hero_tze	UI\skins\default\path_to_glory\mark_of_chaos_chaos_sorceror_tzeentch.png		0	0		0	
wh3_dlc20_character_initiative_devote_sorceror_to_tzeentch_tzeentch	wh3_dlc20_character_upgrade_effects	1	wh3_dlc20_initiative_character_mark_hero_tze	wh3_dlc20_initiative_character_mark_hero_tze	UI\skins\default\path_to_glory\mark_of_chaos_chaos_sorceror_tzeentch.png		0	0		0	
wh3_dlc20_faction_initiative_chs_khorne_1_army_xp	wh3_dlc20_faction_initiative_chs_khorne_1_army_xp	-1	wh3_dlc20_initiative_souls_kho_t1	wh3_dlc20_initiative_souls_kho_t1_sacrifice_requirements	UI\skins\default\chaos_gifts\ritual_gift_khorne_rank_1.png	wh3_dlc20_initiative_souls_kho_upkeep_t1	0	0		0	
wh3_dlc20_faction_initiative_chs_khorne_1_economy_post_battle_income	wh3_dlc20_faction_initiative_chs_khorne_1_economy_post_battle_income	-1	wh3_dlc20_initiative_souls_kho_t1	wh3_dlc20_initiative_souls_kho_t1	UI\skins\default\chaos_gifts\ritual_gift_khorne_rank_1.png	wh3_dlc20_initiative_souls_kho_upkeep_t1	0	0		0	
wh3_dlc20_faction_initiative_chs_khorne_1_units_bloodletters	wh3_dlc20_faction_initiative_chs_khorne_1_units_bloodletters	-1	wh3_dlc20_initiative_souls_kho_t1	wh3_dlc20_initiative_souls_kho_t1	UI\skins\default\chaos_gifts\ritual_gift_khorne_rank_1.png	wh3_dlc20_initiative_souls_kho_upkeep_t1	0	0		0	
wh3_dlc20_faction_initiative_chs_khorne_1_units_flesh_hounds	wh3_dlc20_faction_initiative_chs_khorne_1_units_flesh_hounds	-1	wh3_dlc20_initiative_souls_kho_t1	wh3_dlc20_initiative_souls_kho_t1	UI\skins\default\chaos_gifts\ritual_gift_khorne_rank_1.png	wh3_dlc20_initiative_souls_kho_upkeep_t1	0	0		0	
wh3_dlc20_faction_initiative_chs_khorne_2_army_upgrades	wh3_dlc20_faction_initiative_chs_khorne_2_army_upgrades	-1	wh3_dlc20_initiative_souls_kho_t2	wh3_dlc20_initiative_souls_kho_t2_sacrifice_requirement	UI\skins\default\chaos_gifts\ritual_gift_khorne_rank_2.png	wh3_dlc20_initiative_souls_kho_upkeep_t2	0	0		0	
wh3_dlc20_faction_initiative_chs_khorne_3_characters_marking	wh3_dlc20_faction_initiative_chs_khorne_3_characters_marking	-1	wh3_dlc20_initiative_souls_kho_t3	wh3_dlc20_initiative_souls_kho_t3_sacrifice_requirement	UI\skins\default\chaos_gifts\ritual_gift_khorne_rank_3.png	wh3_dlc20_initiative_souls_kho_upkeep_t3	0	0		0	
wh3_dlc20_faction_initiative_chs_khorne_3_units_skullcannons	wh3_dlc20_faction_initiative_chs_khorne_3_units_skullcannons	-1	wh3_dlc20_initiative_souls_kho_t3	wh3_dlc20_initiative_souls_kho_t3_sacrifice_requirement_high	UI\skins\default\chaos_gifts\ritual_gift_khorne_rank_3.png	wh3_dlc20_initiative_souls_kho_upkeep_t3	0	0		0	
wh3_dlc20_faction_initiative_chs_khorne_3_units_warshrine	wh3_dlc20_faction_initiative_chs_khorne_3_units_warshrine	-1	wh3_dlc20_initiative_souls_kho_t4	wh3_dlc20_initiative_souls_kho_t4_sacrifice_requirement	UI\skins\default\chaos_gifts\ritual_gift_khorne_rank_4.png	wh3_dlc20_initiative_souls_kho_upkeep_t4	0	0		0	
wh3_dlc20_faction_initiative_chs_khorne_5_units_bloodthirsters	wh3_dlc20_faction_initiative_chs_khorne_5_units_bloodthirsters	-1	wh3_dlc20_initiative_souls_kho_t5	wh3_dlc20_initiative_souls_kho_t5_sacrifice_requirement	UI\skins\default\chaos_gifts\ritual_gift_khorne_rank_5.png	wh3_dlc20_initiative_souls_kho_upkeep_t5	0	0		0	
wh3_dlc20_faction_initiative_chs_khorne_5_units_soul_grinder	wh3_dlc20_faction_initiative_chs_5_units_soul_grinders	-1	wh3_dlc20_initiative_souls_kho_t5	wh3_dlc20_initiative_souls_kho_t5_sacrifice_requirement_low	UI\skins\default\chaos_gifts\ritual_gift_khorne_rank_5.png	wh3_dlc20_initiative_souls_kho_upkeep_t5	0	0		0	
wh3_dlc20_faction_initiative_chs_nurgle_1_army_replenishment	wh3_dlc20_faction_initiative_chs_nurgle_1_army_replenishment	-1	wh3_dlc20_initiative_souls_nur_t1	wh3_dlc20_initiative_souls_nur_t1_sacrifice_requirements	UI\skins\default\chaos_gifts\ritual_gift_nurgle_rank_1.png	wh3_dlc20_initiative_souls_nur_upkeep_t1	0	0		0	
wh3_dlc20_faction_initiative_chs_nurgle_1_economy_growth	wh3_dlc20_faction_initiative_chs_nurgle_1_economy_growth	-1	wh3_dlc20_initiative_souls_nur_t1	wh3_dlc20_initiative_souls_nur_t1	UI\skins\default\chaos_gifts\ritual_gift_nurgle_rank_1.png	wh3_dlc20_initiative_souls_nur_upkeep_t1	0	0		0	
wh3_dlc20_faction_initiative_chs_nurgle_1_units_beast_of_nurgle	wh3_dlc20_faction_initiative_chs_nurgle_1_units_beasts_of_nurgle	-1	wh3_dlc20_initiative_souls_nur_t1	wh3_dlc20_initiative_souls_nur_t1	UI\skins\default\chaos_gifts\ritual_gift_nurgle_rank_1.png	wh3_dlc20_initiative_souls_nur_upkeep_t1	0	0		0	
wh3_dlc20_faction_initiative_chs_nurgle_1_units_plaguebearers	wh3_dlc20_faction_initiative_chs_nurgle_1_units_plaguebearers	-1	wh3_dlc20_initiative_souls_nur_t1	wh3_dlc20_initiative_souls_nur_t1	UI\skins\default\chaos_gifts\ritual_gift_nurgle_rank_1.png	wh3_dlc20_initiative_souls_nur_upkeep_t1	0	0		0	
wh3_dlc20_faction_initiative_chs_nurgle_2_army_upgrades	wh3_dlc20_faction_initiative_chs_nurgle_2_army_upgrades	-1	wh3_dlc20_initiative_souls_nur_t2	wh3_dlc20_initiative_souls_nur_t2_sacrifice_requirement	UI\skins\default\chaos_gifts\ritual_gift_nurgle_rank_2.png	wh3_dlc20_initiative_souls_nur_upkeep_t2	0	0		0	
wh3_dlc20_faction_initiative_chs_nurgle_3_characters_marking	wh3_dlc20_faction_initiative_chs_nurgle_3_characters_marking	-1	wh3_dlc20_initiative_souls_nur_t3	wh3_dlc20_initiative_souls_nur_t3_sacrifice_requirement	UI\skins\default\chaos_gifts\ritual_gift_nurgle_rank_3.png	wh3_dlc20_initiative_souls_nur_upkeep_t3	0	0		0	
wh3_dlc20_faction_initiative_chs_nurgle_3_units_plague_drones	wh3_dlc20_faction_initiative_chs_nurgle_3_units_plague_drones	-1	wh3_dlc20_initiative_souls_nur_t3	wh3_dlc20_initiative_souls_nur_t3_sacrifice_requirement_high	UI\skins\default\chaos_gifts\ritual_gift_nurgle_rank_3.png	wh3_dlc20_initiative_souls_nur_upkeep_t3	0	0		0	
wh3_dlc20_faction_initiative_chs_nurgle_3_units_warshrine	wh3_dlc20_faction_initiative_chs_nurgle_3_units_warshrine	-1	wh3_dlc20_initiative_souls_nur_t4	wh3_dlc20_initiative_souls_nur_t4_sacrifice_requirement	UI\skins\default\chaos_gifts\ritual_gift_nurgle_rank_4.png	wh3_dlc20_initiative_souls_nur_upkeep_t4	0	0		0	
wh3_dlc20_faction_initiative_chs_nurgle_5_units_great_unclean_one	wh3_dlc20_faction_initiative_chs_nurgle_5_units_great_unclean_one	-1	wh3_dlc20_initiative_souls_nur_t5	wh3_dlc20_initiative_souls_nur_t5_sacrifice_requirement	UI\skins\default\chaos_gifts\ritual_gift_nurgle_rank_5.png	wh3_dlc20_initiative_souls_nur_upkeep_t5	0	0		0	
wh3_dlc20_faction_initiative_chs_nurgle_5_units_soul_grinder	wh3_dlc20_faction_initiative_chs_5_units_soul_grinders	-1	wh3_dlc20_initiative_souls_nur_t5	wh3_dlc20_initiative_souls_nur_t5_sacrifice_requirement_low	UI\skins\default\chaos_gifts\ritual_gift_nurgle_rank_5.png	wh3_dlc20_initiative_souls_nur_upkeep_t5	0	0		0	
wh3_dlc20_faction_initiative_chs_slaanesh_1_army_movement	wh3_dlc20_faction_initiative_chs_slaanesh_1_army_movement	-1	wh3_dlc20_initiative_souls_sla_t1	wh3_dlc20_initiative_souls_sla_t1_sacrifice_requirements	UI\skins\default\chaos_gifts\ritual_gift_slaanesh_rank_1.png	wh3_dlc20_initiative_souls_sla_upkeep_t1	0	0		0	
wh3_dlc20_faction_initiative_chs_slaanesh_1_economy_control	wh3_dlc20_faction_initiative_chs_slaanesh_1_economy_control	-1	wh3_dlc20_initiative_souls_sla_t1	wh3_dlc20_initiative_souls_sla_t1	UI\skins\default\chaos_gifts\ritual_gift_slaanesh_rank_1.png	wh3_dlc20_initiative_souls_sla_upkeep_t1	0	0		0	
wh3_dlc20_faction_initiative_chs_slaanesh_1_units_daemonettes	wh3_dlc20_faction_initiative_chs_slaanesh_1_units_daemonettes	-1	wh3_dlc20_initiative_souls_sla_t1	wh3_dlc20_initiative_souls_sla_t1	UI\skins\default\chaos_gifts\ritual_gift_slaanesh_rank_1.png	wh3_dlc20_initiative_souls_sla_upkeep_t1	0	0		0	
wh3_dlc20_faction_initiative_chs_slaanesh_1_units_seeker_chariots	wh3_dlc20_faction_initiative_chs_slaanesh_1_units_seeker_chariots	-1	wh3_dlc20_initiative_souls_sla_t1	wh3_dlc20_initiative_souls_sla_t1	UI\skins\default\chaos_gifts\ritual_gift_slaanesh_rank_1.png	wh3_dlc20_initiative_souls_sla_upkeep_t1	0	0		0	
wh3_dlc20_faction_initiative_chs_slaanesh_2_army_upgrades	wh3_dlc20_faction_initiative_chs_slaanesh_2_army_upgrades	-1	wh3_dlc20_initiative_souls_sla_t2	wh3_dlc20_initiative_souls_sla_t2_sacrifice_requirement	UI\skins\default\chaos_gifts\ritual_gift_slaanesh_rank_2.png	wh3_dlc20_initiative_souls_sla_upkeep_t2	0	0		0	
wh3_dlc20_faction_initiative_chs_slaanesh_3_characters_marking	wh3_dlc20_faction_initiative_chs_slaanesh_3_characters_marking	-1	wh3_dlc20_initiative_souls_sla_t3	wh3_dlc20_initiative_souls_sla_t3_sacrifice_requirement	UI\skins\default\chaos_gifts\ritual_gift_slaanesh_rank_3.png	wh3_dlc20_initiative_souls_sla_upkeep_t3	0	0		0	
wh3_dlc20_faction_initiative_chs_slaanesh_3_units_fiends	wh3_dlc20_faction_initiative_chs_slaanesh_3_units_fiends	-1	wh3_dlc20_initiative_souls_sla_t3	wh3_dlc20_initiative_souls_sla_t3_sacrifice_requirement_high	UI\skins\default\chaos_gifts\ritual_gift_slaanesh_rank_3.png	wh3_dlc20_initiative_souls_sla_upkeep_t3	0	0		0	
wh3_dlc20_faction_initiative_chs_slaanesh_3_units_warshrine	wh3_dlc20_faction_initiative_chs_slaanesh_3_units_warshrine	-1	wh3_dlc20_initiative_souls_sla_t4	wh3_dlc20_initiative_souls_sla_t4_sacrifice_requirement	UI\skins\default\chaos_gifts\ritual_gift_slaanesh_rank_4.png	wh3_dlc20_initiative_souls_sla_upkeep_t4	0	0		0	
wh3_dlc20_faction_initiative_chs_slaanesh_5_units_keeper_of_secrets	wh3_dlc20_faction_initiative_chs_slaanesh_5_units_keeper_of_secrets	-1	wh3_dlc20_initiative_souls_sla_t5	wh3_dlc20_initiative_souls_sla_t5_sacrifice_requirement	UI\skins\default\chaos_gifts\ritual_gift_slaanesh_rank_5.png	wh3_dlc20_initiative_souls_sla_upkeep_t5	0	0		0	
wh3_dlc20_faction_initiative_chs_slaanesh_5_units_soul_grinder	wh3_dlc20_faction_initiative_chs_5_units_soul_grinders	-1	wh3_dlc20_initiative_souls_sla_t5	wh3_dlc20_initiative_souls_sla_t5_sacrifice_requirement_low	UI\skins\default\chaos_gifts\ritual_gift_slaanesh_rank_5.png	wh3_dlc20_initiative_souls_sla_upkeep_t5	0	0		0	
wh3_dlc20_faction_initiative_chs_tzeentch_1_army_winds	wh3_dlc20_faction_initiative_chs_tzeentch_1_army_winds	-1	wh3_dlc20_initiative_souls_tze_t1	wh3_dlc20_initiative_souls_tze_t1	UI\skins\default\chaos_gifts\ritual_gift_tzeentch_rank_1.png	wh3_dlc20_initiative_souls_tze_upkeep_t1	0	0		0	
wh3_dlc20_faction_initiative_chs_tzeentch_1_economy_technology	wh3_dlc20_faction_initiative_chs_tzeentch_1_economy_technology	-1	wh3_dlc20_initiative_souls_tze_t1	wh3_dlc20_initiative_souls_tze_t1_sacrifice_requirements	UI\skins\default\chaos_gifts\ritual_gift_tzeentch_rank_1.png	wh3_dlc20_initiative_souls_tze_upkeep_t1	0	0		0	
wh3_dlc20_faction_initiative_chs_tzeentch_1_units_pink_horrors	wh3_dlc20_faction_initiative_chs_tzeentch_1_units_blue_horrors	-1	wh3_dlc20_initiative_souls_tze_t1	wh3_dlc20_initiative_souls_tze_t1	UI\skins\default\chaos_gifts\ritual_gift_tzeentch_rank_1.png	wh3_dlc20_initiative_souls_tze_upkeep_t1	0	0		0	
wh3_dlc20_faction_initiative_chs_tzeentch_1_units_screamers	wh3_dlc20_faction_initiative_chs_tzeentch_1_units_screamers	-1	wh3_dlc20_initiative_souls_tze_t1	wh3_dlc20_initiative_souls_tze_t1	UI\skins\default\chaos_gifts\ritual_gift_tzeentch_rank_1.png	wh3_dlc20_initiative_souls_tze_upkeep_t1	0	0		0	
wh3_dlc20_faction_initiative_chs_tzeentch_2_army_upgrades	wh3_dlc20_faction_initiative_chs_tzeentch_2_army_upgrades	-1	wh3_dlc20_initiative_souls_tze_t2	wh3_dlc20_initiative_souls_tze_t2_sacrifice_requirement	UI\skins\default\chaos_gifts\ritual_gift_tzeentch_rank_2.png	wh3_dlc20_initiative_souls_tze_upkeep_t2	0	0		0	
wh3_dlc20_faction_initiative_chs_tzeentch_3_characters_marking	wh3_dlc20_faction_initiative_chs_tzeentch_3_characters_marking	-1	wh3_dlc20_initiative_souls_tze_t3	wh3_dlc20_initiative_souls_tze_t3_sacrifice_requirement	UI\skins\default\chaos_gifts\ritual_gift_tzeentch_rank_3.png	wh3_dlc20_initiative_souls_tze_upkeep_t3	0	0		0	
wh3_dlc20_faction_initiative_chs_tzeentch_3_units_flamers	wh3_dlc20_faction_initiative_chs_tzeentch_3_units_flamers	-1	wh3_dlc20_initiative_souls_tze_t3	wh3_dlc20_initiative_souls_tze_t3_sacrifice_requirement_high	UI\skins\default\chaos_gifts\ritual_gift_tzeentch_rank_3.png	wh3_dlc20_initiative_souls_tze_upkeep_t3	0	0		0	
wh3_dlc20_faction_initiative_chs_tzeentch_3_units_warshrine	wh3_dlc20_faction_initiative_chs_tzeentch_3_units_warshrine	-1	wh3_dlc20_initiative_souls_tze_t4	wh3_dlc20_initiative_souls_tze_t4_sacrifice_requirement	UI\skins\default\chaos_gifts\ritual_gift_tzeentch_rank_4.png	wh3_dlc20_initiative_souls_tze_upkeep_t4	0	0		0	
wh3_dlc20_faction_initiative_chs_tzeentch_5_units_lord_of_Change	wh3_dlc20_faction_initiative_chs_tzeentch_5_units_lord_of_Change	-1	wh3_dlc20_initiative_souls_tze_t5	wh3_dlc20_initiative_souls_tze_t5_sacrifice_requirement	UI\skins\default\chaos_gifts\ritual_gift_tzeentch_rank_5.png	wh3_dlc20_initiative_souls_tze_upkeep_t5	0	0		0	
wh3_dlc20_faction_initiative_chs_tzeentch_5_units_soul_grinder	wh3_dlc20_faction_initiative_chs_5_units_soul_grinders	-1	wh3_dlc20_initiative_souls_tze_t5	wh3_dlc20_initiative_souls_tze_t5_sacrifice_requirement_low	UI\skins\default\chaos_gifts\ritual_gift_tzeentch_rank_5.png	wh3_dlc20_initiative_souls_tze_upkeep_t5	0	0		0	
wh3_dlc20_faction_initiative_chs_undivided_1_army_marauders	wh3_dlc20_faction_initiative_chs_undivided_1_army_marauders	-1	wh3_dlc20_initiative_souls_und_t1	wh3_dlc20_initiative_souls_und_t1	UI\skins\default\chaos_gifts\ritual_gift_undivided_rank_1.png	wh3_dlc20_initiative_souls_und_upkeep_t1	0	0		0	
wh3_dlc20_faction_initiative_chs_undivided_1_economy_building	wh3_dlc20_faction_initiative_chs_undivided_1_economy_building	-1	wh3_dlc20_initiative_souls_und_t1	wh3_dlc20_initiative_souls_und_t1	UI\skins\default\chaos_gifts\ritual_gift_undivided_rank_1.png	wh3_dlc20_initiative_souls_und_upkeep_t1	0	0		0	
wh3_dlc20_faction_initiative_chs_undivided_1_units_furies	wh3_dlc20_faction_initiative_chs_undivided_1_units_furies	-1	wh3_dlc20_initiative_souls_und_t1	wh3_dlc20_initiative_souls_und_t1	UI\skins\default\chaos_gifts\ritual_gift_undivided_rank_1.png	wh3_dlc20_initiative_souls_und_upkeep_t1	0	0		0	
wh3_dlc20_faction_initiative_chs_undivided_2_army_upgrades	wh3_dlc20_faction_initiative_chs_undivided_2_army_upgrades	-1	wh3_dlc20_initiative_souls_und_t2	wh3_dlc20_initiative_souls_und_t2_sacrifice_requirement	UI\skins\default\chaos_gifts\ritual_gift_undivided_rank_2.png	wh3_dlc20_initiative_souls_und_upkeep_t2	0	0		0	
wh3_dlc20_faction_initiative_chs_undivided_2_economy_vassals	wh3_dlc20_faction_initiative_chs_undivided_2_economy_vassals	-1	wh3_dlc20_initiative_souls_und_t2	wh3_dlc20_initiative_souls_und_t2_sacrifice_requirement	UI\skins\default\chaos_gifts\ritual_gift_undivided_rank_2.png	wh3_dlc20_initiative_souls_und_upkeep_t2	0	0		0	
wh3_dlc20_faction_initiative_chs_undivided_2_xp_sharing	wh3_dlc20_faction_initiative_chs_undivided_2_xp_sharing	-1	wh3_dlc20_initiative_souls_und_t2	wh3_dlc20_initiative_souls_und_t2_sacrifice_requirement	UI\skins\default\chaos_gifts\ritual_gift_undivided_rank_2.png	wh3_dlc20_initiative_souls_und_upkeep_t2	0	0		0	
wh3_dlc20_faction_initiative_chs_undivided_3_army_elites	wh3_dlc20_faction_initiative_chs_undivided_3_elites	-1	wh3_dlc20_initiative_souls_und_t3	wh3_dlc20_initiative_souls_und_t3_sacrifice_requirement	UI\skins\default\chaos_gifts\ritual_gift_undivided_rank_3.png	wh3_dlc20_initiative_souls_und_upkeep_t3	0	0		0	
wh3_dlc20_faction_initiative_chs_undivided_3_characters_marking	wh3_dlc20_faction_initiative_chs_undivided_3_characters_marking	-1	wh3_dlc20_initiative_souls_und_t3	wh3_dlc20_initiative_souls_und_t3_sacrifice_requirement	UI\skins\default\chaos_gifts\ritual_gift_undivided_rank_3.png	wh3_dlc20_initiative_souls_und_upkeep_t3	0	0		0	
wh3_dlc20_faction_initiative_chs_undivided_3_units_hellcannons	wh3_dlc20_faction_initiative_chs_undivided_3_units_hellcannons	-1	wh3_dlc20_initiative_souls_und_t3	wh3_dlc20_initiative_souls_und_t3_sacrifice_requirement_high	UI\skins\default\chaos_gifts\ritual_gift_undivided_rank_3.png	wh3_dlc20_initiative_souls_und_upkeep_t3	0	0		0	
wh3_dlc20_faction_initiative_chs_undivided_3_units_warshrine	wh3_dlc20_faction_initiative_chs_undivided_3_units_warshrine	-1	wh3_dlc20_initiative_souls_und_t4	wh3_dlc20_initiative_souls_und_t4_sacrifice_requirement	UI\skins\default\chaos_gifts\ritual_gift_undivided_rank_4.png	wh3_dlc20_initiative_souls_und_upkeep_t4	0	0		0	
wh3_dlc20_faction_initiative_chs_undivided_5_units_shaggoths	wh3_dlc20_faction_initiative_chs_undivided_5_units_shaggoths	-1	wh3_dlc20_initiative_souls_und_t4	wh3_dlc20_initiative_souls_und_t4_sacrifice_requirement	UI\skins\default\chaos_gifts\ritual_gift_undivided_rank_5.png	wh3_dlc20_initiative_souls_und_upkeep_t4	0	0		0	
wh3_dlc23_faction_initiative_chd_category_bull_centaurs_1	wh3_dlc23_faction_initiative_chd_category_bull_centaurs_1	-1	wh3_dlc23_chd_armaments_hellforge_upkeep_t5	wh3_dlc23_chd_hellforge_unit_cap_required_bull_centaur_t4		wh3_dlc23_chd_armaments_hellforge_upkeep_t5	0	0		0	
wh3_dlc23_faction_initiative_chd_category_bull_centaurs_2	wh3_dlc23_faction_initiative_chd_category_bull_centaurs_2	-1	wh3_dlc23_chd_armaments_hellforge_upkeep_t3	wh3_dlc23_chd_hellforge_unit_cap_required_bull_centaur_t1		wh3_dlc23_chd_armaments_hellforge_upkeep_t3	0	0		0	
wh3_dlc23_faction_initiative_chd_category_bull_centaurs_3	wh3_dlc23_faction_initiative_chd_category_bull_centaurs_3	-1	wh3_dlc23_chd_armaments_hellforge_upkeep_t4	wh3_dlc23_chd_hellforge_unit_cap_required_bull_centaur_t4		wh3_dlc23_chd_armaments_hellforge_upkeep_t4	0	0		0	
wh3_dlc23_faction_initiative_chd_category_bull_centaurs_4	wh3_dlc23_faction_initiative_chd_category_bull_centaurs_4	-1	wh3_dlc23_chd_armaments_hellforge_upkeep_t4	wh3_dlc23_chd_hellforge_unit_cap_required_bull_centaur_t5		wh3_dlc23_chd_armaments_hellforge_upkeep_t4	0	0		0	
wh3_dlc23_faction_initiative_chd_category_bull_centaurs_5	wh3_dlc23_faction_initiative_chd_category_bull_centaurs_5	-1	wh3_dlc23_chd_armaments_hellforge_upkeep_t4	wh3_dlc23_chd_hellforge_unit_cap_required_bull_centaur_t2		wh3_dlc23_chd_armaments_hellforge_upkeep_t4	0	0		0	
wh3_dlc23_faction_initiative_chd_category_bull_centaurs_6	wh3_dlc23_faction_initiative_chd_category_bull_centaurs_6	-1	wh3_dlc23_chd_armaments_hellforge_upkeep_t5	wh3_dlc23_chd_hellforge_unit_cap_required_bull_centaur_t3		wh3_dlc23_chd_armaments_hellforge_upkeep_t5	0	0		0	
wh3_dlc23_faction_initiative_chd_category_bull_centaurs_7	wh3_dlc23_faction_initiative_chd_category_bull_centaurs_7	-1	wh3_dlc23_chd_armaments_hellforge_upkeep_t3	wh3_dlc23_chd_hellforge_unit_cap_required_bull_centaur_t2		wh3_dlc23_chd_armaments_hellforge_upkeep_t3	0	0		0	
wh3_dlc23_faction_initiative_chd_category_bull_centaurs_8	wh3_dlc23_faction_initiative_chd_category_bull_centaurs_8	-1	wh3_dlc23_chd_armaments_hellforge_upkeep_t3	wh3_dlc23_chd_hellforge_unit_cap_required_bull_centaur_t3		wh3_dlc23_chd_armaments_hellforge_upkeep_t3	0	0		0	
wh3_dlc23_faction_initiative_chd_category_flying_beasts_1	wh3_dlc23_faction_initiative_chd_category_flying_beasts_1	-1	wh3_dlc23_chd_armaments_hellforge_upkeep_t3	wh3_dlc23_chd_hellforge_unit_cap_required_flying_beast_t1		wh3_dlc23_chd_armaments_hellforge_upkeep_t3	0	0		0	
wh3_dlc23_faction_initiative_chd_category_flying_beasts_2	wh3_dlc23_faction_initiative_chd_category_flying_beasts_2	-1	wh3_dlc23_chd_armaments_hellforge_upkeep_t3	wh3_dlc23_chd_hellforge_unit_cap_required_flying_beast_t3		wh3_dlc23_chd_armaments_hellforge_upkeep_t3	0	0		0	
wh3_dlc23_faction_initiative_chd_category_flying_beasts_3	wh3_dlc23_faction_initiative_chd_category_flying_beasts_3	-1	wh3_dlc23_chd_armaments_hellforge_upkeep_t4	wh3_dlc23_chd_hellforge_unit_cap_required_flying_beast_t2		wh3_dlc23_chd_armaments_hellforge_upkeep_t4	0	0		0	
wh3_dlc23_faction_initiative_chd_category_flying_beasts_4	wh3_dlc23_faction_initiative_chd_category_flying_beasts_4	-1	wh3_dlc23_chd_armaments_hellforge_upkeep_t5	wh3_dlc23_chd_hellforge_unit_cap_required_flying_beast_t4		wh3_dlc23_chd_armaments_hellforge_upkeep_t5	0	0		0	
wh3_dlc23_faction_initiative_chd_category_flying_beasts_5	wh3_dlc23_faction_initiative_chd_category_flying_beasts_5	-1	wh3_dlc23_chd_armaments_hellforge_upkeep_t4	wh3_dlc23_chd_hellforge_unit_cap_required_flying_beast_t5		wh3_dlc23_chd_armaments_hellforge_upkeep_t4	0	0		0	
wh3_dlc23_faction_initiative_chd_category_flying_beasts_6	wh3_dlc23_faction_initiative_chd_category_flying_beasts_6	-1	wh3_dlc23_chd_armaments_hellforge_upkeep_t4	wh3_dlc23_chd_hellforge_unit_cap_required_flying_beast_t3		wh3_dlc23_chd_armaments_hellforge_upkeep_t4	0	0		0	
wh3_dlc23_faction_initiative_chd_category_flying_beasts_7	wh3_dlc23_faction_initiative_chd_category_flying_beasts_7	-1	wh3_dlc23_chd_armaments_hellforge_upkeep_t3	wh3_dlc23_chd_hellforge_unit_cap_required_flying_beast_t2		wh3_dlc23_chd_armaments_hellforge_upkeep_t3	0	0		0	
wh3_dlc23_faction_initiative_chd_category_flying_beasts_8	wh3_dlc23_faction_initiative_chd_category_flying_beasts_8	-1	wh3_dlc23_chd_armaments_hellforge_upkeep_t5	wh3_dlc23_chd_hellforge_unit_cap_required_flying_beast_t4		wh3_dlc23_chd_armaments_hellforge_upkeep_t5	0	0		0	
wh3_dlc23_faction_initiative_chd_category_kdaai_1	wh3_dlc23_faction_initiative_chd_category_kdaai_1	-1	wh3_dlc23_chd_armaments_hellforge_upkeep_t3	wh3_dlc23_chd_hellforge_unit_cap_required_kdaai_t2		wh3_dlc23_chd_armaments_hellforge_upkeep_t3	0	0		0	
wh3_dlc23_faction_initiative_chd_category_kdaai_2	wh3_dlc23_faction_initiative_chd_category_kdaai_2	-1	wh3_dlc23_chd_armaments_hellforge_upkeep_t3	wh3_dlc23_chd_hellforge_unit_cap_required_kdaai_t2		wh3_dlc23_chd_armaments_hellforge_upkeep_t3	0	0		0	
wh3_dlc23_faction_initiative_chd_category_kdaai_3	wh3_dlc23_faction_initiative_chd_category_kdaai_3	-1	wh3_dlc23_chd_armaments_hellforge_upkeep_t4	wh3_dlc23_chd_hellforge_unit_cap_required_kdaai_t3		wh3_dlc23_chd_armaments_hellforge_upkeep_t4	0	0		0	
wh3_dlc23_faction_initiative_chd_category_kdaai_4	wh3_dlc23_faction_initiative_chd_category_kdaai_4	-1	wh3_dlc23_chd_armaments_hellforge_upkeep_t3	wh3_dlc23_chd_hellforge_unit_cap_required_kdaai_t1		wh3_dlc23_chd_armaments_hellforge_upkeep_t3	0	0		0	
wh3_dlc23_faction_initiative_chd_category_kdaai_5	wh3_dlc23_faction_initiative_chd_category_kdaai_5	-1	wh3_dlc23_chd_armaments_hellforge_upkeep_t5	wh3_dlc23_chd_hellforge_unit_cap_required_kdaai_t5		wh3_dlc23_chd_armaments_hellforge_upkeep_t5	0	0		0	
wh3_dlc23_faction_initiative_chd_category_kdaai_6	wh3_dlc23_faction_initiative_chd_category_kdaai_6	-1	wh3_dlc23_chd_armaments_hellforge_upkeep_t4	wh3_dlc23_chd_hellforge_unit_cap_required_kdaai_t3		wh3_dlc23_chd_armaments_hellforge_upkeep_t4	0	0		0	
wh3_dlc23_faction_initiative_chd_category_kdaai_7	wh3_dlc23_faction_initiative_chd_category_kdaai_7	-1	wh3_dlc23_chd_armaments_hellforge_upkeep_t5	wh3_dlc23_chd_hellforge_unit_cap_required_kdaai_t4		wh3_dlc23_chd_armaments_hellforge_upkeep_t5	0	0		0	
wh3_dlc23_faction_initiative_chd_category_kdaai_8	wh3_dlc23_faction_initiative_chd_category_kdaai_8	-1	wh3_dlc23_chd_armaments_hellforge_upkeep_t4	wh3_dlc23_chd_hellforge_unit_cap_required_kdaai_t4		wh3_dlc23_chd_armaments_hellforge_upkeep_t4	0	0		0	
wh3_dlc23_faction_initiative_chd_category_melee_infantry_1	wh3_dlc23_faction_initiative_chd_category_melee_infantry_1	-1	wh3_dlc23_chd_armaments_hellforge_upkeep_t2	wh3_dlc23_chd_hellforge_unit_cap_required_mel_inf_t3		wh3_dlc23_chd_armaments_hellforge_upkeep_t2	0	0		0	
wh3_dlc23_faction_initiative_chd_category_melee_infantry_2	wh3_dlc23_faction_initiative_chd_category_melee_infantry_2	-1	wh3_dlc23_chd_armaments_hellforge_upkeep_t1	wh3_dlc23_chd_hellforge_unit_cap_required_mel_inf_t0		wh3_dlc23_chd_armaments_hellforge_upkeep_t1	0	0		0	
wh3_dlc23_faction_initiative_chd_category_melee_infantry_3	wh3_dlc23_faction_initiative_chd_category_melee_infantry_3	-1	wh3_dlc23_chd_armaments_hellforge_upkeep_t2	wh3_dlc23_chd_hellforge_unit_cap_required_mel_inf_t2		wh3_dlc23_chd_armaments_hellforge_upkeep_t2	0	0		0	
wh3_dlc23_faction_initiative_chd_category_melee_infantry_4	wh3_dlc23_faction_initiative_chd_category_melee_infantry_4	-1	wh3_dlc23_chd_armaments_hellforge_upkeep_t1	wh3_dlc23_chd_hellforge_unit_cap_required_mel_inf_t1		wh3_dlc23_chd_armaments_hellforge_upkeep_t1	0	0		0	
wh3_dlc23_faction_initiative_chd_category_melee_infantry_5	wh3_dlc23_faction_initiative_chd_category_melee_infantry_5	-1	wh3_dlc23_chd_armaments_hellforge_upkeep_t2	wh3_dlc23_chd_hellforge_unit_cap_required_mel_inf_t4		wh3_dlc23_chd_armaments_hellforge_upkeep_t2	0	0		0	
wh3_dlc23_faction_initiative_chd_category_melee_infantry_6	wh3_dlc23_faction_initiative_chd_category_melee_infantry_6	-1	wh3_dlc23_chd_armaments_hellforge_upkeep_t3	wh3_dlc23_chd_hellforge_unit_cap_required_mel_inf_t2		wh3_dlc23_chd_armaments_hellforge_upkeep_t3	0	0		0	
wh3_dlc23_faction_initiative_chd_category_melee_infantry_7	wh3_dlc23_faction_initiative_chd_category_melee_infantry_7	-1	wh3_dlc23_chd_armaments_hellforge_upkeep_t3	wh3_dlc23_chd_hellforge_unit_cap_required_mel_inf_t3		wh3_dlc23_chd_armaments_hellforge_upkeep_t3	0	0		0	
wh3_dlc23_faction_initiative_chd_category_melee_infantry_8	wh3_dlc23_faction_initiative_chd_category_melee_infantry_8	-1	wh3_dlc23_chd_armaments_hellforge_upkeep_t1	wh3_dlc23_chd_hellforge_unit_cap_required_mel_inf_t1		wh3_dlc23_chd_armaments_hellforge_upkeep_t1	0	0		0	
wh3_dlc23_faction_initiative_chd_category_missile_infantry_1	wh3_dlc23_faction_initiative_chd_category_missile_infantry_1	-1	wh3_dlc23_chd_armaments_hellforge_upkeep_t3	wh3_dlc23_chd_hellforge_unit_cap_required_mis_inf_t3		wh3_dlc23_chd_armaments_hellforge_upkeep_t3	0	0		0	
wh3_dlc23_faction_initiative_chd_category_missile_infantry_2	wh3_dlc23_faction_initiative_chd_category_missile_infantry_2	-1	wh3_dlc23_chd_armaments_hellforge_upkeep_t1	wh3_dlc23_chd_hellforge_unit_cap_required_mis_inf_t1		wh3_dlc23_chd_armaments_hellforge_upkeep_t1	0	0		0	
wh3_dlc23_faction_initiative_chd_category_missile_infantry_3	wh3_dlc23_faction_initiative_chd_category_missile_infantry_3	-1	wh3_dlc23_chd_armaments_hellforge_upkeep_t1	wh3_dlc23_chd_hellforge_unit_cap_required_mis_inf_t2		wh3_dlc23_chd_armaments_hellforge_upkeep_t1	0	0		0	
wh3_dlc23_faction_initiative_chd_category_missile_infantry_4	wh3_dlc23_faction_initiative_chd_category_missile_infantry_4	-1	wh3_dlc23_chd_armaments_hellforge_upkeep_t2	wh3_dlc23_chd_hellforge_unit_cap_required_mis_inf_t1		wh3_dlc23_chd_armaments_hellforge_upkeep_t2	0	0		0	
wh3_dlc23_faction_initiative_chd_category_missile_infantry_5	wh3_dlc23_faction_initiative_chd_category_missile_infantry_5	-1	wh3_dlc23_chd_armaments_hellforge_upkeep_t2	wh3_dlc23_chd_hellforge_unit_cap_required_mis_inf_t3		wh3_dlc23_chd_armaments_hellforge_upkeep_t2	0	0		0	
wh3_dlc23_faction_initiative_chd_category_missile_infantry_6	wh3_dlc23_faction_initiative_chd_category_missile_infantry_6	-1	wh3_dlc23_chd_armaments_hellforge_upkeep_t2	wh3_dlc23_chd_hellforge_unit_cap_required_mis_inf_t2		wh3_dlc23_chd_armaments_hellforge_upkeep_t2	0	0		0	
wh3_dlc23_faction_initiative_chd_category_missile_infantry_7	wh3_dlc23_faction_initiative_chd_category_missile_infantry_7	-1	wh3_dlc23_chd_armaments_hellforge_upkeep_t1	wh3_dlc23_chd_hellforge_unit_cap_required_mis_inf_t0		wh3_dlc23_chd_armaments_hellforge_upkeep_t1	0	0		0	
wh3_dlc23_faction_initiative_chd_category_missile_infantry_8	wh3_dlc23_faction_initiative_chd_category_missile_infantry_8	-1	wh3_dlc23_chd_armaments_hellforge_upkeep_t3	wh3_dlc23_chd_hellforge_unit_cap_required_mis_inf_t4		wh3_dlc23_chd_armaments_hellforge_upkeep_t3	0	0		0	
wh3_dlc23_faction_initiative_chd_category_warmachines_1	wh3_dlc23_faction_initiative_chd_category_warmachines_1	-1	wh3_dlc23_chd_armaments_hellforge_upkeep_t4	wh3_dlc23_chd_hellforge_unit_cap_required_warmachine_t3		wh3_dlc23_chd_armaments_hellforge_upkeep_t4	0	0		0	
wh3_dlc23_faction_initiative_chd_category_warmachines_2	wh3_dlc23_faction_initiative_chd_category_warmachines_2	-1	wh3_dlc23_chd_armaments_hellforge_upkeep_t5	wh3_dlc23_chd_hellforge_unit_cap_required_warmachine_t2		wh3_dlc23_chd_armaments_hellforge_upkeep_t5	0	0		0	
wh3_dlc23_faction_initiative_chd_category_warmachines_3	wh3_dlc23_faction_initiative_chd_category_warmachines_3	-1	wh3_dlc23_chd_armaments_hellforge_upkeep_t4	wh3_dlc23_chd_hellforge_unit_cap_required_warmachine_t5		wh3_dlc23_chd_armaments_hellforge_upkeep_t4	0	0		0	
wh3_dlc23_faction_initiative_chd_category_warmachines_4	wh3_dlc23_faction_initiative_chd_category_warmachines_4	-1	wh3_dlc23_chd_armaments_hellforge_upkeep_t3	wh3_dlc23_chd_hellforge_unit_cap_required_warmachine_t4		wh3_dlc23_chd_armaments_hellforge_upkeep_t3	0	0		0	
wh3_dlc23_faction_initiative_chd_category_warmachines_5	wh3_dlc23_faction_initiative_chd_category_warmachines_5	-1	wh3_dlc23_chd_armaments_hellforge_upkeep_t3	wh3_dlc23_chd_hellforge_unit_cap_required_warmachine_t3		wh3_dlc23_chd_armaments_hellforge_upkeep_t3	0	0		0	
wh3_dlc23_faction_initiative_chd_category_warmachines_6	wh3_dlc23_faction_initiative_chd_category_warmachines_6	-1	wh3_dlc23_chd_armaments_hellforge_upkeep_t4	wh3_dlc23_chd_hellforge_unit_cap_required_warmachine_t2		wh3_dlc23_chd_armaments_hellforge_upkeep_t4	0	0		0	
wh3_dlc23_faction_initiative_chd_category_warmachines_7	wh3_dlc23_faction_initiative_chd_category_warmachines_7	-1	wh3_dlc23_chd_armaments_hellforge_upkeep_t3	wh3_dlc23_chd_hellforge_unit_cap_required_warmachine_t1		wh3_dlc23_chd_armaments_hellforge_upkeep_t3	0	0		0	
wh3_dlc23_faction_initiative_chd_category_warmachines_8	wh3_dlc23_faction_initiative_chd_category_warmachines_8	-1	wh3_dlc23_chd_armaments_hellforge_upkeep_t5	wh3_dlc23_chd_hellforge_unit_cap_required_warmachine_t4		wh3_dlc23_chd_armaments_hellforge_upkeep_t5	0	0		0	
wh3_dlc23_faction_initiative_chd_category_warmachines_carriage_dummy_1	wh3_dlc23_faction_initiative_chd_category_warmachines_carriage_dummy_1	-1		wh3_dlc23_chd_hellforge_unit_cap_required_warmachine_t4			0	0		0	
wh3_dlc23_faction_initiative_chd_category_warmachines_carriage_dummy_2	wh3_dlc23_faction_initiative_chd_category_warmachines_carriage_dummy_2	-1		wh3_dlc23_chd_hellforge_unit_cap_required_warmachine_t5			0	0		0	
wh3_dlc24_character_initiative_chs_chaos_lord_tze_01	wh3_dlc24_character_initiative_chs_chaos_lord_tze_01	-1			UI\skins\default\path_to_glory\boon_background_image_tzeentch.png		0	0		0	
wh3_dlc24_character_initiative_chs_chaos_lord_tze_02	wh3_dlc24_character_initiative_chs_chaos_lord_tze_02	-1			UI\skins\default\path_to_glory\boon_background_image_tzeentch.png		0	0		0	
wh3_dlc24_character_initiative_chs_chaos_lord_tze_03	wh3_dlc24_character_initiative_chs_chaos_lord_tze_03	-1			UI\skins\default\path_to_glory\boon_background_image_tzeentch.png		0	0		0	
wh3_dlc24_character_initiative_chs_chaos_lord_tze_04	wh3_dlc24_character_initiative_chs_chaos_lord_tze_04	-1			UI\skins\default\path_to_glory\boon_background_image_tzeentch.png		0	0		0	
wh3_dlc24_character_initiative_chs_chaos_lord_tze_05	wh3_dlc24_character_initiative_chs_chaos_lord_tze_05	-1			UI\skins\default\path_to_glory\boon_background_image_tzeentch.png		0	0		0	
wh3_dlc24_character_initiative_chs_chaos_lord_tze_06	wh3_dlc24_character_initiative_chs_chaos_lord_tze_06	-1			UI\skins\default\path_to_glory\boon_background_image_tzeentch.png		0	0		0	
wh3_dlc24_character_initiative_chs_chaos_lord_tze_07	wh3_dlc24_character_initiative_chs_chaos_lord_tze_07	-1			UI\skins\default\path_to_glory\boon_background_image_tzeentch.png		0	0		0	
wh3_dlc24_character_initiative_chs_chaos_lord_tze_08	wh3_dlc24_character_initiative_chs_chaos_lord_tze_08	-1			UI\skins\default\path_to_glory\boon_background_image_tzeentch.png		0	0		0	
wh3_dlc24_character_initiative_chs_chaos_lord_tze_09	wh3_dlc24_character_initiative_chs_chaos_lord_tze_09	-1			UI\skins\default\path_to_glory\boon_background_image_tzeentch.png		0	0		0	
wh3_dlc24_character_initiative_chs_exalted_hero_tze_01	wh3_dlc24_character_initiative_chs_exalted_hero_tze_01	-1			UI\skins\default\path_to_glory\boon_background_image_tzeentch.png		0	0		0	
wh3_dlc24_character_initiative_chs_exalted_hero_tze_02	wh3_dlc24_character_initiative_chs_exalted_hero_tze_02	-1			UI\skins\default\path_to_glory\boon_background_image_tzeentch.png		0	0		0	
wh3_dlc24_character_initiative_chs_exalted_hero_tze_03	wh3_dlc24_character_initiative_chs_exalted_hero_tze_03	-1			UI\skins\default\path_to_glory\boon_background_image_tzeentch.png		0	0		0	
wh3_dlc24_character_initiative_chs_exalted_hero_tze_04	wh3_dlc24_character_initiative_chs_exalted_hero_tze_04	-1			UI\skins\default\path_to_glory\boon_background_image_tzeentch.png		0	0		0	
wh3_dlc24_character_initiative_chs_exalted_hero_tze_05	wh3_dlc24_character_initiative_chs_exalted_hero_tze_05	-1			UI\skins\default\path_to_glory\boon_background_image_tzeentch.png		0	0		0	
wh3_dlc24_character_initiative_chs_exalted_hero_tze_06	wh3_dlc24_character_initiative_chs_exalted_hero_tze_06	-1			UI\skins\default\path_to_glory\boon_background_image_tzeentch.png		0	0		0	
wh3_dlc24_character_initiative_chs_exalted_hero_tze_07	wh3_dlc24_character_initiative_chs_exalted_hero_tze_07	-1			UI\skins\default\path_to_glory\boon_background_image_tzeentch.png		0	0		0	
wh3_dlc24_character_initiative_chs_exalted_hero_tze_08	wh3_dlc24_character_initiative_chs_exalted_hero_tze_08	-1			UI\skins\default\path_to_glory\boon_background_image_tzeentch.png		0	0		0	
wh3_dlc24_character_initiative_chs_exalted_hero_tze_09	wh3_dlc24_character_initiative_chs_exalted_hero_tze_09	-1			UI\skins\default\path_to_glory\boon_background_image_tzeentch.png		0	0		0	
wh3_dlc24_character_initiative_chs_exalted_hero_tze_10	wh3_dlc24_character_initiative_chs_exalted_hero_tze_10	-1			UI\skins\default\path_to_glory\boon_background_image_tzeentch.png		0	0		0	
wh3_dlc24_character_initiative_devote_exalted_hero_to_tzeentch	wh3_dlc20_character_upgrade_effects	1	wh3_dlc20_initiative_character_mark_hero_tze	wh3_dlc20_initiative_character_mark_hero_tze	UI\skins\default\path_to_glory\mark_of_chaos_exalted_hero_tzeentch.png		0	0		0	
wh3_dlc24_character_initiative_devote_lord_to_tzeentch	wh3_dlc20_character_upgrade_effects	1	wh3_dlc20_initiative_character_mark_lord_tze	wh3_dlc20_initiative_character_mark_lord_tze	UI\skins\default\path_to_glory\mark_of_chaos_chaos_lord_tzeentch.png		0	0		0	
wh3_dlc24_faction_initiative_chs_tzeentch_3_units_changebringers	wh3_dlc24_faction_initiative_chs_tzeentch_3_units_changebringers	-1	wh3_dlc20_initiative_souls_tze_t3	wh3_dlc20_initiative_souls_tze_t3_sacrifice_requirement_high	UI\skins\default\chaos_gifts\ritual_gift_tzeentch_rank_3.png	wh3_dlc20_initiative_souls_tze_upkeep_t3	0	0		0	
wh3_dlc24_faction_initiative_chs_tzeentch_3_units_cockatrice	wh3_dlc24_faction_initiative_chs_tzeentch_3_units_cockatrice	-1	wh3_dlc20_initiative_souls_tze_t3	wh3_dlc20_initiative_souls_tze_t3_sacrifice_requirement	UI\skins\default\chaos_gifts\ritual_gift_tzeentch_rank_3.png	wh3_dlc20_initiative_souls_tze_upkeep_t3	0	0		0	
wh3_dlc24_faction_initiative_chs_tzeentch_3_units_mutalith_vortex_beast	wh3_dlc24_faction_initiative_chs_tzeentch_3_units_mutalith_vortex_beast	-1	wh3_dlc20_initiative_souls_tze_t5	wh3_dlc20_initiative_souls_tze_t5_sacrifice_requirement_low	UI\skins\default\chaos_gifts\ritual_gift_tzeentch_rank_5.png	wh3_dlc20_initiative_souls_tze_upkeep_t5	0	0		0	
wh3_dlc25_character_initiative_chs_chaos_lord_nur_01	wh3_dlc25_character_initiative_chs_chaos_lord_nur_01	-1			UI\skins\default\path_to_glory\boon_background_image_nurgle.png		0	0		0	
wh3_dlc25_character_initiative_chs_chaos_lord_nur_02	wh3_dlc25_character_initiative_chs_chaos_lord_nur_02	-1			UI\skins\default\path_to_glory\boon_background_image_nurgle.png		0	0		0	
wh3_dlc25_character_initiative_chs_chaos_lord_nur_03	wh3_dlc25_character_initiative_chs_chaos_lord_nur_03	-1			UI\skins\default\path_to_glory\boon_background_image_nurgle.png		0	0		0	
wh3_dlc25_character_initiative_chs_chaos_lord_nur_04	wh3_dlc25_character_initiative_chs_chaos_lord_nur_04	-1			UI\skins\default\path_to_glory\boon_background_image_nurgle.png		0	0		0	
wh3_dlc25_character_initiative_chs_chaos_lord_nur_05	wh3_dlc25_character_initiative_chs_chaos_lord_nur_05	-1			UI\skins\default\path_to_glory\boon_background_image_nurgle.png		0	0		0	
wh3_dlc25_character_initiative_chs_chaos_lord_nur_06	wh3_dlc25_character_initiative_chs_chaos_lord_nur_06	-1			UI\skins\default\path_to_glory\boon_background_image_nurgle.png		0	0		0	
wh3_dlc25_character_initiative_chs_chaos_lord_nur_07	wh3_dlc25_character_initiative_chs_chaos_lord_nur_07	-1			UI\skins\default\path_to_glory\boon_background_image_nurgle.png		0	0		0	
wh3_dlc25_character_initiative_chs_chaos_lord_nur_08	wh3_dlc25_character_initiative_chs_chaos_lord_nur_08	-1			UI\skins\default\path_to_glory\boon_background_image_nurgle.png		0	0		0	
wh3_dlc25_character_initiative_chs_chaos_lord_nur_09	wh3_dlc25_character_initiative_chs_chaos_lord_nur_09	-1			UI\skins\default\path_to_glory\boon_background_image_nurgle.png		0	0		0	
wh3_dlc25_character_initiative_chs_chaos_sorcerer_nur_01	wh3_dlc25_character_initiative_chs_chaos_sorcerer_nur_01	-1			UI\skins\default\path_to_glory\boon_background_image_nurgle.png		0	0		0	
wh3_dlc25_character_initiative_chs_chaos_sorcerer_nur_02	wh3_dlc25_character_initiative_chs_chaos_sorcerer_nur_02	-1			UI\skins\default\path_to_glory\boon_background_image_nurgle.png		0	0		0	
wh3_dlc25_character_initiative_chs_chaos_sorcerer_nur_03	wh3_dlc25_character_initiative_chs_chaos_sorcerer_nur_03	-1			UI\skins\default\path_to_glory\boon_background_image_nurgle.png		0	0		0	
wh3_dlc25_character_initiative_chs_chaos_sorcerer_nur_04	wh3_dlc25_character_initiative_chs_chaos_sorcerer_nur_04	-1			UI\skins\default\path_to_glory\boon_background_image_nurgle.png		0	0		0	
wh3_dlc25_character_initiative_chs_chaos_sorcerer_nur_05	wh3_dlc25_character_initiative_chs_chaos_sorcerer_nur_05	-1			UI\skins\default\path_to_glory\boon_background_image_nurgle.png		0	0		0	
wh3_dlc25_character_initiative_chs_chaos_sorcerer_nur_06	wh3_dlc25_character_initiative_chs_chaos_sorcerer_nur_06	-1			UI\skins\default\path_to_glory\boon_background_image_nurgle.png		0	0		0	
wh3_dlc25_character_initiative_chs_chaos_sorcerer_nur_07	wh3_dlc25_character_initiative_chs_chaos_sorcerer_nur_07	-1			UI\skins\default\path_to_glory\boon_background_image_nurgle.png		0	0		0	
wh3_dlc25_character_initiative_chs_chaos_sorcerer_nur_08	wh3_dlc25_character_initiative_chs_chaos_sorcerer_nur_08	-1			UI\skins\default\path_to_glory\boon_background_image_nurgle.png		0	0		0	
wh3_dlc25_character_initiative_chs_chaos_sorcerer_nur_09	wh3_dlc25_character_initiative_chs_chaos_sorcerer_nur_09	-1			UI\skins\default\path_to_glory\boon_background_image_nurgle.png		0	0		0	
wh3_dlc25_character_initiative_devote_sorceror_to_nurgle_death	wh3_dlc20_character_upgrade_effects	1	wh3_dlc20_initiative_character_mark_hero_nur	wh3_dlc20_initiative_character_mark_hero_nur	UI\skins\default\path_to_glory\mark_of_chaos_sorceror_nurgle.png		0	0		0	
wh3_dlc25_character_initiative_devote_sorceror_to_nurgle_nurgle	wh3_dlc20_character_upgrade_effects	1	wh3_dlc20_initiative_character_mark_hero_nur	wh3_dlc20_initiative_character_mark_hero_nur	UI\skins\default\path_to_glory\mark_of_chaos_sorceror_nurgle.png		0	0		0	
wh3_dlc25_faction_initiative_chs_nurgle_3_units_plague_ogres	wh3_dlc25_faction_initiative_chs_nurgle_3_units_plague_ogres	-1	wh3_dlc20_initiative_souls_nur_t4	wh3_dlc20_initiative_souls_nur_t4_sacrifice_requirement	UI\skins\default\chaos_gifts\ritual_gift_nurgle_rank_3.png	wh3_dlc20_initiative_souls_nur_upkeep_t4	0	0		0	
wh3_dlc25_faction_initiative_chs_nurgle_5_units_toad_dragon	wh3_dlc25_faction_initiative_chs_nurgle_5_units_toad_dragon	-1	wh3_dlc20_initiative_souls_nur_t5	wh3_dlc20_initiative_souls_nur_t5_sacrifice_requirement	UI\skins\default\chaos_gifts\ritual_gift_nurgle_rank_5.png	wh3_dlc20_initiative_souls_nur_upkeep_t5	0	0		0	
wh3_dlc26_character_initiative_ogr_big_name_bragg_01	wh3_dlc26_character_initiative_ogr_big_name_bragg_01	-1			UI\Campaign UI\ogre_big_names\bigname_mountain.png		0	0		0	
wh3_dlc26_character_initiative_ogr_big_name_bragg_02	wh3_dlc26_character_initiative_ogr_big_name_bragg_02	-1			UI\Campaign UI\ogre_big_names\bigname_generic.png		0	0		0	
wh3_dlc26_character_initiative_ogr_big_name_bragg_03	wh3_dlc26_character_initiative_ogr_big_name_bragg_03	-1			UI\Campaign UI\ogre_big_names\bigname_melee.png		0	0		0	
wh3_dlc26_character_initiative_ogr_big_name_bragg_04	wh3_dlc26_character_initiative_ogr_big_name_bragg_04	-1			UI\Campaign UI\ogre_big_names\bigname_siege.png		0	0		0	
wh3_dlc26_character_initiative_ogr_big_name_coin_counter	wh3_dlc26_character_initiative_ogr_big_name_coin_counter	-1			UI\Campaign UI\ogre_big_names\bigname_gold.png		0	0		0	
wh3_dlc26_character_initiative_ogr_big_name_firebelly_marrow_muncher	wh3_dlc26_character_initiative_ogr_big_name_firebelly_marrow_muncher	-1			UI\Campaign UI\ogre_big_names\bigname_mountain.png		0	0		0	
wh3_dlc26_character_initiative_ogr_big_name_golgfag_01	wh3_dlc26_character_initiative_ogr_big_name_golgfag_01	-1			UI\Campaign UI\ogre_big_names\bigname_melee.png		0	0		0	
wh3_dlc26_character_initiative_ogr_big_name_golgfag_02	wh3_dlc26_character_initiative_ogr_big_name_golgfag_02	-1			UI\Campaign UI\ogre_big_names\bigname_generic.png		0	0		0	
wh3_dlc26_character_initiative_ogr_big_name_golgfag_03	wh3_dlc26_character_initiative_ogr_big_name_golgfag_03	-1			UI\Campaign UI\ogre_big_names\bigname_siege.png		0	0		0	
wh3_dlc26_character_initiative_ogr_big_name_golgfag_04	wh3_dlc26_character_initiative_ogr_big_name_golgfag_04	-1			UI\Campaign UI\ogre_big_names\bigname_gold.png		0	0		0	
wh3_dlc26_character_initiative_ogr_big_name_gore_drenched	wh3_dlc26_character_initiative_ogr_big_name_gore_drenched	-1			UI\Campaign UI\ogre_big_names\bigname_siege.png		0	0		0	
wh3_dlc26_character_initiative_ogr_big_name_gorger_herder	wh3_dlc26_character_initiative_ogr_big_name_gorger_herder	-1			UI\Campaign UI\ogre_big_names\bigname_tyrant.png		0	0		0	
wh3_dlc26_character_initiative_ogr_big_name_greasus_drakecrush	wh3_dlc26_character_initiative_ogr_big_name_greasus_drakecrush	-1			UI\Campaign UI\ogre_big_names\bigname_melee.png		0	0		0	
wh3_dlc26_character_initiative_ogr_big_name_groundshaker	wh3_dlc26_character_initiative_ogr_big_name_groundshaker	-1			UI\Campaign UI\ogre_big_names\bigname_hunter.png		0	0		0	
wh3_dlc26_character_initiative_ogr_big_name_impenetrable_gut	wh3_dlc26_character_initiative_ogr_big_name_impenetrable_gut	-1			UI\Campaign UI\ogre_big_names\bigname_melee.png		0	0		0	
wh3_dlc26_character_initiative_ogr_big_name_kin_guard	wh3_dlc26_character_initiative_ogr_big_name_kin_guard	-1			UI\Campaign UI\ogre_big_names\bigname_hunter.png		0	0		0	
wh3_dlc26_character_initiative_ogr_big_name_magic_feaster	wh3_dlc26_character_initiative_ogr_big_name_magic_feaster	-1			UI\Campaign UI\ogre_big_names\bigname_mountain.png		0	0		0	
wh3_dlc26_character_initiative_ogr_big_name_marrow_muncher	wh3_dlc26_character_initiative_ogr_big_name_marrow_muncher	-1			UI\Campaign UI\ogre_big_names\bigname_mountain.png		0	0		0	
wh3_dlc26_character_initiative_ogr_big_name_unstoppable	wh3_dlc26_character_initiative_ogr_big_name_unstoppable	-1			UI\Campaign UI\ogre_big_names\bigname_siege.png		0	0		0	
wh3_dlc26_character_initiative_ogr_maw_offering_1	wh3_dlc26_character_initiative_ogr_maw_offering_1	-1	wh3_dlc26_resource_cost_ogr_great_maw_upkeep_cost		UI\skins\default\dlc26_great_maw\ogres_great_maw_come_and_get_it.png	wh3_dlc26_resource_cost_ogr_great_maw_upkeep_cost	0	0		0	
wh3_dlc26_character_initiative_ogr_maw_offering_2	wh3_dlc26_character_initiative_ogr_maw_offering_2	-1	wh3_dlc26_resource_cost_ogr_great_maw_upkeep_cost		UI\skins\default\dlc26_great_maw\ogres_great_maw_bloody_and_raw.png	wh3_dlc26_resource_cost_ogr_great_maw_upkeep_cost	0	0		0	
wh3_dlc26_character_initiative_ogr_maw_offering_3	wh3_dlc26_character_initiative_ogr_maw_offering_3	-1	wh3_dlc26_resource_cost_ogr_great_maw_upkeep_cost		UI\skins\default\dlc26_great_maw\ogres_great_maw_give_me_gut_magic.png	wh3_dlc26_resource_cost_ogr_great_maw_upkeep_cost	0	0		0	
wh3_dlc26_character_initiative_ogr_maw_offering_4	wh3_dlc26_character_initiative_ogr_maw_offering_4	-1	wh3_dlc26_resource_cost_ogr_great_maw_upkeep_cost		UI\skins\default\dlc26_great_maw\ogres_great_maw_fill_yer_bellies.png	wh3_dlc26_resource_cost_ogr_great_maw_upkeep_cost	0	0		0	
wh3_dlc26_faction_initiative_chs_khorne_3_units_bloodbeast	wh3_dlc26_faction_initiative_chs_khorne_3_units_bloodbeast	-1	wh3_dlc20_initiative_souls_kho_t3	wh3_dlc20_initiative_souls_kho_t3_sacrifice_requirement_high	UI\skins\default\chaos_gifts\ritual_gift_khorne_rank_3.png	wh3_dlc20_initiative_souls_kho_upkeep_t3	0	0		0	
wh3_dlc26_faction_initiative_chs_khorne_5_units_slaughterbrute	wh3_dlc26_faction_initiative_chs_khorne_5_units_slaughterbrute	-1	wh3_dlc20_initiative_souls_kho_t5	wh3_dlc20_initiative_souls_kho_t5_sacrifice_requirement	UI\skins\default\chaos_gifts\ritual_gift_khorne_rank_5.png	wh3_dlc20_initiative_souls_kho_upkeep_t5	0	0		0	
wh3_dlc26_faction_initiative_kho_arbaal_01	wh3_dlc26_faction_initiative_kho_arbaal_01	-1	wh3_dlc26_faction_initiative_kho_arbaal_01		UI\skins\default\chaos_gifts\ritual_gift_undivided_rank_1.png	wh3_dlc26_faction_initiative_kho_arbaal_01	0	0		0	
wh3_dlc26_faction_initiative_kho_arbaal_02	wh3_dlc26_faction_initiative_kho_arbaal_02	-1	wh3_dlc26_faction_initiative_kho_arbaal_02		UI\skins\default\chaos_gifts\ritual_gift_undivided_rank_1.png	wh3_dlc26_faction_initiative_kho_arbaal_02	0	0		0	
wh3_dlc26_faction_initiative_kho_arbaal_03	wh3_dlc26_faction_initiative_kho_arbaal_03	-1	wh3_dlc26_faction_initiative_kho_arbaal_03		UI\skins\default\chaos_gifts\ritual_gift_undivided_rank_1.png	wh3_dlc26_faction_initiative_kho_arbaal_03	0	0		0	
wh3_dlc26_faction_initiative_kho_arbaal_04	wh3_dlc26_faction_initiative_kho_arbaal_04	-1	wh3_dlc26_faction_initiative_kho_arbaal_04		UI\skins\default\chaos_gifts\ritual_gift_undivided_rank_1.png	wh3_dlc26_faction_initiative_kho_arbaal_04	0	0		0	
wh3_dlc26_faction_initiative_kho_arbaal_05	wh3_dlc26_faction_initiative_kho_arbaal_05	-1	wh3_dlc26_faction_initiative_kho_arbaal_05		UI\skins\default\chaos_gifts\ritual_gift_undivided_rank_1.png	wh3_dlc26_faction_initiative_kho_arbaal_05	0	0		0	
wh3_dlc26_faction_initiative_kho_arbaal_06	wh3_dlc26_faction_initiative_kho_arbaal_06	-1	wh3_dlc26_faction_initiative_kho_arbaal_06		UI\skins\default\chaos_gifts\ritual_gift_undivided_rank_1.png	wh3_dlc26_faction_initiative_kho_arbaal_06	0	0		0	
wh3_dlc26_faction_initiative_kho_arbaal_07	wh3_dlc26_faction_initiative_kho_arbaal_07	-1	wh3_dlc26_faction_initiative_kho_arbaal_07		UI\skins\default\chaos_gifts\ritual_gift_undivided_rank_1.png	wh3_dlc26_faction_initiative_kho_arbaal_07	0	0		0	
wh3_dlc26_faction_initiative_kho_arbaal_08	wh3_dlc26_faction_initiative_kho_arbaal_08	-1	wh3_dlc26_faction_initiative_kho_arbaal_08		UI\skins\default\chaos_gifts\ritual_gift_undivided_rank_1.png	wh3_dlc26_faction_initiative_kho_arbaal_08	0	0		0	
wh3_dlc26_force_initiative_grn_da_plan_alpha_amma_2	wh3_dlc26_force_initiative_grn_da_plan_alpha_amma	3	da_plan_tactic_equip		UI\skins\default\dlc26_greenskins_da_plan\tactic_alpha_wolf.png		0	3		0	
wh3_dlc26_force_initiative_grn_da_plan_arrer_catcha_1	wh3_dlc26_force_initiative_grn_da_plan_arrer_catcha	3	da_plan_tactic_equip		UI\skins\default\dlc26_greenskins_da_plan\tactic_arrow_catcher.png		0	1		0	
wh3_dlc26_force_initiative_grn_da_plan_block_an_smash_1	wh3_dlc26_force_initiative_grn_da_plan_block_an_smash	3	da_plan_tactic_equip		UI\skins\default\dlc26_greenskins_da_plan\tactic_block_and_smash.png		0	1		0	
wh3_dlc26_force_initiative_grn_da_plan_broodmothers_3	wh3_dlc26_force_initiative_grn_da_plan_broodmothers	3	da_plan_tactic_equip		UI\skins\default\dlc26_greenskins_da_plan\tactic_broodmothers.png		0	5		0	
wh3_dlc26_force_initiative_grn_da_plan_cheerleadaz_3	wh3_dlc26_force_initiative_grn_da_plan_cheerleadaz	3	da_plan_tactic_equip		UI\skins\default\dlc26_greenskins_da_plan\tactic_cheerleaders.png		0	5		0	
wh3_dlc26_force_initiative_grn_da_plan_cut_da_chains_3	wh3_dlc26_force_initiative_grn_da_plan_cut_da_chains	3	da_plan_tactic_equip		UI\skins\default\dlc26_greenskins_da_plan\tactic_cut_the_chains.png		0	5		0	
wh3_dlc26_force_initiative_grn_da_plan_da_black_bastion_2	wh3_dlc26_force_initiative_grn_da_plan_da_black_bastion	3	da_plan_tactic_equip		UI\skins\default\dlc26_greenskins_da_plan\tactic_black_bastion.png		0	3		0	
wh3_dlc26_force_initiative_grn_da_plan_da_greatest_warlord_2	wh3_dlc26_force_initiative_grn_da_plan_da_greatest_warlord	3	da_plan_tactic_equip		UI\skins\default\dlc26_greenskins_da_plan\tactic_greatest_warlord.png		0	3		0	
wh3_dlc26_force_initiative_grn_da_plan_drag_da_wagonz_2	wh3_dlc26_force_initiative_grn_da_plan_drag_da_wagonz	3	da_plan_tactic_equip		UI\skins\default\dlc26_greenskins_da_plan\tactic_drag_da_wagonz.png		0	3		0	
wh3_dlc26_force_initiative_grn_da_plan_drink_an_drive_2	wh3_dlc26_force_initiative_grn_da_plan_drink_an_drive	3	da_plan_tactic_equip		UI\skins\default\dlc26_greenskins_da_plan\tactic_drink_and_drive.png		0	3		0	
wh3_dlc26_force_initiative_grn_da_plan_earthquake_2	wh3_dlc26_force_initiative_grn_da_plan_earthquake	3	da_plan_tactic_equip		UI\skins\default\dlc26_greenskins_da_plan\tactic_earthquake.png		0	3		0	
wh3_dlc26_force_initiative_grn_da_plan_eat_da_runts_2	wh3_dlc26_force_initiative_grn_da_plan_eat_da_runts	3	da_plan_tactic_equip		UI\skins\default\dlc26_greenskins_da_plan\tactic_eat_the_runts.png		0	3		0	
wh3_dlc26_force_initiative_grn_da_plan_eavy_metal_marchin_3	wh3_dlc26_force_initiative_grn_da_plan_eavy_metal_marchin	3	da_plan_tactic_equip		UI\skins\default\dlc26_greenskins_da_plan\tactic_eavy_metal_marchin.png		0	5		0	
wh3_dlc26_force_initiative_grn_da_plan_erd_mentality_1	wh3_dlc26_force_initiative_grn_da_plan_erd_mentality	3	da_plan_tactic_equip		UI\skins\default\dlc26_greenskins_da_plan\tactic_herd_mentality.png		0	1		0	
wh3_dlc26_force_initiative_grn_da_plan_fly_at_da_smoke_3	wh3_dlc26_force_initiative_grn_da_plan_fly_at_da_smoke	3	da_plan_tactic_equip		UI\skins\default\dlc26_greenskins_da_plan\tactic_smoke_signal.png		0	5		0	
wh3_dlc26_force_initiative_grn_da_plan_fungus_farms_2	wh3_dlc26_force_initiative_grn_fungus_farms	3	da_plan_tactic_equip		UI\skins\default\dlc26_greenskins_da_plan\tactic_fungus_farm.png		0	3		0	
wh3_dlc26_force_initiative_grn_da_plan_get_creepin_1	wh3_dlc26_force_initiative_grn_da_plan_get_creepin	3	da_plan_tactic_equip				0	1		0	
wh3_dlc26_force_initiative_grn_da_plan_get_dem_from_below_2	wh3_dlc26_force_initiative_grn_da_plan_get_dem_from_below	3	da_plan_tactic_equip		UI\skins\default\dlc26_greenskins_da_plan\tactic_tunnel_attack.png		0	3		0	
wh3_dlc26_force_initiative_grn_da_plan_goin_commando_2	wh3_dlc26_force_initiative_grn_da_plan_goin_commando	3	da_plan_tactic_equip		UI\skins\default\dlc26_greenskins_da_plan\tactic_goin_commando.png		0	3		0	
wh3_dlc26_force_initiative_grn_da_plan_keep_bossin_2	wh3_dlc26_force_initiative_grn_da_plan_keep_bossin	3	da_plan_tactic_equip		UI\skins\default\dlc26_greenskins_da_plan\tactic_keep_bossin.png		0	3		0	
wh3_dlc26_force_initiative_grn_da_plan_keep_em_ungry_3	wh3_dlc26_force_initiative_grn_da_plan_keep_em_ungry	3	da_plan_tactic_equip		UI\skins\default\dlc26_greenskins_da_plan\tactic_keep_em_ungry.png		0	5		0	
wh3_dlc26_force_initiative_grn_da_plan_lead_da_charge_2	wh3_dlc26_force_initiative_grn_da_plan_lead_da_charge	3	da_plan_tactic_equip		UI\skins\default\dlc26_greenskins_da_plan\tactic_lead_the_charge.png		0	3		0	
wh3_dlc26_force_initiative_grn_da_plan_light_em_up_1	wh3_dlc26_force_initiative_grn_da_plan_light_em_up	3	da_plan_tactic_equip		UI\skins\default\dlc26_greenskins_da_plan\tactic_light_them_up.png		0	1		0	
wh3_dlc26_force_initiative_grn_da_plan_little_wont_urt_1	wh3_dlc26_force_initiative_grn_da_plan_little_wont_urt	3	da_plan_tactic_equip		UI\skins\default\dlc26_greenskins_da_plan\tactic_poison.png		0	1		0	
wh3_dlc26_force_initiative_grn_da_plan_load_yerself_3	wh3_dlc26_force_initiative_grn_da_plan_load_yerself	3	da_plan_tactic_equip		UI\skins\default\dlc26_greenskins_da_plan\tactic_load_yourself.png		0	5		0	
wh3_dlc26_force_initiative_grn_da_plan_master_planner_3	wh3_dlc26_force_initiative_grn_da_plan_master_planner	3	da_plan_tactic_equip		UI\skins\default\dlc26_greenskins_da_plan\tactic_master_planner.png		0	5		0	
wh3_dlc26_force_initiative_grn_da_plan_netted_targets_1	wh3_dlc26_force_initiative_grn_da_plan_netted_targets	3	da_plan_tactic_equip		UI\skins\default\dlc26_greenskins_da_plan\tactic_nets.png		0	1		0	
wh3_dlc26_force_initiative_grn_da_plan_orcs_are_da_best_1	wh3_dlc26_force_initiative_grn_da_plan_orcs_are_da_best	3	da_plan_tactic_equip		UI\skins\default\dlc26_greenskins_da_plan\tactic_best_orcs.png		0	1		0	
wh3_dlc26_force_initiative_grn_da_plan_power_of_da_waaagh_1	wh3_dlc26_force_initiative_grn_da_plan_power_of_da_waaagh	3	da_plan_tactic_equip		UI\skins\default\dlc26_greenskins_da_plan\tactic_power_of_da_waaagh.png		0	1		0	
wh3_dlc26_force_initiative_grn_da_plan_raidin_parties_1	wh3_dlc26_force_initiative_grn_da_plan_raidin_parties	3	da_plan_tactic_equip		UI\skins\default\dlc26_greenskins_da_plan\tactic_raiding.png		0	1		0	
wh3_dlc26_force_initiative_grn_da_plan_regimental_1	wh3_dlc26_force_initiative_grn_da_plan_regimental	3	da_plan_tactic_equip		UI\skins\default\dlc26_greenskins_da_plan\tactic_regimental.png		0	1		0	
wh3_dlc26_force_initiative_grn_da_plan_shoot_da_runts_1	wh3_dlc26_force_initiative_grn_da_plan_shoot_da_runts	3	da_plan_tactic_equip		UI\skins\default\dlc26_greenskins_da_plan\tactic_accuracy.png		0	1		0	
wh3_dlc26_force_initiative_grn_da_plan_shot_in_da_dark_2	wh3_dlc26_force_initiative_grn_da_plan_shot_in_da_dark	3	da_plan_tactic_equip		UI\skins\default\dlc26_greenskins_da_plan\tactic_shot_in_the_dark.png		0	3		0	
wh3_dlc26_force_initiative_grn_da_plan_splode_da_big_one_3	wh3_dlc26_force_initiative_grn_da_plan_splode_da_big_one	3	da_plan_tactic_equip		UI\skins\default\dlc26_greenskins_da_plan\tactic_explode_the_big_one.png		0	5		0	
wh3_dlc26_force_initiative_grn_da_plan_stick_em_like_pigs_2	wh3_dlc26_force_initiative_grn_da_plan_stick_em_like_pigs	3	da_plan_tactic_equip		UI\skins\default\dlc26_greenskins_da_plan\tactic_stick_em_like_pigs.png		0	3		0	
wh3_dlc26_force_initiative_grn_da_plan_stinkee_arrers_3	wh3_dlc26_force_initiative_grn_da_plan_stinkee_arrers	3	da_plan_tactic_equip		UI\skins\default\dlc26_greenskins_da_plan\tactic_stinky_arrows.png		0	5		0	
wh3_dlc26_force_initiative_grn_da_plan_stompin_ground_2	wh3_dlc26_force_initiative_grn_da_plan_stompin_ground	3	da_plan_tactic_equip		UI\skins\default\dlc26_greenskins_da_plan\tactic_stompin_ground.png		0	3		0	
wh3_dlc26_force_initiative_grn_da_plan_suprise_savagery_2	wh3_dlc26_force_initiative_grn_da_plan_suprise_savagery	3	da_plan_tactic_equip		UI\skins\default\dlc26_greenskins_da_plan\tactic_suprise_savagery.png		0	3		0	
wh3_dlc26_force_initiative_grn_da_plan_webweavin_1	wh3_dlc26_force_initiative_grn_da_plan_webweavin	3	da_plan_tactic_equip		UI\skins\default\dlc26_greenskins_da_plan\tactic_webweavin.png		0	1		0	
wh3_dlc27_asur_domination_focus_colonies_01	wh3_dlc27_asur_domination_focus_colonies_01_effect_list	-1	aislinn_colonies_1		UI\skins\default\dlc27_hef_asur_domination\dlc27_hef_asur_domination_icon_colonies_initiative_1.png		0	0		0	
wh3_dlc27_asur_domination_focus_colonies_02	wh3_dlc27_asur_domination_focus_colonies_02_effect_list	-1	aislinn_colonies_1		UI\skins\default\dlc27_hef_asur_domination\dlc27_hef_asur_domination_icon_colonies_initiative_2.png		0	0		0	
wh3_dlc27_asur_domination_focus_colonies_03	wh3_dlc27_asur_domination_focus_colonies_03_effect_list	-1	aislinn_colonies_1		UI\skins\default\dlc27_hef_asur_domination\dlc27_hef_asur_domination_icon_colonies_initiative_3.png		0	0		0	
wh3_dlc27_asur_domination_focus_colonies_04	wh3_dlc27_asur_domination_focus_colonies_04_effect_list	-1	aislinn_colonies_1		UI\skins\default\dlc27_hef_asur_domination\dlc27_hef_asur_domination_icon_colonies_initiative_4.png		0	0		0	
wh3_dlc27_asur_domination_focus_colonies_05	wh3_dlc27_asur_domination_focus_colonies_05_effect_list	-1	aislinn_colonies_1		UI\skins\default\dlc27_hef_asur_domination\dlc27_hef_asur_domination_icon_colonies_initiative_5.png		0	0		0	
wh3_dlc27_asur_domination_focus_colonies_06	wh3_dlc27_asur_domination_focus_colonies_06_effect_list	-1	aislinn_colonies_1		UI\skins\default\dlc27_hef_asur_domination\dlc27_hef_asur_domination_icon_colonies_initiative_6.png		0	0		0	
wh3_dlc27_asur_domination_focus_colonies_07	wh3_dlc27_asur_domination_focus_colonies_07_effect_list	-1	aislinn_colonies_1		UI\skins\default\dlc27_hef_asur_domination\dlc27_hef_asur_domination_icon_colonies_initiative_7.png		0	0		0	
wh3_dlc27_asur_domination_focus_colonies_08	wh3_dlc27_asur_domination_focus_colonies_08_effect_list	-1	aislinn_colonies_1		UI\skins\default\dlc27_hef_asur_domination\dlc27_hef_asur_domination_icon_colonies_initiative_8.png		0	0		0	
wh3_dlc27_asur_domination_focus_dragonships_01	wh3_dlc27_asur_domination_focus_dragonships_01_effect_list	-1	aislinn_dragonships_1		UI\skins\default\dlc27_hef_asur_domination\dlc27_hef_asur_domination_icon_dragonship_initiative_1.png		0	0		0	
wh3_dlc27_asur_domination_focus_dragonships_02	wh3_dlc27_asur_domination_focus_dragonships_02_effect_list	-1	aislinn_dragonships_1		UI\skins\default\dlc27_hef_asur_domination\dlc27_hef_asur_domination_icon_dragonship_initiative_2.png		0	0		0	
wh3_dlc27_asur_domination_focus_dragonships_03	wh3_dlc27_asur_domination_focus_dragonships_03_effect_list	-1	aislinn_dragonships_1		UI\skins\default\dlc27_hef_asur_domination\dlc27_hef_asur_domination_icon_dragonship_initiative_3.png		0	0		0	
wh3_dlc27_asur_domination_focus_dragonships_04	wh3_dlc27_asur_domination_focus_dragonships_04_effect_list	-1	aislinn_dragonships_1		UI\skins\default\dlc27_hef_asur_domination\dlc27_hef_asur_domination_icon_dragonship_initiative_4.png		0	0		0	
wh3_dlc27_asur_domination_focus_dragonships_05	wh3_dlc27_asur_domination_focus_dragonships_05_effect_list	-1	aislinn_dragonships_1		UI\skins\default\dlc27_hef_asur_domination\dlc27_hef_asur_domination_icon_dragonship_initiative_5.png		0	0		0	
wh3_dlc27_asur_domination_focus_dragonships_06	wh3_dlc27_asur_domination_focus_dragonships_06_effect_list	-1	aislinn_dragonships_1		UI\skins\default\dlc27_hef_asur_domination\dlc27_hef_asur_domination_icon_dragonship_initiative_6.png		0	0		0	
wh3_dlc27_asur_domination_focus_dragonships_07	wh3_dlc27_asur_domination_focus_dragonships_07_effect_list	-1	aislinn_dragonships_1		UI\skins\default\dlc27_hef_asur_domination\dlc27_hef_asur_domination_icon_dragonship_initiative_7.png		0	0		0	
wh3_dlc27_asur_domination_focus_dragonships_08	wh3_dlc27_asur_domination_focus_dragonships_08_effect_list	-1	aislinn_dragonships_1		UI\skins\default\dlc27_hef_asur_domination\dlc27_hef_asur_domination_icon_dragonship_initiative_8.png		0	0		0	
wh3_dlc27_asur_domination_focus_outposts_01	wh3_dlc27_asur_domination_focus_outposts_01_effect_list	-1	aislinn_outposts_1		UI\skins\default\dlc27_hef_asur_domination\dlc27_hef_asur_domination_icon_outpost_initiative_1.png		0	0		0	
wh3_dlc27_asur_domination_focus_outposts_02	wh3_dlc27_asur_domination_focus_outposts_02_effect_list	-1	aislinn_outposts_1		UI\skins\default\dlc27_hef_asur_domination\dlc27_hef_asur_domination_icon_outpost_initiative_2.png		0	0		0	
wh3_dlc27_asur_domination_focus_outposts_03	wh3_dlc27_asur_domination_focus_outposts_03_effect_list	-1	aislinn_outposts_1		UI\skins\default\dlc27_hef_asur_domination\dlc27_hef_asur_domination_icon_outpost_initiative_3.png		0	0		0	
wh3_dlc27_asur_domination_focus_outposts_04	wh3_dlc27_asur_domination_focus_outposts_04_effect_list	-1	aislinn_outposts_1		UI\skins\default\dlc27_hef_asur_domination\dlc27_hef_asur_domination_icon_outpost_initiative_4.png		0	0		0	
wh3_dlc27_asur_domination_focus_outposts_05	wh3_dlc27_asur_domination_focus_outposts_05_effect_list	-1	aislinn_outposts_1		UI\skins\default\dlc27_hef_asur_domination\dlc27_hef_asur_domination_icon_outpost_initiative_5.png		0	0		0	
wh3_dlc27_asur_domination_focus_outposts_06	wh3_dlc27_asur_domination_focus_outposts_06_effect_list	-1	aislinn_outposts_1		UI\skins\default\dlc27_hef_asur_domination\dlc27_hef_asur_domination_icon_outpost_initiative_6.png		0	0		0	
wh3_dlc27_asur_domination_focus_outposts_07	wh3_dlc27_asur_domination_focus_outposts_07_effect_list	-1	aislinn_outposts_1		UI\skins\default\dlc27_hef_asur_domination\dlc27_hef_asur_domination_icon_outpost_initiative_7.png		0	0		0	
wh3_dlc27_asur_domination_focus_outposts_08	wh3_dlc27_asur_domination_focus_outposts_08_effect_list	-1	aislinn_outposts_1		UI\skins\default\dlc27_hef_asur_domination\dlc27_hef_asur_domination_icon_outpost_initiative_8.png		0	0		0	
wh3_dlc27_character_initiative_chs_chaos_sorcerer_lord_sla_01	wh3_dlc27_character_initiative_chs_chaos_sorcerer_lord_sla_01	-1			UI\skins\default\path_to_glory\boon_background_image_slaanesh.png		0	0		0	
wh3_dlc27_character_initiative_chs_chaos_sorcerer_lord_sla_02	wh3_dlc27_character_initiative_chs_chaos_sorcerer_lord_sla_02	-1			UI\skins\default\path_to_glory\boon_background_image_slaanesh.png		0	0		0	
wh3_dlc27_character_initiative_chs_chaos_sorcerer_lord_sla_03	wh3_dlc27_character_initiative_chs_chaos_sorcerer_lord_sla_03	-1			UI\skins\default\path_to_glory\boon_background_image_slaanesh.png		0	0		0	
wh3_dlc27_character_initiative_chs_chaos_sorcerer_lord_sla_04	wh3_dlc27_character_initiative_chs_chaos_sorcerer_lord_sla_04	-1			UI\skins\default\path_to_glory\boon_background_image_slaanesh.png		0	0		0	
wh3_dlc27_character_initiative_chs_chaos_sorcerer_lord_sla_05	wh3_dlc27_character_initiative_chs_chaos_sorcerer_lord_sla_05	-1			UI\skins\default\path_to_glory\boon_background_image_slaanesh.png		0	0		0	
wh3_dlc27_character_initiative_chs_chaos_sorcerer_lord_sla_06	wh3_dlc27_character_initiative_chs_chaos_sorcerer_lord_sla_06	-1			UI\skins\default\path_to_glory\boon_background_image_slaanesh.png		0	0		0	
wh3_dlc27_character_initiative_chs_chaos_sorcerer_lord_sla_07	wh3_dlc27_character_initiative_chs_chaos_sorcerer_lord_sla_07	-1			UI\skins\default\path_to_glory\boon_background_image_slaanesh.png		0	0		0	
wh3_dlc27_character_initiative_chs_chaos_sorcerer_lord_sla_08	wh3_dlc27_character_initiative_chs_chaos_sorcerer_lord_sla_08	-1			UI\skins\default\path_to_glory\boon_background_image_slaanesh.png		0	0		0	
wh3_dlc27_character_initiative_chs_chaos_sorcerer_lord_sla_09	wh3_dlc27_character_initiative_chs_chaos_sorcerer_lord_sla_09	-1			UI\skins\default\path_to_glory\boon_background_image_slaanesh.png		0	0		0	
wh3_dlc27_character_initiative_chs_exalted_hero_sla_01	wh3_dlc27_character_initiative_chs_exalted_hero_sla_01	-1			UI\skins\default\path_to_glory\boon_background_image_slaanesh.png		0	0		0	
wh3_dlc27_character_initiative_chs_exalted_hero_sla_02	wh3_dlc27_character_initiative_chs_exalted_hero_sla_02	-1			UI\skins\default\path_to_glory\boon_background_image_slaanesh.png		0	0		0	
wh3_dlc27_character_initiative_chs_exalted_hero_sla_03	wh3_dlc27_character_initiative_chs_exalted_hero_sla_03	-1			UI\skins\default\path_to_glory\boon_background_image_slaanesh.png		0	0		0	
wh3_dlc27_character_initiative_chs_exalted_hero_sla_04	wh3_dlc27_character_initiative_chs_exalted_hero_sla_04	-1			UI\skins\default\path_to_glory\boon_background_image_slaanesh.png		0	0		0	
wh3_dlc27_character_initiative_chs_exalted_hero_sla_05	wh3_dlc27_character_initiative_chs_exalted_hero_sla_05	-1			UI\skins\default\path_to_glory\boon_background_image_slaanesh.png		0	0		0	
wh3_dlc27_character_initiative_chs_exalted_hero_sla_06	wh3_dlc27_character_initiative_chs_exalted_hero_sla_06	-1			UI\skins\default\path_to_glory\boon_background_image_slaanesh.png		0	0		0	
wh3_dlc27_character_initiative_chs_exalted_hero_sla_07	wh3_dlc27_character_initiative_chs_exalted_hero_sla_07	-1			UI\skins\default\path_to_glory\boon_background_image_slaanesh.png		0	0		0	
wh3_dlc27_character_initiative_chs_exalted_hero_sla_08	wh3_dlc27_character_initiative_chs_exalted_hero_sla_08	-1			UI\skins\default\path_to_glory\boon_background_image_slaanesh.png		0	0		0	
wh3_dlc27_character_initiative_chs_exalted_hero_sla_09	wh3_dlc27_character_initiative_chs_exalted_hero_sla_09	-1			UI\skins\default\path_to_glory\boon_background_image_slaanesh.png		0	0		0	
wh3_dlc27_character_initiative_chs_exalted_hero_sla_10	wh3_dlc27_character_initiative_chs_exalted_hero_sla_10	-1			UI\skins\default\path_to_glory\boon_background_image_slaanesh.png		0	0		0	
wh3_dlc27_character_initiative_devote_exalted_hero_to_slaanesh	wh3_dlc20_character_upgrade_effects	1	wh3_dlc20_initiative_character_mark_hero_sla	wh3_dlc20_initiative_character_mark_hero_sla	UI\skins\default\path_to_glory\mark_of_chaos_exalted_hero_slaanesh.png		0	0		0	
wh3_dlc27_character_initiative_devote_sorceror_lord_to_slaanesh_shadows	wh3_dlc20_character_upgrade_effects	1	wh3_dlc20_initiative_character_mark_lord_sla	wh3_dlc20_initiative_character_mark_lord_sla	UI\skins\default\path_to_glory\mark_of_chaos_sorcerer_lord_slaanesh.png		0	0		0	
wh3_dlc27_character_initiative_devote_sorceror_lord_to_slaanesh_slaanesh	wh3_dlc20_character_upgrade_effects	1	wh3_dlc20_initiative_character_mark_lord_sla	wh3_dlc20_initiative_character_mark_lord_sla	UI\skins\default\path_to_glory\mark_of_chaos_sorcerer_lord_slaanesh.png		0	0		0	
wh3_dlc27_eternal_dance_of_elves_tempo_1_variation_1	wh3_dlc27_eternal_dance_of_elves_tempo_1_variation_1	-1			UI\skins\default\dlc27_sla_the_eternal_dance\icon_dance_2_tempo_1_variation_1.png		0	0	wh3_dlc27_resource_cost_sla_the_masque_dance_step_swap_tempo_1	0	
wh3_dlc27_eternal_dance_of_elves_tempo_1_variation_2	wh3_dlc27_eternal_dance_of_elves_tempo_1_variation_2	-1			UI\skins\default\dlc27_sla_the_eternal_dance\icon_dance_2_tempo_1_variation_2.png		0	0	wh3_dlc27_resource_cost_sla_the_masque_dance_step_swap_tempo_1	0	
wh3_dlc27_eternal_dance_of_elves_tempo_1_variation_3	wh3_dlc27_eternal_dance_of_elves_tempo_1_variation_3	-1			UI\skins\default\dlc27_sla_the_eternal_dance\icon_dance_2_tempo_1_variation_3.png		0	0	wh3_dlc27_resource_cost_sla_the_masque_dance_step_swap_tempo_1	0	
wh3_dlc27_eternal_dance_of_elves_tempo_1_variation_4	wh3_dlc27_eternal_dance_of_elves_tempo_1_variation_4	-1			UI\skins\default\dlc27_sla_the_eternal_dance\icon_dance_2_tempo_1_variation_4.png		0	0	wh3_dlc27_resource_cost_sla_the_masque_dance_step_swap_tempo_1	0	
wh3_dlc27_eternal_dance_of_elves_tempo_2_variation_1	wh3_dlc27_eternal_dance_of_elves_tempo_2_variation_1	-1			UI\skins\default\dlc27_sla_the_eternal_dance\icon_dance_2_tempo_2_variation_1.png		0	0	wh3_dlc27_resource_cost_sla_the_masque_dance_step_swap_tempo_2	0	
wh3_dlc27_eternal_dance_of_elves_tempo_2_variation_2	wh3_dlc27_eternal_dance_of_elves_tempo_2_variation_2	-1			UI\skins\default\dlc27_sla_the_eternal_dance\icon_dance_2_tempo_2_variation_2.png		0	0	wh3_dlc27_resource_cost_sla_the_masque_dance_step_swap_tempo_2	0	
wh3_dlc27_eternal_dance_of_elves_tempo_2_variation_3	wh3_dlc27_eternal_dance_of_elves_tempo_2_variation_3	-1			UI\skins\default\dlc27_sla_the_eternal_dance\icon_dance_2_tempo_2_variation_3.png		0	0	wh3_dlc27_resource_cost_sla_the_masque_dance_step_swap_tempo_2	0	
wh3_dlc27_eternal_dance_of_elves_tempo_2_variation_4	wh3_dlc27_eternal_dance_of_elves_tempo_2_variation_4	-1			UI\skins\default\dlc27_sla_the_eternal_dance\icon_dance_2_tempo_2_variation_4.png		0	0	wh3_dlc27_resource_cost_sla_the_masque_dance_step_swap_tempo_2	0	
wh3_dlc27_eternal_dance_of_elves_tempo_3_variation_1	wh3_dlc27_eternal_dance_of_elves_tempo_3_variation_1	-1			UI\Battle UI\ability_icons\wh3_dlc27_sla_eternal_dance_2_variation_1_army_passive.png		0	0	wh3_dlc27_resource_cost_sla_the_masque_dance_step_swap_tempo_3	0	
wh3_dlc27_eternal_dance_of_elves_tempo_3_variation_2	wh3_dlc27_eternal_dance_of_elves_tempo_3_variation_2	-1			UI\Battle UI\ability_icons\wh3_dlc27_sla_eternal_dance_2_variation_2_army_passive.png		0	0	wh3_dlc27_resource_cost_sla_the_masque_dance_step_swap_tempo_3	0	
wh3_dlc27_eternal_dance_of_elves_tempo_3_variation_3	wh3_dlc27_eternal_dance_of_elves_tempo_3_variation_3	-1			UI\Battle UI\ability_icons\wh3_dlc27_sla_eternal_dance_2_variation_3_army_ability.png		0	0	wh3_dlc27_resource_cost_sla_the_masque_dance_step_swap_tempo_3	0	
wh3_dlc27_eternal_dance_of_elves_tempo_3_variation_4	wh3_dlc27_eternal_dance_of_elves_tempo_3_variation_4	-1			UI\Battle UI\ability_icons\wh3_dlc27_sla_eternal_dance_2_variation_4_army_passive.png		0	0	wh3_dlc27_resource_cost_sla_the_masque_dance_step_swap_tempo_3	0	
wh3_dlc27_eternal_dance_of_elves_tempo_4_ritual	wh3_dlc27_eternal_dance_of_elves_tempo_4_ritual	-1			UI\skins\default\dlc27_sla_the_eternal_dance\icon_dance_2_ritual.png		0	0		0	
wh3_dlc27_eternal_dance_of_final_battle_tempo_1_variation_1	wh3_dlc27_eternal_dance_of_final_battle_tempo_1_variation_1	-1			UI\skins\default\dlc27_sla_the_eternal_dance\icon_dance_4_tempo_1_variation_1.png		0	0	wh3_dlc27_resource_cost_sla_the_masque_dance_step_swap_tempo_1	0	
wh3_dlc27_eternal_dance_of_final_battle_tempo_1_variation_2	wh3_dlc27_eternal_dance_of_final_battle_tempo_1_variation_2	-1			UI\skins\default\dlc27_sla_the_eternal_dance\icon_dance_4_tempo_1_variation_2.png		0	0	wh3_dlc27_resource_cost_sla_the_masque_dance_step_swap_tempo_1	0	
wh3_dlc27_eternal_dance_of_final_battle_tempo_1_variation_3	wh3_dlc27_eternal_dance_of_final_battle_tempo_1_variation_3	-1			UI\skins\default\dlc27_sla_the_eternal_dance\icon_dance_4_tempo_1_variation_3.png		0	0	wh3_dlc27_resource_cost_sla_the_masque_dance_step_swap_tempo_1	0	
wh3_dlc27_eternal_dance_of_final_battle_tempo_1_variation_4	wh3_dlc27_eternal_dance_of_final_battle_tempo_1_variation_4	-1			UI\skins\default\dlc27_sla_the_eternal_dance\icon_dance_4_tempo_1_variation_4.png		0	0	wh3_dlc27_resource_cost_sla_the_masque_dance_step_swap_tempo_1	0	
wh3_dlc27_eternal_dance_of_final_battle_tempo_2_variation_1	wh3_dlc27_eternal_dance_of_final_battle_tempo_2_variation_1	-1			UI\skins\default\dlc27_sla_the_eternal_dance\icon_dance_4_tempo_2_variation_1.png		0	0	wh3_dlc27_resource_cost_sla_the_masque_dance_step_swap_tempo_2	0	
wh3_dlc27_eternal_dance_of_final_battle_tempo_2_variation_2	wh3_dlc27_eternal_dance_of_final_battle_tempo_2_variation_2	-1			UI\skins\default\dlc27_sla_the_eternal_dance\icon_dance_4_tempo_2_variation_2.png		0	0	wh3_dlc27_resource_cost_sla_the_masque_dance_step_swap_tempo_2	0	
wh3_dlc27_eternal_dance_of_final_battle_tempo_2_variation_3	wh3_dlc27_eternal_dance_of_final_battle_tempo_2_variation_3	-1			UI\skins\default\dlc27_sla_the_eternal_dance\icon_dance_4_tempo_2_variation_3.png		0	0	wh3_dlc27_resource_cost_sla_the_masque_dance_step_swap_tempo_2	0	
wh3_dlc27_eternal_dance_of_final_battle_tempo_2_variation_4	wh3_dlc27_eternal_dance_of_final_battle_tempo_2_variation_4	-1			UI\skins\default\dlc27_sla_the_eternal_dance\icon_dance_4_tempo_2_variation_4.png		0	0	wh3_dlc27_resource_cost_sla_the_masque_dance_step_swap_tempo_2	0	
wh3_dlc27_eternal_dance_of_final_battle_tempo_3_variation_1	wh3_dlc27_eternal_dance_of_final_battle_tempo_3_variation_1	-1			UI\Battle UI\ability_icons\wh3_dlc27_sla_eternal_dance_4_variation_1_army_ability.png		0	0	wh3_dlc27_resource_cost_sla_the_masque_dance_step_swap_tempo_3	0	
wh3_dlc27_eternal_dance_of_final_battle_tempo_3_variation_2	wh3_dlc27_eternal_dance_of_final_battle_tempo_3_variation_2	-1			UI\Battle UI\ability_icons\wh3_dlc27_sla_eternal_dance_4_variation_2_army_ability.png		0	0	wh3_dlc27_resource_cost_sla_the_masque_dance_step_swap_tempo_3	0	
wh3_dlc27_eternal_dance_of_final_battle_tempo_3_variation_3	wh3_dlc27_eternal_dance_of_final_battle_tempo_3_variation_3	-1			UI\Battle UI\ability_icons\wh3_dlc27_sla_eternal_dance_4_variation_3_army_ability.png		0	0	wh3_dlc27_resource_cost_sla_the_masque_dance_step_swap_tempo_3	0	
wh3_dlc27_eternal_dance_of_final_battle_tempo_3_variation_4	wh3_dlc27_eternal_dance_of_final_battle_tempo_3_variation_4	-1			UI\Battle UI\ability_icons\wh3_dlc27_sla_eternal_dance_4_variation_4_army_ability.png		0	0	wh3_dlc27_resource_cost_sla_the_masque_dance_step_swap_tempo_3	0	
wh3_dlc27_eternal_dance_of_final_battle_tempo_4_ritual	wh3_dlc27_eternal_dance_of_final_battle_tempo_4_ritual	-1			UI\skins\default\dlc27_sla_the_eternal_dance\icon_dance_4_ritual.png		0	0		0	
wh3_dlc27_eternal_dance_of_khorne_tempo_1_variation_1	wh3_dlc27_eternal_dance_of_khorne_tempo_1_variation_1	-1			UI\skins\default\dlc27_sla_the_eternal_dance\icon_dance_1_tempo_1_variation_1.png		0	0	wh3_dlc27_resource_cost_sla_the_masque_dance_step_swap_tempo_1	0	
wh3_dlc27_eternal_dance_of_khorne_tempo_1_variation_2	wh3_dlc27_eternal_dance_of_khorne_tempo_1_variation_2	-1			UI\skins\default\dlc27_sla_the_eternal_dance\icon_dance_1_tempo_1_variation_2.png		0	0	wh3_dlc27_resource_cost_sla_the_masque_dance_step_swap_tempo_1	0	
wh3_dlc27_eternal_dance_of_khorne_tempo_1_variation_3	wh3_dlc27_eternal_dance_of_khorne_tempo_1_variation_3	-1			UI\skins\default\dlc27_sla_the_eternal_dance\icon_dance_1_tempo_1_variation_3.png		0	0	wh3_dlc27_resource_cost_sla_the_masque_dance_step_swap_tempo_1	0	
wh3_dlc27_eternal_dance_of_khorne_tempo_1_variation_4	wh3_dlc27_eternal_dance_of_khorne_tempo_1_variation_4	-1			UI\skins\default\dlc27_sla_the_eternal_dance\icon_dance_1_tempo_1_variation_4.png		0	0	wh3_dlc27_resource_cost_sla_the_masque_dance_step_swap_tempo_1	0	
wh3_dlc27_eternal_dance_of_khorne_tempo_2_variation_1	wh3_dlc27_eternal_dance_of_khorne_tempo_2_variation_1	-1			UI\skins\default\dlc27_sla_the_eternal_dance\icon_dance_1_tempo_2_variation_1.png		0	0	wh3_dlc27_resource_cost_sla_the_masque_dance_step_swap_tempo_2	0	
wh3_dlc27_eternal_dance_of_khorne_tempo_2_variation_2	wh3_dlc27_eternal_dance_of_khorne_tempo_2_variation_2	-1			UI\skins\default\dlc27_sla_the_eternal_dance\icon_dance_1_tempo_2_variation_2.png		0	0	wh3_dlc27_resource_cost_sla_the_masque_dance_step_swap_tempo_2	0	
wh3_dlc27_eternal_dance_of_khorne_tempo_2_variation_3	wh3_dlc27_eternal_dance_of_khorne_tempo_2_variation_3	-1			UI\skins\default\dlc27_sla_the_eternal_dance\icon_dance_1_tempo_2_variation_3.png		0	0	wh3_dlc27_resource_cost_sla_the_masque_dance_step_swap_tempo_2	0	
wh3_dlc27_eternal_dance_of_khorne_tempo_2_variation_4	wh3_dlc27_eternal_dance_of_khorne_tempo_2_variation_4	-1			UI\skins\default\dlc27_sla_the_eternal_dance\icon_dance_1_tempo_2_variation_4.png		0	0	wh3_dlc27_resource_cost_sla_the_masque_dance_step_swap_tempo_2	0	
wh3_dlc27_eternal_dance_of_khorne_tempo_3_variation_1	wh3_dlc27_eternal_dance_of_khorne_tempo_3_variation_1	-1			UI\Battle UI\ability_icons\wh3_dlc27_sla_eternal_dance_1_variation_1_army_ability.png		0	0	wh3_dlc27_resource_cost_sla_the_masque_dance_step_swap_tempo_3	0	
wh3_dlc27_eternal_dance_of_khorne_tempo_3_variation_2	wh3_dlc27_eternal_dance_of_khorne_tempo_3_variation_2	-1			UI\Battle UI\ability_icons\wh3_dlc27_sla_eternal_dance_1_variation_2_army_ability.png		0	0	wh3_dlc27_resource_cost_sla_the_masque_dance_step_swap_tempo_3	0	
wh3_dlc27_eternal_dance_of_khorne_tempo_3_variation_3	wh3_dlc27_eternal_dance_of_khorne_tempo_3_variation_3	-1			UI\Battle UI\ability_icons\wh3_dlc27_sla_eternal_dance_1_variation_3_army_ability.png		0	0	wh3_dlc27_resource_cost_sla_the_masque_dance_step_swap_tempo_3	0	
wh3_dlc27_eternal_dance_of_khorne_tempo_3_variation_4	wh3_dlc27_eternal_dance_of_khorne_tempo_3_variation_4	-1			UI\Battle UI\ability_icons\wh3_dlc27_sla_eternal_dance_1_variation_4_army_ability.png		0	0	wh3_dlc27_resource_cost_sla_the_masque_dance_step_swap_tempo_3	0	
wh3_dlc27_eternal_dance_of_khorne_tempo_4_ritual	wh3_dlc27_eternal_dance_of_khorne_tempo_4_ritual	-1			UI\skins\default\dlc27_sla_the_eternal_dance\icon_dance_1_ritual.png		0	0		0	
wh3_dlc27_eternal_dance_of_nurgle_tempo_1_variation_1	wh3_dlc27_eternal_dance_of_nurgle_tempo_1_variation_1	-1			UI\skins\default\dlc27_sla_the_eternal_dance\icon_dance_3_tempo_1_variation_1.png		0	0	wh3_dlc27_resource_cost_sla_the_masque_dance_step_swap_tempo_1	0	
wh3_dlc27_eternal_dance_of_nurgle_tempo_1_variation_2	wh3_dlc27_eternal_dance_of_nurgle_tempo_1_variation_2	-1			UI\skins\default\dlc27_sla_the_eternal_dance\icon_dance_3_tempo_1_variation_2.png		0	0	wh3_dlc27_resource_cost_sla_the_masque_dance_step_swap_tempo_1	0	
wh3_dlc27_eternal_dance_of_nurgle_tempo_1_variation_3	wh3_dlc27_eternal_dance_of_nurgle_tempo_1_variation_3	-1			UI\skins\default\dlc27_sla_the_eternal_dance\icon_dance_3_tempo_1_variation_3.png		0	0	wh3_dlc27_resource_cost_sla_the_masque_dance_step_swap_tempo_1	0	
wh3_dlc27_eternal_dance_of_nurgle_tempo_1_variation_4	wh3_dlc27_eternal_dance_of_nurgle_tempo_1_variation_4	-1			UI\skins\default\dlc27_sla_the_eternal_dance\icon_dance_3_tempo_1_variation_4.png		0	0	wh3_dlc27_resource_cost_sla_the_masque_dance_step_swap_tempo_1	0	
wh3_dlc27_eternal_dance_of_nurgle_tempo_2_variation_1	wh3_dlc27_eternal_dance_of_nurgle_tempo_2_variation_1	-1			UI\skins\default\dlc27_sla_the_eternal_dance\icon_dance_3_tempo_2_variation_1.png		0	0	wh3_dlc27_resource_cost_sla_the_masque_dance_step_swap_tempo_2	0	
wh3_dlc27_eternal_dance_of_nurgle_tempo_2_variation_2	wh3_dlc27_eternal_dance_of_nurgle_tempo_2_variation_2	-1			UI\skins\default\dlc27_sla_the_eternal_dance\icon_dance_3_tempo_2_variation_2.png		0	0	wh3_dlc27_resource_cost_sla_the_masque_dance_step_swap_tempo_2	0	
wh3_dlc27_eternal_dance_of_nurgle_tempo_2_variation_3	wh3_dlc27_eternal_dance_of_nurgle_tempo_2_variation_3	-1			UI\skins\default\dlc27_sla_the_eternal_dance\icon_dance_3_tempo_2_variation_3.png		0	0	wh3_dlc27_resource_cost_sla_the_masque_dance_step_swap_tempo_2	0	
wh3_dlc27_eternal_dance_of_nurgle_tempo_2_variation_4	wh3_dlc27_eternal_dance_of_nurgle_tempo_2_variation_4	-1			UI\skins\default\dlc27_sla_the_eternal_dance\icon_dance_3_tempo_2_variation_4.png		0	0	wh3_dlc27_resource_cost_sla_the_masque_dance_step_swap_tempo_2	0	
wh3_dlc27_eternal_dance_of_nurgle_tempo_3_variation_1	wh3_dlc27_eternal_dance_of_nurgle_tempo_3_variation_1	-1			UI\Battle UI\ability_icons\wh3_dlc27_sla_eternal_dance_3_variation_1_army_ability.png		0	0	wh3_dlc27_resource_cost_sla_the_masque_dance_step_swap_tempo_3	0	
wh3_dlc27_eternal_dance_of_nurgle_tempo_3_variation_2	wh3_dlc27_eternal_dance_of_nurgle_tempo_3_variation_2	-1			UI\Battle UI\ability_icons\wh3_dlc27_sla_eternal_dance_3_variation_2_army_ability.png		0	0	wh3_dlc27_resource_cost_sla_the_masque_dance_step_swap_tempo_3	0	
wh3_dlc27_eternal_dance_of_nurgle_tempo_3_variation_3	wh3_dlc27_eternal_dance_of_nurgle_tempo_3_variation_3	-1			UI\Battle UI\ability_icons\wh3_dlc27_sla_eternal_dance_3_variation_3_army_ability.png		0	0	wh3_dlc27_resource_cost_sla_the_masque_dance_step_swap_tempo_3	0	
wh3_dlc27_eternal_dance_of_nurgle_tempo_3_variation_4	wh3_dlc27_eternal_dance_of_nurgle_tempo_3_variation_4	-1			UI\Battle UI\ability_icons\wh3_dlc27_sla_eternal_dance_3_variation_4_army_ability.png		0	0	wh3_dlc27_resource_cost_sla_the_masque_dance_step_swap_tempo_3	0	
wh3_dlc27_eternal_dance_of_nurgle_tempo_4_ritual	wh3_dlc27_eternal_dance_of_nurgle_tempo_4_ritual	-1			UI\skins\default\dlc27_sla_the_eternal_dance\icon_dance_3_ritual.png		0	0		0	
wh3_dlc27_faction_initiative_chs_slaanesh_3_units_champions_of_slaanesh	wh3_dlc27_faction_initiative_chs_slaanesh_3_units_champions_of_slaanesh	-1	wh3_dlc20_initiative_souls_sla_t4	wh3_dlc20_initiative_souls_sla_t4_sacrifice_requirement	UI\skins\default\chaos_gifts\ritual_gift_slaanesh_rank_4.png	wh3_dlc20_initiative_souls_sla_upkeep_t4	0	0		0	
wh3_dlc27_faction_initiative_chs_slaanesh_3_units_pleasureseekers	wh3_dlc27_faction_initiative_chs_slaanesh_3_units_pleasureseekers	-1	wh3_dlc20_initiative_souls_sla_t4	wh3_dlc20_initiative_souls_sla_t4_sacrifice_requirement	UI\skins\default\chaos_gifts\ritual_gift_slaanesh_rank_4.png	wh3_dlc20_initiative_souls_sla_upkeep_t4	0	0		0	
wh3_dlc29_black_pyramid_archers_1	wh3_dlc29_black_pyramid_archers_1	-1			UI\skins\default\dlc29_nag_black_pyramid\icons\icon_node_archer.png		1	0		0	Play_nagash_cam_black_pyramid_tomb_kings_upgrade
wh3_dlc29_black_pyramid_archers_2	wh3_dlc29_black_pyramid_archers_2	-1			UI\skins\default\dlc29_nag_black_pyramid\icons\icon_node_archer.png		1	0		0	
wh3_dlc29_black_pyramid_archers_3	wh3_dlc29_black_pyramid_archers_3	-1			UI\skins\default\dlc29_nag_black_pyramid\icons\icon_node_archer.png		1	0		0	Play_nagash_cam_black_pyramid_tomb_kings_upgrade
wh3_dlc29_black_pyramid_archers_4	wh3_dlc29_black_pyramid_archers_4	-1			UI\skins\default\dlc29_nag_black_pyramid\icons\icon_node_archer.png		1	0		0	
wh3_dlc29_black_pyramid_archers_5	wh3_dlc29_black_pyramid_archers_5	-1			UI\skins\default\dlc29_nag_black_pyramid\icons\icon_node_archer.png		1	0		0	
wh3_dlc29_black_pyramid_archers_6	wh3_dlc29_black_pyramid_archers_6	-1			UI\skins\default\dlc29_nag_black_pyramid\icons\icon_node_archer.png		1	0		0	Play_nagash_cam_black_pyramid_tomb_kings_upgrade
wh3_dlc29_black_pyramid_archers_7	wh3_dlc29_black_pyramid_archers_7	-1			UI\skins\default\dlc29_nag_black_pyramid\icons\icon_node_archer.png		1	0		0	
wh3_dlc29_black_pyramid_archers_8	wh3_dlc29_black_pyramid_archers_8	-1			UI\skins\default\dlc29_nag_black_pyramid\icons\icon_node_archer.png		1	0		0	Play_nagash_cam_black_pyramid_tomb_kings_upgrade
wh3_dlc29_black_pyramid_arkhan_1	wh3_dlc29_black_pyramid_arkhan_1	-1			UI\skins\default\dlc29_nag_black_pyramid\icons\icon_node_mortarch_arkhan.png		1	0		0	
wh3_dlc29_black_pyramid_arkhan_2	wh3_dlc29_black_pyramid_arkhan_2	-1			UI\skins\default\dlc29_nag_black_pyramid\icons\icon_node_mortarch_arkhan.png		1	0		0	
wh3_dlc29_black_pyramid_arkhan_3	wh3_dlc29_black_pyramid_arkhan_3	-1			UI\skins\default\dlc29_nag_black_pyramid\icons\icon_node_mortarch_arkhan.png		1	0		0	Play_nagash_cam_black_pyramid_mortarchs_upgrade
wh3_dlc29_black_pyramid_beasts_1	wh3_dlc29_black_pyramid_beasts_1	-1			UI\skins\default\dlc29_nag_black_pyramid\icons\icon_node_beast.png		1	0		0	Play_nagash_cam_black_pyramid_shared_upgrade
wh3_dlc29_black_pyramid_beasts_2	wh3_dlc29_black_pyramid_beasts_2	-1			UI\skins\default\dlc29_nag_black_pyramid\icons\icon_node_beast.png		1	0		0	
wh3_dlc29_black_pyramid_beasts_3	wh3_dlc29_black_pyramid_beasts_3	-1			UI\skins\default\dlc29_nag_black_pyramid\icons\icon_node_beast.png		1	0		0	
wh3_dlc29_black_pyramid_beasts_4	wh3_dlc29_black_pyramid_beasts_4	-1			UI\skins\default\dlc29_nag_black_pyramid\icons\icon_node_beast.png		1	0		0	Play_nagash_cam_black_pyramid_shared_upgrade
wh3_dlc29_black_pyramid_beasts_5	wh3_dlc29_black_pyramid_beasts_5	-1			UI\skins\default\dlc29_nag_black_pyramid\icons\icon_node_beast.png		1	0		0	
wh3_dlc29_black_pyramid_beasts_6	wh3_dlc29_black_pyramid_beasts_6	-1			UI\skins\default\dlc29_nag_black_pyramid\icons\icon_node_beast.png		1	0		0	
wh3_dlc29_black_pyramid_beasts_7	wh3_dlc29_black_pyramid_beasts_7	-1			UI\skins\default\dlc29_nag_black_pyramid\icons\icon_node_beast.png		1	0		0	Play_nagash_cam_black_pyramid_shared_upgrade
wh3_dlc29_black_pyramid_books_lore_of_death_1	wh3_dlc29_black_pyramid_books_lore_of_death_1	-1			UI\skins\default\dlc29_nag_black_pyramid\icons\icon_node_lore_death.png		1	0		0	Play_nagash_cam_black_pyramid_magic_upgrade
wh3_dlc29_black_pyramid_books_lore_of_death_2	wh3_dlc29_black_pyramid_books_lore_of_death_2	-1			UI\skins\default\dlc29_nag_black_pyramid\icons\icon_node_lore_death.png		1	0		0	
wh3_dlc29_black_pyramid_books_lore_of_death_3	wh3_dlc29_black_pyramid_books_lore_of_death_3	-1			UI\skins\default\dlc29_nag_black_pyramid\icons\icon_node_lore_death.png		1	0		0	
wh3_dlc29_black_pyramid_books_lore_of_death_4	wh3_dlc29_black_pyramid_books_lore_of_death_4	-1			UI\skins\default\dlc29_nag_black_pyramid\icons\icon_node_lore_death.png		1	0		0	Play_nagash_cam_black_pyramid_magic_upgrade
wh3_dlc29_black_pyramid_books_lore_of_light_1	wh3_dlc29_black_pyramid_books_lore_of_light_1	-1			UI\skins\default\dlc29_nag_black_pyramid\icons\icon_node_lore_light.png		1	0		0	Play_nagash_cam_black_pyramid_magic_upgrade
wh3_dlc29_black_pyramid_books_lore_of_light_2	wh3_dlc29_black_pyramid_books_lore_of_light_2	-1			UI\skins\default\dlc29_nag_black_pyramid\icons\icon_node_lore_light.png		1	0		0	
wh3_dlc29_black_pyramid_books_lore_of_light_3	wh3_dlc29_black_pyramid_books_lore_of_light_3	-1			UI\skins\default\dlc29_nag_black_pyramid\icons\icon_node_lore_light.png		1	0		0	
wh3_dlc29_black_pyramid_books_lore_of_light_4	wh3_dlc29_black_pyramid_books_lore_of_light_4	-1			UI\skins\default\dlc29_nag_black_pyramid\icons\icon_node_lore_light.png		1	0		0	Play_nagash_cam_black_pyramid_magic_upgrade
wh3_dlc29_black_pyramid_books_lore_of_nehekhara_1	wh3_dlc29_black_pyramid_books_lore_of_nehekhara_1	-1			UI\skins\default\dlc29_nag_black_pyramid\icons\icon_node_lore_nehekhara.png		1	0		0	Play_nagash_cam_black_pyramid_magic_upgrade
wh3_dlc29_black_pyramid_books_lore_of_nehekhara_2	wh3_dlc29_black_pyramid_books_lore_of_nehekhara_2	-1			UI\skins\default\dlc29_nag_black_pyramid\icons\icon_node_lore_nehekhara.png		1	0		0	
wh3_dlc29_black_pyramid_books_lore_of_nehekhara_3	wh3_dlc29_black_pyramid_books_lore_of_nehekhara_3	-1			UI\skins\default\dlc29_nag_black_pyramid\icons\icon_node_lore_nehekhara.png		1	0		0	
wh3_dlc29_black_pyramid_books_lore_of_nehekhara_4	wh3_dlc29_black_pyramid_books_lore_of_nehekhara_4	-1			UI\skins\default\dlc29_nag_black_pyramid\icons\icon_node_lore_nehekhara.png		1	0		0	Play_nagash_cam_black_pyramid_magic_upgrade
wh3_dlc29_black_pyramid_books_lore_of_vampires_1	wh3_dlc29_black_pyramid_books_lore_of_vampires_1	-1			UI\skins\default\dlc29_nag_black_pyramid\icons\icon_node_lore_vampires.png		1	0		0	Play_nagash_cam_black_pyramid_magic_upgrade
wh3_dlc29_black_pyramid_books_lore_of_vampires_2	wh3_dlc29_black_pyramid_books_lore_of_vampires_2	-1			UI\skins\default\dlc29_nag_black_pyramid\icons\icon_node_lore_vampires.png		1	0		0	
wh3_dlc29_black_pyramid_books_lore_of_vampires_3	wh3_dlc29_black_pyramid_books_lore_of_vampires_3	-1			UI\skins\default\dlc29_nag_black_pyramid\icons\icon_node_lore_vampires.png		1	0		0	
wh3_dlc29_black_pyramid_books_lore_of_vampires_4	wh3_dlc29_black_pyramid_books_lore_of_vampires_4	-1			UI\skins\default\dlc29_nag_black_pyramid\icons\icon_node_lore_vampires.png		1	0		0	Play_nagash_cam_black_pyramid_magic_upgrade
wh3_dlc29_black_pyramid_chariots_1	wh3_dlc29_black_pyramid_chariots_1	-1			UI\skins\default\dlc29_nag_black_pyramid\icons\icon_node_chariot.png		1	0		0	Play_nagash_cam_black_pyramid_tomb_kings_upgrade
wh3_dlc29_black_pyramid_chariots_2	wh3_dlc29_black_pyramid_chariots_2	-1			UI\skins\default\dlc29_nag_black_pyramid\icons\icon_node_chariot.png		1	0		0	
wh3_dlc29_black_pyramid_chariots_3	wh3_dlc29_black_pyramid_chariots_3	-1			UI\skins\default\dlc29_nag_black_pyramid\icons\icon_node_chariot.png		1	0		0	
wh3_dlc29_black_pyramid_chariots_4	wh3_dlc29_black_pyramid_chariots_4	-1			UI\skins\default\dlc29_nag_black_pyramid\icons\icon_node_chariot.png		1	0		0	
wh3_dlc29_black_pyramid_chariots_5	wh3_dlc29_black_pyramid_chariots_5	-1			UI\skins\default\dlc29_nag_black_pyramid\icons\icon_node_chariot.png		1	0		0	Play_nagash_cam_black_pyramid_tomb_kings_upgrade
wh3_dlc29_black_pyramid_construct_monsters_1	wh3_dlc29_black_pyramid_construct_monsters_1	-1			UI\skins\default\dlc29_nag_black_pyramid\icons\icon_node_construct_monster.png		1	0		0	Play_nagash_cam_black_pyramid_tomb_kings_upgrade
wh3_dlc29_black_pyramid_construct_monsters_2	wh3_dlc29_black_pyramid_construct_monsters_2	-1			UI\skins\default\dlc29_nag_black_pyramid\icons\icon_node_construct_monster.png		1	0		0	
wh3_dlc29_black_pyramid_construct_monsters_3	wh3_dlc29_black_pyramid_construct_monsters_3	-1			UI\skins\default\dlc29_nag_black_pyramid\icons\icon_node_construct_monster.png		1	0		0	
wh3_dlc29_black_pyramid_construct_monsters_4	wh3_dlc29_black_pyramid_construct_monsters_4	-1			UI\skins\default\dlc29_nag_black_pyramid\icons\icon_node_construct_monster.png		1	0		0	Play_nagash_cam_black_pyramid_tomb_kings_upgrade
wh3_dlc29_black_pyramid_construct_monsters_5	wh3_dlc29_black_pyramid_construct_monsters_5	-1			UI\skins\default\dlc29_nag_black_pyramid\icons\icon_node_construct_monster.png		1	0		0	
wh3_dlc29_black_pyramid_construct_monsters_6	wh3_dlc29_black_pyramid_construct_monsters_6	-1			UI\skins\default\dlc29_nag_black_pyramid\icons\icon_node_construct_monster.png		1	0		0	Play_nagash_cam_black_pyramid_tomb_kings_upgrade
wh3_dlc29_black_pyramid_construct_monsters_7	wh3_dlc29_black_pyramid_construct_monsters_7	-1			UI\skins\default\dlc29_nag_black_pyramid\icons\icon_node_construct_monster.png		1	0		0	Play_nagash_cam_black_pyramid_tomb_kings_upgrade
wh3_dlc29_black_pyramid_construct_monsters_8	wh3_dlc29_black_pyramid_construct_monsters_8	-1			UI\skins\default\dlc29_nag_black_pyramid\icons\icon_node_construct_monster.png		1	0		0	
wh3_dlc29_black_pyramid_construct_monsters_9	wh3_dlc29_black_pyramid_construct_monsters_9	-1			UI\skins\default\dlc29_nag_black_pyramid\icons\icon_node_construct_monster.png		1	0		0	
wh3_dlc29_black_pyramid_construct_monstrous_1	wh3_dlc29_black_pyramid_construct_monstrous_1	-1			UI\skins\default\dlc29_nag_black_pyramid\icons\icon_node_construct_monstrous.png		1	0		0	Play_nagash_cam_black_pyramid_shared_upgrade
wh3_dlc29_black_pyramid_construct_monstrous_2	wh3_dlc29_black_pyramid_construct_monstrous_2	-1			UI\skins\default\dlc29_nag_black_pyramid\icons\icon_node_construct_monstrous.png		1	0		0	
wh3_dlc29_black_pyramid_construct_monstrous_3	wh3_dlc29_black_pyramid_construct_monstrous_3	-1			UI\skins\default\dlc29_nag_black_pyramid\icons\icon_node_construct_monstrous.png		1	0		0	
wh3_dlc29_black_pyramid_construct_monstrous_4	wh3_dlc29_black_pyramid_construct_monstrous_4	-1			UI\skins\default\dlc29_nag_black_pyramid\icons\icon_node_construct_monstrous.png		1	0		0	Play_nagash_cam_black_pyramid_shared_upgrade
wh3_dlc29_black_pyramid_construct_monstrous_5	wh3_dlc29_black_pyramid_construct_monstrous_5	-1			UI\skins\default\dlc29_nag_black_pyramid\icons\icon_node_construct_monstrous.png		1	0		0	Play_nagash_cam_black_pyramid_shared_upgrade
wh3_dlc29_black_pyramid_construct_monstrous_6	wh3_dlc29_black_pyramid_construct_monstrous_6	-1			UI\skins\default\dlc29_nag_black_pyramid\icons\icon_node_construct_monstrous.png		1	0		0	
wh3_dlc29_black_pyramid_construct_monstrous_7	wh3_dlc29_black_pyramid_construct_monstrous_7	-1			UI\skins\default\dlc29_nag_black_pyramid\icons\icon_node_construct_monstrous.png		1	0		0	Play_nagash_cam_black_pyramid_shared_upgrade
wh3_dlc29_black_pyramid_construct_monstrous_8	wh3_dlc29_black_pyramid_construct_monstrous_8	-1			UI\skins\default\dlc29_nag_black_pyramid\icons\icon_node_construct_monstrous.png		1	0		0	
wh3_dlc29_black_pyramid_construct_monstrous_9	wh3_dlc29_black_pyramid_construct_monstrous_9	-1			UI\skins\default\dlc29_nag_black_pyramid\icons\icon_node_construct_monstrous.png		1	0		0	Play_nagash_cam_black_pyramid_shared_upgrade
wh3_dlc29_black_pyramid_cst_II_1	wh3_dlc29_black_pyramid_cst_II_1	-1			UI\skins\default\dlc29_nag_black_pyramid\icons\icon_node_cst.png		1	0		0	
wh3_dlc29_black_pyramid_cst_II_2	wh3_dlc29_black_pyramid_cst_II_2	-1			UI\skins\default\dlc29_nag_black_pyramid\icons\icon_node_cst.png		1	0		0	
wh3_dlc29_black_pyramid_cst_II_3	wh3_dlc29_black_pyramid_cst_II_3	-1			UI\skins\default\dlc29_nag_black_pyramid\icons\icon_node_cst.png		1	0		0	
wh3_dlc29_black_pyramid_cst_II_4	wh3_dlc29_black_pyramid_cst_II_4	-1			UI\skins\default\dlc29_nag_black_pyramid\icons\icon_node_cst.png		1	0		0	Play_nagash_cam_black_pyramid_vampire_coast_upgrade
wh3_dlc29_black_pyramid_cst_II_5	wh3_dlc29_black_pyramid_cst_II_5	-1			UI\skins\default\dlc29_nag_black_pyramid\icons\icon_node_cst.png		1	0		0	Play_nagash_cam_black_pyramid_vampire_coast_upgrade
wh3_dlc29_black_pyramid_cst_I_1	wh3_dlc29_black_pyramid_cst_I_1	-1			UI\skins\default\dlc29_nag_black_pyramid\icons\icon_node_cst.png		1	0		0	
wh3_dlc29_black_pyramid_cst_I_2	wh3_dlc29_black_pyramid_cst_I_2	-1			UI\skins\default\dlc29_nag_black_pyramid\icons\icon_node_cst.png		1	0		0	
wh3_dlc29_black_pyramid_cst_I_3	wh3_dlc29_black_pyramid_cst_I_3	-1			UI\skins\default\dlc29_nag_black_pyramid\icons\icon_node_cst.png		1	0		0	
wh3_dlc29_black_pyramid_cst_I_4	wh3_dlc29_black_pyramid_cst_I_4	-1			UI\skins\default\dlc29_nag_black_pyramid\icons\icon_node_cst.png		1	0		0	
wh3_dlc29_black_pyramid_cst_I_5	wh3_dlc29_black_pyramid_cst_I_5	-1			UI\skins\default\dlc29_nag_black_pyramid\icons\icon_node_cst.png		1	0		0	Play_nagash_cam_black_pyramid_vampire_coast_upgrade
wh3_dlc29_black_pyramid_dead_rise_chance_1	wh3_dlc29_black_pyramid_dead_rise_chance_1	-1			UI\skins\default\dlc29_nag_black_pyramid\icons\icon_node_dead_rise.png		1	0		0	
wh3_dlc29_black_pyramid_dead_rise_chance_2	wh3_dlc29_black_pyramid_dead_rise_chance_2	-1			UI\skins\default\dlc29_nag_black_pyramid\icons\icon_node_dead_rise.png		1	0		0	
wh3_dlc29_black_pyramid_dead_rise_chance_3	wh3_dlc29_black_pyramid_dead_rise_chance_3	-1			UI\skins\default\dlc29_nag_black_pyramid\icons\icon_node_dead_rise.png		1	0		0	
wh3_dlc29_black_pyramid_dead_rise_hp_1	wh3_dlc29_black_pyramid_dead_rise_hp_1	-1			UI\skins\default\dlc29_nag_black_pyramid\icons\icon_node_dead_rise.png		1	0		0	
wh3_dlc29_black_pyramid_dead_rise_hp_2	wh3_dlc29_black_pyramid_dead_rise_hp_2	-1			UI\skins\default\dlc29_nag_black_pyramid\icons\icon_node_dead_rise.png		1	0		0	
wh3_dlc29_black_pyramid_dead_rise_hp_3	wh3_dlc29_black_pyramid_dead_rise_hp_3	-1			UI\skins\default\dlc29_nag_black_pyramid\icons\icon_node_dead_rise.png		1	0		0	
wh3_dlc29_black_pyramid_deck_droppers_1	wh3_dlc29_black_pyramid_deck_droppers_1	-1			UI\skins\default\dlc29_nag_black_pyramid\icons\icon_node_deck_dropper.png		1	0		0	Play_nagash_cam_black_pyramid_vampire_coast_upgrade
wh3_dlc29_black_pyramid_deck_droppers_2	wh3_dlc29_black_pyramid_deck_droppers_2	-1			UI\skins\default\dlc29_nag_black_pyramid\icons\icon_node_deck_dropper.png		1	0		0	
wh3_dlc29_black_pyramid_deck_droppers_3	wh3_dlc29_black_pyramid_deck_droppers_3	-1			UI\skins\default\dlc29_nag_black_pyramid\icons\icon_node_deck_dropper.png		1	0		0	
wh3_dlc29_black_pyramid_deck_droppers_4	wh3_dlc29_black_pyramid_deck_droppers_4	-1			UI\skins\default\dlc29_nag_black_pyramid\icons\icon_node_deck_dropper.png		1	0		0	
wh3_dlc29_black_pyramid_deck_droppers_5	wh3_dlc29_black_pyramid_deck_droppers_5	-1			UI\skins\default\dlc29_nag_black_pyramid\icons\icon_node_deck_dropper.png		1	0		0	
wh3_dlc29_black_pyramid_deck_droppers_6	wh3_dlc29_black_pyramid_deck_droppers_6	-1			UI\skins\default\dlc29_nag_black_pyramid\icons\icon_node_deck_dropper.png		1	0		0	
wh3_dlc29_black_pyramid_deck_droppers_7	wh3_dlc29_black_pyramid_deck_droppers_7	-1			UI\skins\default\dlc29_nag_black_pyramid\icons\icon_node_deck_dropper.png		1	0		0	Play_nagash_cam_black_pyramid_vampire_coast_upgrade
wh3_dlc29_black_pyramid_dieter_1	wh3_dlc29_black_pyramid_dieter_1	-1			UI\skins\default\dlc29_nag_black_pyramid\icons\icon_node_mortarch_dieter.png		1	0		0	
wh3_dlc29_black_pyramid_dieter_2	wh3_dlc29_black_pyramid_dieter_2	-1			UI\skins\default\dlc29_nag_black_pyramid\icons\icon_node_mortarch_dieter.png		1	0		0	
wh3_dlc29_black_pyramid_dieter_3	wh3_dlc29_black_pyramid_dieter_3	-1			UI\skins\default\dlc29_nag_black_pyramid\icons\icon_node_mortarch_dieter.png		1	0		0	Play_nagash_cam_black_pyramid_mortarchs_upgrade
wh3_dlc29_black_pyramid_dual_wield_1	wh3_dlc29_black_pyramid_dual_wield_1	-1			UI\skins\default\dlc29_nag_black_pyramid\icons\icon_node_dual_wield.png		1	0		0	
wh3_dlc29_black_pyramid_dual_wield_2	wh3_dlc29_black_pyramid_dual_wield_2	-1			UI\skins\default\dlc29_nag_black_pyramid\icons\icon_node_dual_wield.png		1	0		0	
wh3_dlc29_black_pyramid_dual_wield_3	wh3_dlc29_black_pyramid_dual_wield_3	-1			UI\skins\default\dlc29_nag_black_pyramid\icons\icon_node_dual_wield.png		1	0		0	
wh3_dlc29_black_pyramid_dual_wield_4	wh3_dlc29_black_pyramid_dual_wield_4	-1			UI\skins\default\dlc29_nag_black_pyramid\icons\icon_node_dual_wield.png		1	0		0	
wh3_dlc29_black_pyramid_dual_wield_5	wh3_dlc29_black_pyramid_dual_wield_5	-1			UI\skins\default\dlc29_nag_black_pyramid\icons\icon_node_dual_wield.png		1	0		0	
wh3_dlc29_black_pyramid_dual_wield_6	wh3_dlc29_black_pyramid_dual_wield_6	-1			UI\skins\default\dlc29_nag_black_pyramid\icons\icon_node_dual_wield.png		1	0		0	Play_nagash_cam_black_pyramid_shared_upgrade
wh3_dlc29_black_pyramid_gravecall_recruitment_1	wh3_dlc29_black_pyramid_gravecall_recruitment_1	-1			UI\skins\default\dlc29_nag_black_pyramid\icons\icon_node_recruitment_gravecall.png		1	0		0	
wh3_dlc29_black_pyramid_gravecall_recruitment_2	wh3_dlc29_black_pyramid_gravecall_recruitment_2	-1			UI\skins\default\dlc29_nag_black_pyramid\icons\icon_node_recruitment_gravecall.png		1	0		0	
wh3_dlc29_black_pyramid_gravecall_recruitment_3	wh3_dlc29_black_pyramid_gravecall_recruitment_3	-1			UI\skins\default\dlc29_nag_black_pyramid\icons\icon_node_recruitment_gravecall.png		1	0		0	
wh3_dlc29_black_pyramid_gravecall_recruitment_4	wh3_dlc29_black_pyramid_gravecall_recruitment_4	-1			UI\skins\default\dlc29_nag_black_pyramid\icons\icon_node_recruitment_gravecall.png		1	0		0	Play_nagash_cam_black_pyramid_shared_upgrade
wh3_dlc29_black_pyramid_great_weapons_1	wh3_dlc29_black_pyramid_great_weapons_1	-1			UI\skins\default\dlc29_nag_black_pyramid\icons\icon_node_great_weapons.png		1	0		0	
wh3_dlc29_black_pyramid_great_weapons_2	wh3_dlc29_black_pyramid_great_weapons_2	-1			UI\skins\default\dlc29_nag_black_pyramid\icons\icon_node_great_weapons.png		1	0		0	
wh3_dlc29_black_pyramid_great_weapons_3	wh3_dlc29_black_pyramid_great_weapons_3	-1			UI\skins\default\dlc29_nag_black_pyramid\icons\icon_node_great_weapons.png		1	0		0	
wh3_dlc29_black_pyramid_great_weapons_4	wh3_dlc29_black_pyramid_great_weapons_4	-1			UI\skins\default\dlc29_nag_black_pyramid\icons\icon_node_great_weapons.png		1	0		0	
wh3_dlc29_black_pyramid_great_weapons_5	wh3_dlc29_black_pyramid_great_weapons_5	-1			UI\skins\default\dlc29_nag_black_pyramid\icons\icon_node_great_weapons.png		1	0		0	
wh3_dlc29_black_pyramid_great_weapons_6	wh3_dlc29_black_pyramid_great_weapons_6	-1			UI\skins\default\dlc29_nag_black_pyramid\icons\icon_node_great_weapons.png		1	0		0	Play_nagash_cam_black_pyramid_shared_upgrade
wh3_dlc29_black_pyramid_guards_1	wh3_dlc29_black_pyramid_guards_1	-1			UI\skins\default\dlc29_nag_black_pyramid\icons\icon_node_guard.png		1	0		0	Play_nagash_cam_black_pyramid_shared_upgrade
wh3_dlc29_black_pyramid_guards_2	wh3_dlc29_black_pyramid_guards_2	-1			UI\skins\default\dlc29_nag_black_pyramid\icons\icon_node_guard.png		1	0		0	
wh3_dlc29_black_pyramid_guards_3	wh3_dlc29_black_pyramid_guards_3	-1			UI\skins\default\dlc29_nag_black_pyramid\icons\icon_node_guard.png		1	0		0	
wh3_dlc29_black_pyramid_guards_4	wh3_dlc29_black_pyramid_guards_4	-1			UI\skins\default\dlc29_nag_black_pyramid\icons\icon_node_guard.png		1	0		0	Play_nagash_cam_black_pyramid_shared_upgrade
wh3_dlc29_black_pyramid_guards_5	wh3_dlc29_black_pyramid_guards_5	-1			UI\skins\default\dlc29_nag_black_pyramid\icons\icon_node_guard.png		1	0		0	
wh3_dlc29_black_pyramid_guards_6	wh3_dlc29_black_pyramid_guards_6	-1			UI\skins\default\dlc29_nag_black_pyramid\icons\icon_node_guard.png		1	0		0	Play_nagash_cam_black_pyramid_shared_upgrade
wh3_dlc29_black_pyramid_guards_7	wh3_dlc29_black_pyramid_guards_7	-1			UI\skins\default\dlc29_nag_black_pyramid\icons\icon_node_guard.png		1	0		0	
wh3_dlc29_black_pyramid_guards_8	wh3_dlc29_black_pyramid_guards_8	-1			UI\skins\default\dlc29_nag_black_pyramid\icons\icon_node_guard.png		1	0		0	Play_nagash_cam_black_pyramid_shared_upgrade
wh3_dlc29_black_pyramid_gunpowder_artillery_1	wh3_dlc29_black_pyramid_gunpowder_artillery_1	-1			UI\skins\default\dlc29_nag_black_pyramid\icons\icon_node_artillery.png		1	0		0	Play_nagash_cam_black_pyramid_vampire_coast_upgrade
wh3_dlc29_black_pyramid_gunpowder_artillery_10	wh3_dlc29_black_pyramid_gunpowder_artillery_10	-1			UI\skins\default\dlc29_nag_black_pyramid\icons\icon_node_artillery.png		1	0		0	
wh3_dlc29_black_pyramid_gunpowder_artillery_2	wh3_dlc29_black_pyramid_gunpowder_artillery_2	-1			UI\skins\default\dlc29_nag_black_pyramid\icons\icon_node_artillery.png		1	0		0	
wh3_dlc29_black_pyramid_gunpowder_artillery_3	wh3_dlc29_black_pyramid_gunpowder_artillery_3	-1			UI\skins\default\dlc29_nag_black_pyramid\icons\icon_node_artillery.png		1	0		0	
wh3_dlc29_black_pyramid_gunpowder_artillery_4	wh3_dlc29_black_pyramid_gunpowder_artillery_4	-1			UI\skins\default\dlc29_nag_black_pyramid\icons\icon_node_artillery.png		1	0		0	
wh3_dlc29_black_pyramid_gunpowder_artillery_5	wh3_dlc29_black_pyramid_gunpowder_artillery_5	-1			UI\skins\default\dlc29_nag_black_pyramid\icons\icon_node_artillery.png		1	0		0	Play_nagash_cam_black_pyramid_vampire_coast_upgrade
wh3_dlc29_black_pyramid_gunpowder_artillery_6	wh3_dlc29_black_pyramid_gunpowder_artillery_6	-1			UI\skins\default\dlc29_nag_black_pyramid\icons\icon_node_artillery.png		1	0		0	Play_nagash_cam_black_pyramid_vampire_coast_upgrade
wh3_dlc29_black_pyramid_gunpowder_artillery_7	wh3_dlc29_black_pyramid_gunpowder_artillery_7	-1			UI\skins\default\dlc29_nag_black_pyramid\icons\icon_node_artillery.png		1	0		0	
wh3_dlc29_black_pyramid_gunpowder_artillery_8	wh3_dlc29_black_pyramid_gunpowder_artillery_8	-1			UI\skins\default\dlc29_nag_black_pyramid\icons\icon_node_artillery.png		1	0		0	Play_nagash_cam_black_pyramid_vampire_coast_upgrade
wh3_dlc29_black_pyramid_gunpowder_artillery_9	wh3_dlc29_black_pyramid_gunpowder_artillery_9	-1			UI\skins\default\dlc29_nag_black_pyramid\icons\icon_node_artillery.png		1	0		0	
wh3_dlc29_black_pyramid_guns_1	wh3_dlc29_black_pyramid_guns_1	-1			UI\skins\default\dlc29_nag_black_pyramid\icons\icon_node_gun.png		1	0		0	Play_nagash_cam_black_pyramid_vampire_coast_upgrade
wh3_dlc29_black_pyramid_guns_2	wh3_dlc29_black_pyramid_guns_2	-1			UI\skins\default\dlc29_nag_black_pyramid\icons\icon_node_gun.png		1	0		0	
wh3_dlc29_black_pyramid_guns_3	wh3_dlc29_black_pyramid_guns_3	-1			UI\skins\default\dlc29_nag_black_pyramid\icons\icon_node_gun.png		1	0		0	Play_nagash_cam_black_pyramid_vampire_coast_upgrade
wh3_dlc29_black_pyramid_guns_4	wh3_dlc29_black_pyramid_guns_4	-1			UI\skins\default\dlc29_nag_black_pyramid\icons\icon_node_gun.png		1	0		0	
wh3_dlc29_black_pyramid_guns_5	wh3_dlc29_black_pyramid_guns_5	-1			UI\skins\default\dlc29_nag_black_pyramid\icons\icon_node_gun.png		1	0		0	
wh3_dlc29_black_pyramid_guns_6	wh3_dlc29_black_pyramid_guns_6	-1			UI\skins\default\dlc29_nag_black_pyramid\icons\icon_node_gun.png		1	0		0	Play_nagash_cam_black_pyramid_vampire_coast_upgrade
wh3_dlc29_black_pyramid_guns_7	wh3_dlc29_black_pyramid_guns_7	-1			UI\skins\default\dlc29_nag_black_pyramid\icons\icon_node_gun.png		1	0		0	
wh3_dlc29_black_pyramid_guns_8	wh3_dlc29_black_pyramid_guns_8	-1			UI\skins\default\dlc29_nag_black_pyramid\icons\icon_node_gun.png		1	0		0	Play_nagash_cam_black_pyramid_vampire_coast_upgrade
wh3_dlc29_black_pyramid_hero_1	wh3_dlc29_black_pyramid_hero_1	-1			UI\skins\default\dlc29_nag_black_pyramid\icons\icon_node_hero.png		1	0		0	
wh3_dlc29_black_pyramid_hero_2	wh3_dlc29_black_pyramid_hero_2	-1			UI\skins\default\dlc29_nag_black_pyramid\icons\icon_node_hero.png		1	0		0	
wh3_dlc29_black_pyramid_hero_3	wh3_dlc29_black_pyramid_hero_3	-1			UI\skins\default\dlc29_nag_black_pyramid\icons\icon_node_hero.png		1	0		0	Play_nagash_cam_black_pyramid_shared_upgrade
wh3_dlc29_black_pyramid_hero_4	wh3_dlc29_black_pyramid_hero_4	-1			UI\skins\default\dlc29_nag_black_pyramid\icons\icon_node_hero.png		1	0		0	
wh3_dlc29_black_pyramid_hero_5	wh3_dlc29_black_pyramid_hero_5	-1			UI\skins\default\dlc29_nag_black_pyramid\icons\icon_node_hero.png		1	0		0	
wh3_dlc29_black_pyramid_hero_6	wh3_dlc29_black_pyramid_hero_6	-1			UI\skins\default\dlc29_nag_black_pyramid\icons\icon_node_hero.png		1	0		0	
wh3_dlc29_black_pyramid_hero_7	wh3_dlc29_black_pyramid_hero_7	-1			UI\skins\default\dlc29_nag_black_pyramid\icons\icon_node_hero.png		1	0		0	Play_nagash_cam_black_pyramid_shared_upgrade
wh3_dlc29_black_pyramid_hero_8	wh3_dlc29_black_pyramid_hero_8	-1			UI\skins\default\dlc29_nag_black_pyramid\icons\icon_node_hero.png		1	0		0	
wh3_dlc29_black_pyramid_hero_9	wh3_dlc29_black_pyramid_hero_9	-1			UI\skins\default\dlc29_nag_black_pyramid\icons\icon_node_hero.png		1	0		0	Play_nagash_cam_black_pyramid_shared_upgrade
wh3_dlc29_black_pyramid_horsemen_1	wh3_dlc29_black_pyramid_horsemen_1	-1			UI\skins\default\dlc29_nag_black_pyramid\icons\icon_node_horsemen.png		1	0		0	Play_nagash_cam_black_pyramid_tomb_kings_upgrade
wh3_dlc29_black_pyramid_horsemen_2	wh3_dlc29_black_pyramid_horsemen_2	-1			UI\skins\default\dlc29_nag_black_pyramid\icons\icon_node_horsemen.png		1	0		0	
wh3_dlc29_black_pyramid_horsemen_3	wh3_dlc29_black_pyramid_horsemen_3	-1			UI\skins\default\dlc29_nag_black_pyramid\icons\icon_node_horsemen.png		1	0		0	
wh3_dlc29_black_pyramid_horsemen_4	wh3_dlc29_black_pyramid_horsemen_4	-1			UI\skins\default\dlc29_nag_black_pyramid\icons\icon_node_horsemen.png		1	0		0	
wh3_dlc29_black_pyramid_horsemen_5	wh3_dlc29_black_pyramid_horsemen_5	-1			UI\skins\default\dlc29_nag_black_pyramid\icons\icon_node_horsemen.png		1	0		0	
wh3_dlc29_black_pyramid_horsemen_6	wh3_dlc29_black_pyramid_horsemen_6	-1			UI\skins\default\dlc29_nag_black_pyramid\icons\icon_node_horsemen.png		1	0		0	
wh3_dlc29_black_pyramid_horsemen_7	wh3_dlc29_black_pyramid_horsemen_7	-1			UI\skins\default\dlc29_nag_black_pyramid\icons\icon_node_horsemen.png		1	0		0	Play_nagash_cam_black_pyramid_tomb_kings_upgrade
wh3_dlc29_black_pyramid_knights_1	wh3_dlc29_black_pyramid_knights_1	-1			UI\skins\default\dlc29_nag_black_pyramid\icons\icon_node_knight.png		1	0		0	Play_nagash_cam_black_pyramid_shared_upgrade
wh3_dlc29_black_pyramid_knights_2	wh3_dlc29_black_pyramid_knights_2	-1			UI\skins\default\dlc29_nag_black_pyramid\icons\icon_node_knight.png		1	0		0	
wh3_dlc29_black_pyramid_knights_3	wh3_dlc29_black_pyramid_knights_3	-1			UI\skins\default\dlc29_nag_black_pyramid\icons\icon_node_knight.png		1	0		0	
wh3_dlc29_black_pyramid_knights_4	wh3_dlc29_black_pyramid_knights_4	-1			UI\skins\default\dlc29_nag_black_pyramid\icons\icon_node_knight.png		1	0		0	Play_nagash_cam_black_pyramid_shared_upgrade
wh3_dlc29_black_pyramid_knights_5	wh3_dlc29_black_pyramid_knights_5	-1			UI\skins\default\dlc29_nag_black_pyramid\icons\icon_node_knight.png		1	0		0	
wh3_dlc29_black_pyramid_knights_6	wh3_dlc29_black_pyramid_knights_6	-1			UI\skins\default\dlc29_nag_black_pyramid\icons\icon_node_knight.png		1	0		0	Play_nagash_cam_black_pyramid_shared_upgrade
wh3_dlc29_black_pyramid_knights_7	wh3_dlc29_black_pyramid_knights_7	-1			UI\skins\default\dlc29_nag_black_pyramid\icons\icon_node_knight.png		1	0		0	
wh3_dlc29_black_pyramid_knights_8	wh3_dlc29_black_pyramid_knights_8	-1			UI\skins\default\dlc29_nag_black_pyramid\icons\icon_node_knight.png		1	0		0	Play_nagash_cam_black_pyramid_shared_upgrade
wh3_dlc29_black_pyramid_krell_1	wh3_dlc29_black_pyramid_krell_1	-1			UI\skins\default\dlc29_nag_black_pyramid\icons\icon_node_mortarch_krell.png		1	0		0	
wh3_dlc29_black_pyramid_krell_2	wh3_dlc29_black_pyramid_krell_2	-1			UI\skins\default\dlc29_nag_black_pyramid\icons\icon_node_mortarch_krell.png		1	0		0	
wh3_dlc29_black_pyramid_krell_3	wh3_dlc29_black_pyramid_krell_3	-1			UI\skins\default\dlc29_nag_black_pyramid\icons\icon_node_mortarch_krell.png		1	0		0	Play_nagash_cam_black_pyramid_mortarchs_upgrade
wh3_dlc29_black_pyramid_local_recruitment_1	wh3_dlc29_black_pyramid_local_recruitment_1	-1			UI\skins\default\dlc29_nag_black_pyramid\icons\icon_node_recruitment.png		1	0		0	
wh3_dlc29_black_pyramid_local_recruitment_2	wh3_dlc29_black_pyramid_local_recruitment_2	-1			UI\skins\default\dlc29_nag_black_pyramid\icons\icon_node_recruitment.png		1	0		0	
wh3_dlc29_black_pyramid_local_recruitment_3	wh3_dlc29_black_pyramid_local_recruitment_3	-1			UI\skins\default\dlc29_nag_black_pyramid\icons\icon_node_recruitment.png		1	0		0	
wh3_dlc29_black_pyramid_local_recruitment_4	wh3_dlc29_black_pyramid_local_recruitment_4	-1			UI\skins\default\dlc29_nag_black_pyramid\icons\icon_node_recruitment.png		1	0		0	Play_nagash_cam_black_pyramid_shared_upgrade
wh3_dlc29_black_pyramid_lock_1_a	wh3_dlc29_black_pyramid_lock_1	-1			UI\skins\default\dlc29_nag_black_pyramid\icons\icon_node_gate_1.png		1	0		0	
wh3_dlc29_black_pyramid_lock_1_b	wh3_dlc29_black_pyramid_lock_1	-1			UI\skins\default\dlc29_nag_black_pyramid\icons\icon_node_gate_1.png		1	0		0	
wh3_dlc29_black_pyramid_lock_2_a	wh3_dlc29_black_pyramid_lock_2	-1			UI\skins\default\dlc29_nag_black_pyramid\icons\icon_node_gate_2.png		1	0		0	
wh3_dlc29_black_pyramid_lock_2_b	wh3_dlc29_black_pyramid_lock_2	-1			UI\skins\default\dlc29_nag_black_pyramid\icons\icon_node_gate_2.png		1	0		0	
wh3_dlc29_black_pyramid_lock_2_c	wh3_dlc29_black_pyramid_lock_2	-1			UI\skins\default\dlc29_nag_black_pyramid\icons\icon_node_gate_2.png		1	0		0	
wh3_dlc29_black_pyramid_lock_2_d	wh3_dlc29_black_pyramid_lock_2	-1			UI\skins\default\dlc29_nag_black_pyramid\icons\icon_node_gate_2.png		1	0		0	
wh3_dlc29_black_pyramid_lock_3_a	wh3_dlc29_black_pyramid_lock_3	-1			UI\skins\default\dlc29_nag_black_pyramid\icons\icon_node_gate_3.png		1	0		0	
wh3_dlc29_black_pyramid_lock_3_b	wh3_dlc29_black_pyramid_lock_3	-1			UI\skins\default\dlc29_nag_black_pyramid\icons\icon_node_gate_3.png		1	0		0	
wh3_dlc29_black_pyramid_lord_1	wh3_dlc29_black_pyramid_lord_1	-1			UI\skins\default\dlc29_nag_black_pyramid\icons\icon_node_lord.png		1	0		0	
wh3_dlc29_black_pyramid_lord_2	wh3_dlc29_black_pyramid_lord_2	-1			UI\skins\default\dlc29_nag_black_pyramid\icons\icon_node_lord.png		1	0		0	
wh3_dlc29_black_pyramid_lord_3	wh3_dlc29_black_pyramid_lord_3	-1			UI\skins\default\dlc29_nag_black_pyramid\icons\icon_node_lord.png		1	0		0	Play_nagash_cam_black_pyramid_shared_upgrade
wh3_dlc29_black_pyramid_lord_4	wh3_dlc29_black_pyramid_lord_4	-1			UI\skins\default\dlc29_nag_black_pyramid\icons\icon_node_lord.png		1	0		0	
wh3_dlc29_black_pyramid_lord_5	wh3_dlc29_black_pyramid_lord_5	-1			UI\skins\default\dlc29_nag_black_pyramid\icons\icon_node_lord.png		1	0		0	
wh3_dlc29_black_pyramid_lord_6	wh3_dlc29_black_pyramid_lord_6	-1			UI\skins\default\dlc29_nag_black_pyramid\icons\icon_node_lord.png		1	0		0	
wh3_dlc29_black_pyramid_lord_7	wh3_dlc29_black_pyramid_lord_7	-1			UI\skins\default\dlc29_nag_black_pyramid\icons\icon_node_lord.png		1	0		0	Play_nagash_cam_black_pyramid_shared_upgrade
wh3_dlc29_black_pyramid_lord_8	wh3_dlc29_black_pyramid_lord_8	-1			UI\skins\default\dlc29_nag_black_pyramid\icons\icon_node_lord.png		1	0		0	
wh3_dlc29_black_pyramid_lord_9	wh3_dlc29_black_pyramid_lord_9	-1			UI\skins\default\dlc29_nag_black_pyramid\icons\icon_node_lord.png		1	0		0	Play_nagash_cam_black_pyramid_shared_upgrade
wh3_dlc29_black_pyramid_lore_of_death_1	wh3_dlc29_black_pyramid_lore_of_death_1	-1			UI\skins\default\dlc29_nag_black_pyramid\icons\icon_node_lore_death.png		1	0		0	
wh3_dlc29_black_pyramid_lore_of_death_2	wh3_dlc29_black_pyramid_lore_of_death_2	-1			UI\skins\default\dlc29_nag_black_pyramid\icons\icon_node_lore_death.png		1	0		0	
wh3_dlc29_black_pyramid_lore_of_death_3	wh3_dlc29_black_pyramid_lore_of_death_3	-1			UI\skins\default\dlc29_nag_black_pyramid\icons\icon_node_lore_death.png		1	0		0	Play_nagash_cam_black_pyramid_magic_upgrade
wh3_dlc29_black_pyramid_lore_of_death_4	wh3_dlc29_black_pyramid_lore_of_death_4	-1			UI\skins\default\dlc29_nag_black_pyramid\icons\icon_node_lore_death.png		1	0		0	
wh3_dlc29_black_pyramid_lore_of_deep_1	wh3_dlc29_black_pyramid_lore_of_deep_1	-1			UI\skins\default\dlc29_nag_black_pyramid\icons\icon_node_lore_deep.png		1	0		0	
wh3_dlc29_black_pyramid_lore_of_deep_2	wh3_dlc29_black_pyramid_lore_of_deep_2	-1			UI\skins\default\dlc29_nag_black_pyramid\icons\icon_node_lore_deep.png		1	0		0	
wh3_dlc29_black_pyramid_lore_of_deep_3	wh3_dlc29_black_pyramid_lore_of_deep_3	-1			UI\skins\default\dlc29_nag_black_pyramid\icons\icon_node_lore_deep.png		1	0		0	Play_nagash_cam_black_pyramid_magic_upgrade
wh3_dlc29_black_pyramid_lore_of_deep_4	wh3_dlc29_black_pyramid_lore_of_deep_4	-1			UI\skins\default\dlc29_nag_black_pyramid\icons\icon_node_lore_deep.png		1	0		0	
wh3_dlc29_black_pyramid_lore_of_light_1	wh3_dlc29_black_pyramid_lore_of_light_1	-1			UI\skins\default\dlc29_nag_black_pyramid\icons\icon_node_lore_light.png		1	0		0	
wh3_dlc29_black_pyramid_lore_of_light_2	wh3_dlc29_black_pyramid_lore_of_light_2	-1			UI\skins\default\dlc29_nag_black_pyramid\icons\icon_node_lore_light.png		1	0		0	
wh3_dlc29_black_pyramid_lore_of_light_3	wh3_dlc29_black_pyramid_lore_of_light_3	-1			UI\skins\default\dlc29_nag_black_pyramid\icons\icon_node_lore_light.png		1	0		0	Play_nagash_cam_black_pyramid_magic_upgrade
wh3_dlc29_black_pyramid_lore_of_light_4	wh3_dlc29_black_pyramid_lore_of_light_4	-1			UI\skins\default\dlc29_nag_black_pyramid\icons\icon_node_lore_light.png		1	0		0	
wh3_dlc29_black_pyramid_lore_of_light_5	wh3_dlc29_black_pyramid_lore_of_light_5	-1			UI\skins\default\dlc29_nag_black_pyramid\icons\icon_node_lore_light.png		1	0		0	Play_nagash_cam_black_pyramid_magic_upgrade
wh3_dlc29_black_pyramid_lore_of_nehekhara_1	wh3_dlc29_black_pyramid_lore_of_nehekhara_1	-1			UI\skins\default\dlc29_nag_black_pyramid\icons\icon_node_lore_nehekhara.png		1	0		0	
wh3_dlc29_black_pyramid_lore_of_nehekhara_2	wh3_dlc29_black_pyramid_lore_of_nehekhara_2	-1			UI\skins\default\dlc29_nag_black_pyramid\icons\icon_node_lore_nehekhara.png		1	0		0	
wh3_dlc29_black_pyramid_lore_of_nehekhara_3	wh3_dlc29_black_pyramid_lore_of_nehekhara_3	-1			UI\skins\default\dlc29_nag_black_pyramid\icons\icon_node_lore_nehekhara.png		1	0		0	Play_nagash_cam_black_pyramid_magic_upgrade
wh3_dlc29_black_pyramid_lore_of_nehekhara_4	wh3_dlc29_black_pyramid_lore_of_nehekhara_4	-1			UI\skins\default\dlc29_nag_black_pyramid\icons\icon_node_lore_nehekhara.png		1	0		0	
wh3_dlc29_black_pyramid_lore_of_shadows_1	wh3_dlc29_black_pyramid_lore_of_shadows_1	-1			UI\skins\default\dlc29_nag_black_pyramid\icons\icon_node_lore_shadows.png		1	0		0	
wh3_dlc29_black_pyramid_lore_of_shadows_2	wh3_dlc29_black_pyramid_lore_of_shadows_2	-1			UI\skins\default\dlc29_nag_black_pyramid\icons\icon_node_lore_shadows.png		1	0		0	
wh3_dlc29_black_pyramid_lore_of_shadows_3	wh3_dlc29_black_pyramid_lore_of_shadows_3	-1			UI\skins\default\dlc29_nag_black_pyramid\icons\icon_node_lore_shadows.png		1	0		0	Play_nagash_cam_black_pyramid_magic_upgrade
wh3_dlc29_black_pyramid_lore_of_shadows_4	wh3_dlc29_black_pyramid_lore_of_shadows_4	-1			UI\skins\default\dlc29_nag_black_pyramid\icons\icon_node_lore_shadows.png		1	0		0	
wh3_dlc29_black_pyramid_lore_of_undeath_1	wh3_dlc29_black_pyramid_lore_of_undeath_1	-1			UI\skins\default\dlc29_nag_black_pyramid\icons\icon_node_lore_undeath.png		1	0		0	
wh3_dlc29_black_pyramid_lore_of_undeath_2	wh3_dlc29_black_pyramid_lore_of_undeath_2	-1			UI\skins\default\dlc29_nag_black_pyramid\icons\icon_node_lore_undeath.png		1	0		0	
wh3_dlc29_black_pyramid_lore_of_undeath_3	wh3_dlc29_black_pyramid_lore_of_undeath_3	-1			UI\skins\default\dlc29_nag_black_pyramid\icons\icon_node_lore_undeath.png		1	0		0	
wh3_dlc29_black_pyramid_lore_of_undeath_4	wh3_dlc29_black_pyramid_lore_of_undeath_4	-1			UI\skins\default\dlc29_nag_black_pyramid\icons\icon_node_lore_undeath.png		1	0		0	Play_nagash_cam_black_pyramid_magic_upgrade
wh3_dlc29_black_pyramid_lore_of_undeath_5	wh3_dlc29_black_pyramid_lore_of_undeath_5	-1			UI\skins\default\dlc29_nag_black_pyramid\icons\icon_node_lore_undeath.png		1	0		0	
wh3_dlc29_black_pyramid_lore_of_undeath_6	wh3_dlc29_black_pyramid_lore_of_undeath_6	-1			UI\skins\default\dlc29_nag_black_pyramid\icons\icon_node_lore_undeath.png		1	0		0	
wh3_dlc29_black_pyramid_lore_of_undeath_7	wh3_dlc29_black_pyramid_lore_of_undeath_7	-1			UI\skins\default\dlc29_nag_black_pyramid\icons\icon_node_lore_undeath.png		1	0		0	
wh3_dlc29_black_pyramid_lore_of_undeath_8	wh3_dlc29_black_pyramid_lore_of_undeath_8	-1			UI\skins\default\dlc29_nag_black_pyramid\icons\icon_node_lore_undeath.png		1	0		0	Play_nagash_cam_black_pyramid_magic_upgrade
wh3_dlc29_black_pyramid_lore_of_vampires_1	wh3_dlc29_black_pyramid_lore_of_vampires_1	-1			UI\skins\default\dlc29_nag_black_pyramid\icons\icon_node_lore_vampires.png		1	0		0	
wh3_dlc29_black_pyramid_lore_of_vampires_2	wh3_dlc29_black_pyramid_lore_of_vampires_2	-1			UI\skins\default\dlc29_nag_black_pyramid\icons\icon_node_lore_vampires.png		1	0		0	
wh3_dlc29_black_pyramid_lore_of_vampires_3	wh3_dlc29_black_pyramid_lore_of_vampires_3	-1			UI\skins\default\dlc29_nag_black_pyramid\icons\icon_node_lore_vampires.png		1	0		0	Play_nagash_cam_black_pyramid_magic_upgrade
wh3_dlc29_black_pyramid_lore_of_vampires_4	wh3_dlc29_black_pyramid_lore_of_vampires_4	-1			UI\skins\default\dlc29_nag_black_pyramid\icons\icon_node_lore_vampires.png		1	0		0	
wh3_dlc29_black_pyramid_lore_of_vampires_5	wh3_dlc29_black_pyramid_lore_of_vampires_5	-1			UI\skins\default\dlc29_nag_black_pyramid\icons\icon_node_lore_vampires.png		1	0		0	Play_nagash_cam_black_pyramid_magic_upgrade
wh3_dlc29_black_pyramid_luthor_1	wh3_dlc29_black_pyramid_luthor_1	-1			UI\skins\default\dlc29_nag_black_pyramid\icons\icon_node_mortarch_luthor_harkon.png		1	0		0	
wh3_dlc29_black_pyramid_luthor_2	wh3_dlc29_black_pyramid_luthor_2	-1			UI\skins\default\dlc29_nag_black_pyramid\icons\icon_node_mortarch_luthor_harkon.png		1	0		0	
wh3_dlc29_black_pyramid_luthor_3	wh3_dlc29_black_pyramid_luthor_3	-1			UI\skins\default\dlc29_nag_black_pyramid\icons\icon_node_mortarch_luthor_harkon.png		1	0		0	Play_nagash_cam_black_pyramid_mortarchs_upgrade
wh3_dlc29_black_pyramid_magic_artillery_1	wh3_dlc29_black_pyramid_magic_artillery_1	-1			UI\skins\default\dlc29_nag_black_pyramid\icons\icon_node_magic_artillery.png		1	0		0	Play_nagash_cam_black_pyramid_magic_upgrade
wh3_dlc29_black_pyramid_magic_artillery_10	wh3_dlc29_black_pyramid_magic_artillery_10	-1			UI\skins\default\dlc29_nag_black_pyramid\icons\icon_node_magic_artillery.png		1	0		0	
wh3_dlc29_black_pyramid_magic_artillery_2	wh3_dlc29_black_pyramid_magic_artillery_2	-1			UI\skins\default\dlc29_nag_black_pyramid\icons\icon_node_magic_artillery.png		1	0		0	
wh3_dlc29_black_pyramid_magic_artillery_3	wh3_dlc29_black_pyramid_magic_artillery_3	-1			UI\skins\default\dlc29_nag_black_pyramid\icons\icon_node_magic_artillery.png		1	0		0	
wh3_dlc29_black_pyramid_magic_artillery_4	wh3_dlc29_black_pyramid_magic_artillery_4	-1			UI\skins\default\dlc29_nag_black_pyramid\icons\icon_node_magic_artillery.png		1	0		0	
wh3_dlc29_black_pyramid_magic_artillery_5	wh3_dlc29_black_pyramid_magic_artillery_5	-1			UI\skins\default\dlc29_nag_black_pyramid\icons\icon_node_magic_artillery.png		1	0		0	
wh3_dlc29_black_pyramid_magic_artillery_6	wh3_dlc29_black_pyramid_magic_artillery_6	-1			UI\skins\default\dlc29_nag_black_pyramid\icons\icon_node_magic_artillery.png		1	0		0	Play_nagash_cam_black_pyramid_magic_upgrade
wh3_dlc29_black_pyramid_magic_artillery_7	wh3_dlc29_black_pyramid_magic_artillery_7	-1			UI\skins\default\dlc29_nag_black_pyramid\icons\icon_node_magic_artillery.png		1	0		0	
wh3_dlc29_black_pyramid_magic_artillery_8	wh3_dlc29_black_pyramid_magic_artillery_8	-1			UI\skins\default\dlc29_nag_black_pyramid\icons\icon_node_magic_artillery.png		1	0		0	Play_nagash_cam_black_pyramid_magic_upgrade
wh3_dlc29_black_pyramid_magic_artillery_9	wh3_dlc29_black_pyramid_magic_artillery_9	-1			UI\skins\default\dlc29_nag_black_pyramid\icons\icon_node_magic_artillery.png		1	0		0	Play_nagash_cam_black_pyramid_magic_upgrade
wh3_dlc29_black_pyramid_magic_vehicles_1	wh3_dlc29_black_pyramid_magic_vehicles_1	-1			UI\skins\default\dlc29_nag_black_pyramid\icons\icon_node_magic_vehicles.png		1	0		0	Play_nagash_cam_black_pyramid_magic_upgrade
wh3_dlc29_black_pyramid_magic_vehicles_2	wh3_dlc29_black_pyramid_magic_vehicles_2	-1			UI\skins\default\dlc29_nag_black_pyramid\icons\icon_node_magic_vehicles.png		1	0		0	
wh3_dlc29_black_pyramid_magic_vehicles_3	wh3_dlc29_black_pyramid_magic_vehicles_3	-1			UI\skins\default\dlc29_nag_black_pyramid\icons\icon_node_magic_vehicles.png		1	0		0	Play_nagash_cam_black_pyramid_magic_upgrade
wh3_dlc29_black_pyramid_magic_vehicles_4	wh3_dlc29_black_pyramid_magic_vehicles_4	-1			UI\skins\default\dlc29_nag_black_pyramid\icons\icon_node_magic_vehicles.png		1	0		0	
wh3_dlc29_black_pyramid_magic_vehicles_5	wh3_dlc29_black_pyramid_magic_vehicles_5	-1			UI\skins\default\dlc29_nag_black_pyramid\icons\icon_node_magic_vehicles.png		1	0		0	Play_nagash_cam_black_pyramid_magic_upgrade
wh3_dlc29_black_pyramid_mannfred_1	wh3_dlc29_black_pyramid_mannfred_1	-1			UI\skins\default\dlc29_nag_black_pyramid\icons\icon_node_mortarch_mannfred.png		1	0		0	
wh3_dlc29_black_pyramid_mannfred_2	wh3_dlc29_black_pyramid_mannfred_2	-1			UI\skins\default\dlc29_nag_black_pyramid\icons\icon_node_mortarch_mannfred.png		1	0		0	
wh3_dlc29_black_pyramid_mannfred_3	wh3_dlc29_black_pyramid_mannfred_3	-1			UI\skins\default\dlc29_nag_black_pyramid\icons\icon_node_mortarch_mannfred.png		1	0		0	Play_nagash_cam_black_pyramid_mortarchs_upgrade
wh3_dlc29_black_pyramid_missile_artillery_siege_1	wh3_dlc29_black_pyramid_missile_artillery_siege_1	-1			UI\skins\default\dlc29_nag_black_pyramid\icons\icon_node_missile_artillery_siege.png		1	0		0	Play_nagash_cam_black_pyramid_shared_upgrade
wh3_dlc29_black_pyramid_missile_artillery_siege_2	wh3_dlc29_black_pyramid_missile_artillery_siege_2	-1			UI\skins\default\dlc29_nag_black_pyramid\icons\icon_node_missile_artillery_siege.png		1	0		0	Play_nagash_cam_black_pyramid_shared_upgrade
wh3_dlc29_black_pyramid_missile_artillery_siege_3	wh3_dlc29_black_pyramid_missile_artillery_siege_3	-1			UI\skins\default\dlc29_nag_black_pyramid\icons\icon_node_missile_artillery_siege.png		1	0		0	
wh3_dlc29_black_pyramid_missile_artillery_siege_4	wh3_dlc29_black_pyramid_missile_artillery_siege_4	-1			UI\skins\default\dlc29_nag_black_pyramid\icons\icon_node_missile_artillery_siege.png		1	0		0	
wh3_dlc29_black_pyramid_missile_artillery_siege_5	wh3_dlc29_black_pyramid_missile_artillery_siege_5	-1			UI\skins\default\dlc29_nag_black_pyramid\icons\icon_node_missile_artillery_siege.png		1	0		0	Play_nagash_cam_black_pyramid_shared_upgrade
wh3_dlc29_black_pyramid_missile_artillery_siege_6	wh3_dlc29_black_pyramid_missile_artillery_siege_6	-1			UI\skins\default\dlc29_nag_black_pyramid\icons\icon_node_missile_artillery_siege.png		1	0		0	
wh3_dlc29_black_pyramid_missile_artillery_siege_7	wh3_dlc29_black_pyramid_missile_artillery_siege_7	-1			UI\skins\default\dlc29_nag_black_pyramid\icons\icon_node_missile_artillery_siege.png		1	0		0	Play_nagash_cam_black_pyramid_shared_upgrade
wh3_dlc29_black_pyramid_missile_artillery_siege_8	wh3_dlc29_black_pyramid_missile_artillery_siege_8	-1			UI\skins\default\dlc29_nag_black_pyramid\icons\icon_node_missile_artillery_siege.png		1	0		0	
wh3_dlc29_black_pyramid_missile_artillery_siege_9	wh3_dlc29_black_pyramid_missile_artillery_siege_9	-1			UI\skins\default\dlc29_nag_black_pyramid\icons\icon_node_missile_artillery_siege.png		1	0		0	Play_nagash_cam_black_pyramid_shared_upgrade
wh3_dlc29_black_pyramid_morghasts_1	wh3_dlc29_black_pyramid_morghasts_1	-1			UI\skins\default\dlc29_nag_black_pyramid\icons\icon_node_morghast.png		1	0		0	Play_nagash_cam_black_pyramid_shared_upgrade
wh3_dlc29_black_pyramid_morghasts_10	wh3_dlc29_black_pyramid_morghasts_10	-1			UI\skins\default\dlc29_nag_black_pyramid\icons\icon_node_morghast.png		1	0		0	
wh3_dlc29_black_pyramid_morghasts_11	wh3_dlc29_black_pyramid_morghasts_11	-1			UI\skins\default\dlc29_nag_black_pyramid\icons\icon_node_morghast.png		1	0		0	Play_nagash_cam_black_pyramid_shared_upgrade
wh3_dlc29_black_pyramid_morghasts_12	wh3_dlc29_black_pyramid_morghasts_12	-1			UI\skins\default\dlc29_nag_black_pyramid\icons\icon_node_morghast.png		1	0		0	Play_nagash_cam_black_pyramid_shared_upgrade
wh3_dlc29_black_pyramid_morghasts_2	wh3_dlc29_black_pyramid_morghasts_2	-1			UI\skins\default\dlc29_nag_black_pyramid\icons\icon_node_morghast.png		1	0		0	
wh3_dlc29_black_pyramid_morghasts_3	wh3_dlc29_black_pyramid_morghasts_3	-1			UI\skins\default\dlc29_nag_black_pyramid\icons\icon_node_morghast.png		1	0		0	
wh3_dlc29_black_pyramid_morghasts_4	wh3_dlc29_black_pyramid_morghasts_4	-1			UI\skins\default\dlc29_nag_black_pyramid\icons\icon_node_morghast.png		1	0		0	
wh3_dlc29_black_pyramid_morghasts_5	wh3_dlc29_black_pyramid_morghasts_5	-1			UI\skins\default\dlc29_nag_black_pyramid\icons\icon_node_morghast.png		1	0		0	Play_nagash_cam_black_pyramid_shared_upgrade
wh3_dlc29_black_pyramid_morghasts_6	wh3_dlc29_black_pyramid_morghasts_6	-1			UI\skins\default\dlc29_nag_black_pyramid\icons\icon_node_morghast.png		1	0		0	
wh3_dlc29_black_pyramid_morghasts_7	wh3_dlc29_black_pyramid_morghasts_7	-1			UI\skins\default\dlc29_nag_black_pyramid\icons\icon_node_morghast.png		1	0		0	
wh3_dlc29_black_pyramid_morghasts_8	wh3_dlc29_black_pyramid_morghasts_8	-1			UI\skins\default\dlc29_nag_black_pyramid\icons\icon_node_morghast.png		1	0		0	
wh3_dlc29_black_pyramid_morghasts_9	wh3_dlc29_black_pyramid_morghasts_9	-1			UI\skins\default\dlc29_nag_black_pyramid\icons\icon_node_morghast.png		1	0		0	
wh3_dlc29_black_pyramid_movement_1	wh3_dlc29_black_pyramid_movement_1	-1			UI\skins\default\dlc29_nag_black_pyramid\icons\icon_node_nagash_mid.png		1	0		0	
wh3_dlc29_black_pyramid_movement_2	wh3_dlc29_black_pyramid_movement_2	-1			UI\skins\default\dlc29_nag_black_pyramid\icons\icon_node_nagash_mid.png		1	0		0	
wh3_dlc29_black_pyramid_movement_3	wh3_dlc29_black_pyramid_movement_3	-1			UI\skins\default\dlc29_nag_black_pyramid\icons\icon_node_nagash_mid.png		1	0		0	Play_nagash_cam_black_pyramid_shared_upgrade
wh3_dlc29_black_pyramid_movement_4	wh3_dlc29_black_pyramid_movement_4	-1			UI\skins\default\dlc29_nag_black_pyramid\icons\icon_node_nagash_mid.png		1	0		0	
wh3_dlc29_black_pyramid_movement_5	wh3_dlc29_black_pyramid_movement_5	-1			UI\skins\default\dlc29_nag_black_pyramid\icons\icon_node_nagash_mid.png		1	0		0	
wh3_dlc29_black_pyramid_movement_6	wh3_dlc29_black_pyramid_movement_6	-1			UI\skins\default\dlc29_nag_black_pyramid\icons\icon_node_nagash_mid.png		1	0		0	Play_nagash_cam_black_pyramid_shared_upgrade
wh3_dlc29_black_pyramid_nagash_early_1	wh3_dlc29_black_pyramid_nagash_early_1	-1			UI\skins\default\dlc29_nag_black_pyramid\icons\icon_node_nagash_early.png		1	0		0	
wh3_dlc29_black_pyramid_nagash_early_2	wh3_dlc29_black_pyramid_nagash_early_2	-1			UI\skins\default\dlc29_nag_black_pyramid\icons\icon_node_nagash_early.png		1	0		0	
wh3_dlc29_black_pyramid_nagash_early_3	wh3_dlc29_black_pyramid_nagash_early_3	-1			UI\skins\default\dlc29_nag_black_pyramid\icons\icon_node_nagash_early.png		1	0		0	
wh3_dlc29_black_pyramid_nagash_early_4	wh3_dlc29_black_pyramid_nagash_early_4	-1			UI\skins\default\dlc29_nag_black_pyramid\icons\icon_node_nagash_early.png		1	0		0	
wh3_dlc29_black_pyramid_nagash_early_5	wh3_dlc29_black_pyramid_nagash_early_5	-1			UI\skins\default\dlc29_nag_black_pyramid\icons\icon_node_nagash_early.png		1	0		0	
wh3_dlc29_black_pyramid_nagash_early_6	wh3_dlc29_black_pyramid_nagash_early_6	-1			UI\skins\default\dlc29_nag_black_pyramid\icons\icon_node_nagash_early.png		1	0		0	Play_nagash_cam_black_pyramid_nagash_upgrade
wh3_dlc29_black_pyramid_nagash_late_1	wh3_dlc29_black_pyramid_nagash_late_1	-1			UI\skins\default\dlc29_nag_black_pyramid\icons\icon_node_nagash_late.png		1	0		0	
wh3_dlc29_black_pyramid_nagash_late_10	wh3_dlc29_black_pyramid_nagash_late_10	-1			UI\skins\default\dlc29_nag_black_pyramid\icons\icon_node_nagash_late.png		1	0		0	
wh3_dlc29_black_pyramid_nagash_late_11	wh3_dlc29_black_pyramid_nagash_late_11	-1			UI\skins\default\dlc29_nag_black_pyramid\icons\icon_node_nagash_late.png		1	0		0	Play_nagash_cam_black_pyramid_nagash_upgrade
wh3_dlc29_black_pyramid_nagash_late_12	wh3_dlc29_black_pyramid_nagash_late_12	-1			UI\skins\default\dlc29_nag_black_pyramid\icons\icon_node_nagash_late.png		1	0		0	
wh3_dlc29_black_pyramid_nagash_late_13	wh3_dlc29_black_pyramid_nagash_late_13	-1			UI\skins\default\dlc29_nag_black_pyramid\icons\icon_node_nagash_late.png		1	0		0	Play_nagash_cam_black_pyramid_nagash_upgrade
wh3_dlc29_black_pyramid_nagash_late_14	wh3_dlc29_black_pyramid_nagash_late_14	-1			UI\skins\default\dlc29_nag_black_pyramid\icons\icon_node_nagash_late.png		1	0		0	Play_nagash_cam_black_pyramid_nagash_upgrade
wh3_dlc29_black_pyramid_nagash_late_15	wh3_dlc29_black_pyramid_nagash_late_15	-1			UI\skins\default\dlc29_nag_black_pyramid\icons\icon_node_nagash_late.png		1	0		0	
wh3_dlc29_black_pyramid_nagash_late_16	wh3_dlc29_black_pyramid_nagash_late_16	-1			UI\skins\default\dlc29_nag_black_pyramid\icons\icon_node_nagash_late.png		1	0		0	Play_nagash_cam_black_pyramid_nagash_upgrade
wh3_dlc29_black_pyramid_nagash_late_2	wh3_dlc29_black_pyramid_nagash_late_2	-1			UI\skins\default\dlc29_nag_black_pyramid\icons\icon_node_nagash_late.png		1	0		0	
wh3_dlc29_black_pyramid_nagash_late_3	wh3_dlc29_black_pyramid_nagash_late_3	-1			UI\skins\default\dlc29_nag_black_pyramid\icons\icon_node_nagash_late.png		1	0		0	
wh3_dlc29_black_pyramid_nagash_late_4	wh3_dlc29_black_pyramid_nagash_late_4	-1			UI\skins\default\dlc29_nag_black_pyramid\icons\icon_node_nagash_late.png		1	0		0	Play_nagash_cam_black_pyramid_nagash_upgrade
wh3_dlc29_black_pyramid_nagash_late_5	wh3_dlc29_black_pyramid_nagash_late_5	-1			UI\skins\default\dlc29_nag_black_pyramid\icons\icon_node_nagash_late.png		1	0		0	
wh3_dlc29_black_pyramid_nagash_late_6	wh3_dlc29_black_pyramid_nagash_late_6	-1			UI\skins\default\dlc29_nag_black_pyramid\icons\icon_node_nagash_late.png		1	0		0	
wh3_dlc29_black_pyramid_nagash_late_7	wh3_dlc29_black_pyramid_nagash_late_7	-1			UI\skins\default\dlc29_nag_black_pyramid\icons\icon_node_nagash_late.png		1	0		0	Play_nagash_cam_black_pyramid_nagash_upgrade
wh3_dlc29_black_pyramid_nagash_late_8	wh3_dlc29_black_pyramid_nagash_late_8	-1			UI\skins\default\dlc29_nag_black_pyramid\icons\icon_node_nagash_late.png		1	0		0	
wh3_dlc29_black_pyramid_nagash_late_9	wh3_dlc29_black_pyramid_nagash_late_9	-1			UI\skins\default\dlc29_nag_black_pyramid\icons\icon_node_nagash_late.png		1	0		0	Play_nagash_cam_black_pyramid_nagash_upgrade
wh3_dlc29_black_pyramid_nagash_mid_1	wh3_dlc29_black_pyramid_nagash_mid_1	-1			UI\skins\default\dlc29_nag_black_pyramid\icons\icon_node_nagash_mid.png		1	0		0	
wh3_dlc29_black_pyramid_nagash_mid_2	wh3_dlc29_black_pyramid_nagash_mid_2	-1			UI\skins\default\dlc29_nag_black_pyramid\icons\icon_node_nagash_mid.png		1	0		0	
wh3_dlc29_black_pyramid_nagash_mid_3	wh3_dlc29_black_pyramid_nagash_mid_3	-1			UI\skins\default\dlc29_nag_black_pyramid\icons\icon_node_nagash_mid.png		1	0		0	
wh3_dlc29_black_pyramid_nagash_mid_4	wh3_dlc29_black_pyramid_nagash_mid_4	-1			UI\skins\default\dlc29_nag_black_pyramid\icons\icon_node_nagash_mid.png		1	0		0	
wh3_dlc29_black_pyramid_nagash_mid_5	wh3_dlc29_black_pyramid_nagash_mid_5	-1			UI\skins\default\dlc29_nag_black_pyramid\icons\icon_node_nagash_mid.png		1	0		0	
wh3_dlc29_black_pyramid_nagash_mid_6	wh3_dlc29_black_pyramid_nagash_mid_6	-1			UI\skins\default\dlc29_nag_black_pyramid\icons\icon_node_nagash_mid.png		1	0		0	
wh3_dlc29_black_pyramid_nagash_mid_7	wh3_dlc29_black_pyramid_nagash_mid_7	-1			UI\skins\default\dlc29_nag_black_pyramid\icons\icon_node_nagash_mid.png		1	0		0	Play_nagash_cam_black_pyramid_nagash_upgrade
wh3_dlc29_black_pyramid_nagash_mid_8	wh3_dlc29_black_pyramid_nagash_mid_8	-1			UI\skins\default\dlc29_nag_black_pyramid\icons\icon_node_nagash_mid.png		1	0		0	Play_nagash_cam_black_pyramid_nagash_upgrade
wh3_dlc29_black_pyramid_nagash_shambling_horde_1	wh3_dlc29_black_pyramid_nagash_shambling_horde_1	-1			UI\skins\default\dlc29_nag_black_pyramid\icons\icon_node_shambling_horde.png		1	0		0	Play_nagash_cam_black_pyramid_vampire_counts_upgrade
wh3_dlc29_black_pyramid_nagash_shambling_horde_2	wh3_dlc29_black_pyramid_nagash_shambling_horde_2	-1			UI\skins\default\dlc29_nag_black_pyramid\icons\icon_node_shambling_horde.png		1	0		0	
wh3_dlc29_black_pyramid_nagash_shambling_horde_3	wh3_dlc29_black_pyramid_nagash_shambling_horde_3	-1			UI\skins\default\dlc29_nag_black_pyramid\icons\icon_node_shambling_horde.png		1	0		0	
wh3_dlc29_black_pyramid_nagash_shambling_horde_4	wh3_dlc29_black_pyramid_nagash_shambling_horde_4	-1			UI\skins\default\dlc29_nag_black_pyramid\icons\icon_node_shambling_horde.png		1	0		0	Play_nagash_cam_black_pyramid_vampire_counts_upgrade
wh3_dlc29_black_pyramid_nagash_shambling_horde_5	wh3_dlc29_black_pyramid_nagash_shambling_horde_5	-1			UI\skins\default\dlc29_nag_black_pyramid\icons\icon_node_shambling_horde.png		1	0		0	
wh3_dlc29_black_pyramid_nagash_shambling_horde_6	wh3_dlc29_black_pyramid_nagash_shambling_horde_6	-1			UI\skins\default\dlc29_nag_black_pyramid\icons\icon_node_shambling_horde.png		1	0		0	
wh3_dlc29_black_pyramid_nagash_shambling_horde_7	wh3_dlc29_black_pyramid_nagash_shambling_horde_7	-1			UI\skins\default\dlc29_nag_black_pyramid\icons\icon_node_shambling_horde.png		1	0		0	
wh3_dlc29_black_pyramid_nagash_shambling_horde_8	wh3_dlc29_black_pyramid_nagash_shambling_horde_8	-1			UI\skins\default\dlc29_nag_black_pyramid\icons\icon_node_shambling_horde.png		1	0		0	
wh3_dlc29_black_pyramid_nagash_transported_army_1	wh3_dlc29_black_pyramid_nagash_transported_army_1	-1			UI\skins\default\dlc29_nag_black_pyramid\icons\icon_node_infernal_legions.png		1	0		0	Play_nagash_cam_black_pyramid_shared_upgrade
wh3_dlc29_black_pyramid_nagash_transported_army_2	wh3_dlc29_black_pyramid_nagash_transported_army_2	-1			UI\skins\default\dlc29_nag_black_pyramid\icons\icon_node_infernal_legions.png		1	0		0	
wh3_dlc29_black_pyramid_nagash_transported_army_3	wh3_dlc29_black_pyramid_nagash_transported_army_3	-1			UI\skins\default\dlc29_nag_black_pyramid\icons\icon_node_infernal_legions.png		1	0		0	
wh3_dlc29_black_pyramid_nagash_transported_army_4	wh3_dlc29_black_pyramid_nagash_transported_army_4	-1			UI\skins\default\dlc29_nag_black_pyramid\icons\icon_node_infernal_legions.png		1	0		0	
wh3_dlc29_black_pyramid_nagash_transported_army_5	wh3_dlc29_black_pyramid_nagash_transported_army_5	-1			UI\skins\default\dlc29_nag_black_pyramid\icons\icon_node_infernal_legions.png		1	0		0	
wh3_dlc29_black_pyramid_nagash_transported_army_6	wh3_dlc29_black_pyramid_nagash_transported_army_6	-1			UI\skins\default\dlc29_nag_black_pyramid\icons\icon_node_infernal_legions.png		1	0		0	
wh3_dlc29_black_pyramid_nagash_transported_army_7	wh3_dlc29_black_pyramid_nagash_transported_army_7	-1			UI\skins\default\dlc29_nag_black_pyramid\icons\icon_node_infernal_legions.png		1	0		0	
wh3_dlc29_black_pyramid_nagash_transported_army_8	wh3_dlc29_black_pyramid_nagash_transported_army_8	-1			UI\skins\default\dlc29_nag_black_pyramid\icons\icon_node_infernal_legions.png		1	0		0	
wh3_dlc29_black_pyramid_nameless_1	wh3_dlc29_black_pyramid_nameless_1	-1			UI\skins\default\dlc29_nag_black_pyramid\icons\icon_node_mortarch_nameless.png		1	0		0	
wh3_dlc29_black_pyramid_nameless_2	wh3_dlc29_black_pyramid_nameless_2	-1			UI\skins\default\dlc29_nag_black_pyramid\icons\icon_node_mortarch_nameless.png		1	0		0	
wh3_dlc29_black_pyramid_nameless_3	wh3_dlc29_black_pyramid_nameless_3	-1			UI\skins\default\dlc29_nag_black_pyramid\icons\icon_node_mortarch_nameless.png		1	0		0	Play_nagash_cam_black_pyramid_mortarchs_upgrade
wh3_dlc29_black_pyramid_nameless_4	wh3_dlc29_black_pyramid_nameless_4	-1			UI\skins\default\dlc29_nag_black_pyramid\icons\icon_node_mortarch_nameless.png		1	0		0	
wh3_dlc29_black_pyramid_nameless_5	wh3_dlc29_black_pyramid_nameless_5	-1			UI\skins\default\dlc29_nag_black_pyramid\icons\icon_node_mortarch_nameless.png		1	0		0	
wh3_dlc29_black_pyramid_nameless_6	wh3_dlc29_black_pyramid_nameless_6	-1			UI\skins\default\dlc29_nag_black_pyramid\icons\icon_node_mortarch_nameless.png		1	0		0	
wh3_dlc29_black_pyramid_nameless_7	wh3_dlc29_black_pyramid_nameless_7	-1			UI\skins\default\dlc29_nag_black_pyramid\icons\icon_node_mortarch_nameless.png		1	0		0	
wh3_dlc29_black_pyramid_nameless_8	wh3_dlc29_black_pyramid_nameless_8	-1			UI\skins\default\dlc29_nag_black_pyramid\icons\icon_node_mortarch_nameless.png		1	0		0	
wh3_dlc29_black_pyramid_nameless_9	wh3_dlc29_black_pyramid_nameless_9	-1			UI\skins\default\dlc29_nag_black_pyramid\icons\icon_node_mortarch_nameless.png		1	0		0	
wh3_dlc29_black_pyramid_neferata_1	wh3_dlc29_black_pyramid_neferata_1	-1			UI\skins\default\dlc29_nag_black_pyramid\icons\icon_node_mortarch_neferata.png		1	0		0	
wh3_dlc29_black_pyramid_neferata_2	wh3_dlc29_black_pyramid_neferata_2	-1			UI\skins\default\dlc29_nag_black_pyramid\icons\icon_node_mortarch_neferata.png		1	0		0	
wh3_dlc29_black_pyramid_neferata_3	wh3_dlc29_black_pyramid_neferata_3	-1			UI\skins\default\dlc29_nag_black_pyramid\icons\icon_node_mortarch_neferata.png		1	0		0	Play_nagash_cam_black_pyramid_mortarchs_upgrade
wh3_dlc29_black_pyramid_post_battle_1	wh3_dlc29_black_pyramid_post_battle_1	-1			UI\skins\default\dlc29_nag_black_pyramid\icons\icon_node_battles.png		1	0		0	
wh3_dlc29_black_pyramid_post_battle_2	wh3_dlc29_black_pyramid_post_battle_2	-1			UI\skins\default\dlc29_nag_black_pyramid\icons\icon_node_battles.png		1	0		0	
wh3_dlc29_black_pyramid_post_battle_3	wh3_dlc29_black_pyramid_post_battle_3	-1			UI\skins\default\dlc29_nag_black_pyramid\icons\icon_node_battles.png		1	0		0	
wh3_dlc29_black_pyramid_post_battle_4	wh3_dlc29_black_pyramid_post_battle_4	-1			UI\skins\default\dlc29_nag_black_pyramid\icons\icon_node_battles.png		1	0		0	
wh3_dlc29_black_pyramid_post_battle_5	wh3_dlc29_black_pyramid_post_battle_5	-1			UI\skins\default\dlc29_nag_black_pyramid\icons\icon_node_battles.png		1	0		0	
wh3_dlc29_black_pyramid_settlements_1	wh3_dlc29_black_pyramid_settlements_1	-1			UI\skins\default\dlc29_nag_black_pyramid\icons\icon_node_settlements.png		1	0		0	
wh3_dlc29_black_pyramid_settlements_2	wh3_dlc29_black_pyramid_settlements_2	-1			UI\skins\default\dlc29_nag_black_pyramid\icons\icon_node_settlements.png		1	0		0	
wh3_dlc29_black_pyramid_settlements_3	wh3_dlc29_black_pyramid_settlements_3	-1			UI\skins\default\dlc29_nag_black_pyramid\icons\icon_node_settlements.png		1	0		0	
wh3_dlc29_black_pyramid_settlements_4	wh3_dlc29_black_pyramid_settlements_4	-1			UI\skins\default\dlc29_nag_black_pyramid\icons\icon_node_settlements.png		1	0		0	
wh3_dlc29_black_pyramid_settlements_5	wh3_dlc29_black_pyramid_settlements_5	-1			UI\skins\default\dlc29_nag_black_pyramid\icons\icon_node_settlements.png		1	0		0	
wh3_dlc29_black_pyramid_skeleton_1	wh3_dlc29_black_pyramid_skeleton_1	-1			UI\skins\default\dlc29_nag_black_pyramid\icons\icon_node_skeleton.png		1	0		0	
wh3_dlc29_black_pyramid_skeleton_10	wh3_dlc29_black_pyramid_skeleton_10	-1			UI\skins\default\dlc29_nag_black_pyramid\icons\icon_node_skeleton.png		1	0		0	Play_nagash_cam_black_pyramid_tomb_kings_upgrade
wh3_dlc29_black_pyramid_skeleton_2	wh3_dlc29_black_pyramid_skeleton_2	-1			UI\skins\default\dlc29_nag_black_pyramid\icons\icon_node_skeleton.png		1	0		0	Play_nagash_cam_black_pyramid_tomb_kings_upgrade
wh3_dlc29_black_pyramid_skeleton_3	wh3_dlc29_black_pyramid_skeleton_3	-1			UI\skins\default\dlc29_nag_black_pyramid\icons\icon_node_skeleton.png		1	0		0	
wh3_dlc29_black_pyramid_skeleton_4	wh3_dlc29_black_pyramid_skeleton_4	-1			UI\skins\default\dlc29_nag_black_pyramid\icons\icon_node_skeleton.png		1	0		0	
wh3_dlc29_black_pyramid_skeleton_5	wh3_dlc29_black_pyramid_skeleton_5	-1			UI\skins\default\dlc29_nag_black_pyramid\icons\icon_node_skeleton.png		1	0		0	
wh3_dlc29_black_pyramid_skeleton_6	wh3_dlc29_black_pyramid_skeleton_6	-1			UI\skins\default\dlc29_nag_black_pyramid\icons\icon_node_skeleton.png		1	0		0	
wh3_dlc29_black_pyramid_skeleton_7	wh3_dlc29_black_pyramid_skeleton_7	-1			UI\skins\default\dlc29_nag_black_pyramid\icons\icon_node_skeleton.png		1	0		0	
wh3_dlc29_black_pyramid_skeleton_8	wh3_dlc29_black_pyramid_skeleton_8	-1			UI\skins\default\dlc29_nag_black_pyramid\icons\icon_node_skeleton.png		1	0		0	
wh3_dlc29_black_pyramid_skeleton_9	wh3_dlc29_black_pyramid_skeleton_9	-1			UI\skins\default\dlc29_nag_black_pyramid\icons\icon_node_skeleton.png		1	0		0	Play_nagash_cam_black_pyramid_tomb_kings_upgrade
wh3_dlc29_black_pyramid_spears_1	wh3_dlc29_black_pyramid_spears_1	-1			UI\skins\default\dlc29_nag_black_pyramid\icons\icon_node_polearms.png		1	0		0	
wh3_dlc29_black_pyramid_spears_2	wh3_dlc29_black_pyramid_spears_2	-1			UI\skins\default\dlc29_nag_black_pyramid\icons\icon_node_polearms.png		1	0		0	
wh3_dlc29_black_pyramid_spears_3	wh3_dlc29_black_pyramid_spears_3	-1			UI\skins\default\dlc29_nag_black_pyramid\icons\icon_node_polearms.png		1	0		0	
wh3_dlc29_black_pyramid_spears_4	wh3_dlc29_black_pyramid_spears_4	-1			UI\skins\default\dlc29_nag_black_pyramid\icons\icon_node_polearms.png		1	0		0	
wh3_dlc29_black_pyramid_spears_5	wh3_dlc29_black_pyramid_spears_5	-1			UI\skins\default\dlc29_nag_black_pyramid\icons\icon_node_polearms.png		1	0		0	
wh3_dlc29_black_pyramid_spears_6	wh3_dlc29_black_pyramid_spears_6	-1			UI\skins\default\dlc29_nag_black_pyramid\icons\icon_node_polearms.png		1	0		0	Play_nagash_cam_black_pyramid_shared_upgrade
wh3_dlc29_black_pyramid_start	wh3_dlc29_black_pyramid_start	-1			UI\skins\default\dlc29_nag_black_pyramid\icons\icon_node_start.png		0	0		0	
wh3_dlc29_black_pyramid_sword_shield_1	wh3_dlc29_black_pyramid_sword_shield_1	-1			UI\skins\default\dlc29_nag_black_pyramid\icons\icon_node_sword_shield.png		1	0		0	
wh3_dlc29_black_pyramid_sword_shield_2	wh3_dlc29_black_pyramid_sword_shield_2	-1			UI\skins\default\dlc29_nag_black_pyramid\icons\icon_node_sword_shield.png		1	0		0	
wh3_dlc29_black_pyramid_sword_shield_3	wh3_dlc29_black_pyramid_sword_shield_3	-1			UI\skins\default\dlc29_nag_black_pyramid\icons\icon_node_sword_shield.png		1	0		0	
wh3_dlc29_black_pyramid_sword_shield_4	wh3_dlc29_black_pyramid_sword_shield_4	-1			UI\skins\default\dlc29_nag_black_pyramid\icons\icon_node_sword_shield.png		1	0		0	
wh3_dlc29_black_pyramid_sword_shield_5	wh3_dlc29_black_pyramid_sword_shield_5	-1			UI\skins\default\dlc29_nag_black_pyramid\icons\icon_node_sword_shield.png		1	0		0	
wh3_dlc29_black_pyramid_sword_shield_6	wh3_dlc29_black_pyramid_sword_shield_6	-1			UI\skins\default\dlc29_nag_black_pyramid\icons\icon_node_sword_shield.png		1	0		0	Play_nagash_cam_black_pyramid_shared_upgrade
wh3_dlc29_black_pyramid_thrones_1	wh3_dlc29_black_pyramid_thrones_1	-1			UI\skins\default\dlc29_nag_black_pyramid\icons\icon_node_magic_vehicles.png		1	0		0	Play_nagash_cam_black_pyramid_vampire_counts_upgrade
wh3_dlc29_black_pyramid_thrones_2	wh3_dlc29_black_pyramid_thrones_2	-1			UI\skins\default\dlc29_nag_black_pyramid\icons\icon_node_magic_vehicles.png		1	0		0	
wh3_dlc29_black_pyramid_thrones_3	wh3_dlc29_black_pyramid_thrones_3	-1			UI\skins\default\dlc29_nag_black_pyramid\icons\icon_node_magic_vehicles.png		1	0		0	
wh3_dlc29_black_pyramid_thrones_4	wh3_dlc29_black_pyramid_thrones_4	-1			UI\skins\default\dlc29_nag_black_pyramid\icons\icon_node_magic_vehicles.png		1	0		0	
wh3_dlc29_black_pyramid_thrones_5	wh3_dlc29_black_pyramid_thrones_5	-1			UI\skins\default\dlc29_nag_black_pyramid\icons\icon_node_magic_vehicles.png		1	0		0	Play_nagash_cam_black_pyramid_vampire_counts_upgrade
wh3_dlc29_black_pyramid_tmb_II_1	wh3_dlc29_black_pyramid_tmb_II_1	-1			UI\skins\default\dlc29_nag_black_pyramid\icons\icon_node_tmb.png		1	0		0	
wh3_dlc29_black_pyramid_tmb_II_2	wh3_dlc29_black_pyramid_tmb_II_2	-1			UI\skins\default\dlc29_nag_black_pyramid\icons\icon_node_tmb.png		1	0		0	
wh3_dlc29_black_pyramid_tmb_II_3	wh3_dlc29_black_pyramid_tmb_II_3	-1			UI\skins\default\dlc29_nag_black_pyramid\icons\icon_node_tmb.png		1	0		0	
wh3_dlc29_black_pyramid_tmb_II_4	wh3_dlc29_black_pyramid_tmb_II_4	-1			UI\skins\default\dlc29_nag_black_pyramid\icons\icon_node_tmb.png		1	0		0	Play_nagash_cam_black_pyramid_tomb_kings_upgrade
wh3_dlc29_black_pyramid_tmb_II_5	wh3_dlc29_black_pyramid_tmb_II_5	-1			UI\skins\default\dlc29_nag_black_pyramid\icons\icon_node_tmb.png		1	0		0	Play_nagash_cam_black_pyramid_tomb_kings_upgrade
wh3_dlc29_black_pyramid_tmb_I_1	wh3_dlc29_black_pyramid_tmb_I_1	-1			UI\skins\default\dlc29_nag_black_pyramid\icons\icon_node_tmb.png		1	0		0	
wh3_dlc29_black_pyramid_tmb_I_2	wh3_dlc29_black_pyramid_tmb_I_2	-1			UI\skins\default\dlc29_nag_black_pyramid\icons\icon_node_tmb.png		1	0		0	
wh3_dlc29_black_pyramid_tmb_I_3	wh3_dlc29_black_pyramid_tmb_I_3	-1			UI\skins\default\dlc29_nag_black_pyramid\icons\icon_node_tmb.png		1	0		0	
wh3_dlc29_black_pyramid_tmb_I_4	wh3_dlc29_black_pyramid_tmb_I_4	-1			UI\skins\default\dlc29_nag_black_pyramid\icons\icon_node_tmb.png		1	0		0	
wh3_dlc29_black_pyramid_tmb_I_5	wh3_dlc29_black_pyramid_tmb_I_5	-1			UI\skins\default\dlc29_nag_black_pyramid\icons\icon_node_tmb.png		1	0		0	Play_nagash_cam_black_pyramid_tomb_kings_upgrade
wh3_dlc29_black_pyramid_transit_1	wh3_dlc29_black_pyramid_transit	-1					1	0		0	
wh3_dlc29_black_pyramid_transit_10	wh3_dlc29_black_pyramid_transit	-1					1	0		0	
wh3_dlc29_black_pyramid_transit_100	wh3_dlc29_black_pyramid_transit	-1					1	0		0	
wh3_dlc29_black_pyramid_transit_101	wh3_dlc29_black_pyramid_transit	-1					1	0		0	
wh3_dlc29_black_pyramid_transit_102	wh3_dlc29_black_pyramid_transit	-1					1	0		0	
wh3_dlc29_black_pyramid_transit_103	wh3_dlc29_black_pyramid_transit	-1					1	0		0	
wh3_dlc29_black_pyramid_transit_104	wh3_dlc29_black_pyramid_transit	-1					1	0		0	
wh3_dlc29_black_pyramid_transit_105	wh3_dlc29_black_pyramid_transit	-1					1	0		0	
wh3_dlc29_black_pyramid_transit_106	wh3_dlc29_black_pyramid_transit	-1					1	0		0	
wh3_dlc29_black_pyramid_transit_107	wh3_dlc29_black_pyramid_transit	-1					1	0		0	
wh3_dlc29_black_pyramid_transit_108	wh3_dlc29_black_pyramid_transit	-1					1	0		0	
wh3_dlc29_black_pyramid_transit_109	wh3_dlc29_black_pyramid_transit	-1					1	0		0	
wh3_dlc29_black_pyramid_transit_11	wh3_dlc29_black_pyramid_transit	-1					1	0		0	
wh3_dlc29_black_pyramid_transit_110	wh3_dlc29_black_pyramid_transit	-1					1	0		0	
wh3_dlc29_black_pyramid_transit_111	wh3_dlc29_black_pyramid_transit	-1					1	0		0	
wh3_dlc29_black_pyramid_transit_112	wh3_dlc29_black_pyramid_transit	-1					1	0		0	
wh3_dlc29_black_pyramid_transit_113	wh3_dlc29_black_pyramid_transit	-1					1	0		0	
wh3_dlc29_black_pyramid_transit_114	wh3_dlc29_black_pyramid_transit	-1					1	0		0	
wh3_dlc29_black_pyramid_transit_115	wh3_dlc29_black_pyramid_transit	-1					1	0		0	
wh3_dlc29_black_pyramid_transit_116	wh3_dlc29_black_pyramid_transit	-1					1	0		0	
wh3_dlc29_black_pyramid_transit_117	wh3_dlc29_black_pyramid_transit	-1					1	0		0	
wh3_dlc29_black_pyramid_transit_118	wh3_dlc29_black_pyramid_transit	-1					1	0		0	
wh3_dlc29_black_pyramid_transit_119	wh3_dlc29_black_pyramid_transit	-1					1	0		0	
wh3_dlc29_black_pyramid_transit_12	wh3_dlc29_black_pyramid_transit	-1					1	0		0	
wh3_dlc29_black_pyramid_transit_120	wh3_dlc29_black_pyramid_transit	-1					1	0		0	
wh3_dlc29_black_pyramid_transit_121	wh3_dlc29_black_pyramid_transit	-1					1	0		0	
wh3_dlc29_black_pyramid_transit_122	wh3_dlc29_black_pyramid_transit	-1					1	0		0	
wh3_dlc29_black_pyramid_transit_123	wh3_dlc29_black_pyramid_transit	-1					1	0		0	
wh3_dlc29_black_pyramid_transit_124	wh3_dlc29_black_pyramid_transit	-1					1	0		0	
wh3_dlc29_black_pyramid_transit_125	wh3_dlc29_black_pyramid_transit	-1					1	0		0	
wh3_dlc29_black_pyramid_transit_126	wh3_dlc29_black_pyramid_transit	-1					1	0		0	
wh3_dlc29_black_pyramid_transit_127	wh3_dlc29_black_pyramid_transit	-1					1	0		0	
wh3_dlc29_black_pyramid_transit_128	wh3_dlc29_black_pyramid_transit	-1					1	0		0	
wh3_dlc29_black_pyramid_transit_129	wh3_dlc29_black_pyramid_transit	-1					1	0		0	
wh3_dlc29_black_pyramid_transit_13	wh3_dlc29_black_pyramid_transit	-1					1	0		0	
wh3_dlc29_black_pyramid_transit_130	wh3_dlc29_black_pyramid_transit	-1					1	0		0	
wh3_dlc29_black_pyramid_transit_131	wh3_dlc29_black_pyramid_transit	-1					1	0		0	
wh3_dlc29_black_pyramid_transit_132	wh3_dlc29_black_pyramid_transit	-1					1	0		0	
wh3_dlc29_black_pyramid_transit_133	wh3_dlc29_black_pyramid_transit	-1					1	0		0	
wh3_dlc29_black_pyramid_transit_134	wh3_dlc29_black_pyramid_transit	-1					1	0		0	
wh3_dlc29_black_pyramid_transit_135	wh3_dlc29_black_pyramid_transit	-1					1	0		0	
wh3_dlc29_black_pyramid_transit_136	wh3_dlc29_black_pyramid_transit	-1					1	0		0	
wh3_dlc29_black_pyramid_transit_137	wh3_dlc29_black_pyramid_transit	-1					1	0		0	
wh3_dlc29_black_pyramid_transit_138	wh3_dlc29_black_pyramid_transit	-1					1	0		0	
wh3_dlc29_black_pyramid_transit_139	wh3_dlc29_black_pyramid_transit	-1					1	0		0	
wh3_dlc29_black_pyramid_transit_14	wh3_dlc29_black_pyramid_transit	-1					1	0		0	
wh3_dlc29_black_pyramid_transit_140	wh3_dlc29_black_pyramid_transit	-1					1	0		0	
wh3_dlc29_black_pyramid_transit_141	wh3_dlc29_black_pyramid_transit	-1					1	0		0	
wh3_dlc29_black_pyramid_transit_142	wh3_dlc29_black_pyramid_transit	-1					1	0		0	
wh3_dlc29_black_pyramid_transit_143	wh3_dlc29_black_pyramid_transit	-1					1	0		0	
wh3_dlc29_black_pyramid_transit_144	wh3_dlc29_black_pyramid_transit	-1					1	0		0	
wh3_dlc29_black_pyramid_transit_145	wh3_dlc29_black_pyramid_transit	-1					1	0		0	
wh3_dlc29_black_pyramid_transit_146	wh3_dlc29_black_pyramid_transit	-1					1	0		0	
wh3_dlc29_black_pyramid_transit_147	wh3_dlc29_black_pyramid_transit	-1					1	0		0	
wh3_dlc29_black_pyramid_transit_148	wh3_dlc29_black_pyramid_transit	-1					1	0		0	
wh3_dlc29_black_pyramid_transit_15	wh3_dlc29_black_pyramid_transit	-1					1	0		0	
wh3_dlc29_black_pyramid_transit_16	wh3_dlc29_black_pyramid_transit	-1					1	0		0	
wh3_dlc29_black_pyramid_transit_17	wh3_dlc29_black_pyramid_transit	-1					1	0		0	
wh3_dlc29_black_pyramid_transit_18	wh3_dlc29_black_pyramid_transit	-1					1	0		0	
wh3_dlc29_black_pyramid_transit_19	wh3_dlc29_black_pyramid_transit	-1					1	0		0	
wh3_dlc29_black_pyramid_transit_2	wh3_dlc29_black_pyramid_transit	-1					1	0		0	
wh3_dlc29_black_pyramid_transit_20	wh3_dlc29_black_pyramid_transit	-1					1	0		0	
wh3_dlc29_black_pyramid_transit_21	wh3_dlc29_black_pyramid_transit	-1					1	0		0	
wh3_dlc29_black_pyramid_transit_22	wh3_dlc29_black_pyramid_transit	-1					1	0		0	
wh3_dlc29_black_pyramid_transit_23	wh3_dlc29_black_pyramid_transit	-1					1	0		0	
wh3_dlc29_black_pyramid_transit_24	wh3_dlc29_black_pyramid_transit	-1					1	0		0	
wh3_dlc29_black_pyramid_transit_25	wh3_dlc29_black_pyramid_transit	-1					1	0		0	
wh3_dlc29_black_pyramid_transit_26	wh3_dlc29_black_pyramid_transit	-1					1	0		0	
wh3_dlc29_black_pyramid_transit_27	wh3_dlc29_black_pyramid_transit	-1					1	0		0	
wh3_dlc29_black_pyramid_transit_28	wh3_dlc29_black_pyramid_transit	-1					1	0		0	
wh3_dlc29_black_pyramid_transit_29	wh3_dlc29_black_pyramid_transit	-1					1	0		0	
wh3_dlc29_black_pyramid_transit_3	wh3_dlc29_black_pyramid_transit	-1					1	0		0	
wh3_dlc29_black_pyramid_transit_30	wh3_dlc29_black_pyramid_transit	-1					1	0		0	
wh3_dlc29_black_pyramid_transit_31	wh3_dlc29_black_pyramid_transit	-1					1	0		0	
wh3_dlc29_black_pyramid_transit_32	wh3_dlc29_black_pyramid_transit	-1					1	0		0	
wh3_dlc29_black_pyramid_transit_33	wh3_dlc29_black_pyramid_transit	-1					1	0		0	
wh3_dlc29_black_pyramid_transit_34	wh3_dlc29_black_pyramid_transit	-1					1	0		0	
wh3_dlc29_black_pyramid_transit_35	wh3_dlc29_black_pyramid_transit	-1					1	0		0	
wh3_dlc29_black_pyramid_transit_36	wh3_dlc29_black_pyramid_transit	-1					1	0		0	
wh3_dlc29_black_pyramid_transit_37	wh3_dlc29_black_pyramid_transit	-1					1	0		0	
wh3_dlc29_black_pyramid_transit_38	wh3_dlc29_black_pyramid_transit	-1					1	0		0	
wh3_dlc29_black_pyramid_transit_39	wh3_dlc29_black_pyramid_transit	-1					1	0		0	
wh3_dlc29_black_pyramid_transit_4	wh3_dlc29_black_pyramid_transit	-1					1	0		0	
wh3_dlc29_black_pyramid_transit_40	wh3_dlc29_black_pyramid_transit	-1					1	0		0	
wh3_dlc29_black_pyramid_transit_41	wh3_dlc29_black_pyramid_transit	-1					1	0		0	
wh3_dlc29_black_pyramid_transit_42	wh3_dlc29_black_pyramid_transit	-1					1	0		0	
wh3_dlc29_black_pyramid_transit_43	wh3_dlc29_black_pyramid_transit	-1					1	0		0	
wh3_dlc29_black_pyramid_transit_44	wh3_dlc29_black_pyramid_transit	-1					1	0		0	
wh3_dlc29_black_pyramid_transit_45	wh3_dlc29_black_pyramid_transit	-1					1	0		0	
wh3_dlc29_black_pyramid_transit_46	wh3_dlc29_black_pyramid_transit	-1					1	0		0	
wh3_dlc29_black_pyramid_transit_47	wh3_dlc29_black_pyramid_transit	-1					1	0		0	
wh3_dlc29_black_pyramid_transit_48	wh3_dlc29_black_pyramid_transit	-1					1	0		0	
wh3_dlc29_black_pyramid_transit_49	wh3_dlc29_black_pyramid_transit	-1					1	0		0	
wh3_dlc29_black_pyramid_transit_5	wh3_dlc29_black_pyramid_transit	-1					1	0		0	
wh3_dlc29_black_pyramid_transit_50	wh3_dlc29_black_pyramid_transit	-1					1	0		0	
wh3_dlc29_black_pyramid_transit_51	wh3_dlc29_black_pyramid_transit	-1					1	0		0	
wh3_dlc29_black_pyramid_transit_52	wh3_dlc29_black_pyramid_transit	-1					1	0		0	
wh3_dlc29_black_pyramid_transit_53	wh3_dlc29_black_pyramid_transit	-1					1	0		0	
wh3_dlc29_black_pyramid_transit_54	wh3_dlc29_black_pyramid_transit	-1					1	0		0	
wh3_dlc29_black_pyramid_transit_55	wh3_dlc29_black_pyramid_transit	-1					1	0		0	
wh3_dlc29_black_pyramid_transit_56	wh3_dlc29_black_pyramid_transit	-1					1	0		0	
wh3_dlc29_black_pyramid_transit_57	wh3_dlc29_black_pyramid_transit	-1					1	0		0	
wh3_dlc29_black_pyramid_transit_58	wh3_dlc29_black_pyramid_transit	-1					1	0		0	
wh3_dlc29_black_pyramid_transit_59	wh3_dlc29_black_pyramid_transit	-1					1	0		0	
wh3_dlc29_black_pyramid_transit_6	wh3_dlc29_black_pyramid_transit	-1					1	0		0	
wh3_dlc29_black_pyramid_transit_60	wh3_dlc29_black_pyramid_transit	-1					1	0		0	
wh3_dlc29_black_pyramid_transit_61	wh3_dlc29_black_pyramid_transit	-1					1	0		0	
wh3_dlc29_black_pyramid_transit_62	wh3_dlc29_black_pyramid_transit	-1					1	0		0	
wh3_dlc29_black_pyramid_transit_63	wh3_dlc29_black_pyramid_transit	-1					1	0		0	
wh3_dlc29_black_pyramid_transit_64	wh3_dlc29_black_pyramid_transit	-1					1	0		0	
wh3_dlc29_black_pyramid_transit_65	wh3_dlc29_black_pyramid_transit	-1					1	0		0	
wh3_dlc29_black_pyramid_transit_66	wh3_dlc29_black_pyramid_transit	-1					1	0		0	
wh3_dlc29_black_pyramid_transit_67	wh3_dlc29_black_pyramid_transit	-1					1	0		0	
wh3_dlc29_black_pyramid_transit_68	wh3_dlc29_black_pyramid_transit	-1					1	0		0	
wh3_dlc29_black_pyramid_transit_69	wh3_dlc29_black_pyramid_transit	-1					1	0		0	
wh3_dlc29_black_pyramid_transit_7	wh3_dlc29_black_pyramid_transit	-1					1	0		0	
wh3_dlc29_black_pyramid_transit_70	wh3_dlc29_black_pyramid_transit	-1					1	0		0	
wh3_dlc29_black_pyramid_transit_71	wh3_dlc29_black_pyramid_transit	-1					1	0		0	
wh3_dlc29_black_pyramid_transit_72	wh3_dlc29_black_pyramid_transit	-1					1	0		0	
wh3_dlc29_black_pyramid_transit_73	wh3_dlc29_black_pyramid_transit	-1					1	0		0	
wh3_dlc29_black_pyramid_transit_74	wh3_dlc29_black_pyramid_transit	-1					1	0		0	
wh3_dlc29_black_pyramid_transit_75	wh3_dlc29_black_pyramid_transit	-1					1	0		0	
wh3_dlc29_black_pyramid_transit_76	wh3_dlc29_black_pyramid_transit	-1					1	0		0	
wh3_dlc29_black_pyramid_transit_77	wh3_dlc29_black_pyramid_transit	-1					1	0		0	
wh3_dlc29_black_pyramid_transit_78	wh3_dlc29_black_pyramid_transit	-1					1	0		0	
wh3_dlc29_black_pyramid_transit_79	wh3_dlc29_black_pyramid_transit	-1					1	0		0	
wh3_dlc29_black_pyramid_transit_8	wh3_dlc29_black_pyramid_transit	-1					1	0		0	
wh3_dlc29_black_pyramid_transit_80	wh3_dlc29_black_pyramid_transit	-1					1	0		0	
wh3_dlc29_black_pyramid_transit_81	wh3_dlc29_black_pyramid_transit	-1					1	0		0	
wh3_dlc29_black_pyramid_transit_82	wh3_dlc29_black_pyramid_transit	-1					1	0		0	
wh3_dlc29_black_pyramid_transit_83	wh3_dlc29_black_pyramid_transit	-1					1	0		0	
wh3_dlc29_black_pyramid_transit_84	wh3_dlc29_black_pyramid_transit	-1					1	0		0	
wh3_dlc29_black_pyramid_transit_85	wh3_dlc29_black_pyramid_transit	-1					1	0		0	
wh3_dlc29_black_pyramid_transit_86	wh3_dlc29_black_pyramid_transit	-1					1	0		0	
wh3_dlc29_black_pyramid_transit_87	wh3_dlc29_black_pyramid_transit	-1					1	0		0	
wh3_dlc29_black_pyramid_transit_88	wh3_dlc29_black_pyramid_transit	-1					1	0		0	
wh3_dlc29_black_pyramid_transit_89	wh3_dlc29_black_pyramid_transit	-1					1	0		0	
wh3_dlc29_black_pyramid_transit_9	wh3_dlc29_black_pyramid_transit	-1					1	0		0	
wh3_dlc29_black_pyramid_transit_90	wh3_dlc29_black_pyramid_transit	-1					1	0		0	
wh3_dlc29_black_pyramid_transit_91	wh3_dlc29_black_pyramid_transit	-1					1	0		0	
wh3_dlc29_black_pyramid_transit_92	wh3_dlc29_black_pyramid_transit	-1					1	0		0	
wh3_dlc29_black_pyramid_transit_93	wh3_dlc29_black_pyramid_transit	-1					1	0		0	
wh3_dlc29_black_pyramid_transit_94	wh3_dlc29_black_pyramid_transit	-1					1	0		0	
wh3_dlc29_black_pyramid_transit_95	wh3_dlc29_black_pyramid_transit	-1					1	0		0	
wh3_dlc29_black_pyramid_transit_96	wh3_dlc29_black_pyramid_transit	-1					1	0		0	
wh3_dlc29_black_pyramid_transit_97	wh3_dlc29_black_pyramid_transit	-1					1	0		0	
wh3_dlc29_black_pyramid_transit_98	wh3_dlc29_black_pyramid_transit	-1					1	0		0	
wh3_dlc29_black_pyramid_transit_99	wh3_dlc29_black_pyramid_transit	-1					1	0		0	
wh3_dlc29_black_pyramid_undead_monsters_1	wh3_dlc29_black_pyramid_undead_monsters_1	-1			UI\skins\default\dlc29_nag_black_pyramid\icons\icon_node_undead_monsters.png		1	0		0	Play_nagash_cam_black_pyramid_shared_upgrade
wh3_dlc29_black_pyramid_undead_monsters_2	wh3_dlc29_black_pyramid_undead_monsters_2	-1			UI\skins\default\dlc29_nag_black_pyramid\icons\icon_node_undead_monsters.png		1	0		0	
wh3_dlc29_black_pyramid_undead_monsters_3	wh3_dlc29_black_pyramid_undead_monsters_3	-1			UI\skins\default\dlc29_nag_black_pyramid\icons\icon_node_undead_monsters.png		1	0		0	
wh3_dlc29_black_pyramid_undead_monsters_4	wh3_dlc29_black_pyramid_undead_monsters_4	-1			UI\skins\default\dlc29_nag_black_pyramid\icons\icon_node_undead_monsters.png		1	0		0	Play_nagash_cam_black_pyramid_shared_upgrade
wh3_dlc29_black_pyramid_undead_monsters_5	wh3_dlc29_black_pyramid_undead_monsters_5	-1			UI\skins\default\dlc29_nag_black_pyramid\icons\icon_node_undead_monsters.png		1	0		0	
wh3_dlc29_black_pyramid_undead_monsters_6	wh3_dlc29_black_pyramid_undead_monsters_6	-1			UI\skins\default\dlc29_nag_black_pyramid\icons\icon_node_undead_monsters.png		1	0		0	
wh3_dlc29_black_pyramid_undead_monsters_7	wh3_dlc29_black_pyramid_undead_monsters_7	-1			UI\skins\default\dlc29_nag_black_pyramid\icons\icon_node_undead_monsters.png		1	0		0	Play_nagash_cam_black_pyramid_shared_upgrade
wh3_dlc29_black_pyramid_undead_monsters_8	wh3_dlc29_black_pyramid_undead_monsters_8	-1			UI\skins\default\dlc29_nag_black_pyramid\icons\icon_node_undead_monsters.png		1	0		0	
wh3_dlc29_black_pyramid_undead_monsters_9	wh3_dlc29_black_pyramid_undead_monsters_9	-1			UI\skins\default\dlc29_nag_black_pyramid\icons\icon_node_undead_monsters.png		1	0		0	Play_nagash_cam_black_pyramid_shared_upgrade
wh3_dlc29_black_pyramid_undead_monstrous_1	wh3_dlc29_black_pyramid_undead_monstrous_1	-1			UI\skins\default\dlc29_nag_black_pyramid\icons\icon_node_undead_monstrous.png		1	0		0	Play_nagash_cam_black_pyramid_shared_upgrade
wh3_dlc29_black_pyramid_undead_monstrous_2	wh3_dlc29_black_pyramid_undead_monstrous_2	-1			UI\skins\default\dlc29_nag_black_pyramid\icons\icon_node_undead_monstrous.png		1	0		0	
wh3_dlc29_black_pyramid_undead_monstrous_3	wh3_dlc29_black_pyramid_undead_monstrous_3	-1			UI\skins\default\dlc29_nag_black_pyramid\icons\icon_node_undead_monstrous.png		1	0		0	
wh3_dlc29_black_pyramid_undead_monstrous_4	wh3_dlc29_black_pyramid_undead_monstrous_4	-1			UI\skins\default\dlc29_nag_black_pyramid\icons\icon_node_undead_monstrous.png		1	0		0	Play_nagash_cam_black_pyramid_shared_upgrade
wh3_dlc29_black_pyramid_undead_monstrous_5	wh3_dlc29_black_pyramid_undead_monstrous_5	-1			UI\skins\default\dlc29_nag_black_pyramid\icons\icon_node_undead_monstrous.png		1	0		0	Play_nagash_cam_black_pyramid_shared_upgrade
wh3_dlc29_black_pyramid_undead_monstrous_6	wh3_dlc29_black_pyramid_undead_monstrous_6	-1			UI\skins\default\dlc29_nag_black_pyramid\icons\icon_node_undead_monstrous.png		1	0		0	
wh3_dlc29_black_pyramid_undead_monstrous_7	wh3_dlc29_black_pyramid_undead_monstrous_7	-1			UI\skins\default\dlc29_nag_black_pyramid\icons\icon_node_undead_monstrous.png		1	0		0	Play_nagash_cam_black_pyramid_shared_upgrade
wh3_dlc29_black_pyramid_undead_monstrous_8	wh3_dlc29_black_pyramid_undead_monstrous_8	-1			UI\skins\default\dlc29_nag_black_pyramid\icons\icon_node_undead_monstrous.png		1	0		0	
wh3_dlc29_black_pyramid_undead_monstrous_9	wh3_dlc29_black_pyramid_undead_monstrous_9	-1			UI\skins\default\dlc29_nag_black_pyramid\icons\icon_node_undead_monstrous.png		1	0		0	Play_nagash_cam_black_pyramid_shared_upgrade
wh3_dlc29_black_pyramid_vampires_1	wh3_dlc29_black_pyramid_vampires_1	-1			UI\skins\default\dlc29_nag_black_pyramid\icons\icon_node_lahmian_vampire.png		1	0		0	Play_nagash_cam_black_pyramid_vampire_counts_upgrade
wh3_dlc29_black_pyramid_vampires_2	wh3_dlc29_black_pyramid_vampires_2	-1			UI\skins\default\dlc29_nag_black_pyramid\icons\icon_node_lahmian_vampire.png		1	0		0	Play_nagash_cam_black_pyramid_vampire_counts_upgrade
wh3_dlc29_black_pyramid_vampires_3	wh3_dlc29_black_pyramid_vampires_3	-1			UI\skins\default\dlc29_nag_black_pyramid\icons\icon_node_lahmian_vampire.png		1	0		0	
wh3_dlc29_black_pyramid_vampires_4	wh3_dlc29_black_pyramid_vampires_4	-1			UI\skins\default\dlc29_nag_black_pyramid\icons\icon_node_lahmian_vampire.png		1	0		0	
wh3_dlc29_black_pyramid_vampires_5	wh3_dlc29_black_pyramid_vampires_5	-1			UI\skins\default\dlc29_nag_black_pyramid\icons\icon_node_lahmian_vampire.png		1	0		0	Play_nagash_cam_black_pyramid_vampire_counts_upgrade
wh3_dlc29_black_pyramid_vampires_6	wh3_dlc29_black_pyramid_vampires_6	-1			UI\skins\default\dlc29_nag_black_pyramid\icons\icon_node_lahmian_vampire.png		1	0		0	
wh3_dlc29_black_pyramid_vampires_7	wh3_dlc29_black_pyramid_vampires_7	-1			UI\skins\default\dlc29_nag_black_pyramid\icons\icon_node_lahmian_vampire.png		1	0		0	Play_nagash_cam_black_pyramid_vampire_counts_upgrade
wh3_dlc29_black_pyramid_vampires_8	wh3_dlc29_black_pyramid_vampires_8	-1			UI\skins\default\dlc29_nag_black_pyramid\icons\icon_node_lahmian_vampire.png		1	0		0	
wh3_dlc29_black_pyramid_vampires_9	wh3_dlc29_black_pyramid_vampires_9	-1			UI\skins\default\dlc29_nag_black_pyramid\icons\icon_node_lahmian_vampire.png		1	0		0	Play_nagash_cam_black_pyramid_vampire_counts_upgrade
wh3_dlc29_black_pyramid_vlad_1	wh3_dlc29_black_pyramid_vlad_1	-1			UI\skins\default\dlc29_nag_black_pyramid\icons\icon_node_mortarch_vlad.png		1	0		0	
wh3_dlc29_black_pyramid_vlad_2	wh3_dlc29_black_pyramid_vlad_2	-1			UI\skins\default\dlc29_nag_black_pyramid\icons\icon_node_mortarch_vlad.png		1	0		0	
wh3_dlc29_black_pyramid_vlad_3	wh3_dlc29_black_pyramid_vlad_3	-1			UI\skins\default\dlc29_nag_black_pyramid\icons\icon_node_mortarch_vlad.png		1	0		0	Play_nagash_cam_black_pyramid_mortarchs_upgrade
wh3_dlc29_black_pyramid_vmp_II_1	wh3_dlc29_black_pyramid_vmp_II_1	-1			UI\skins\default\dlc29_nag_black_pyramid\icons\icon_node_vmp.png		1	0		0	
wh3_dlc29_black_pyramid_vmp_II_2	wh3_dlc29_black_pyramid_vmp_II_2	-1			UI\skins\default\dlc29_nag_black_pyramid\icons\icon_node_vmp.png		1	0		0	
wh3_dlc29_black_pyramid_vmp_II_3	wh3_dlc29_black_pyramid_vmp_II_3	-1			UI\skins\default\dlc29_nag_black_pyramid\icons\icon_node_vmp.png		1	0		0	
wh3_dlc29_black_pyramid_vmp_II_4	wh3_dlc29_black_pyramid_vmp_II_4	-1			UI\skins\default\dlc29_nag_black_pyramid\icons\icon_node_vmp.png		1	0		0	Play_nagash_cam_black_pyramid_vampire_counts_upgrade
wh3_dlc29_black_pyramid_vmp_II_5	wh3_dlc29_black_pyramid_vmp_II_5	-1			UI\skins\default\dlc29_nag_black_pyramid\icons\icon_node_vmp.png		1	0		0	Play_nagash_cam_black_pyramid_vampire_counts_upgrade
wh3_dlc29_black_pyramid_vmp_I_1	wh3_dlc29_black_pyramid_vmp_I_1	-1			UI\skins\default\dlc29_nag_black_pyramid\icons\icon_node_vmp.png		1	0		0	
wh3_dlc29_black_pyramid_vmp_I_2	wh3_dlc29_black_pyramid_vmp_I_2	-1			UI\skins\default\dlc29_nag_black_pyramid\icons\icon_node_vmp.png		1	0		0	
wh3_dlc29_black_pyramid_vmp_I_3	wh3_dlc29_black_pyramid_vmp_I_3	-1			UI\skins\default\dlc29_nag_black_pyramid\icons\icon_node_vmp.png		1	0		0	
wh3_dlc29_black_pyramid_vmp_I_4	wh3_dlc29_black_pyramid_vmp_I_4	-1			UI\skins\default\dlc29_nag_black_pyramid\icons\icon_node_vmp.png		1	0		0	
wh3_dlc29_black_pyramid_vmp_I_5	wh3_dlc29_black_pyramid_vmp_I_5	-1			UI\skins\default\dlc29_nag_black_pyramid\icons\icon_node_vmp.png		1	0		0	Play_nagash_cam_black_pyramid_vampire_counts_upgrade
wh3_dlc29_black_pyramid_walach_1	wh3_dlc29_black_pyramid_walach_1	-1			UI\skins\default\dlc29_nag_black_pyramid\icons\icon_node_mortarch_walach_harkon.png		1	0		0	
wh3_dlc29_black_pyramid_walach_2	wh3_dlc29_black_pyramid_walach_2	-1			UI\skins\default\dlc29_nag_black_pyramid\icons\icon_node_mortarch_walach_harkon.png		1	0		0	
wh3_dlc29_black_pyramid_walach_3	wh3_dlc29_black_pyramid_walach_3	-1			UI\skins\default\dlc29_nag_black_pyramid\icons\icon_node_mortarch_walach_harkon.png		1	0		0	Play_nagash_cam_black_pyramid_mortarchs_upgrade
wh3_dlc29_black_pyramid_winds_of_magic_1	wh3_dlc29_black_pyramid_winds_of_magic_1	-1			UI\skins\default\dlc29_nag_black_pyramid\icons\icon_node_winds_magic.png		1	0		0	Play_nagash_cam_black_pyramid_magic_upgrade
wh3_dlc29_black_pyramid_winds_of_magic_10	wh3_dlc29_black_pyramid_winds_of_magic_10	-1			UI\skins\default\dlc29_nag_black_pyramid\icons\icon_node_winds_magic.png		1	0		0	
wh3_dlc29_black_pyramid_winds_of_magic_2	wh3_dlc29_black_pyramid_winds_of_magic_2	-1			UI\skins\default\dlc29_nag_black_pyramid\icons\icon_node_winds_magic.png		1	0		0	
wh3_dlc29_black_pyramid_winds_of_magic_3	wh3_dlc29_black_pyramid_winds_of_magic_3	-1			UI\skins\default\dlc29_nag_black_pyramid\icons\icon_node_winds_magic.png		1	0		0	
wh3_dlc29_black_pyramid_winds_of_magic_4	wh3_dlc29_black_pyramid_winds_of_magic_4	-1			UI\skins\default\dlc29_nag_black_pyramid\icons\icon_node_winds_magic.png		1	0		0	
wh3_dlc29_black_pyramid_winds_of_magic_5	wh3_dlc29_black_pyramid_winds_of_magic_5	-1			UI\skins\default\dlc29_nag_black_pyramid\icons\icon_node_winds_magic.png		1	0		0	
wh3_dlc29_black_pyramid_winds_of_magic_6	wh3_dlc29_black_pyramid_winds_of_magic_6	-1			UI\skins\default\dlc29_nag_black_pyramid\icons\icon_node_winds_magic.png		1	0		0	Play_nagash_cam_black_pyramid_magic_upgrade
wh3_dlc29_black_pyramid_winds_of_magic_7	wh3_dlc29_black_pyramid_winds_of_magic_7	-1			UI\skins\default\dlc29_nag_black_pyramid\icons\icon_node_winds_magic.png		1	0		0	
wh3_dlc29_black_pyramid_winds_of_magic_8	wh3_dlc29_black_pyramid_winds_of_magic_8	-1			UI\skins\default\dlc29_nag_black_pyramid\icons\icon_node_winds_magic.png		1	0		0	
wh3_dlc29_black_pyramid_winds_of_magic_9	wh3_dlc29_black_pyramid_winds_of_magic_9	-1			UI\skins\default\dlc29_nag_black_pyramid\icons\icon_node_winds_magic.png		1	0		0	
wh3_dlc29_black_pyramid_wraith_1	wh3_dlc29_black_pyramid_wraith_1	-1			UI\skins\default\dlc29_nag_black_pyramid\icons\icon_node_ethereal.png		1	0		0	Play_nagash_cam_black_pyramid_shared_upgrade
wh3_dlc29_black_pyramid_wraith_2	wh3_dlc29_black_pyramid_wraith_2	-1			UI\skins\default\dlc29_nag_black_pyramid\icons\icon_node_ethereal.png		1	0		0	Play_nagash_cam_black_pyramid_shared_upgrade
wh3_dlc29_black_pyramid_wraith_3	wh3_dlc29_black_pyramid_wraith_3	-1			UI\skins\default\dlc29_nag_black_pyramid\icons\icon_node_ethereal.png		1	0		0	Play_nagash_cam_black_pyramid_shared_upgrade
wh3_dlc29_black_pyramid_wraith_4	wh3_dlc29_black_pyramid_wraith_4	-1			UI\skins\default\dlc29_nag_black_pyramid\icons\icon_node_ethereal.png		1	0		0	
wh3_dlc29_black_pyramid_wraith_5	wh3_dlc29_black_pyramid_wraith_5	-1			UI\skins\default\dlc29_nag_black_pyramid\icons\icon_node_ethereal.png		1	0		0	Play_nagash_cam_black_pyramid_shared_upgrade
wh3_dlc29_black_pyramid_zombies_1	wh3_dlc29_black_pyramid_zombies_1	-1			UI\skins\default\dlc29_nag_black_pyramid\icons\icon_node_zombie.png		1	0		0	
wh3_dlc29_black_pyramid_zombies_10	wh3_dlc29_black_pyramid_zombies_10	-1			UI\skins\default\dlc29_nag_black_pyramid\icons\icon_node_zombie.png		1	0		0	Play_nagash_cam_black_pyramid_vampire_counts_upgrade
wh3_dlc29_black_pyramid_zombies_2	wh3_dlc29_black_pyramid_zombies_2	-1			UI\skins\default\dlc29_nag_black_pyramid\icons\icon_node_zombie.png		1	0		0	Play_nagash_cam_black_pyramid_vampire_counts_upgrade
wh3_dlc29_black_pyramid_zombies_3	wh3_dlc29_black_pyramid_zombies_3	-1			UI\skins\default\dlc29_nag_black_pyramid\icons\icon_node_zombie.png		1	0		0	
wh3_dlc29_black_pyramid_zombies_4	wh3_dlc29_black_pyramid_zombies_4	-1			UI\skins\default\dlc29_nag_black_pyramid\icons\icon_node_zombie.png		1	0		0	
wh3_dlc29_black_pyramid_zombies_5	wh3_dlc29_black_pyramid_zombies_5	-1			UI\skins\default\dlc29_nag_black_pyramid\icons\icon_node_zombie.png		1	0		0	
wh3_dlc29_black_pyramid_zombies_6	wh3_dlc29_black_pyramid_zombies_6	-1			UI\skins\default\dlc29_nag_black_pyramid\icons\icon_node_zombie.png		1	0		0	
wh3_dlc29_black_pyramid_zombies_7	wh3_dlc29_black_pyramid_zombies_7	-1			UI\skins\default\dlc29_nag_black_pyramid\icons\icon_node_zombie.png		1	0		0	
wh3_dlc29_black_pyramid_zombies_8	wh3_dlc29_black_pyramid_zombies_8	-1			UI\skins\default\dlc29_nag_black_pyramid\icons\icon_node_zombie.png		1	0		0	
wh3_dlc29_black_pyramid_zombies_9	wh3_dlc29_black_pyramid_zombies_9	-1			UI\skins\default\dlc29_nag_black_pyramid\icons\icon_node_zombie.png		1	0		0	Play_nagash_cam_black_pyramid_vampire_counts_upgrade
wh3_dlc29_book_of_nagash_1	wh3_dlc29_book_of_nagash_1	-1			\UI\skins\default\dlc29_nag_books\wh_main_spell_death_soulblight.png		0	0		2	
wh3_dlc29_book_of_nagash_10	wh3_dlc29_book_of_nagash_10	-1			\UI\skins\default\dlc29_nag_books\wh2_dlc09_spell_nehekhara_nerus_incantation_of_protection.png		0	0		12	
wh3_dlc29_book_of_nagash_11	wh3_dlc29_book_of_nagash_11	-1			\UI\skins\default\dlc29_nag_books\wh2_dlc09_spell_nehekhara_sakhmets_incantation_of_the_skullstorm.png		0	0		10	
wh3_dlc29_book_of_nagash_12	wh3_dlc29_book_of_nagash_12	-1			\UI\skins\default\dlc29_nag_books\wh2_dlc09_spell_nehekhara_usirians_incantation_of_vengeance.png		0	0		11	
wh3_dlc29_book_of_nagash_2	wh3_dlc29_book_of_nagash_2	-1			\UI\skins\default\dlc29_nag_books\wh_main_spell_death_spirit_leech.png		0	0		3	
wh3_dlc29_book_of_nagash_3	wh3_dlc29_book_of_nagash_3	-1			\UI\skins\default\dlc29_nag_books\wh_main_spell_death_the_purple_sun_of_xereus.png		0	0		1	
wh3_dlc29_book_of_nagash_4	wh3_dlc29_book_of_nagash_4	-1			\UI\skins\default\dlc29_nag_books\wh_main_spell_light_banishment.png		0	0		6	
wh3_dlc29_book_of_nagash_5	wh3_dlc29_book_of_nagash_5	-1			\UI\Battle UI\ability_icons\wh_main_spell_light_light_of_battle.png		0	0		4	
wh3_dlc29_book_of_nagash_6	wh3_dlc29_book_of_nagash_6	-1			\UI\skins\default\dlc29_nag_books\wh_main_spell_light_shems_burning_gaze.png		0	0		5	
wh3_dlc29_book_of_nagash_7	wh3_dlc29_book_of_nagash_7	-1			\UI\skins\default\dlc29_nag_books\wh_main_spell_vampires_gaze_of_nagash.png		0	0		8	
wh3_dlc29_book_of_nagash_8	wh3_dlc29_book_of_nagash_8	-1			\UI\skins\default\dlc29_nag_books\wh_main_spell_vampires_invocation_of_nehek.png		0	0		7	
wh3_dlc29_book_of_nagash_9	wh3_dlc29_book_of_nagash_9	-1			\UI\Battle UI\ability_icons\wh_main_spell_vampires_curse_of_years.png		0	0		9	
wh3_dlc29_emp_middenland_the_great_temple_of_ulric_hall_of_flame_level_1	wh3_dlc29_middenland_the_great_temple_of_ulric_hall_of_the_flame_level_1	-1	wh3_dlc29_ulric_sanctuary_upgrade_level_1	wh3_dlc29_ulric_sanctuary_upgrade_level_1	\UI\skins\default\dlc29_great_temple_of_ulric\icon_hall.png		0	0		0	Play_boris_todbringer_cam_sanctuaries_hall
wh3_dlc29_emp_middenland_the_great_temple_of_ulric_hall_of_flame_level_2	wh3_dlc29_middenland_the_great_temple_of_ulric_hall_of_the_flame_level_2	-1	wh3_dlc29_ulric_sanctuary_upgrade_level_2	wh3_dlc29_ulric_sanctuary_upgrade_level_2	\UI\skins\default\dlc29_great_temple_of_ulric\icon_hall.png		0	0		0	Play_boris_todbringer_cam_sanctuaries_hall
wh3_dlc29_emp_middenland_the_great_temple_of_ulric_hall_of_flame_level_3	wh3_dlc29_middenland_the_great_temple_of_ulric_hall_of_the_flame_level_3	-1	wh3_dlc29_ulric_sanctuary_upgrade_level_3	wh3_dlc29_ulric_sanctuary_upgrade_level_3	\UI\skins\default\dlc29_great_temple_of_ulric\icon_hall.png		0	0		0	Play_boris_todbringer_cam_sanctuaries_hall
wh3_dlc29_emp_middenland_the_great_temple_of_ulric_hall_of_flame_level_4	wh3_dlc29_middenland_the_great_temple_of_ulric_hall_of_the_flame_level_4	-1	wh3_dlc29_ulric_sanctuary_upgrade_level_4	wh3_dlc29_ulric_sanctuary_upgrade_level_4	\UI\skins\default\dlc29_great_temple_of_ulric\icon_hall.png		0	0		0	Play_boris_todbringer_cam_sanctuaries_hall
wh3_dlc29_emp_middenland_the_great_temple_of_ulric_high_altar_of_ulric_level_1	wh3_dlc29_middenland_the_great_temple_of_ulric_high_altar_of_ulric_level_1	-1	wh3_dlc29_ulric_sanctuary_upgrade_level_1	wh3_dlc29_ulric_sanctuary_upgrade_level_1	\UI\skins\default\dlc29_great_temple_of_ulric\icon_altar.png		0	0		0	Play_boris_todbringer_cam_sanctuaries_altar
wh3_dlc29_emp_middenland_the_great_temple_of_ulric_high_altar_of_ulric_level_2	wh3_dlc29_middenland_the_great_temple_of_ulric_high_altar_of_ulric_level_2	-1	wh3_dlc29_ulric_sanctuary_upgrade_level_2	wh3_dlc29_ulric_sanctuary_upgrade_level_2	\UI\skins\default\dlc29_great_temple_of_ulric\icon_altar.png		0	0		0	Play_boris_todbringer_cam_sanctuaries_altar
wh3_dlc29_emp_middenland_the_great_temple_of_ulric_high_altar_of_ulric_level_3	wh3_dlc29_middenland_the_great_temple_of_ulric_high_altar_of_ulric_level_3	-1	wh3_dlc29_ulric_sanctuary_upgrade_level_3	wh3_dlc29_ulric_sanctuary_upgrade_level_3	\UI\skins\default\dlc29_great_temple_of_ulric\icon_altar.png		0	0		0	Play_boris_todbringer_cam_sanctuaries_altar
wh3_dlc29_emp_middenland_the_great_temple_of_ulric_high_altar_of_ulric_level_4	wh3_dlc29_middenland_the_great_temple_of_ulric_high_altar_of_ulric_level_4	-1	wh3_dlc29_ulric_sanctuary_upgrade_level_4	wh3_dlc29_ulric_sanctuary_upgrade_level_4	\UI\skins\default\dlc29_great_temple_of_ulric\icon_altar.png		0	0		0	Play_boris_todbringer_cam_sanctuaries_altar
wh3_dlc29_emp_middenland_the_great_temple_of_ulric_pilgrims_retreat_level_1	wh3_dlc29_middenland_the_great_temple_of_ulric_pilgrims_retreat_level_1	-1	wh3_dlc29_ulric_sanctuary_upgrade_level_1	wh3_dlc29_ulric_sanctuary_upgrade_level_1	\UI\skins\default\dlc29_great_temple_of_ulric\icon_pilgrim.png		0	0		0	Play_boris_todbringer_cam_sanctuaries_retreat
wh3_dlc29_emp_middenland_the_great_temple_of_ulric_pilgrims_retreat_level_2	wh3_dlc29_middenland_the_great_temple_of_ulric_pilgrims_retreat_level_2	-1	wh3_dlc29_ulric_sanctuary_upgrade_level_2	wh3_dlc29_ulric_sanctuary_upgrade_level_2	\UI\skins\default\dlc29_great_temple_of_ulric\icon_pilgrim.png		0	0		0	Play_boris_todbringer_cam_sanctuaries_retreat
wh3_dlc29_emp_middenland_the_great_temple_of_ulric_pilgrims_retreat_level_3	wh3_dlc29_middenland_the_great_temple_of_ulric_pilgrims_retreat_level_3	-1	wh3_dlc29_ulric_sanctuary_upgrade_level_3	wh3_dlc29_ulric_sanctuary_upgrade_level_3	\UI\skins\default\dlc29_great_temple_of_ulric\icon_pilgrim.png		0	0		0	Play_boris_todbringer_cam_sanctuaries_retreat
wh3_dlc29_emp_middenland_the_great_temple_of_ulric_pilgrims_retreat_level_4	wh3_dlc29_middenland_the_great_temple_of_ulric_pilgrims_retreat_level_4	-1	wh3_dlc29_ulric_sanctuary_upgrade_level_4	wh3_dlc29_ulric_sanctuary_upgrade_level_4	\UI\skins\default\dlc29_great_temple_of_ulric\icon_pilgrim.png		0	0		0	Play_boris_todbringer_cam_sanctuaries_retreat
wh3_dlc29_emp_middenland_the_great_temple_of_ulric_reliquary_of_fangs_level_1	wh3_dlc29_middenland_the_great_temple_of_ulric_reliquary_of_fangs_level_1	-1	wh3_dlc29_ulric_sanctuary_upgrade_level_1	wh3_dlc29_ulric_sanctuary_upgrade_level_1	\UI\skins\default\dlc29_great_temple_of_ulric\icon_reliquary.png		0	0		0	Play_boris_todbringer_cam_sanctuaries_reliquary
wh3_dlc29_emp_middenland_the_great_temple_of_ulric_reliquary_of_fangs_level_2	wh3_dlc29_middenland_the_great_temple_of_ulric_reliquary_of_fangs_level_2	-1	wh3_dlc29_ulric_sanctuary_upgrade_level_2	wh3_dlc29_ulric_sanctuary_upgrade_level_2	\UI\skins\default\dlc29_great_temple_of_ulric\icon_reliquary.png		0	0		0	Play_boris_todbringer_cam_sanctuaries_reliquary
wh3_dlc29_emp_middenland_the_great_temple_of_ulric_reliquary_of_fangs_level_3	wh3_dlc29_middenland_the_great_temple_of_ulric_reliquary_of_fangs_level_3	-1	wh3_dlc29_ulric_sanctuary_upgrade_level_3	wh3_dlc29_ulric_sanctuary_upgrade_level_3	\UI\skins\default\dlc29_great_temple_of_ulric\icon_reliquary.png		0	0		0	Play_boris_todbringer_cam_sanctuaries_reliquary
wh3_dlc29_emp_middenland_the_great_temple_of_ulric_reliquary_of_fangs_level_4	wh3_dlc29_middenland_the_great_temple_of_ulric_reliquary_of_fangs_level_4	-1	wh3_dlc29_ulric_sanctuary_upgrade_level_4	wh3_dlc29_ulric_sanctuary_upgrade_level_4	\UI\skins\default\dlc29_great_temple_of_ulric\icon_reliquary.png		0	0		0	Play_boris_todbringer_cam_sanctuaries_reliquary
wh3_dlc29_emp_middenland_the_great_temple_of_ulric_statue_of_the_white_wolf_level_1	wh3_dlc29_middenland_the_great_temple_of_ulric_statue_of_the_white_wolf_level_1	-1	wh3_dlc29_ulric_sanctuary_upgrade_level_1	wh3_dlc29_ulric_sanctuary_upgrade_level_1	\UI\skins\default\dlc29_great_temple_of_ulric\icon_statue.png		0	0		0	Play_boris_todbringer_cam_sanctuaries_statue
wh3_dlc29_emp_middenland_the_great_temple_of_ulric_statue_of_the_white_wolf_level_2	wh3_dlc29_middenland_the_great_temple_of_ulric_statue_of_the_white_wolf_level_2	-1	wh3_dlc29_ulric_sanctuary_upgrade_level_2	wh3_dlc29_ulric_sanctuary_upgrade_level_2	\UI\skins\default\dlc29_great_temple_of_ulric\icon_statue.png		0	0		0	Play_boris_todbringer_cam_sanctuaries_statue
wh3_dlc29_emp_middenland_the_great_temple_of_ulric_statue_of_the_white_wolf_level_3	wh3_dlc29_middenland_the_great_temple_of_ulric_statue_of_the_white_wolf_level_3	-1	wh3_dlc29_ulric_sanctuary_upgrade_level_3	wh3_dlc29_ulric_sanctuary_upgrade_level_3	\UI\skins\default\dlc29_great_temple_of_ulric\icon_statue.png		0	0		0	Play_boris_todbringer_cam_sanctuaries_statue
wh3_dlc29_emp_middenland_the_great_temple_of_ulric_statue_of_the_white_wolf_level_4	wh3_dlc29_middenland_the_great_temple_of_ulric_statue_of_the_white_wolf_level_4	-1	wh3_dlc29_ulric_sanctuary_upgrade_level_4	wh3_dlc29_ulric_sanctuary_upgrade_level_4	\UI\skins\default\dlc29_great_temple_of_ulric\icon_statue.png		0	0		0	Play_boris_todbringer_cam_sanctuaries_statue
wh3_dlc29_emp_middenland_the_great_temple_of_ulric_teutogen_bastion_level_1	wh3_dlc29_middenland_the_great_temple_of_ulric_teutogen_bastion_level_1	-1	wh3_dlc29_ulric_sanctuary_upgrade_level_1	wh3_dlc29_ulric_sanctuary_upgrade_level_1	\UI\skins\default\dlc29_great_temple_of_ulric\icon_teutogen.png		0	0		0	Play_boris_todbringer_cam_sanctuaries_bastion
wh3_dlc29_emp_middenland_the_great_temple_of_ulric_teutogen_bastion_level_2	wh3_dlc29_middenland_the_great_temple_of_ulric_teutogen_bastion_level_2	-1	wh3_dlc29_ulric_sanctuary_upgrade_level_2	wh3_dlc29_ulric_sanctuary_upgrade_level_2	\UI\skins\default\dlc29_great_temple_of_ulric\icon_teutogen.png		0	0		0	Play_boris_todbringer_cam_sanctuaries_bastion
wh3_dlc29_emp_middenland_the_great_temple_of_ulric_teutogen_bastion_level_3	wh3_dlc29_middenland_the_great_temple_of_ulric_teutogen_bastion_level_3	-1	wh3_dlc29_ulric_sanctuary_upgrade_level_3	wh3_dlc29_ulric_sanctuary_upgrade_level_3	\UI\skins\default\dlc29_great_temple_of_ulric\icon_teutogen.png		0	0		0	Play_boris_todbringer_cam_sanctuaries_bastion
wh3_dlc29_emp_middenland_the_great_temple_of_ulric_teutogen_bastion_level_4	wh3_dlc29_middenland_the_great_temple_of_ulric_teutogen_bastion_level_4	-1	wh3_dlc29_ulric_sanctuary_upgrade_level_4	wh3_dlc29_ulric_sanctuary_upgrade_level_4	\UI\skins\default\dlc29_great_temple_of_ulric\icon_teutogen.png		0	0		0	Play_boris_todbringer_cam_sanctuaries_bastion
wh3_dlc29_faction_initiative_chs_undivided_5_units_chaos_siege_giant	wh3_dlc29_faction_initiative_chs_undivided_5_units_chaos_siege_giant	-1	wh3_dlc20_initiative_souls_und_t4	wh3_dlc20_initiative_souls_und_t4_sacrifice_requirement	UI\skins\default\chaos_gifts\ritual_gift_undivided_rank_5.png	wh3_dlc20_initiative_souls_und_upkeep_t4	0	0		0	
wh3_dlc29_marks_of_nurgle_1_level_0	wh3_dlc29_marks_of_nurgle_1_level_0	-1			UI\skins\default\dlc29_chs_blessings_of_nurgle\marks\icon_mark_of_nurgle_1.png		0	1		0	
wh3_dlc29_marks_of_nurgle_1_level_1	wh3_dlc29_marks_of_nurgle_1_level_1	-1			UI\skins\default\dlc29_chs_blessings_of_nurgle\marks\icon_mark_of_nurgle_1.png		0	1		0	
wh3_dlc29_marks_of_nurgle_1_level_2	wh3_dlc29_marks_of_nurgle_1_level_2	-1			UI\skins\default\dlc29_chs_blessings_of_nurgle\marks\icon_mark_of_nurgle_1.png		0	1		0	
wh3_dlc29_marks_of_nurgle_1_level_3	wh3_dlc29_marks_of_nurgle_1_level_3	-1			UI\skins\default\dlc29_chs_blessings_of_nurgle\marks\icon_mark_of_nurgle_1.png		0	1		0	
wh3_dlc29_marks_of_nurgle_2_level_0	wh3_dlc29_marks_of_nurgle_2_level_0	-1			UI\skins\default\dlc29_chs_blessings_of_nurgle\marks\icon_mark_of_nurgle_2.png		0	1		0	
wh3_dlc29_marks_of_nurgle_2_level_1	wh3_dlc29_marks_of_nurgle_2_level_1	-1			UI\skins\default\dlc29_chs_blessings_of_nurgle\marks\icon_mark_of_nurgle_2.png		0	1		0	
wh3_dlc29_marks_of_nurgle_2_level_2	wh3_dlc29_marks_of_nurgle_2_level_2	-1			UI\skins\default\dlc29_chs_blessings_of_nurgle\marks\icon_mark_of_nurgle_2.png		0	1		0	
wh3_dlc29_marks_of_nurgle_2_level_3	wh3_dlc29_marks_of_nurgle_2_level_3	-1			UI\skins\default\dlc29_chs_blessings_of_nurgle\marks\icon_mark_of_nurgle_2.png		0	1		0	
wh3_dlc29_marks_of_nurgle_3_level_0	wh3_dlc29_marks_of_nurgle_3_level_0	-1			UI\skins\default\dlc29_chs_blessings_of_nurgle\marks\icon_mark_of_nurgle_3.png		0	1		0	
wh3_dlc29_marks_of_nurgle_3_level_1	wh3_dlc29_marks_of_nurgle_3_level_1	-1			UI\skins\default\dlc29_chs_blessings_of_nurgle\marks\icon_mark_of_nurgle_3.png		0	1		0	
wh3_dlc29_marks_of_nurgle_3_level_2	wh3_dlc29_marks_of_nurgle_3_level_2	-1			UI\skins\default\dlc29_chs_blessings_of_nurgle\marks\icon_mark_of_nurgle_3.png		0	1		0	
wh3_dlc29_marks_of_nurgle_3_level_3	wh3_dlc29_marks_of_nurgle_3_level_3	-1			UI\skins\default\dlc29_chs_blessings_of_nurgle\marks\icon_mark_of_nurgle_3.png		0	1		0	
wh3_dlc29_marks_of_nurgle_4_level_0	wh3_dlc29_marks_of_nurgle_4_level_0	-1			UI\skins\default\dlc29_chs_blessings_of_nurgle\marks\icon_mark_of_nurgle_4.png		0	1		0	
wh3_dlc29_marks_of_nurgle_4_level_1	wh3_dlc29_marks_of_nurgle_4_level_1	-1			UI\skins\default\dlc29_chs_blessings_of_nurgle\marks\icon_mark_of_nurgle_4.png		0	1		0	
wh3_dlc29_marks_of_nurgle_4_level_2	wh3_dlc29_marks_of_nurgle_4_level_2	-1			UI\skins\default\dlc29_chs_blessings_of_nurgle\marks\icon_mark_of_nurgle_4.png		0	1		0	
wh3_dlc29_marks_of_nurgle_4_level_3	wh3_dlc29_marks_of_nurgle_4_level_3	-1			UI\skins\default\dlc29_chs_blessings_of_nurgle\marks\icon_mark_of_nurgle_4.png		0	1		0	
wh3_dlc29_marks_of_nurgle_5_level_0	wh3_dlc29_marks_of_nurgle_5_level_0	-1			UI\skins\default\dlc29_chs_blessings_of_nurgle\marks\icon_mark_of_nurgle_5.png		0	1		0	
wh3_dlc29_marks_of_nurgle_5_level_1	wh3_dlc29_marks_of_nurgle_5_level_1	-1			UI\skins\default\dlc29_chs_blessings_of_nurgle\marks\icon_mark_of_nurgle_5.png		0	1		0	
wh3_dlc29_marks_of_nurgle_5_level_2	wh3_dlc29_marks_of_nurgle_5_level_2	-1			UI\skins\default\dlc29_chs_blessings_of_nurgle\marks\icon_mark_of_nurgle_5.png		0	1		0	
wh3_dlc29_marks_of_nurgle_5_level_3	wh3_dlc29_marks_of_nurgle_5_level_3	-1			UI\skins\default\dlc29_chs_blessings_of_nurgle\marks\icon_mark_of_nurgle_5.png		0	1		0	
wh3_dlc29_marks_of_nurgle_6_level_0	wh3_dlc29_marks_of_nurgle_6_level_0	-1			UI\skins\default\dlc29_chs_blessings_of_nurgle\marks\icon_mark_of_nurgle_6.png		0	1		0	
wh3_dlc29_marks_of_nurgle_6_level_1	wh3_dlc29_marks_of_nurgle_6_level_1	-1			UI\skins\default\dlc29_chs_blessings_of_nurgle\marks\icon_mark_of_nurgle_6.png		0	1		0	
wh3_dlc29_marks_of_nurgle_6_level_2	wh3_dlc29_marks_of_nurgle_6_level_2	-1			UI\skins\default\dlc29_chs_blessings_of_nurgle\marks\icon_mark_of_nurgle_6.png		0	1		0	
wh3_dlc29_marks_of_nurgle_6_level_3	wh3_dlc29_marks_of_nurgle_6_level_3	-1			UI\skins\default\dlc29_chs_blessings_of_nurgle\marks\icon_mark_of_nurgle_6.png		0	1		0	
wh3_dlc29_marks_of_nurgle_7_level_0	wh3_dlc29_marks_of_nurgle_7_level_0	-1			UI\skins\default\dlc29_chs_blessings_of_nurgle\marks\icon_mark_of_nurgle_7.png		0	1		0	
wh3_dlc29_marks_of_nurgle_7_level_1	wh3_dlc29_marks_of_nurgle_7_level_1	-1			UI\skins\default\dlc29_chs_blessings_of_nurgle\marks\icon_mark_of_nurgle_7.png		0	1		0	
wh3_dlc29_marks_of_nurgle_7_level_2	wh3_dlc29_marks_of_nurgle_7_level_2	-1			UI\skins\default\dlc29_chs_blessings_of_nurgle\marks\icon_mark_of_nurgle_7.png		0	1		0	
wh3_dlc29_marks_of_nurgle_7_level_3	wh3_dlc29_marks_of_nurgle_7_level_3	-1			UI\skins\default\dlc29_chs_blessings_of_nurgle\marks\icon_mark_of_nurgle_7.png		0	1		0	
wh3_main_character_initiative_kairos_spells_common_1_beast	wh3_main_character_initiative_kairos_spells_common_1_beast	-1			UI\skins\default\path_to_glory\boon_background_image_tzeentch.png		0	0		0	
wh3_main_character_initiative_kairos_spells_common_1_death	wh3_main_character_initiative_kairos_spells_common_1_death	-1			UI\skins\default\path_to_glory\boon_background_image_tzeentch.png		0	0		0	
wh3_main_character_initiative_kairos_spells_common_1_fire	wh3_main_character_initiative_kairos_spells_common_1_fire	-1			UI\skins\default\path_to_glory\boon_background_image_tzeentch.png		0	0		0	
wh3_main_character_initiative_kairos_spells_common_1_heavens	wh3_main_character_initiative_kairos_spells_common_1_heavens	-1			UI\skins\default\path_to_glory\boon_background_image_tzeentch.png		0	0		0	
wh3_main_character_initiative_kairos_spells_common_1_life	wh3_main_character_initiative_kairos_spells_common_1_life	-1			UI\skins\default\path_to_glory\boon_background_image_tzeentch.png		0	0		0	
wh3_main_character_initiative_kairos_spells_common_1_light	wh3_main_character_initiative_kairos_spells_common_1_light	-1			UI\skins\default\path_to_glory\boon_background_image_tzeentch.png		0	0		0	
wh3_main_character_initiative_kairos_spells_common_1_metal	wh3_main_character_initiative_kairos_spells_common_1_metal	-1			UI\skins\default\path_to_glory\boon_background_image_tzeentch.png		0	0		0	
wh3_main_character_initiative_kairos_spells_common_1_shadows	wh3_main_character_initiative_kairos_spells_common_1_shadows	-1			UI\skins\default\path_to_glory\boon_background_image_tzeentch.png		0	0		0	
wh3_main_character_initiative_kairos_spells_common_1_tzeentch	wh3_main_character_initiative_kairos_spells_common_1_tzeentch	-1			UI\skins\default\path_to_glory\boon_background_image_tzeentch.png		0	0		0	
wh3_main_character_initiative_kairos_spells_common_2_beast	wh3_main_character_initiative_kairos_spells_common_2_beast	-1			UI\skins\default\path_to_glory\boon_background_image_tzeentch.png		0	0		0	
wh3_main_character_initiative_kairos_spells_common_2_death	wh3_main_character_initiative_kairos_spells_common_2_death	-1			UI\skins\default\path_to_glory\boon_background_image_tzeentch.png		0	0		0	
wh3_main_character_initiative_kairos_spells_common_2_fire	wh3_main_character_initiative_kairos_spells_common_2_fire	-1			UI\skins\default\path_to_glory\boon_background_image_tzeentch.png		0	0		0	
wh3_main_character_initiative_kairos_spells_common_2_heavens	wh3_main_character_initiative_kairos_spells_common_2_heavens	-1			UI\skins\default\path_to_glory\boon_background_image_tzeentch.png		0	0		0	
wh3_main_character_initiative_kairos_spells_common_2_life	wh3_main_character_initiative_kairos_spells_common_2_life	-1			UI\skins\default\path_to_glory\boon_background_image_tzeentch.png		0	0		0	
wh3_main_character_initiative_kairos_spells_common_2_light	wh3_main_character_initiative_kairos_spells_common_2_light	-1			UI\skins\default\path_to_glory\boon_background_image_tzeentch.png		0	0		0	
wh3_main_character_initiative_kairos_spells_common_2_metal	wh3_main_character_initiative_kairos_spells_common_2_metal	-1			UI\skins\default\path_to_glory\boon_background_image_tzeentch.png		0	0		0	
wh3_main_character_initiative_kairos_spells_common_2_shadows	wh3_main_character_initiative_kairos_spells_common_2_shadows	-1			UI\skins\default\path_to_glory\boon_background_image_tzeentch.png		0	0		0	
wh3_main_character_initiative_kairos_spells_common_2_tzeentch	wh3_main_character_initiative_kairos_spells_common_2_tzeentch	-1			UI\skins\default\path_to_glory\boon_background_image_tzeentch.png		0	0		0	
wh3_main_character_initiative_kairos_spells_rare_1_beast	wh3_main_character_initiative_kairos_spells_rare_1_beast	-1			UI\skins\default\path_to_glory\boon_background_image_tzeentch.png		0	0		0	
wh3_main_character_initiative_kairos_spells_rare_1_death	wh3_main_character_initiative_kairos_spells_rare_1_death	-1			UI\skins\default\path_to_glory\boon_background_image_tzeentch.png		0	0		0	
wh3_main_character_initiative_kairos_spells_rare_1_fire	wh3_main_character_initiative_kairos_spells_rare_1_fire	-1			UI\skins\default\path_to_glory\boon_background_image_tzeentch.png		0	0		0	
wh3_main_character_initiative_kairos_spells_rare_1_heavens	wh3_main_character_initiative_kairos_spells_rare_1_heavens	-1			UI\skins\default\path_to_glory\boon_background_image_tzeentch.png		0	0		0	
wh3_main_character_initiative_kairos_spells_rare_1_life	wh3_main_character_initiative_kairos_spells_rare_1_life	-1			UI\skins\default\path_to_glory\boon_background_image_tzeentch.png		0	0		0	
wh3_main_character_initiative_kairos_spells_rare_1_light	wh3_main_character_initiative_kairos_spells_rare_1_light	-1			UI\skins\default\path_to_glory\boon_background_image_tzeentch.png		0	0		0	
wh3_main_character_initiative_kairos_spells_rare_1_metal	wh3_main_character_initiative_kairos_spells_rare_1_metal	-1			UI\skins\default\path_to_glory\boon_background_image_tzeentch.png		0	0		0	
wh3_main_character_initiative_kairos_spells_rare_1_shadows	wh3_main_character_initiative_kairos_spells_rare_1_shadows	-1			UI\skins\default\path_to_glory\boon_background_image_tzeentch.png		0	0		0	
wh3_main_character_initiative_kairos_spells_rare_1_tzeentch	wh3_main_character_initiative_kairos_spells_rare_1_tzeentch	-1			UI\skins\default\path_to_glory\boon_background_image_tzeentch.png		0	0		0	
wh3_main_character_initiative_kairos_spells_rare_2_beast	wh3_main_character_initiative_kairos_spells_rare_2_beast	-1			UI\skins\default\path_to_glory\boon_background_image_tzeentch.png		0	0		0	
wh3_main_character_initiative_kairos_spells_rare_2_death	wh3_main_character_initiative_kairos_spells_rare_2_death	-1			UI\skins\default\path_to_glory\boon_background_image_tzeentch.png		0	0		0	
wh3_main_character_initiative_kairos_spells_rare_2_fire	wh3_main_character_initiative_kairos_spells_rare_2_fire	-1			UI\skins\default\path_to_glory\boon_background_image_tzeentch.png		0	0		0	
wh3_main_character_initiative_kairos_spells_rare_2_heavens	wh3_main_character_initiative_kairos_spells_rare_2_heavens	-1			UI\skins\default\path_to_glory\boon_background_image_tzeentch.png		0	0		0	
wh3_main_character_initiative_kairos_spells_rare_2_life	wh3_main_character_initiative_kairos_spells_rare_2_life	-1			UI\skins\default\path_to_glory\boon_background_image_tzeentch.png		0	0		0	
wh3_main_character_initiative_kairos_spells_rare_2_light	wh3_main_character_initiative_kairos_spells_rare_2_light	-1			UI\skins\default\path_to_glory\boon_background_image_tzeentch.png		0	0		0	
wh3_main_character_initiative_kairos_spells_rare_2_metal	wh3_main_character_initiative_kairos_spells_rare_2_metal	-1			UI\skins\default\path_to_glory\boon_background_image_tzeentch.png		0	0		0	
wh3_main_character_initiative_kairos_spells_rare_2_shadows	wh3_main_character_initiative_kairos_spells_rare_2_shadows	-1			UI\skins\default\path_to_glory\boon_background_image_tzeentch.png		0	0		0	
wh3_main_character_initiative_kairos_spells_rare_2_tzeentch	wh3_main_character_initiative_kairos_spells_rare_2_tzeentch	-1			UI\skins\default\path_to_glory\boon_background_image_tzeentch.png		0	0		0	
wh3_main_character_initiative_kairos_spells_uncommon_1_beast	wh3_main_character_initiative_kairos_spells_uncommon_1_beast	-1			UI\skins\default\path_to_glory\boon_background_image_tzeentch.png		0	0		0	
wh3_main_character_initiative_kairos_spells_uncommon_1_death	wh3_main_character_initiative_kairos_spells_uncommon_1_death	-1			UI\skins\default\path_to_glory\boon_background_image_tzeentch.png		0	0		0	
wh3_main_character_initiative_kairos_spells_uncommon_1_fire	wh3_main_character_initiative_kairos_spells_uncommon_1_fire	-1			UI\skins\default\path_to_glory\boon_background_image_tzeentch.png		0	0		0	
wh3_main_character_initiative_kairos_spells_uncommon_1_heavens	wh3_main_character_initiative_kairos_spells_uncommon_1_heavens	-1			UI\skins\default\path_to_glory\boon_background_image_tzeentch.png		0	0		0	
wh3_main_character_initiative_kairos_spells_uncommon_1_life	wh3_main_character_initiative_kairos_spells_uncommon_1_life	-1			UI\skins\default\path_to_glory\boon_background_image_tzeentch.png		0	0		0	
wh3_main_character_initiative_kairos_spells_uncommon_1_light	wh3_main_character_initiative_kairos_spells_uncommon_1_light	-1			UI\skins\default\path_to_glory\boon_background_image_tzeentch.png		0	0		0	
wh3_main_character_initiative_kairos_spells_uncommon_1_metal	wh3_main_character_initiative_kairos_spells_uncommon_1_metal	-1			UI\skins\default\path_to_glory\boon_background_image_tzeentch.png		0	0		0	
wh3_main_character_initiative_kairos_spells_uncommon_1_shadows	wh3_main_character_initiative_kairos_spells_uncommon_1_shadows	-1			UI\skins\default\path_to_glory\boon_background_image_tzeentch.png		0	0		0	
wh3_main_character_initiative_kairos_spells_uncommon_1_tzeentch	wh3_main_character_initiative_kairos_spells_uncommon_1_tzeentch	-1			UI\skins\default\path_to_glory\boon_background_image_tzeentch.png		0	0		0	
wh3_main_character_initiative_kairos_spells_uncommon_2_beast	wh3_main_character_initiative_kairos_spells_uncommon_2_beast	-1			UI\skins\default\path_to_glory\boon_background_image_tzeentch.png		0	0		0	
wh3_main_character_initiative_kairos_spells_uncommon_2_death	wh3_main_character_initiative_kairos_spells_uncommon_2_death	-1			UI\skins\default\path_to_glory\boon_background_image_tzeentch.png		0	0		0	
wh3_main_character_initiative_kairos_spells_uncommon_2_fire	wh3_main_character_initiative_kairos_spells_uncommon_2_fire	-1			UI\skins\default\path_to_glory\boon_background_image_tzeentch.png		0	0		0	
wh3_main_character_initiative_kairos_spells_uncommon_2_heavens	wh3_main_character_initiative_kairos_spells_uncommon_2_heavens	-1			UI\skins\default\path_to_glory\boon_background_image_tzeentch.png		0	0		0	
wh3_main_character_initiative_kairos_spells_uncommon_2_life	wh3_main_character_initiative_kairos_spells_uncommon_2_life	-1			UI\skins\default\path_to_glory\boon_background_image_tzeentch.png		0	0		0	
wh3_main_character_initiative_kairos_spells_uncommon_2_light	wh3_main_character_initiative_kairos_spells_uncommon_2_light	-1			UI\skins\default\path_to_glory\boon_background_image_tzeentch.png		0	0		0	
wh3_main_character_initiative_kairos_spells_uncommon_2_metal	wh3_main_character_initiative_kairos_spells_uncommon_2_metal	-1			UI\skins\default\path_to_glory\boon_background_image_tzeentch.png		0	0		0	
wh3_main_character_initiative_kairos_spells_uncommon_2_shadows	wh3_main_character_initiative_kairos_spells_uncommon_2_shadows	-1			UI\skins\default\path_to_glory\boon_background_image_tzeentch.png		0	0		0	
wh3_main_character_initiative_kairos_spells_uncommon_2_tzeentch	wh3_main_character_initiative_kairos_spells_uncommon_2_tzeentch	-1			UI\skins\default\path_to_glory\boon_background_image_tzeentch.png		0	0		0	
wh3_main_character_initiative_ogr_big_name_arsebelcher	wh3_main_character_initiative_ogr_big_name_arsebelcher	-1			UI\Campaign UI\ogre_big_names\bigname_fightingchaos.png		0	0		0	
wh3_main_character_initiative_ogr_big_name_beastkiller	wh3_main_character_initiative_ogr_big_name_beastkiller	-1			UI\Campaign UI\ogre_big_names\bigname_hunter.png		0	0		0	
wh3_main_character_initiative_ogr_big_name_beastrider	wh3_main_character_initiative_ogr_big_name_beastrider	-1			UI\Campaign UI\ogre_big_names\bigname_hunter.png		0	0		0	
wh3_main_character_initiative_ogr_big_name_bellyslapper	wh3_main_character_initiative_ogr_big_name_bellyslapper	-1			UI\Campaign UI\ogre_big_names\bigname_mountain.png		0	0		0	
wh3_main_character_initiative_ogr_big_name_bigbellower	wh3_main_character_initiative_ogr_big_name_bigbellower	-1			UI\Campaign UI\ogre_big_names\bigname_mountain.png		0	0		0	
wh3_main_character_initiative_ogr_big_name_bonechewer	wh3_main_character_initiative_ogr_big_name_bonechewer	-1			UI\Campaign UI\ogre_big_names\bigname_generic.png		0	0		0	
wh3_main_character_initiative_ogr_big_name_boommaker	wh3_main_character_initiative_ogr_big_name_boommaker	-1			UI\Campaign UI\ogre_big_names\bigname_siege.png		0	0		0	
wh3_main_character_initiative_ogr_big_name_brawlerguts	wh3_main_character_initiative_ogr_big_name_brawlerguts	-1			UI\Campaign UI\ogre_big_names\bigname_melee.png		0	0		0	
wh3_main_character_initiative_ogr_big_name_campmaker	wh3_main_character_initiative_ogr_big_name_campmaker	-1			UI\Campaign UI\ogre_big_names\bigname_tyrant.png		0	0		0	
wh3_main_character_initiative_ogr_big_name_chaos_slayer	wh3_main_character_initiative_ogr_big_name_chaos_slayer	-1			UI\Campaign UI\ogre_big_names\bigname_fightingchaos.png		0	0		0	
wh3_main_character_initiative_ogr_big_name_daemonbreaker	wh3_main_character_initiative_ogr_big_name_daemonbreaker	-1			UI\Campaign UI\ogre_big_names\bigname_fightingchaos.png		0	0		0	
wh3_main_character_initiative_ogr_big_name_deathcheater	wh3_main_character_initiative_ogr_big_name_deathcheater	-1			UI\Campaign UI\ogre_big_names\bigname_melee.png		0	0		0	
wh3_main_character_initiative_ogr_big_name_dwarfsquasher	wh3_main_character_initiative_ogr_big_name_dwarfsquasher	-1			UI\Campaign UI\ogre_big_names\bigname_gold.png		0	0		0	
wh3_main_character_initiative_ogr_big_name_elfmulcher	wh3_main_character_initiative_ogr_big_name_elfmulcher	-1			UI\Campaign UI\ogre_big_names\bigname_melee.png		0	0		0	
wh3_main_character_initiative_ogr_big_name_giantbreaker	wh3_main_character_initiative_ogr_big_name_giantbreaker	-1			UI\Campaign UI\ogre_big_names\bigname_fightingchaos.png		0	0		0	
wh3_main_character_initiative_ogr_big_name_gnoblarkicker	wh3_main_character_initiative_ogr_big_name_gnoblarkicker	-1			UI\Campaign UI\ogre_big_names\bigname_generic.png		0	0		0	
wh3_main_character_initiative_ogr_big_name_goldhoarder	wh3_main_character_initiative_ogr_big_name_goldhoarder	-1			UI\Campaign UI\ogre_big_names\bigname_gold.png		0	0		0	
wh3_main_character_initiative_ogr_big_name_grandfeaster	wh3_main_character_initiative_ogr_big_name_grandfeaster	-1			UI\Campaign UI\ogre_big_names\bigname_siege.png		0	0		0	
wh3_main_character_initiative_ogr_big_name_greasus_gatecrasher	wh3_main_character_initiative_ogr_big_name_greasus_gatecrasher	-1			UI\Campaign UI\ogre_big_names\bigname_siege.png		0	0		0	
wh3_main_character_initiative_ogr_big_name_greasus_hoardmaster	wh3_main_character_initiative_ogr_big_name_greasus_hoardmaster	-1			UI\Campaign UI\ogre_big_names\bigname_gold.png		0	0		0	
wh3_main_character_initiative_ogr_big_name_greasus_shockingly_obese	wh3_main_character_initiative_ogr_big_name_greasus_shockingly_obese	-1			UI\Campaign UI\ogre_big_names\bigname_generic.png		0	0		0	
wh3_main_character_initiative_ogr_big_name_greasus_tradelord	wh3_main_character_initiative_ogr_big_name_greasus_tradelord	-1			UI\Campaign UI\ogre_big_names\bigname_mountain.png		0	0		0	
wh3_main_character_initiative_ogr_big_name_groundbreaker	wh3_main_character_initiative_ogr_big_name_groundbreaker	-1			UI\Campaign UI\ogre_big_names\bigname_tyrant.png		0	0		0	
wh3_main_character_initiative_ogr_big_name_gutcrusher	wh3_main_character_initiative_ogr_big_name_gutcrusher	-1			UI\Campaign UI\ogre_big_names\bigname_melee.png		0	0		0	
wh3_main_character_initiative_ogr_big_name_kineater	wh3_main_character_initiative_ogr_big_name_kineater	-1			UI\Campaign UI\ogre_big_names\bigname_gold.png		0	0		0	
wh3_main_character_initiative_ogr_big_name_lizardstrangler	wh3_main_character_initiative_ogr_big_name_lizardstrangler	-1			UI\Campaign UI\ogre_big_names\bigname_generic.png		0	0		0	
wh3_main_character_initiative_ogr_big_name_longstrider_bruiser	wh3_main_character_initiative_ogr_big_name_longstrider_bruiser	-1			UI\Campaign UI\ogre_big_names\bigname_mountain.png		0	0		0	
wh3_main_character_initiative_ogr_big_name_longstrider_butcher	wh3_main_character_initiative_ogr_big_name_longstrider_butcher	-1			UI\Campaign UI\ogre_big_names\bigname_mountain.png		0	0		0	
wh3_main_character_initiative_ogr_big_name_longstrider_firebelly	wh3_main_character_initiative_ogr_big_name_longstrider_firebelly	-1			UI\Campaign UI\ogre_big_names\bigname_mountain.png		0	0		0	
wh3_main_character_initiative_ogr_big_name_longstrider_hunter	wh3_main_character_initiative_ogr_big_name_longstrider_hunter	-1			UI\Campaign UI\ogre_big_names\bigname_mountain.png		0	0		0	
wh3_main_character_initiative_ogr_big_name_magichunter	wh3_main_character_initiative_ogr_big_name_magichunter	-1			UI\Campaign UI\ogre_big_names\bigname_generic.png		0	0		0	
wh3_main_character_initiative_ogr_big_name_maneater	wh3_main_character_initiative_ogr_big_name_maneater	-1			UI\Campaign UI\ogre_big_names\bigname_siege.png		0	0		0	
wh3_main_character_initiative_ogr_big_name_mawseeker	wh3_main_character_initiative_ogr_big_name_mawseeker	-1			UI\Campaign UI\ogre_big_names\bigname_tyrant.png		0	0		0	
wh3_main_character_initiative_ogr_big_name_mountaineater	wh3_main_character_initiative_ogr_big_name_mountaineater	-1			UI\Campaign UI\ogre_big_names\bigname_hunter.png		0	0		0	
wh3_main_character_initiative_ogr_big_name_mountaintalker	wh3_main_character_initiative_ogr_big_name_mountaintalker	-1			UI\Campaign UI\ogre_big_names\bigname_mountain.png		0	0		0	
wh3_main_character_initiative_ogr_big_name_ogrekiller	wh3_main_character_initiative_ogr_big_name_ogrekiller	-1			UI\Campaign UI\ogre_big_names\bigname_melee.png		0	0		0	
wh3_main_character_initiative_ogr_big_name_orcsplitter	wh3_main_character_initiative_ogr_big_name_orcsplitter	-1			UI\Campaign UI\ogre_big_names\bigname_melee.png		0	0		0	
wh3_main_character_initiative_ogr_big_name_ratkiller	wh3_main_character_initiative_ogr_big_name_ratkiller	-1			UI\Campaign UI\ogre_big_names\bigname_melee.png		0	0		0	
wh3_main_character_initiative_ogr_big_name_skrag_ever_famished	wh3_main_character_initiative_ogr_big_name_skrag_ever_famished	-1			UI\Campaign UI\ogre_big_names\bigname_tyrant.png		0	0		0	
wh3_main_character_initiative_ogr_big_name_skrag_gore_harvester	wh3_main_character_initiative_ogr_big_name_skrag_gore_harvester	-1			UI\Campaign UI\ogre_big_names\bigname_melee.png		0	0		0	
wh3_main_character_initiative_ogr_big_name_skrag_maw_that_walks	wh3_main_character_initiative_ogr_big_name_skrag_maw_that_walks	-1			UI\Campaign UI\ogre_big_names\bigname_generic.png		0	0		0	
wh3_main_character_initiative_ogr_big_name_skrag_world_swallower	wh3_main_character_initiative_ogr_big_name_skrag_world_swallower	-1			UI\Campaign UI\ogre_big_names\bigname_mountain.png		0	0		0	
wh3_main_character_initiative_ogr_big_name_staydeader	wh3_main_character_initiative_ogr_big_name_staydeader	-1			UI\Campaign UI\ogre_big_names\bigname_melee.png		0	0		0	
wh3_main_character_initiative_ogr_big_name_wallcrusher	wh3_main_character_initiative_ogr_big_name_wallcrusher	-1			UI\Campaign UI\ogre_big_names\bigname_siege.png		0	0		0	
wh3_pro11_character_initiative_chs_harald_hammerstorm_01	wh3_pro11_character_initiative_chs_harald_hammerstorm_01	-1			UI\skins\default\path_to_glory\boon_background_image_undivided.png		0	0		0	
wh3_pro11_character_initiative_chs_harald_hammerstorm_02	wh3_pro11_character_initiative_chs_harald_hammerstorm_02	-1			UI\skins\default\path_to_glory\boon_background_image_undivided.png		0	0		0	
wh3_pro11_character_initiative_chs_harald_hammerstorm_03	wh3_pro11_character_initiative_chs_harald_hammerstorm_03	-1			UI\skins\default\path_to_glory\boon_background_image_undivided.png		0	0		0	
