key	model_id	building_bmd	port_bmd	construction_bmd	damaged_bmd	destroyed_bmd	port_construction_bmd	port_walled_bmd	wall_bmd	on_sea_bmd	devastated_bmd	devastated_occupied_bmd
#campaign_settlement_display_buildings_tables;8;db/campaign_settlement_display_buildings_tables/data__												
1001285647	wh3_dlc23_chd_settlement_outpost_2	prefabs/campaign/chd_outpost_02.bmd	prefabs/campaign/chd_outpost_02.bmd	prefabs\campaign\construction_minor.bmd	prefabs\campaign\damage_effect.bmd	prefabs\campaign\destroyed_effect.bmd	prefabs\campaign\construction_minor.bmd	prefabs/campaign/chd_outpost_02.bmd	prefabs/campaign/chd_outpost_02.bmd		prefabs/campaign/cwb_gen_camp_devastated.bmd	prefabs/campaign/cwb_gen_camp_devastated_resource.bmd
1003916721	wh2_main_building_skv_settlement_hellpit_5	prefabs\campaign\skv_hellpit_05.bmd	prefabs\campaign\skv_hellpit_05.bmd	prefabs\campaign\construction_minor_large.bmd	prefabs\campaign\damage_effect.bmd	prefabs\campaign\destroyed_effect.bmd	prefabs\campaign\construction_minor.bmd	prefabs\campaign\skv_hellpit_05.bmd	prefabs\campaign\skv_hellpit_05.bmd		prefabs/campaign/cwb_gen_camp_devastated.bmd	prefabs/campaign/cwb_gen_camp_devastated_resource.bmd
1012209927	wh2_dlc09_special_settlement_pyramid_of_nagash_lzd_4	prefabs/campaign/tmb_blackpyramid_04.bmd	prefabs/campaign/tmb_major_port_04.bmd	prefabs\campaign\construction_minor_large.bmd	prefabs\campaign\damage_effect.bmd	prefabs\campaign\destroyed_effect.bmd	prefabs\campaign\construction_minor.bmd	prefabs/campaign/tmb_major_port_04.bmd	prefabs/campaign/tmb_blackpyramid_04.bmd		prefabs/campaign/cwb_gen_camp_devastated.bmd	prefabs/campaign/cwb_gen_camp_devastated_resource.bmd
1015998092	wh2_dlc12_dummy_nuclear_ruins_human	prefabs\campaign\human_settlement_ruin_nuked.bmd	prefabs\campaign\human_settlement_port_ruin_nuked.bmd					prefabs\campaign\human_settlement_port_ruin_nuked.bmd	prefabs\campaign\human_settlement_ruin_nuked.bmd		prefabs/campaign/cwb_gen_camp_devastated.bmd	prefabs/campaign/cwb_gen_camp_devastated_resource.bmd
1027860412	wh2_dlc11_special_galleons_graveyard	prefabs/campaign/cst_galleon_graveyard.bmd	prefabs/campaign/cst_galleon_graveyard.bmd	prefabs\campaign\construction_minor.bmd	prefabs\campaign\damage_effect.bmd	prefabs\campaign\destroyed_effect.bmd	prefabs\campaign\construction_minor.bmd	prefabs/campaign/cst_galleon_graveyard.bmd	prefabs/campaign/cst_galleon_graveyard.bmd		prefabs/campaign/cwb_gen_camp_devastated.bmd	prefabs/campaign/cwb_gen_camp_devastated_resource.bmd
1032590429	wh3_main_nur_settlement_minor_3	prefabs/campaign/chs_minor_nur_03.bmd	prefabs/campaign/chs_port_minor_nur_03.bmd	prefabs\campaign\construction_minor_large.bmd	prefabs\campaign\damage_effect.bmd	prefabs\campaign\destroyed_effect.bmd	prefabs\campaign\construction_minor.bmd	prefabs/campaign/chs_port_minor_nur_04.bmd	prefabs/campaign/chs_minor_nur_04.bmd		prefabs/campaign/cwb_gen_camp_devastated.bmd	prefabs/campaign/cwb_gen_camp_devastated_resource.bmd
1034330105	wh2_dlc09_special_settlement_pyramid_of_nagash_brt_5	prefabs/campaign/tmb_blackpyramid_05.bmd	prefabs/campaign/tmb_major_port_05.bmd	prefabs\campaign\construction_minor_large.bmd	prefabs\campaign\damage_effect.bmd	prefabs\campaign\destroyed_effect.bmd	prefabs\campaign\construction_minor.bmd	prefabs/campaign/tmb_major_port_05.bmd	prefabs/campaign/tmb_blackpyramid_05.bmd		prefabs/campaign/cwb_gen_camp_devastated.bmd	prefabs/campaign/cwb_gen_camp_devastated_resource.bmd
1043444287	wh2_dlc13_building_lzd_horde_settlement_major_2	prefabs\campaign\lzd_horde_major_2.bmd										
1053657990	wh3_dlc25_dwarf_spirit_of_grungni_airship_hull_2	prefabs\campaign\dwarf_encampment.bmd										
1055878205	wh3_dlc29_special_settlement_garden_of_nurgle_3	prefabs/campaign/chs_major_nurgle_garden_03.bmd	prefabs/campaign/chs_major_nurgle_garden_port_03.bmd	prefabs\campaign\construction_minor_large.bmd	prefabs\campaign\damage_effect.bmd	prefabs\campaign\destroyed_effect.bmd	prefabs\campaign\construction_minor.bmd	prefabs/campaign/chs_major_nurgle_garden_port_03.bmd	prefabs/campaign/chs_major_nurgle_garden_03.bmd		prefabs/campaign/cwb_gen_camp_devastated.bmd	prefabs/campaign/cwb_gen_camp_devastated_resource.bmd
10645472	wh3_main_tze_settlement_major_1	prefabs/campaign/chs_major_tze_01.bmd	prefabs/campaign/chs_port_major_tze_01.bmd	prefabs\campaign\construction_minor_large.bmd	prefabs\campaign\damage_effect.bmd	prefabs\campaign\destroyed_effect.bmd	prefabs\campaign\construction_minor.bmd	prefabs/campaign/chs_port_major_tze_01.bmd	prefabs/campaign/chs_major_tze_01.bmd		prefabs/campaign/cwb_gen_camp_devastated.bmd	prefabs/campaign/cwb_gen_camp_devastated_resource.bmd
1067977573	wh3_main_ksl_kislev_city_1	prefabs/campaign/ksl_ice_palace_01.bmd	prefabs/campaign/ksl_port_major_01.bmd	prefabs\campaign\construction_minor_large.bmd	prefabs\campaign\damage_effect.bmd	prefabs\campaign\destroyed_effect.bmd	prefabs\campaign\construction_minor.bmd	prefabs/campaign/ksl_port_major_01.bmd	prefabs/campaign/ksl_ice_palace_01.bmd		prefabs/campaign/cwb_gen_camp_devastated.bmd	prefabs/campaign/cwb_gen_camp_devastated_resource.bmd
1074557006	wh2_dlc09_special_settlement_pyramid_of_nagash_lzd_3	prefabs/campaign/tmb_blackpyramid_03.bmd	prefabs/campaign/tmb_major_port_03.bmd	prefabs\campaign\construction_minor_large.bmd	prefabs\campaign\damage_effect.bmd	prefabs\campaign\destroyed_effect.bmd	prefabs\campaign\construction_minor.bmd	prefabs/campaign/tmb_major_port_03.bmd	prefabs/campaign/tmb_blackpyramid_03.bmd		prefabs/campaign/cwb_gen_camp_devastated.bmd	prefabs/campaign/cwb_gen_camp_devastated_resource.bmd
1079045133	wh2_dlc09_special_settlement_pyramid_of_nagash_grn_3	prefabs/campaign/tmb_blackpyramid_03.bmd	prefabs/campaign/tmb_major_port_03.bmd	prefabs\campaign\construction_minor_large.bmd	prefabs\campaign\damage_effect.bmd	prefabs\campaign\destroyed_effect.bmd	prefabs\campaign\construction_minor.bmd	prefabs/campaign/tmb_major_port_03.bmd	prefabs/campaign/tmb_blackpyramid_03.bmd		prefabs/campaign/cwb_gen_camp_devastated.bmd	prefabs/campaign/cwb_gen_camp_devastated_resource.bmd
1088304276	wh3_main_cth_bastion_primary_ruin	prefabs\campaign\cth_bastion_gate_ruin.bmd	prefabs\campaign\cth_bastion_gate_ruin.bmd	prefabs\campaign\construction_minor_large.bmd	prefabs\campaign\damage_effect.bmd	prefabs\campaign\destroyed_effect.bmd	prefabs\campaign\construction_minor.bmd	prefabs\campaign\cth_bastion_gate_ruin.bmd	prefabs\campaign\cth_bastion_gate_ruin.bmd		prefabs/campaign/cwb_gen_camp_devastated.bmd	prefabs/campaign/cwb_gen_camp_devastated_resource.bmd
1094916265	wh2_dlc17_bst_settlement_major_5	prefabs\campaign\wef_oak_of_ages_05.bmd	prefabs\campaign\wef_oak_of_ages_05.bmd	prefabs\campaign\construction_minor.bmd	prefabs\campaign\damage_effect.bmd	prefabs\campaign\destroyed_effect.bmd	prefabs\campaign\construction_minor.bmd	prefabs\campaign\wef_oak_of_ages_05.bmd	prefabs\campaign\wef_oak_of_ages_05.bmd		prefabs\campaign\wef_oak_of_ages_ruin_01.bmd	prefabs\campaign\wef_oak_of_ages_ruin_01.bmd
1096407400	wh3_main_tze_settlement_minor_2	prefabs/campaign/chs_minor_tze_02.bmd	prefabs/campaign/chs_port_minor_tze_02.bmd	prefabs\campaign\construction_minor_large.bmd	prefabs\campaign\damage_effect.bmd	prefabs\campaign\destroyed_effect.bmd	prefabs\campaign\construction_minor.bmd	prefabs/campaign/chs_port_minor_tze_04.bmd	prefabs/campaign/chs_minor_tze_04.bmd		prefabs/campaign/cwb_gen_camp_devastated.bmd	prefabs/campaign/cwb_gen_camp_devastated_resource.bmd
1100073688	wh3_main_sla_settlement_major_2	prefabs/campaign/chs_major_sla_02.bmd	prefabs/campaign/chs_port_major_sla_02.bmd	prefabs\campaign\construction_minor_large.bmd	prefabs\campaign\damage_effect.bmd	prefabs\campaign\destroyed_effect.bmd	prefabs\campaign\construction_minor.bmd	prefabs/campaign/chs_port_major_sla_02.bmd	prefabs/campaign/chs_major_sla_02.bmd		prefabs/campaign/cwb_gen_camp_devastated.bmd	prefabs/campaign/cwb_gen_camp_devastated_resource.bmd
1102674497	wh2_dlc17_bst_settlement_major_1	prefabs\campaign\wef_oak_of_ages_01.bmd	prefabs\campaign\wef_oak_of_ages_01.bmd	prefabs\campaign\construction_minor.bmd	prefabs\campaign\damage_effect.bmd	prefabs\campaign\destroyed_effect.bmd	prefabs\campaign\construction_minor.bmd	prefabs\campaign\wef_oak_of_ages_01.bmd	prefabs\campaign\wef_oak_of_ages_01.bmd		prefabs\campaign\wef_oak_of_ages_ruin_01.bmd	prefabs\campaign\wef_oak_of_ages_ruin_01.bmd
1111129797	wh3_main_ogr_camp_town_centre_3	prefabs\campaign\ogr_horde_settlement_3.bmd										
1125295081	wh2_dlc11_vampirecoast_settlement_major_2	prefabs/campaign/vampire_coast_port_major_2.bmd	prefabs/campaign/vampire_coast_port_major_2.bmd	prefabs\campaign\construction_minor.bmd	prefabs\campaign\damage_effect.bmd	prefabs\campaign\destroyed_effect.bmd	prefabs\campaign\construction_minor.bmd	prefabs/campaign/vampire_coast_port_major_2.bmd	prefabs/campaign/vampire_coast_port_major_2.bmd		prefabs/campaign/cwb_gen_camp_devastated.bmd	prefabs/campaign/cwb_gen_camp_devastated_resource.bmd
113693374	wh3_dlc29_special_settlement_middenheim_2_emp	prefabs/campaign/empire_town_middenheim_01.bmd	prefabs\campaign\empire_port_major_2.bmd	prefabs\campaign\construction_minor_large.bmd	prefabs\campaign\damage_effect.bmd	prefabs\campaign\destroyed_effect.bmd	prefabs\campaign\construction_minor.bmd	prefabs\campaign\empire_port_major_2.bmd	prefabs/campaign/empire_town_middenheim_01.bmd		prefabs/campaign/cwb_gen_camp_devastated.bmd	prefabs/campaign/cwb_gen_camp_devastated_resource.bmd
1143701158	wh3_main_tze_settlement_major_5	prefabs/campaign/chs_major_tze_05.bmd	prefabs/campaign/chs_port_major_tze_05.bmd	prefabs\campaign\construction_minor_large.bmd	prefabs\campaign\damage_effect.bmd	prefabs\campaign\destroyed_effect.bmd	prefabs\campaign\construction_minor.bmd	prefabs/campaign/chs_port_major_tze_05.bmd	prefabs/campaign/chs_major_tze_05.bmd		prefabs/campaign/cwb_gen_camp_devastated.bmd	prefabs/campaign/cwb_gen_camp_devastated_resource.bmd
1147495996	wh2_dlc09_special_settlement_pyramid_of_nagash_lzd_1	prefabs/campaign/tmb_blackpyramid_01.bmd	prefabs/campaign/tmb_major_port_01.bmd	prefabs\campaign\construction_minor_large.bmd	prefabs\campaign\damage_effect.bmd	prefabs\campaign\destroyed_effect.bmd	prefabs\campaign\construction_minor.bmd	prefabs/campaign/tmb_major_port_01.bmd	prefabs/campaign/tmb_blackpyramid_01.bmd		prefabs/campaign/cwb_gen_camp_devastated.bmd	prefabs/campaign/cwb_gen_camp_devastated_resource.bmd
1148085323	wh2_dlc12_dummy_nuclear_ruins_lizardmen	prefabs\campaign\lzd_settlement_ruin_nuked.bmd	prefabs\campaign\lzd_settlement_port_ruin_nuked.bmd					prefabs\campaign\lzd_settlement_port_ruin_nuked.bmd	prefabs\campaign\lzd_settlement_ruin_nuked.bmd		prefabs/campaign/cwb_gen_camp_devastated.bmd	prefabs/campaign/cwb_gen_camp_devastated_resource.bmd
114825217	wh2_dlc09_special_settlement_pyramid_of_nagash_vmp_5	prefabs/campaign/tmb_blackpyramid_05.bmd	prefabs/campaign/tmb_major_port_05.bmd	prefabs\campaign\construction_minor_large.bmd	prefabs\campaign\damage_effect.bmd	prefabs\campaign\destroyed_effect.bmd	prefabs\campaign\construction_minor.bmd	prefabs/campaign/tmb_major_port_05.bmd	prefabs/campaign/tmb_blackpyramid_05.bmd		prefabs/campaign/cwb_gen_camp_devastated.bmd	prefabs/campaign/cwb_gen_camp_devastated_resource.bmd
1149244811	wh3_main_dae_settlement_major_3	prefabs/campaign/chs_major_03.bmd	prefabs/campaign/chs_port_major_03.bmd	prefabs\campaign\construction_minor_large.bmd	prefabs\campaign\damage_effect.bmd	prefabs\campaign\destroyed_effect.bmd	prefabs\campaign\construction_minor.bmd	prefabs/campaign/chs_port_major_03.bmd	prefabs/campaign/chs_major_03.bmd		prefabs/campaign/cwb_gen_camp_devastated.bmd	prefabs/campaign/cwb_gen_camp_devastated_resource.bmd
115255614	wh3_main_building_ksl_settlement_minor_3	prefabs/campaign/ksl_minor_03.bmd	prefabs/campaign/ksl_port_minor_03.bmd	prefabs\campaign\construction_minor_large.bmd	prefabs\campaign\damage_effect.bmd	prefabs\campaign\destroyed_effect.bmd	prefabs\campaign\construction_minor.bmd	prefabs/campaign/ksl_port_minor_04.bmd	prefabs/campaign/ksl_minor_04.bmd		prefabs/campaign/cwb_gen_camp_devastated.bmd	prefabs/campaign/cwb_gen_camp_devastated_resource.bmd
1157625289	wh2_dlc09_tmb_settlement_minor_1	prefabs\campaign\tmb_minor_01.bmd	prefabs\campaign\tmb_minor_port_01.bmd	prefabs\campaign\construction_minor_large.bmd	prefabs\campaign\damage_effect.bmd	prefabs\campaign\destroyed_effect.bmd	prefabs\campaign\construction_minor.bmd	prefabs\campaign\tmb_minor_port_04.bmd	prefabs\campaign\tmb_minor_04.bmd		prefabs/campaign/cwb_gen_camp_devastated.bmd	prefabs/campaign/cwb_gen_camp_devastated_resource.bmd
1159506741	wh2_dlc09_special_settlement_pyramid_of_nagash_tmb_5	prefabs/campaign/tmb_blackpyramid_05.bmd	prefabs/campaign/tmb_major_port_05.bmd	prefabs\campaign\construction_minor_large.bmd	prefabs\campaign\damage_effect.bmd	prefabs\campaign\destroyed_effect.bmd	prefabs\campaign\construction_minor.bmd	prefabs/campaign/tmb_major_port_05.bmd	prefabs/campaign/tmb_blackpyramid_05.bmd		prefabs/campaign/cwb_gen_camp_devastated.bmd	prefabs/campaign/cwb_gen_camp_devastated_resource.bmd
116626720	wh3_main_building_ksl_settlement_major_2	prefabs/campaign/ksl_major_02.bmd	prefabs/campaign/ksl_port_major_02.bmd	prefabs\campaign\construction_minor_large.bmd	prefabs\campaign\damage_effect.bmd	prefabs\campaign\destroyed_effect.bmd	prefabs\campaign\construction_minor.bmd	prefabs/campaign/ksl_port_major_02.bmd	prefabs/campaign/ksl_major_02.bmd		prefabs/campaign/cwb_gen_camp_devastated.bmd	prefabs/campaign/cwb_gen_camp_devastated_resource.bmd
1171107388	wh2_dlc13_building_lzd_horde_settlement_major_1	prefabs\campaign\lzd_horde_major_1.bmd										
1185998465	wh3_main_nur_settlement_major_2	prefabs/campaign/chs_major_nur_02.bmd	prefabs/campaign/chs_port_major_nur_02.bmd	prefabs\campaign\construction_minor_large.bmd	prefabs\campaign\damage_effect.bmd	prefabs\campaign\destroyed_effect.bmd	prefabs\campaign\construction_minor.bmd	prefabs/campaign/chs_port_major_nur_02.bmd	prefabs/campaign/chs_major_nur_02.bmd		prefabs/campaign/cwb_gen_camp_devastated.bmd	prefabs/campaign/cwb_gen_camp_devastated_resource.bmd
1190611999	wh2_dlc17_bst_settlement_major_3	prefabs\campaign\wef_oak_of_ages_03.bmd	prefabs\campaign\wef_oak_of_ages_03.bmd	prefabs\campaign\construction_minor.bmd	prefabs\campaign\damage_effect.bmd	prefabs\campaign\destroyed_effect.bmd	prefabs\campaign\construction_minor.bmd	prefabs\campaign\wef_oak_of_ages_03.bmd	prefabs\campaign\wef_oak_of_ages_03.bmd		prefabs\campaign\wef_oak_of_ages_ruin_01.bmd	prefabs\campaign\wef_oak_of_ages_ruin_01.bmd
1191494245	wh3_main_dae_settlement_minor_1	prefabs/campaign/chs_minor_01.bmd	prefabs/campaign/chs_port_minor_01.bmd	prefabs\campaign\construction_minor_large.bmd	prefabs\campaign\damage_effect.bmd	prefabs\campaign\destroyed_effect.bmd	prefabs\campaign\construction_minor.bmd	prefabs/campaign/chs_port_minor_04.bmd	prefabs/campaign/chs_minor_04.bmd		prefabs/campaign/cwb_gen_camp_devastated.bmd	prefabs/campaign/cwb_gen_camp_devastated_resource.bmd
1213915469	wh3_main_pro_building_nor_settlement_minor_1	prefabs/campaign/pro_norsca_minor_1.bmd	prefabs\campaign\norsca_minor_port_1.bmd	prefabs\campaign\construction_minor.bmd	prefabs\campaign\damage_effect.bmd	prefabs\campaign\destroyed_effect.bmd	prefabs\campaign\construction_minor.bmd	prefabs\campaign\norsca_minor_port_1.bmd	prefabs/campaign/norsca_minor_1.bmd		prefabs/campaign/cwb_gen_camp_devastated.bmd	prefabs/campaign/cwb_gen_camp_devastated_resource.bmd
1217798992	wh2_dlc09_special_settlement_pyramid_of_nagash_emp_2	prefabs/campaign/tmb_blackpyramid_02.bmd	prefabs/campaign/tmb_major_port_02.bmd	prefabs\campaign\construction_minor_large.bmd	prefabs\campaign\damage_effect.bmd	prefabs\campaign\destroyed_effect.bmd	prefabs\campaign\construction_minor.bmd	prefabs/campaign/tmb_major_port_02.bmd	prefabs/campaign/tmb_blackpyramid_02.bmd		prefabs/campaign/cwb_gen_camp_devastated.bmd	prefabs/campaign/cwb_gen_camp_devastated_resource.bmd
1235540823	wh3_prologue_building_ksl_minor_1	prefabs/campaign/ksl_prologue_minor_01.bmd		prefabs\campaign\construction_minor_large.bmd	prefabs\campaign\damage_effect.bmd							
1247730611	wh2_dlc09_tmb_settlement_major_2	prefabs/campaign/tmb_major_02.bmd	prefabs/campaign/tmb_major_port_02.bmd	prefabs\campaign\construction_minor_large.bmd	prefabs\campaign\damage_effect.bmd	prefabs\campaign\destroyed_effect.bmd	prefabs\campaign\construction_minor.bmd	prefabs/campaign/tmb_major_port_02.bmd	prefabs/campaign/tmb_major_02.bmd		prefabs/campaign/cwb_gen_camp_devastated.bmd	prefabs/campaign/cwb_gen_camp_devastated_resource.bmd
125	wh_main_building_emp_settlement_major_1	prefabs/campaign/empire_town_1.bmd	prefabs\campaign\empire_port_major_1.bmd	prefabs\campaign\construction_minor_large.bmd	prefabs\campaign\damage_effect.bmd	prefabs\campaign\destroyed_effect.bmd	prefabs\campaign\construction_minor.bmd	prefabs\campaign\empire_port_major_1.bmd	prefabs/campaign/empire_town_1.bmd		prefabs/campaign/cwb_gen_camp_devastated.bmd	prefabs/campaign/cwb_gen_camp_devastated_resource.bmd
1251045459	wh2_dlc09_special_settlement_pyramid_of_nagash_brt_3	prefabs/campaign/tmb_blackpyramid_03.bmd	prefabs/campaign/tmb_major_port_03.bmd	prefabs\campaign\construction_minor_large.bmd	prefabs\campaign\damage_effect.bmd	prefabs\campaign\destroyed_effect.bmd	prefabs\campaign\construction_minor.bmd	prefabs/campaign/tmb_major_port_03.bmd	prefabs/campaign/tmb_blackpyramid_03.bmd		prefabs/campaign/cwb_gen_camp_devastated.bmd	prefabs/campaign/cwb_gen_camp_devastated_resource.bmd
1251774244	wh3_main_ogr_camp_town_centre_1	prefabs\campaign\ogr_horde_settlement_1.bmd										
1258169874	wh3_main_building_ksl_settlement_major_1	prefabs/campaign/ksl_major_01.bmd	prefabs/campaign/ksl_port_major_01.bmd	prefabs\campaign\construction_minor_large.bmd	prefabs\campaign\damage_effect.bmd	prefabs\campaign\destroyed_effect.bmd	prefabs\campaign\construction_minor.bmd	prefabs/campaign/ksl_port_major_01.bmd	prefabs/campaign/ksl_major_01.bmd		prefabs/campaign/cwb_gen_camp_devastated.bmd	prefabs/campaign/cwb_gen_camp_devastated_resource.bmd
126455757	wh2_dlc09_special_settlement_pyramid_of_nagash_skv_1	prefabs/campaign/tmb_blackpyramid_01.bmd	prefabs/campaign/tmb_major_port_01.bmd	prefabs\campaign\construction_minor_large.bmd	prefabs\campaign\damage_effect.bmd	prefabs\campaign\destroyed_effect.bmd	prefabs\campaign\construction_minor.bmd	prefabs/campaign/tmb_major_port_01.bmd	prefabs/campaign/tmb_blackpyramid_01.bmd		prefabs/campaign/cwb_gen_camp_devastated.bmd	prefabs/campaign/cwb_gen_camp_devastated_resource.bmd
1267176743	wh3_dlc29_special_settlement_middenheim_1_emp	prefabs/campaign/empire_town_middenheim_01.bmd	prefabs\campaign\empire_port_major_1.bmd	prefabs\campaign\construction_minor_large.bmd	prefabs\campaign\damage_effect.bmd	prefabs\campaign\destroyed_effect.bmd	prefabs\campaign\construction_minor.bmd	prefabs\campaign\empire_port_major_1.bmd	prefabs/campaign/empire_town_middenheim_01.bmd		prefabs/campaign/cwb_gen_camp_devastated.bmd	prefabs/campaign/cwb_gen_camp_devastated_resource.bmd
1269457439	wh3_dlc29_special_settlement_middenheim_3_emp	prefabs/campaign/empire_town_middenheim_01.bmd	prefabs\campaign\empire_port_major_3.bmd	prefabs\campaign\construction_minor_large.bmd	prefabs\campaign\damage_effect.bmd	prefabs\campaign\destroyed_effect.bmd	prefabs\campaign\construction_minor.bmd	prefabs\campaign\empire_port_major_3.bmd	prefabs/campaign/empire_town_middenheim_01.bmd		prefabs/campaign/cwb_gen_camp_devastated.bmd	prefabs/campaign/cwb_gen_camp_devastated_resource.bmd
1272762184	wh2_dlc09_tmb_settlement_major_1	prefabs/campaign/tmb_major_01.bmd	prefabs/campaign/tmb_major_port_01.bmd	prefabs\campaign\construction_minor_large.bmd	prefabs\campaign\damage_effect.bmd	prefabs\campaign\destroyed_effect.bmd	prefabs\campaign\construction_minor.bmd	prefabs/campaign/tmb_major_port_01.bmd	prefabs/campaign/tmb_major_01.bmd		prefabs/campaign/cwb_gen_camp_devastated.bmd	prefabs/campaign/cwb_gen_camp_devastated_resource.bmd
1296824035	wh2_dlc11_vampirecoast_settlement_minor_3	prefabs/campaign/vampire_coast_port_minor_3.bmd	prefabs/campaign/vampire_coast_port_minor_3.bmd	prefabs\campaign\construction_minor.bmd	prefabs\campaign\damage_effect.bmd	prefabs\campaign\destroyed_effect.bmd	prefabs\campaign\construction_minor.bmd	prefabs/campaign/vampire_coast_port_minor_4.bmd	prefabs/campaign/vampire_coast_port_minor_4.bmd		prefabs/campaign/cwb_gen_camp_devastated.bmd	prefabs/campaign/cwb_gen_camp_devastated_resource.bmd
1311473049	wh2_dlc13_building_lzd_horde_settlement_major_4	prefabs\campaign\lzd_horde_major_4.bmd										
1324294280	wh3_main_kho_settlement_major_2	prefabs/campaign/chs_major_kho_02.bmd	prefabs/campaign/chs_port_major_kho_02.bmd	prefabs\campaign\construction_minor_large.bmd	prefabs\campaign\damage_effect.bmd	prefabs\campaign\destroyed_effect.bmd	prefabs\campaign\construction_minor.bmd	prefabs/campaign/chs_port_major_kho_02.bmd	prefabs/campaign/chs_major_kho_02.bmd		prefabs/campaign/cwb_gen_camp_devastated.bmd	prefabs/campaign/cwb_gen_camp_devastated_resource.bmd
1326140685	wh2_dlc11_vampirecoast_settlement_minor_4	prefabs/campaign/vampire_coast_port_minor_4.bmd	prefabs/campaign/vampire_coast_port_minor_4.bmd	prefabs\campaign\construction_minor.bmd	prefabs\campaign\damage_effect.bmd	prefabs\campaign\destroyed_effect.bmd	prefabs\campaign\construction_minor.bmd	prefabs/campaign/vampire_coast_port_minor_4.bmd	prefabs/campaign/vampire_coast_port_minor_4.bmd		prefabs/campaign/cwb_gen_camp_devastated.bmd	prefabs/campaign/cwb_gen_camp_devastated_resource.bmd
132787172	wh2_dlc12_dummy_nuclear_ruins_tombking_settra	prefabs\campaign\tmb_ruin_settra_nuked.bmd	prefabs\campaign\tmb_ruin_port_nuked.bmd					prefabs\campaign\tmb_ruin_port_nuked.bmd	prefabs\campaign\tmb_ruin_settra_nuked.bmd		prefabs/campaign/cwb_gen_camp_devastated.bmd	prefabs/campaign/cwb_gen_camp_devastated_resource.bmd
133	wh_main_building_emp_settlement_major_2	prefabs/campaign/empire_town_2.bmd	prefabs\campaign\empire_port_major_2.bmd	prefabs\campaign\construction_minor_large.bmd	prefabs\campaign\damage_effect.bmd	prefabs\campaign\destroyed_effect.bmd	prefabs\campaign\construction_minor.bmd	prefabs\campaign\empire_port_major_2.bmd	prefabs/campaign/empire_town_2.bmd		prefabs/campaign/cwb_gen_camp_devastated.bmd	prefabs/campaign/cwb_gen_camp_devastated_resource.bmd
1331471190	wh3_main_tze_settlement_minor_1	prefabs/campaign/chs_minor_tze_01.bmd	prefabs/campaign/chs_port_minor_tze_01.bmd	prefabs\campaign\construction_minor_large.bmd	prefabs\campaign\damage_effect.bmd	prefabs\campaign\destroyed_effect.bmd	prefabs\campaign\construction_minor.bmd	prefabs/campaign/chs_port_minor_tze_04.bmd	prefabs/campaign/chs_minor_tze_04.bmd		prefabs/campaign/cwb_gen_camp_devastated.bmd	prefabs/campaign/cwb_gen_camp_devastated_resource.bmd
134	wh_main_building_emp_settlement_major_3	prefabs/campaign/empire_town_3.bmd	prefabs\campaign\empire_port_major_3.bmd	prefabs\campaign\construction_minor_large.bmd	prefabs\campaign\damage_effect.bmd	prefabs\campaign\destroyed_effect.bmd	prefabs\campaign\construction_minor.bmd	prefabs\campaign\empire_port_major_3.bmd	prefabs/campaign/empire_town_3.bmd		prefabs/campaign/cwb_gen_camp_devastated.bmd	prefabs/campaign/cwb_gen_camp_devastated_resource.bmd
1342873531	wh2_dlc09_special_settlement_pyramid_of_nagash_hef_2	prefabs/campaign/tmb_blackpyramid_02.bmd	prefabs/campaign/tmb_major_port_02.bmd	prefabs\campaign\construction_minor_large.bmd	prefabs\campaign\damage_effect.bmd	prefabs\campaign\destroyed_effect.bmd	prefabs\campaign\construction_minor.bmd	prefabs/campaign/tmb_major_port_02.bmd	prefabs/campaign/tmb_blackpyramid_02.bmd		prefabs/campaign/cwb_gen_camp_devastated.bmd	prefabs/campaign/cwb_gen_camp_devastated_resource.bmd
1350571227	wh2_dlc09_tmb_settlement_khemri_4	prefabs/campaign/tmb_settra_04.bmd	prefabs/campaign/tmb_major_port_04.bmd	prefabs\campaign\construction_minor_large.bmd	prefabs\campaign\damage_effect.bmd	prefabs\campaign\destroyed_effect.bmd	prefabs\campaign\construction_minor.bmd	prefabs/campaign/tmb_major_port_04.bmd	prefabs/campaign/tmb_settra_04.bmd		prefabs/campaign/cwb_gen_camp_devastated.bmd	prefabs/campaign/cwb_gen_camp_devastated_resource.bmd
1356962281	wh3_dlc23_chd_settlement_tower_3	prefabs/campaign/chd_major_03.bmd	prefabs/campaign/chd_major_03.bmd	prefabs\campaign\construction_minor_large.bmd	prefabs\campaign\damage_effect.bmd	prefabs\campaign\destroyed_effect.bmd	prefabs\campaign\construction_minor.bmd	prefabs/campaign/chd_major_03.bmd	prefabs/campaign/chd_major_03.bmd		prefabs/campaign/cwb_gen_camp_devastated.bmd	prefabs/campaign/cwb_gen_camp_devastated_resource.bmd
1371965539	wh3_dlc29_special_settlement_garden_of_nurgle_4	prefabs/campaign/chs_major_nurgle_garden_04.bmd	prefabs/campaign/chs_major_nurgle_garden_port_04.bmd	prefabs\campaign\construction_minor_large.bmd	prefabs\campaign\damage_effect.bmd	prefabs\campaign\destroyed_effect.bmd	prefabs\campaign\construction_minor.bmd	prefabs/campaign/chs_major_nurgle_garden_port_04.bmd	prefabs/campaign/chs_major_nurgle_garden_04.bmd		prefabs/campaign/cwb_gen_camp_devastated.bmd	prefabs/campaign/cwb_gen_camp_devastated_resource.bmd
1372973666	wh3_main_building_ksl_settlement_minor_2	prefabs/campaign/ksl_minor_02.bmd	prefabs/campaign/ksl_port_minor_02.bmd	prefabs\campaign\construction_minor_large.bmd	prefabs\campaign\damage_effect.bmd	prefabs\campaign\destroyed_effect.bmd	prefabs\campaign\construction_minor.bmd	prefabs/campaign/ksl_port_minor_04.bmd	prefabs/campaign/ksl_minor_04.bmd		prefabs/campaign/cwb_gen_camp_devastated.bmd	prefabs/campaign/cwb_gen_camp_devastated_resource.bmd
1384363248	wh_dlc08_god_ruin_tzeentch	prefabs\campaign\nor_eagle_monolith.bmd										
139	wh_main_building_emp_settlement_major_4	prefabs/campaign/empire_town_4.bmd	prefabs\campaign\empire_port_major_4.bmd	prefabs\campaign\construction_minor_large.bmd	prefabs\campaign\damage_effect.bmd	prefabs\campaign\destroyed_effect.bmd	prefabs\campaign\construction_minor.bmd	prefabs\campaign\empire_port_major_4.bmd	prefabs/campaign/empire_town_4.bmd		prefabs/campaign/cwb_gen_camp_devastated.bmd	prefabs/campaign/cwb_gen_camp_devastated_resource.bmd
139340352	wh3_main_cth_settlement_minor_2	prefabs/campaign/cth_minor_02.bmd	prefabs/campaign/cth_port_minor_02.bmd	prefabs\campaign\construction_minor_large.bmd	prefabs\campaign\damage_effect.bmd	prefabs\campaign\destroyed_effect.bmd	prefabs\campaign\construction_minor.bmd	prefabs/campaign/cth_port_minor_04.bmd	prefabs/campaign/cth_minor_04.bmd		prefabs/campaign/cwb_gen_camp_devastated.bmd	prefabs/campaign/cwb_gen_camp_devastated_resource.bmd
1399286132	wh3_dlc23_chd_settlement_factory_3	prefabs/campaign/chd_factory_03.bmd	prefabs/campaign/chd_factory_03.bmd	prefabs\campaign\construction_minor.bmd	prefabs\campaign\damage_effect.bmd	prefabs\campaign\destroyed_effect.bmd	prefabs\campaign\construction_minor.bmd	prefabs/campaign/chd_factory_03.bmd	prefabs/campaign/chd_factory_03.bmd		prefabs/campaign/cwb_gen_camp_devastated.bmd	prefabs/campaign/cwb_gen_camp_devastated_resource.bmd
14	wh_main_building_dwf_settlement_major_2	prefabs/campaign/dwarf_major_2.bmd	prefabs\campaign\dwarf_port_major_2.bmd	prefabs\campaign\construction_minor.bmd	prefabs\campaign\damage_effect.bmd	prefabs\campaign\destroyed_effect.bmd	prefabs\campaign\construction_minor.bmd	prefabs\campaign\dwarf_port_major_2.bmd	prefabs/campaign/dwarf_major_2.bmd		prefabs/campaign/cwb_gen_camp_devastated.bmd	prefabs/campaign/cwb_gen_camp_devastated_resource.bmd
1407913305	wh3_dlc29_special_settlement_middenheim_5_emp	prefabs/campaign/empire_town_middenheim_01.bmd	prefabs\campaign\empire_port_major_5.bmd	prefabs\campaign\construction_minor_large.bmd	prefabs\campaign\damage_effect.bmd	prefabs\campaign\destroyed_effect.bmd	prefabs\campaign\construction_minor.bmd	prefabs\campaign\empire_port_major_5.bmd	prefabs/campaign/empire_town_middenheim_01.bmd		prefabs/campaign/cwb_gen_camp_devastated.bmd	prefabs/campaign/cwb_gen_camp_devastated_resource.bmd
141796985	wh2_dlc09_special_settlement_pyramid_of_nagash_hef_1	prefabs/campaign/tmb_blackpyramid_01.bmd	prefabs/campaign/tmb_major_port_01.bmd	prefabs\campaign\construction_minor_large.bmd	prefabs\campaign\damage_effect.bmd	prefabs\campaign\destroyed_effect.bmd	prefabs\campaign\construction_minor.bmd	prefabs/campaign/tmb_major_port_01.bmd	prefabs/campaign/tmb_blackpyramid_01.bmd		prefabs/campaign/cwb_gen_camp_devastated.bmd	prefabs/campaign/cwb_gen_camp_devastated_resource.bmd
1453078447	wh_dlc08_god_ruin_nurgle	prefabs\campaign\nor_crow_monolith.bmd										
14554160	wh3_main_nur_settlement_major_1	prefabs/campaign/chs_major_nur_01.bmd	prefabs/campaign/chs_port_major_nur_01.bmd	prefabs\campaign\construction_minor_large.bmd	prefabs\campaign\damage_effect.bmd	prefabs\campaign\destroyed_effect.bmd	prefabs\campaign\construction_minor.bmd	prefabs/campaign/chs_port_major_nur_01.bmd	prefabs/campaign/chs_major_nur_01.bmd		prefabs/campaign/cwb_gen_camp_devastated.bmd	prefabs/campaign/cwb_gen_camp_devastated_resource.bmd
145575842	wh2_dlc09_special_settlement_pyramid_of_nagash_tmb_1	prefabs/campaign/tmb_blackpyramid_01.bmd	prefabs/campaign/tmb_major_port_01.bmd	prefabs\campaign\construction_minor_large.bmd	prefabs\campaign\damage_effect.bmd	prefabs\campaign\destroyed_effect.bmd	prefabs\campaign\construction_minor.bmd	prefabs/campaign/tmb_major_port_01.bmd	prefabs/campaign/tmb_blackpyramid_01.bmd		prefabs/campaign/cwb_gen_camp_devastated.bmd	prefabs/campaign/cwb_gen_camp_devastated_resource.bmd
1455953900	wh3_main_building_ksl_settlement_major_3	prefabs/campaign/ksl_major_03.bmd	prefabs/campaign/ksl_port_major_03.bmd	prefabs\campaign\construction_minor_large.bmd	prefabs\campaign\damage_effect.bmd	prefabs\campaign\destroyed_effect.bmd	prefabs\campaign\construction_minor.bmd	prefabs/campaign/ksl_port_major_03.bmd	prefabs/campaign/ksl_major_03.bmd		prefabs/campaign/cwb_gen_camp_devastated.bmd	prefabs/campaign/cwb_gen_camp_devastated_resource.bmd
1469702964	wh2_main_special_empire_fort	prefabs\campaign\empire_mountain_fort.bmd	prefabs\campaign\empire_mountain_fort.bmd	prefabs\campaign\construction_minor_large.bmd	prefabs\campaign\damage_effect.bmd	prefabs\campaign\destroyed_effect.bmd	prefabs\campaign\construction_minor.bmd	prefabs\campaign\empire_mountain_fort.bmd	prefabs\campaign\empire_mountain_fort.bmd		prefabs/campaign/cwb_gen_camp_devastated.bmd	prefabs/campaign/cwb_gen_camp_devastated_resource.bmd
147	wh_main_building_emp_settlement_major_5	prefabs/campaign/empire_town_5.bmd	prefabs\campaign\empire_port_major_5.bmd	prefabs\campaign\construction_minor_large.bmd	prefabs\campaign\damage_effect.bmd	prefabs\campaign\destroyed_effect.bmd	prefabs\campaign\construction_minor.bmd	prefabs\campaign\empire_port_major_5.bmd	prefabs/campaign/empire_town_5.bmd		prefabs/campaign/cwb_gen_camp_devastated.bmd	prefabs/campaign/cwb_gen_camp_devastated_resource.bmd
1478330054	wh3_prologue_building_ksl_major_ruin	prefabs/campaign/ksl_prologue_minor_00.bmd		prefabs\campaign\construction_minor_large.bmd	prefabs\campaign\damage_effect.bmd		prefabs\campaign\construction_minor.bmd					
148	wh_main_building_emp_settlement_minor_1	prefabs/campaign/empire_minor_1.bmd	prefabs\campaign\empire_port_1.bmd	prefabs\campaign\construction_minor.bmd	prefabs\campaign\damage_effect.bmd	prefabs\campaign\destroyed_effect.bmd	prefabs\campaign\construction_minor.bmd	prefabs/campaign/empire_port_4.bmd	prefabs/campaign/empire_minor_4.bmd		prefabs/campaign/cwb_gen_camp_devastated.bmd	prefabs/campaign/cwb_gen_camp_devastated_resource.bmd
1481370061	wh3_main_kho_settlement_major_3	prefabs/campaign/chs_major_kho_03.bmd	prefabs/campaign/chs_port_major_kho_03.bmd	prefabs\campaign\construction_minor_large.bmd	prefabs\campaign\damage_effect.bmd	prefabs\campaign\destroyed_effect.bmd	prefabs\campaign\construction_minor.bmd	prefabs/campaign/chs_port_major_kho_03.bmd	prefabs/campaign/chs_major_kho_03.bmd		prefabs/campaign/cwb_gen_camp_devastated.bmd	prefabs/campaign/cwb_gen_camp_devastated_resource.bmd
1484297886	wh3_main_cth_settlement_major_1	prefabs/campaign/cth_major_01.bmd	prefabs/campaign/cth_port_major_01.bmd	prefabs\campaign\construction_minor_large.bmd	prefabs\campaign\damage_effect.bmd	prefabs\campaign\destroyed_effect.bmd	prefabs\campaign\construction_minor.bmd	prefabs/campaign/cth_port_major_01.bmd	prefabs/campaign/cth_major_01.bmd		prefabs/campaign/cwb_gen_camp_devastated.bmd	prefabs/campaign/cwb_gen_camp_devastated_resource.bmd
1497880337	wh3_main_sla_settlement_minor_3	prefabs/campaign/chs_minor_sla_03.bmd	prefabs/campaign/chs_port_minor_sla_03.bmd	prefabs\campaign\construction_minor_large.bmd	prefabs\campaign\damage_effect.bmd	prefabs\campaign\destroyed_effect.bmd	prefabs\campaign\construction_minor.bmd	prefabs/campaign/chs_port_minor_sla_04.bmd	prefabs/campaign/chs_minor_sla_04.bmd		prefabs/campaign/cwb_gen_camp_devastated.bmd	prefabs/campaign/cwb_gen_camp_devastated_resource.bmd
1501395401	wh2_dlc09_special_settlement_pyramid_of_nagash_emp_5	prefabs/campaign/tmb_blackpyramid_05.bmd	prefabs/campaign/tmb_major_port_05.bmd	prefabs\campaign\construction_minor_large.bmd	prefabs\campaign\damage_effect.bmd	prefabs\campaign\destroyed_effect.bmd	prefabs\campaign\construction_minor.bmd	prefabs/campaign/tmb_major_port_05.bmd	prefabs/campaign/tmb_blackpyramid_05.bmd		prefabs/campaign/cwb_gen_camp_devastated.bmd	prefabs/campaign/cwb_gen_camp_devastated_resource.bmd
1501987244	wh3_prologue_building_ksl_major_1	prefabs/campaign/ksl_prologue_major_01.bmd		prefabs\campaign\construction_minor_large.bmd	prefabs\campaign\damage_effect.bmd							
1505385694	wh2_dlc11_vampirecoast_ship_captains_cabin_1	prefabs\campaign\cst_encampment.bmd										
1507432397	wh3_main_cth_settlement_major_2	prefabs/campaign/cth_major_02.bmd	prefabs/campaign/cth_port_major_02.bmd	prefabs\campaign\construction_minor_large.bmd	prefabs\campaign\damage_effect.bmd	prefabs\campaign\destroyed_effect.bmd	prefabs\campaign\construction_minor.bmd	prefabs/campaign/cth_port_major_02.bmd	prefabs/campaign/cth_major_02.bmd		prefabs/campaign/cwb_gen_camp_devastated.bmd	prefabs/campaign/cwb_gen_camp_devastated_resource.bmd
1510638617	wh3_dlc29_special_settlement_garden_of_nurgle_minor_1	prefabs/campaign/chs_minor_nurgle_garden_01.bmd	prefabs/campaign/chs_minor_nurgle_garden_port_01.bmd	prefabs\campaign\construction_minor.bmd	prefabs\campaign\damage_effect.bmd	prefabs\campaign\destroyed_effect.bmd	prefabs\campaign\construction_minor.bmd	prefabs/campaign/chs_minor_nurgle_garden_port_01.bmd	prefabs/campaign/chs_minor_nurgle_garden_01.bmd		prefabs/campaign/cwb_gen_camp_devastated.bmd	prefabs/campaign/cwb_gen_camp_devastated_resource.bmd
1516211456	wh2_dlc11_vampirecoast_settlement_major_3	prefabs/campaign/vampire_coast_port_major_3.bmd	prefabs/campaign/vampire_coast_port_major_3.bmd	prefabs\campaign\construction_minor.bmd	prefabs\campaign\damage_effect.bmd	prefabs\campaign\destroyed_effect.bmd	prefabs\campaign\construction_minor.bmd	prefabs/campaign/vampire_coast_port_major_3.bmd	prefabs/campaign/vampire_coast_port_major_3.bmd		prefabs/campaign/cwb_gen_camp_devastated.bmd	prefabs/campaign/cwb_gen_camp_devastated_resource.bmd
1519583120	wh3_main_nur_settlement_minor_2	prefabs/campaign/chs_minor_nur_02.bmd	prefabs/campaign/chs_port_minor_nur_02.bmd	prefabs\campaign\construction_minor_large.bmd	prefabs\campaign\damage_effect.bmd	prefabs\campaign\destroyed_effect.bmd	prefabs\campaign\construction_minor.bmd	prefabs/campaign/chs_port_minor_nur_04.bmd	prefabs/campaign/chs_minor_nur_04.bmd		prefabs/campaign/cwb_gen_camp_devastated.bmd	prefabs/campaign/cwb_gen_camp_devastated_resource.bmd
1527115590	wh2_dlc09_special_settlement_pyramid_of_nagash_emp_3	prefabs/campaign/tmb_blackpyramid_03.bmd	prefabs/campaign/tmb_major_port_03.bmd	prefabs\campaign\construction_minor_large.bmd	prefabs\campaign\damage_effect.bmd	prefabs\campaign\destroyed_effect.bmd	prefabs\campaign\construction_minor.bmd	prefabs/campaign/tmb_major_port_03.bmd	prefabs/campaign/tmb_blackpyramid_03.bmd		prefabs/campaign/cwb_gen_camp_devastated.bmd	prefabs/campaign/cwb_gen_camp_devastated_resource.bmd
1530046125	wh3_dlc29_special_settlement_garden_of_nurgle_minor_3	prefabs/campaign/chs_minor_nurgle_garden_03.bmd	prefabs/campaign/chs_minor_nurgle_garden_port_03.bmd	prefabs\campaign\construction_minor.bmd	prefabs\campaign\damage_effect.bmd	prefabs\campaign\destroyed_effect.bmd	prefabs\campaign\construction_minor.bmd	prefabs/campaign/chs_minor_nurgle_garden_port_03.bmd	prefabs/campaign/chs_minor_nurgle_garden_03.bmd		prefabs/campaign/cwb_gen_camp_devastated.bmd	prefabs/campaign/cwb_gen_camp_devastated_resource.bmd
15457394	wh2_dlc11_vampirecoast_ship_captains_cabin_3	prefabs\campaign\cst_encampment.bmd										
1559885642	wh3_dlc23_chd_settlement_outpost_3	prefabs/campaign/chd_outpost_03.bmd	prefabs/campaign/chd_outpost_03.bmd	prefabs\campaign\construction_minor.bmd	prefabs\campaign\damage_effect.bmd	prefabs\campaign\destroyed_effect.bmd	prefabs\campaign\construction_minor.bmd	prefabs/campaign/chd_outpost_03.bmd	prefabs/campaign/chd_outpost_03.bmd		prefabs/campaign/cwb_gen_camp_devastated.bmd	prefabs/campaign/cwb_gen_camp_devastated_resource.bmd
157	wh_main_building_emp_settlement_minor_2	prefabs/campaign/empire_minor_2.bmd	prefabs\campaign\empire_port_2.bmd	prefabs\campaign\construction_minor.bmd	prefabs\campaign\damage_effect.bmd	prefabs\campaign\destroyed_effect.bmd	prefabs\campaign\construction_minor.bmd	prefabs/campaign/empire_port_4.bmd	prefabs/campaign/empire_minor_4.bmd		prefabs/campaign/cwb_gen_camp_devastated.bmd	prefabs/campaign/cwb_gen_camp_devastated_resource.bmd
159	wh_main_building_emp_settlement_minor_3	prefabs/campaign/empire_minor_3.bmd	prefabs\campaign\empire_port_3.bmd	prefabs\campaign\construction_minor.bmd	prefabs\campaign\damage_effect.bmd	prefabs\campaign\destroyed_effect.bmd	prefabs\campaign\construction_minor.bmd	prefabs/campaign/empire_port_4.bmd	prefabs/campaign/empire_minor_4.bmd		prefabs/campaign/cwb_gen_camp_devastated.bmd	prefabs/campaign/cwb_gen_camp_devastated_resource.bmd
1595432412	wh3_dlc29_nag_nagash_town_nagashizzar_01	prefabs/campaign/nagash_town_nagashizzar_01.bmd	prefabs/campaign/tmb_major_port_01.bmd	prefabs\campaign\construction_minor_large.bmd	prefabs\campaign\damage_effect.bmd	prefabs\campaign\destroyed_effect.bmd	prefabs\campaign\construction_minor.bmd	prefabs/campaign/tmb_major_port_01.bmd	prefabs/campaign/nagash_town_nagashizzar_01.bmd		prefabs/campaign/cwb_gen_camp_devastated.bmd	prefabs/campaign/cwb_gen_camp_devastated_resource.bmd
1599349625	wh2_dlc09_special_settlement_pyramid_of_nagash_savage_3	prefabs/campaign/tmb_blackpyramid_03.bmd	prefabs/campaign/tmb_major_port_03.bmd	prefabs\campaign\construction_minor_large.bmd	prefabs\campaign\damage_effect.bmd	prefabs\campaign\destroyed_effect.bmd	prefabs\campaign\construction_minor.bmd	prefabs/campaign/tmb_major_port_03.bmd	prefabs/campaign/tmb_blackpyramid_03.bmd		prefabs/campaign/cwb_gen_camp_devastated.bmd	prefabs/campaign/cwb_gen_camp_devastated_resource.bmd
1599700913	wh2_dlc11_vampirecoast_settlement_minor_2	prefabs/campaign/vampire_coast_port_minor_2.bmd	prefabs/campaign/vampire_coast_port_minor_2.bmd	prefabs\campaign\construction_minor.bmd	prefabs\campaign\damage_effect.bmd	prefabs\campaign\destroyed_effect.bmd	prefabs\campaign\construction_minor.bmd	prefabs/campaign/vampire_coast_port_minor_4.bmd	prefabs/campaign/vampire_coast_port_minor_4.bmd		prefabs/campaign/cwb_gen_camp_devastated.bmd	prefabs/campaign/cwb_gen_camp_devastated_resource.bmd
16	wh_main_building_dwf_settlement_major_3	prefabs/campaign/dwarf_major_3.bmd	prefabs\campaign\dwarf_port_major_3.bmd	prefabs\campaign\construction_minor.bmd	prefabs\campaign\damage_effect.bmd	prefabs\campaign\destroyed_effect.bmd	prefabs\campaign\construction_minor.bmd	prefabs\campaign\dwarf_port_major_3.bmd	prefabs/campaign/dwarf_major_3.bmd		prefabs/campaign/cwb_gen_camp_devastated.bmd	prefabs/campaign/cwb_gen_camp_devastated_resource.bmd
1603382057	wh3_prologue_building_ksl_major_3	prefabs/campaign/ksl_prologue_major_03.bmd		prefabs\campaign\construction_minor_large.bmd	prefabs\campaign\damage_effect.bmd							
1636591119	wh2_dlc11_vampirecoast_ship_captains_cabin_2	prefabs\campaign\cst_encampment.bmd										
1640871889	wh3_main_cth_settlement_minor_3	prefabs/campaign/cth_minor_03.bmd	prefabs/campaign/cth_port_minor_03.bmd	prefabs\campaign\construction_minor_large.bmd	prefabs\campaign\damage_effect.bmd	prefabs\campaign\destroyed_effect.bmd	prefabs\campaign\construction_minor.bmd	prefabs/campaign/cth_port_minor_04.bmd	prefabs/campaign/cth_minor_04.bmd		prefabs/campaign/cwb_gen_camp_devastated.bmd	prefabs/campaign/cwb_gen_camp_devastated_resource.bmd
1641316392	wh3_dlc25_dwarf_spirit_of_grungni_airship_hull_3	prefabs\campaign\dwarf_encampment.bmd										
1646897285	wh2_main_building_skv_settlement_hellpit_3	prefabs\campaign\skv_hellpit_03.bmd	prefabs\campaign\skv_hellpit_03.bmd	prefabs\campaign\construction_minor_large.bmd	prefabs\campaign\damage_effect.bmd	prefabs\campaign\destroyed_effect.bmd	prefabs\campaign\construction_minor.bmd	prefabs\campaign\skv_hellpit_03.bmd	prefabs\campaign\skv_hellpit_03.bmd		prefabs/campaign/cwb_gen_camp_devastated.bmd	prefabs/campaign/cwb_gen_camp_devastated_resource.bmd
1654540156	wh3_main_tze_settlement_major_4	prefabs/campaign/chs_major_tze_04.bmd	prefabs/campaign/chs_port_major_tze_04.bmd	prefabs\campaign\construction_minor_large.bmd	prefabs\campaign\damage_effect.bmd	prefabs\campaign\destroyed_effect.bmd	prefabs\campaign\construction_minor.bmd	prefabs/campaign/chs_port_major_tze_04.bmd	prefabs/campaign/chs_major_tze_04.bmd		prefabs/campaign/cwb_gen_camp_devastated.bmd	prefabs/campaign/cwb_gen_camp_devastated_resource.bmd
1654548573	wh3_main_dae_settlement_major_1	prefabs/campaign/chs_major_01.bmd	prefabs/campaign/chs_port_major_01.bmd	prefabs\campaign\construction_minor_large.bmd	prefabs\campaign\damage_effect.bmd	prefabs\campaign\destroyed_effect.bmd	prefabs\campaign\construction_minor.bmd	prefabs/campaign/chs_port_major_01.bmd	prefabs/campaign/chs_major_01.bmd		prefabs/campaign/cwb_gen_camp_devastated.bmd	prefabs/campaign/cwb_gen_camp_devastated_resource.bmd
1665181083	wh3_main_nur_settlement_major_5	prefabs/campaign/chs_major_nur_05.bmd	prefabs/campaign/chs_port_major_nur_05.bmd	prefabs\campaign\construction_minor_large.bmd	prefabs\campaign\damage_effect.bmd	prefabs\campaign\destroyed_effect.bmd	prefabs\campaign\construction_minor.bmd	prefabs/campaign/chs_port_major_nur_05.bmd	prefabs/campaign/chs_major_nur_05.bmd		prefabs/campaign/cwb_gen_camp_devastated.bmd	prefabs/campaign/cwb_gen_camp_devastated_resource.bmd
1674842329	wh2_dlc09_tmb_settlement_major_3	prefabs/campaign/tmb_major_03.bmd	prefabs/campaign/tmb_major_port_03.bmd	prefabs\campaign\construction_minor_large.bmd	prefabs\campaign\damage_effect.bmd	prefabs\campaign\destroyed_effect.bmd	prefabs\campaign\construction_minor.bmd	prefabs/campaign/tmb_major_port_03.bmd	prefabs/campaign/tmb_major_03.bmd		prefabs/campaign/cwb_gen_camp_devastated.bmd	prefabs/campaign/cwb_gen_camp_devastated_resource.bmd
1687078029	wh2_dlc09_tmb_settlement_khemri_2	prefabs/campaign/tmb_settra_02.bmd	prefabs/campaign/tmb_major_port_02.bmd	prefabs\campaign\construction_minor_large.bmd	prefabs\campaign\damage_effect.bmd	prefabs\campaign\destroyed_effect.bmd	prefabs\campaign\construction_minor.bmd	prefabs/campaign/tmb_major_port_02.bmd	prefabs/campaign/tmb_settra_02.bmd		prefabs/campaign/cwb_gen_camp_devastated.bmd	prefabs/campaign/cwb_gen_camp_devastated_resource.bmd
1694392366	wh2_main_building_skv_settlement_hellpit_2	prefabs\campaign\skv_hellpit_02.bmd	prefabs\campaign\skv_hellpit_02.bmd	prefabs\campaign\construction_minor_large.bmd	prefabs\campaign\damage_effect.bmd	prefabs\campaign\destroyed_effect.bmd	prefabs\campaign\construction_minor.bmd	prefabs\campaign\skv_hellpit_02.bmd	prefabs\campaign\skv_hellpit_02.bmd		prefabs/campaign/cwb_gen_camp_devastated.bmd	prefabs/campaign/cwb_gen_camp_devastated_resource.bmd
1708732338	wh3_main_nur_settlement_major_3	prefabs/campaign/chs_major_nur_03.bmd	prefabs/campaign/chs_port_major_nur_03.bmd	prefabs\campaign\construction_minor_large.bmd	prefabs\campaign\damage_effect.bmd	prefabs\campaign\destroyed_effect.bmd	prefabs\campaign\construction_minor.bmd	prefabs/campaign/chs_port_major_nur_03.bmd	prefabs/campaign/chs_major_nur_03.bmd		prefabs/campaign/cwb_gen_camp_devastated.bmd	prefabs/campaign/cwb_gen_camp_devastated_resource.bmd
1712704048	wh2_dlc09_special_settlement_pyramid_of_nagash_grn_5	prefabs/campaign/tmb_blackpyramid_05.bmd	prefabs/campaign/tmb_major_port_05.bmd	prefabs\campaign\construction_minor_large.bmd	prefabs\campaign\damage_effect.bmd	prefabs\campaign\destroyed_effect.bmd	prefabs\campaign\construction_minor.bmd	prefabs/campaign/tmb_major_port_05.bmd	prefabs/campaign/tmb_blackpyramid_05.bmd		prefabs/campaign/cwb_gen_camp_devastated.bmd	prefabs/campaign/cwb_gen_camp_devastated_resource.bmd
1714172692	wh_main_building_nor_settlement_minor_5	prefabs/campaign/norsca_minor_5.bmd	prefabs\campaign\norsca_minor_port_5.bmd	prefabs\campaign\construction_minor.bmd	prefabs\campaign\damage_effect.bmd	prefabs\campaign\destroyed_effect.bmd	prefabs\campaign\construction_minor.bmd	prefabs\campaign\norsca_minor_port_5.bmd	prefabs/campaign/norsca_minor_5.bmd		prefabs/campaign/cwb_gen_camp_devastated.bmd	prefabs/campaign/cwb_gen_camp_devastated_resource.bmd
1726121070	wh3_main_cth_bastion_primary	prefabs\campaign\cth_bastion_gate_dragon_01.bmd	prefabs\campaign\cth_bastion_gate_dragon_01.bmd	prefabs\campaign\construction_minor_large.bmd	prefabs\campaign\damage_effect.bmd	prefabs\campaign\destroyed_effect.bmd	prefabs\campaign\construction_minor.bmd	prefabs\campaign\cth_bastion_gate_dragon_01.bmd	prefabs\campaign\cth_bastion_gate_dragon_01.bmd		prefabs/campaign/cwb_gen_camp_devastated.bmd	prefabs/campaign/cwb_gen_camp_devastated_resource.bmd
1733975702	wh2_dlc09_special_settlement_pyramid_of_nagash_dwf_5	prefabs/campaign/tmb_blackpyramid_05.bmd	prefabs/campaign/tmb_major_port_05.bmd	prefabs\campaign\construction_minor_large.bmd	prefabs\campaign\damage_effect.bmd	prefabs\campaign\destroyed_effect.bmd	prefabs\campaign\construction_minor.bmd	prefabs/campaign/tmb_major_port_05.bmd	prefabs/campaign/tmb_blackpyramid_05.bmd		prefabs/campaign/cwb_gen_camp_devastated.bmd	prefabs/campaign/cwb_gen_camp_devastated_resource.bmd
1736810575	wh3_dlc25_dwarf_spirit_of_grungni_airship_hull_4	prefabs\campaign\dwarf_encampment.bmd										
1740754411	wh2_dlc09_special_settlement_khemri_tmb_ruin	prefabs\campaign\tmb_ruin_standard.bmd	prefabs\campaign\tmb_ruin_port.bmd					prefabs\campaign\tmb_ruin_port.bmd	prefabs\campaign\tmb_ruin_standard.bmd		prefabs/campaign/cwb_gen_camp_devastated.bmd	prefabs/campaign/cwb_gen_camp_devastated_resource.bmd
1745201338	wh3_main_kho_settlement_major_1	prefabs/campaign/chs_major_kho_01.bmd	prefabs/campaign/chs_port_major_kho_01.bmd	prefabs\campaign\construction_minor_large.bmd	prefabs\campaign\damage_effect.bmd	prefabs\campaign\destroyed_effect.bmd	prefabs\campaign\construction_minor.bmd	prefabs/campaign/chs_port_major_kho_01.bmd	prefabs/campaign/chs_major_kho_01.bmd		prefabs/campaign/cwb_gen_camp_devastated.bmd	prefabs/campaign/cwb_gen_camp_devastated_resource.bmd
1747126460	wh2_dlc09_special_settlement_pyramid_of_nagash_skv_4	prefabs/campaign/tmb_blackpyramid_04.bmd	prefabs/campaign/tmb_major_port_04.bmd	prefabs\campaign\construction_minor_large.bmd	prefabs\campaign\damage_effect.bmd	prefabs\campaign\destroyed_effect.bmd	prefabs\campaign\construction_minor.bmd	prefabs/campaign/tmb_major_port_04.bmd	prefabs/campaign/tmb_blackpyramid_04.bmd		prefabs/campaign/cwb_gen_camp_devastated.bmd	prefabs/campaign/cwb_gen_camp_devastated_resource.bmd
1753296443	wh3_main_cth_settlement_minor_1	prefabs/campaign/cth_minor_01.bmd	prefabs/campaign/cth_port_minor_01.bmd	prefabs\campaign\construction_minor_large.bmd	prefabs\campaign\damage_effect.bmd	prefabs\campaign\destroyed_effect.bmd	prefabs\campaign\construction_minor.bmd	prefabs/campaign/cth_port_minor_04.bmd	prefabs/campaign/cth_minor_04.bmd		prefabs/campaign/cwb_gen_camp_devastated.bmd	prefabs/campaign/cwb_gen_camp_devastated_resource.bmd
1755147115	wh3_dlc29_special_settlement_garden_of_nurgle_2	prefabs/campaign/chs_major_nurgle_garden_02.bmd	prefabs/campaign/chs_major_nurgle_garden_port_02.bmd	prefabs\campaign\construction_minor_large.bmd	prefabs\campaign\damage_effect.bmd	prefabs\campaign\destroyed_effect.bmd	prefabs\campaign\construction_minor.bmd	prefabs/campaign/chs_major_nurgle_garden_port_02.bmd	prefabs/campaign/chs_major_nurgle_garden_02.bmd		prefabs/campaign/cwb_gen_camp_devastated.bmd	prefabs/campaign/cwb_gen_camp_devastated_resource.bmd
1756265421	wh3_dlc29_special_settlement_pyramid_of_nagash_nag_floating	prefabs/campaign/tmb_blackpyramid_base.bmd	prefabs/campaign/tmb_blackpyramid_base.bmd					prefabs/campaign/tmb_blackpyramid_base.bmd	prefabs/campaign/tmb_blackpyramid_base.bmd		prefabs/campaign/cwb_gen_camp_devastated.bmd	prefabs/campaign/cwb_gen_camp_devastated_resource.bmd
1759639403	wh3_main_sla_settlement_minor_1	prefabs/campaign/chs_minor_sla_01.bmd	prefabs/campaign/chs_port_minor_sla_01.bmd	prefabs\campaign\construction_minor_large.bmd	prefabs\campaign\damage_effect.bmd	prefabs\campaign\destroyed_effect.bmd	prefabs\campaign\construction_minor.bmd	prefabs/campaign/chs_port_minor_sla_04.bmd	prefabs/campaign/chs_minor_sla_04.bmd		prefabs/campaign/cwb_gen_camp_devastated.bmd	prefabs/campaign/cwb_gen_camp_devastated_resource.bmd
1771504695	wh3_main_building_ksl_settlement_minor_1	prefabs/campaign/ksl_minor_01.bmd	prefabs/campaign/ksl_port_minor_01.bmd	prefabs\campaign\construction_minor_large.bmd	prefabs\campaign\damage_effect.bmd	prefabs\campaign\destroyed_effect.bmd	prefabs\campaign\construction_minor.bmd	prefabs/campaign/ksl_port_minor_04.bmd	prefabs/campaign/ksl_minor_04.bmd		prefabs/campaign/cwb_gen_camp_devastated.bmd	prefabs/campaign/cwb_gen_camp_devastated_resource.bmd
1772001142	wh2_dlc11_vampirecoast_ship_captains_cabin_5	prefabs\campaign\cst_encampment.bmd										
1788189019	wh3_dlc29_special_settlement_middenheim_4_emp	prefabs/campaign/empire_town_middenheim_01.bmd	prefabs\campaign\empire_port_major_4.bmd	prefabs\campaign\construction_minor_large.bmd	prefabs\campaign\damage_effect.bmd	prefabs\campaign\destroyed_effect.bmd	prefabs\campaign\construction_minor.bmd	prefabs\campaign\empire_port_major_4.bmd	prefabs/campaign/empire_town_middenheim_01.bmd		prefabs/campaign/cwb_gen_camp_devastated.bmd	prefabs/campaign/cwb_gen_camp_devastated_resource.bmd
1793264017	wh2_dlc09_tmb_settlement_minor_2	prefabs\campaign\tmb_minor_02.bmd	prefabs\campaign\tmb_minor_port_02.bmd	prefabs\campaign\construction_minor_large.bmd	prefabs\campaign\damage_effect.bmd	prefabs\campaign\destroyed_effect.bmd	prefabs\campaign\construction_minor.bmd	prefabs\campaign\tmb_minor_port_04.bmd	prefabs\campaign\tmb_minor_04.bmd		prefabs/campaign/cwb_gen_camp_devastated.bmd	prefabs/campaign/cwb_gen_camp_devastated_resource.bmd
1794885906	wh3_main_dae_settlement_major_5	prefabs/campaign/chs_major_05.bmd	prefabs/campaign/chs_port_major_05.bmd	prefabs\campaign\construction_minor_large.bmd	prefabs\campaign\damage_effect.bmd	prefabs\campaign\destroyed_effect.bmd	prefabs\campaign\construction_minor.bmd	prefabs/campaign/chs_port_major_05.bmd	prefabs/campaign/chs_major_05.bmd		prefabs/campaign/cwb_gen_camp_devastated.bmd	prefabs/campaign/cwb_gen_camp_devastated_resource.bmd
1797210255	wh2_dlc09_tmb_settlement_major_4	prefabs/campaign/tmb_major_04.bmd	prefabs/campaign/tmb_major_port_04.bmd	prefabs\campaign\construction_minor_large.bmd	prefabs\campaign\damage_effect.bmd	prefabs\campaign\destroyed_effect.bmd	prefabs\campaign\construction_minor.bmd	prefabs/campaign/tmb_major_port_04.bmd	prefabs/campaign/tmb_major_04.bmd		prefabs/campaign/cwb_gen_camp_devastated.bmd	prefabs/campaign/cwb_gen_camp_devastated_resource.bmd
1797652449	wh3_main_kho_settlement_minor_3	prefabs/campaign/chs_minor_kho_03.bmd	prefabs/campaign/chs_port_minor_kho_03.bmd	prefabs\campaign\construction_minor_large.bmd	prefabs\campaign\damage_effect.bmd	prefabs\campaign\destroyed_effect.bmd	prefabs\campaign\construction_minor.bmd	prefabs/campaign/chs_port_minor_kho_04.bmd	prefabs/campaign/chs_minor_kho_04.bmd		prefabs/campaign/cwb_gen_camp_devastated.bmd	prefabs/campaign/cwb_gen_camp_devastated_resource.bmd
1802301011	wh2_main_building_skv_settlement_hellpit_1	prefabs\campaign\skv_hellpit_01.bmd	prefabs\campaign\skv_hellpit_01.bmd	prefabs\campaign\construction_minor_large.bmd	prefabs\campaign\damage_effect.bmd	prefabs\campaign\destroyed_effect.bmd	prefabs\campaign\construction_minor.bmd	prefabs\campaign\skv_hellpit_01.bmd	prefabs\campaign\skv_hellpit_01.bmd		prefabs/campaign/cwb_gen_camp_devastated.bmd	prefabs/campaign/cwb_gen_camp_devastated_resource.bmd
1809698642	wh2_dlc09_tmb_settlement_major_ruin	prefabs\campaign\tmb_ruin_standard.bmd	prefabs\campaign\tmb_ruin_port.bmd					prefabs\campaign\tmb_ruin_port.bmd	prefabs\campaign\tmb_ruin_standard.bmd		prefabs/campaign/cwb_gen_camp_devastated.bmd	prefabs/campaign/cwb_gen_camp_devastated_resource.bmd
181296681	wh2_dlc09_special_settlement_pyramid_of_nagash_skv_5	prefabs/campaign/tmb_blackpyramid_05.bmd	prefabs/campaign/tmb_major_port_05.bmd	prefabs\campaign\construction_minor_large.bmd	prefabs\campaign\damage_effect.bmd	prefabs\campaign\destroyed_effect.bmd	prefabs\campaign\construction_minor.bmd	prefabs/campaign/tmb_major_port_05.bmd	prefabs/campaign/tmb_blackpyramid_05.bmd		prefabs/campaign/cwb_gen_camp_devastated.bmd	prefabs/campaign/cwb_gen_camp_devastated_resource.bmd
1842685464	wh3_main_kho_settlement_major_4	prefabs/campaign/chs_major_kho_04.bmd	prefabs/campaign/chs_port_major_kho_04.bmd	prefabs\campaign\construction_minor_large.bmd	prefabs\campaign\damage_effect.bmd	prefabs\campaign\destroyed_effect.bmd	prefabs\campaign\construction_minor.bmd	prefabs/campaign/chs_port_major_kho_04.bmd	prefabs/campaign/chs_major_kho_04.bmd		prefabs/campaign/cwb_gen_camp_devastated.bmd	prefabs/campaign/cwb_gen_camp_devastated_resource.bmd
185	wh_main_building_nor_settlement_minor_1	prefabs/campaign/norsca_minor_1.bmd	prefabs\campaign\norsca_minor_port_1.bmd	prefabs\campaign\construction_minor.bmd	prefabs\campaign\damage_effect.bmd	prefabs\campaign\destroyed_effect.bmd	prefabs\campaign\construction_minor.bmd	prefabs\campaign\norsca_minor_port_1.bmd	prefabs/campaign/norsca_minor_1.bmd		prefabs/campaign/cwb_gen_camp_devastated.bmd	prefabs/campaign/cwb_gen_camp_devastated_resource.bmd
185446024	wh2_dlc09_special_settlement_pyramid_of_nagash_norsca_1	prefabs/campaign/tmb_blackpyramid_01.bmd	prefabs/campaign/tmb_major_port_01.bmd	prefabs\campaign\construction_minor_large.bmd	prefabs\campaign\damage_effect.bmd	prefabs\campaign\destroyed_effect.bmd	prefabs\campaign\construction_minor.bmd	prefabs/campaign/tmb_major_port_01.bmd	prefabs/campaign/tmb_blackpyramid_01.bmd		prefabs/campaign/cwb_gen_camp_devastated.bmd	prefabs/campaign/cwb_gen_camp_devastated_resource.bmd
1869876076	wh2_dlc09_special_settlement_pyramid_of_nagash_def_4	prefabs/campaign/tmb_blackpyramid_04.bmd	prefabs/campaign/tmb_major_port_04.bmd	prefabs\campaign\construction_minor_large.bmd	prefabs\campaign\damage_effect.bmd	prefabs\campaign\destroyed_effect.bmd	prefabs\campaign\construction_minor.bmd	prefabs/campaign/tmb_major_port_04.bmd	prefabs/campaign/tmb_blackpyramid_04.bmd		prefabs/campaign/cwb_gen_camp_devastated.bmd	prefabs/campaign/cwb_gen_camp_devastated_resource.bmd
1874927423	wh2_dlc09_special_settlement_pyramid_of_nagash_lzd_5	prefabs/campaign/tmb_blackpyramid_05.bmd	prefabs/campaign/tmb_major_port_05.bmd	prefabs\campaign\construction_minor_large.bmd	prefabs\campaign\damage_effect.bmd	prefabs\campaign\destroyed_effect.bmd	prefabs\campaign\construction_minor.bmd	prefabs/campaign/tmb_major_port_05.bmd	prefabs/campaign/tmb_blackpyramid_05.bmd		prefabs/campaign/cwb_gen_camp_devastated.bmd	prefabs/campaign/cwb_gen_camp_devastated_resource.bmd
1876667294	wh3_main_sla_settlement_minor_2	prefabs/campaign/chs_minor_sla_02.bmd	prefabs/campaign/chs_port_minor_sla_02.bmd	prefabs\campaign\construction_minor_large.bmd	prefabs\campaign\damage_effect.bmd	prefabs\campaign\destroyed_effect.bmd	prefabs\campaign\construction_minor.bmd	prefabs/campaign/chs_port_minor_sla_04.bmd	prefabs/campaign/chs_minor_sla_04.bmd		prefabs/campaign/cwb_gen_camp_devastated.bmd	prefabs/campaign/cwb_gen_camp_devastated_resource.bmd
1878416908	wh2_dlc09_special_settlement_pyramid_of_nagash_hef_5	prefabs/campaign/tmb_blackpyramid_05.bmd	prefabs/campaign/tmb_major_port_05.bmd	prefabs\campaign\construction_minor_large.bmd	prefabs\campaign\damage_effect.bmd	prefabs\campaign\destroyed_effect.bmd	prefabs\campaign\construction_minor.bmd	prefabs/campaign/tmb_major_port_05.bmd	prefabs/campaign/tmb_blackpyramid_05.bmd		prefabs/campaign/cwb_gen_camp_devastated.bmd	prefabs/campaign/cwb_gen_camp_devastated_resource.bmd
1880436552	wh3_main_building_ogr_settlement_minor_1	prefabs/campaign/ogr_minor_01.bmd	prefabs/campaign/ogr_port_minor_01.bmd	prefabs\campaign\construction_minor_large.bmd	prefabs\campaign\damage_effect.bmd	prefabs\campaign\destroyed_effect.bmd	prefabs\campaign\construction_minor.bmd	prefabs/campaign/ogr_port_minor_01.bmd	prefabs/campaign/ogr_minor_01.bmd		prefabs/campaign/cwb_gen_camp_devastated.bmd	prefabs/campaign/cwb_gen_camp_devastated_resource.bmd
1894956154	wh2_dlc09_special_settlement_pyramid_of_nagash_vmp_1	prefabs/campaign/tmb_blackpyramid_01.bmd	prefabs/campaign/tmb_major_port_01.bmd	prefabs\campaign\construction_minor_large.bmd	prefabs\campaign\damage_effect.bmd	prefabs\campaign\destroyed_effect.bmd	prefabs\campaign\construction_minor.bmd	prefabs/campaign/tmb_major_port_01.bmd	prefabs/campaign/tmb_blackpyramid_01.bmd		prefabs/campaign/cwb_gen_camp_devastated.bmd	prefabs/campaign/cwb_gen_camp_devastated_resource.bmd
1909995744	wh2_dlc09_special_settlement_pyramid_of_nagash_grn_2	prefabs/campaign/tmb_blackpyramid_02.bmd	prefabs/campaign/tmb_major_port_02.bmd	prefabs\campaign\construction_minor_large.bmd	prefabs\campaign\damage_effect.bmd	prefabs\campaign\destroyed_effect.bmd	prefabs\campaign\construction_minor.bmd	prefabs/campaign/tmb_major_port_02.bmd	prefabs/campaign/tmb_blackpyramid_02.bmd		prefabs/campaign/cwb_gen_camp_devastated.bmd	prefabs/campaign/cwb_gen_camp_devastated_resource.bmd
191702720	wh2_dlc11_vampirecoast_settlement_major_4	prefabs/campaign/vampire_coast_port_major_4.bmd	prefabs/campaign/vampire_coast_port_major_4.bmd	prefabs\campaign\construction_minor.bmd	prefabs\campaign\damage_effect.bmd	prefabs\campaign\destroyed_effect.bmd	prefabs\campaign\construction_minor.bmd	prefabs/campaign/vampire_coast_port_major_4.bmd	prefabs/campaign/vampire_coast_port_major_4.bmd		prefabs/campaign/cwb_gen_camp_devastated.bmd	prefabs/campaign/cwb_gen_camp_devastated_resource.bmd
192	wh_main_building_nor_settlement_minor_2	prefabs/campaign/norsca_minor_2.bmd	prefabs\campaign\norsca_minor_port_2.bmd	prefabs\campaign\construction_minor.bmd	prefabs\campaign\damage_effect.bmd	prefabs\campaign\destroyed_effect.bmd	prefabs\campaign\construction_minor.bmd	prefabs\campaign\norsca_minor_port_2.bmd	prefabs/campaign/norsca_minor_2.bmd		prefabs/campaign/cwb_gen_camp_devastated.bmd	prefabs/campaign/cwb_gen_camp_devastated_resource.bmd
193	wh_main_building_nor_settlement_minor_3	prefabs/campaign/norsca_minor_3.bmd	prefabs\campaign\norsca_minor_port_3.bmd	prefabs\campaign\construction_minor.bmd	prefabs\campaign\damage_effect.bmd	prefabs\campaign\destroyed_effect.bmd	prefabs\campaign\construction_minor.bmd	prefabs\campaign\norsca_minor_port_3.bmd	prefabs/campaign/norsca_minor_3.bmd		prefabs/campaign/cwb_gen_camp_devastated.bmd	prefabs/campaign/cwb_gen_camp_devastated_resource.bmd
1938181021	wh2_dlc11_special_galleons_graveyard_ruin	prefabs/campaign/cst_galleon_graveyard.bmd	prefabs/campaign/cst_galleon_graveyard.bmd	prefabs\campaign\construction_minor.bmd			prefabs\campaign\construction_minor.bmd	prefabs/campaign/cst_galleon_graveyard.bmd	prefabs/campaign/cst_galleon_graveyard.bmd		prefabs/campaign/cwb_gen_camp_devastated.bmd	prefabs/campaign/cwb_gen_camp_devastated_resource.bmd
1949310211	wh2_main_building_skv_settlement_hellpit_4	prefabs\campaign\skv_hellpit_04.bmd	prefabs\campaign\skv_hellpit_04.bmd	prefabs\campaign\construction_minor_large.bmd	prefabs\campaign\damage_effect.bmd	prefabs\campaign\destroyed_effect.bmd	prefabs\campaign\construction_minor.bmd	prefabs\campaign\skv_hellpit_04.bmd	prefabs\campaign\skv_hellpit_04.bmd		prefabs/campaign/cwb_gen_camp_devastated.bmd	prefabs/campaign/cwb_gen_camp_devastated_resource.bmd
195275215	wh2_dlc13_building_lzd_horde_settlement_major_3	prefabs\campaign\lzd_horde_major_3.bmd										
1955112557	wh2_dlc09_special_settlement_pyramid_of_nagash_grn_4	prefabs/campaign/tmb_blackpyramid_04.bmd	prefabs/campaign/tmb_major_port_04.bmd	prefabs\campaign\construction_minor_large.bmd	prefabs\campaign\damage_effect.bmd	prefabs\campaign\destroyed_effect.bmd	prefabs\campaign\construction_minor.bmd	prefabs/campaign/tmb_major_port_04.bmd	prefabs/campaign/tmb_blackpyramid_04.bmd		prefabs/campaign/cwb_gen_camp_devastated.bmd	prefabs/campaign/cwb_gen_camp_devastated_resource.bmd
1958855554	wh2_dlc09_special_settlement_pyramid_of_nagash_def_2	prefabs/campaign/tmb_blackpyramid_02.bmd	prefabs/campaign/tmb_major_port_02.bmd	prefabs\campaign\construction_minor_large.bmd	prefabs\campaign\damage_effect.bmd	prefabs\campaign\destroyed_effect.bmd	prefabs\campaign\construction_minor.bmd	prefabs/campaign/tmb_major_port_02.bmd	prefabs/campaign/tmb_blackpyramid_02.bmd		prefabs/campaign/cwb_gen_camp_devastated.bmd	prefabs/campaign/cwb_gen_camp_devastated_resource.bmd
1978318392	wh2_dlc09_special_settlement_pyramid_of_nagash_vmp_2	prefabs/campaign/tmb_blackpyramid_02.bmd	prefabs/campaign/tmb_major_port_02.bmd	prefabs\campaign\construction_minor_large.bmd	prefabs\campaign\damage_effect.bmd	prefabs\campaign\destroyed_effect.bmd	prefabs\campaign\construction_minor.bmd	prefabs/campaign/tmb_major_port_02.bmd	prefabs/campaign/tmb_blackpyramid_02.bmd		prefabs/campaign/cwb_gen_camp_devastated.bmd	prefabs/campaign/cwb_gen_camp_devastated_resource.bmd
197983761	wh_dlc08_god_ruin_slaanesh	prefabs\campaign\nor_snake_monolith.bmd										
1982218117	wh3_main_kho_settlement_minor_1	prefabs/campaign/chs_minor_kho_01.bmd	prefabs/campaign/chs_port_minor_kho_01.bmd	prefabs\campaign\construction_minor_large.bmd	prefabs\campaign\damage_effect.bmd	prefabs\campaign\destroyed_effect.bmd	prefabs\campaign\construction_minor.bmd	prefabs/campaign/chs_port_minor_kho_04.bmd	prefabs/campaign/chs_minor_kho_04.bmd		prefabs/campaign/cwb_gen_camp_devastated.bmd	prefabs/campaign/cwb_gen_camp_devastated_resource.bmd
1994798577	wh2_main_horde_rogue_settlement_2	prefabs\campaign\rogue_major_encampment.bmd										
199777427	wh3_main_building_ksl_settlement_major_5	prefabs/campaign/ksl_major_05.bmd	prefabs/campaign/ksl_port_major_05.bmd	prefabs\campaign\construction_minor_large.bmd	prefabs\campaign\damage_effect.bmd	prefabs\campaign\destroyed_effect.bmd	prefabs\campaign\construction_minor.bmd	prefabs/campaign/ksl_port_major_05.bmd	prefabs/campaign/ksl_major_05.bmd		prefabs/campaign/cwb_gen_camp_devastated.bmd	prefabs/campaign/cwb_gen_camp_devastated_resource.bmd
2006757700	wh2_dlc09_special_settlement_pyramid_of_nagash_def_1	prefabs/campaign/tmb_blackpyramid_01.bmd	prefabs/campaign/tmb_major_port_01.bmd	prefabs\campaign\construction_minor_large.bmd	prefabs\campaign\damage_effect.bmd	prefabs\campaign\destroyed_effect.bmd	prefabs\campaign\construction_minor.bmd	prefabs/campaign/tmb_major_port_01.bmd	prefabs/campaign/tmb_blackpyramid_01.bmd		prefabs/campaign/cwb_gen_camp_devastated.bmd	prefabs/campaign/cwb_gen_camp_devastated_resource.bmd
2016353023	wh2_dlc09_special_settlement_pyramid_of_nagash_skv_3	prefabs/campaign/tmb_blackpyramid_03.bmd	prefabs/campaign/tmb_major_port_03.bmd	prefabs\campaign\construction_minor_large.bmd	prefabs\campaign\damage_effect.bmd	prefabs\campaign\destroyed_effect.bmd	prefabs\campaign\construction_minor.bmd	prefabs/campaign/tmb_major_port_03.bmd	prefabs/campaign/tmb_blackpyramid_03.bmd		prefabs/campaign/cwb_gen_camp_devastated.bmd	prefabs/campaign/cwb_gen_camp_devastated_resource.bmd
2020840400	wh2_dlc09_special_settlement_pyramid_of_nagash_dwf_3	prefabs/campaign/tmb_blackpyramid_03.bmd	prefabs/campaign/tmb_major_port_03.bmd	prefabs\campaign\construction_minor_large.bmd	prefabs\campaign\damage_effect.bmd	prefabs\campaign\destroyed_effect.bmd	prefabs\campaign\construction_minor.bmd	prefabs/campaign/tmb_major_port_03.bmd	prefabs/campaign/tmb_blackpyramid_03.bmd		prefabs/campaign/cwb_gen_camp_devastated.bmd	prefabs/campaign/cwb_gen_camp_devastated_resource.bmd
2026983009	wh3_main_dae_settlement_minor_3	prefabs/campaign/chs_minor_03.bmd	prefabs/campaign/chs_port_minor_03.bmd	prefabs\campaign\construction_minor_large.bmd	prefabs\campaign\damage_effect.bmd	prefabs\campaign\destroyed_effect.bmd	prefabs\campaign\construction_minor.bmd	prefabs/campaign/chs_port_minor_04.bmd	prefabs/campaign/chs_minor_04.bmd		prefabs/campaign/cwb_gen_camp_devastated.bmd	prefabs/campaign/cwb_gen_camp_devastated_resource.bmd
205091578	wh2_dlc09_special_settlement_pyramid_of_nagash_brt_2	prefabs/campaign/tmb_blackpyramid_02.bmd	prefabs/campaign/tmb_major_port_02.bmd	prefabs\campaign\construction_minor_large.bmd	prefabs\campaign\damage_effect.bmd	prefabs\campaign\destroyed_effect.bmd	prefabs\campaign\construction_minor.bmd	prefabs/campaign/tmb_major_port_02.bmd	prefabs/campaign/tmb_blackpyramid_02.bmd		prefabs/campaign/cwb_gen_camp_devastated.bmd	prefabs/campaign/cwb_gen_camp_devastated_resource.bmd
2071588915	wh3_main_dae_settlement_major_2	prefabs/campaign/chs_major_02.bmd	prefabs/campaign/chs_port_major_02.bmd	prefabs\campaign\construction_minor_large.bmd	prefabs\campaign\damage_effect.bmd	prefabs\campaign\destroyed_effect.bmd	prefabs\campaign\construction_minor.bmd	prefabs/campaign/chs_port_major_02.bmd	prefabs/campaign/chs_major_02.bmd		prefabs/campaign/cwb_gen_camp_devastated.bmd	prefabs/campaign/cwb_gen_camp_devastated_resource.bmd
2088271303	wh3_main_building_ksl_settlement_major_4	prefabs/campaign/ksl_major_04.bmd	prefabs/campaign/ksl_port_major_04.bmd	prefabs\campaign\construction_minor_large.bmd	prefabs\campaign\damage_effect.bmd	prefabs\campaign\destroyed_effect.bmd	prefabs\campaign\construction_minor.bmd	prefabs/campaign/ksl_port_major_04.bmd	prefabs/campaign/ksl_major_04.bmd		prefabs/campaign/cwb_gen_camp_devastated.bmd	prefabs/campaign/cwb_gen_camp_devastated_resource.bmd
2091393175	wh2_dlc09_special_settlement_pyramid_of_nagash_norsca_2	prefabs/campaign/tmb_blackpyramid_02.bmd	prefabs/campaign/tmb_major_port_02.bmd	prefabs\campaign\construction_minor_large.bmd	prefabs\campaign\damage_effect.bmd	prefabs\campaign\destroyed_effect.bmd	prefabs\campaign\construction_minor.bmd	prefabs/campaign/tmb_major_port_02.bmd	prefabs/campaign/tmb_blackpyramid_02.bmd		prefabs/campaign/cwb_gen_camp_devastated.bmd	prefabs/campaign/cwb_gen_camp_devastated_resource.bmd
209363628	wh3_dlc27_hef_dragonship_encampment	prefabs\campaign\hef_encampment.bmd										
2112353784	wh_main_building_nor_settlement_minor_4	prefabs/campaign/norsca_minor_4.bmd	prefabs\campaign\norsca_minor_port_4.bmd	prefabs\campaign\construction_minor.bmd	prefabs\campaign\damage_effect.bmd	prefabs\campaign\destroyed_effect.bmd	prefabs\campaign\construction_minor.bmd	prefabs\campaign\norsca_minor_port_4.bmd	prefabs/campaign/norsca_minor_4.bmd		prefabs/campaign/cwb_gen_camp_devastated.bmd	prefabs/campaign/cwb_gen_camp_devastated_resource.bmd
2139423023	wh2_dlc09_special_settlement_pyramid_of_nagash_emp_1	prefabs/campaign/tmb_blackpyramid_01.bmd	prefabs/campaign/tmb_major_port_01.bmd	prefabs\campaign\construction_minor_large.bmd	prefabs\campaign\damage_effect.bmd	prefabs\campaign\destroyed_effect.bmd	prefabs\campaign\construction_minor.bmd	prefabs/campaign/tmb_major_port_01.bmd	prefabs/campaign/tmb_blackpyramid_01.bmd		prefabs/campaign/cwb_gen_camp_devastated.bmd	prefabs/campaign/cwb_gen_camp_devastated_resource.bmd
2141157270	wh2_dlc12_dummy_nuclear_ruins_tombking_nagash	prefabs\campaign\tmb_ruin_blackpyramid_nuked.bmd	prefabs\campaign\tmb_ruin_port_nuked.bmd					prefabs\campaign\tmb_ruin_port_nuked.bmd	prefabs\campaign\tmb_ruin_blackpyramid_nuked.bmd		prefabs/campaign/cwb_gen_camp_devastated.bmd	prefabs/campaign/cwb_gen_camp_devastated_resource.bmd
217236178	wh2_dlc09_special_settlement_pyramid_of_nagash_tmb_ruin	prefabs\campaign\tmb_ruin_standard.bmd	prefabs\campaign\tmb_ruin_port.bmd					prefabs\campaign\tmb_ruin_port.bmd	prefabs\campaign\tmb_ruin_standard.bmd	prefabs\campaign\tmb_ruin_port.bmd		
218014549	wh2_dlc11_vampirecoast_ship_captains_cabin_4	prefabs\campaign\cst_encampment.bmd										
23	wh_main_building_dwf_settlement_major_4	prefabs/campaign/dwarf_major_4.bmd	prefabs\campaign\dwarf_port_major_4.bmd	prefabs\campaign\construction_minor.bmd	prefabs\campaign\damage_effect.bmd	prefabs\campaign\destroyed_effect.bmd	prefabs\campaign\construction_minor.bmd	prefabs\campaign\dwarf_port_major_4.bmd	prefabs/campaign/dwarf_major_4.bmd		prefabs/campaign/cwb_gen_camp_devastated.bmd	prefabs/campaign/cwb_gen_camp_devastated_resource.bmd
234513501	wh3_main_cth_settlement_major_5	prefabs/campaign/cth_major_05.bmd	prefabs/campaign/cth_port_major_05.bmd	prefabs\campaign\construction_minor_large.bmd	prefabs\campaign\damage_effect.bmd	prefabs\campaign\destroyed_effect.bmd	prefabs\campaign\construction_minor.bmd	prefabs/campaign/cth_port_major_05.bmd	prefabs/campaign/cth_major_05.bmd		prefabs/campaign/cwb_gen_camp_devastated.bmd	prefabs/campaign/cwb_gen_camp_devastated_resource.bmd
243748577	wh3_dlc23_chd_settlement_tower_1	prefabs/campaign/chd_major_01.bmd	prefabs/campaign/chd_major_01.bmd	prefabs\campaign\construction_minor_large.bmd	prefabs\campaign\damage_effect.bmd	prefabs\campaign\destroyed_effect.bmd	prefabs\campaign\construction_minor.bmd	prefabs/campaign/chd_major_01.bmd	prefabs/campaign/chd_major_01.bmd		prefabs/campaign/cwb_gen_camp_devastated.bmd	prefabs/campaign/cwb_gen_camp_devastated_resource.bmd
245698636	wh3_main_sla_settlement_major_3	prefabs/campaign/chs_major_sla_03.bmd	prefabs/campaign/chs_port_major_sla_03.bmd	prefabs\campaign\construction_minor_large.bmd	prefabs\campaign\damage_effect.bmd	prefabs\campaign\destroyed_effect.bmd	prefabs\campaign\construction_minor.bmd	prefabs/campaign/chs_port_major_sla_03.bmd	prefabs/campaign/chs_major_sla_03.bmd		prefabs/campaign/cwb_gen_camp_devastated.bmd	prefabs/campaign/cwb_gen_camp_devastated_resource.bmd
25	wh_main_building_dwf_settlement_major_5	prefabs/campaign/dwarf_major_5.bmd	prefabs\campaign\dwarf_port_major_5.bmd	prefabs\campaign\construction_minor.bmd	prefabs\campaign\damage_effect.bmd	prefabs\campaign\destroyed_effect.bmd	prefabs\campaign\construction_minor.bmd	prefabs\campaign\dwarf_port_major_5.bmd	prefabs/campaign/dwarf_major_5.bmd		prefabs/campaign/cwb_gen_camp_devastated.bmd	prefabs/campaign/cwb_gen_camp_devastated_resource.bmd
255349409	wh2_dlc09_tmb_settlement_khemri_5	prefabs/campaign/tmb_settra_05.bmd	prefabs/campaign/tmb_major_port_05.bmd	prefabs\campaign\construction_minor_large.bmd	prefabs\campaign\damage_effect.bmd	prefabs\campaign\destroyed_effect.bmd	prefabs\campaign\construction_minor.bmd	prefabs/campaign/tmb_major_port_05.bmd	prefabs/campaign/tmb_settra_05.bmd		prefabs/campaign/cwb_gen_camp_devastated.bmd	prefabs/campaign/cwb_gen_camp_devastated_resource.bmd
25606540	wh2_dlc09_special_settlement_pyramid_of_nagash_vmp_3	prefabs/campaign/tmb_blackpyramid_03.bmd	prefabs/campaign/tmb_major_port_03.bmd	prefabs\campaign\construction_minor_large.bmd	prefabs\campaign\damage_effect.bmd	prefabs\campaign\destroyed_effect.bmd	prefabs\campaign\construction_minor.bmd	prefabs/campaign/tmb_major_port_03.bmd	prefabs/campaign/tmb_blackpyramid_03.bmd		prefabs/campaign/cwb_gen_camp_devastated.bmd	prefabs/campaign/cwb_gen_camp_devastated_resource.bmd
271	wh_main_building_grn_settlement_major_1	prefabs/campaign/greenskins_major_settlement_1.bmd	prefabs\campaign\greenskins_port_major_1.bmd	prefabs\campaign\construction_minor.bmd	prefabs\campaign\damage_effect.bmd	prefabs\campaign\destroyed_effect.bmd	prefabs\campaign\construction_minor.bmd	prefabs\campaign\greenskins_port_major_1.bmd	prefabs/campaign/greenskins_major_settlement_1.bmd		prefabs/campaign/cwb_gen_camp_devastated.bmd	prefabs/campaign/cwb_gen_camp_devastated_resource.bmd
276647998	wh2_dlc11_vampirecoast_settlement_major_1	prefabs/campaign/vampire_coast_port_major_1.bmd	prefabs/campaign/vampire_coast_port_major_1.bmd	prefabs\campaign\construction_minor.bmd	prefabs\campaign\damage_effect.bmd	prefabs\campaign\destroyed_effect.bmd	prefabs\campaign\construction_minor.bmd	prefabs/campaign/vampire_coast_port_major_1.bmd	prefabs/campaign/vampire_coast_port_major_1.bmd		prefabs/campaign/cwb_gen_camp_devastated.bmd	prefabs/campaign/cwb_gen_camp_devastated_resource.bmd
277	wh_main_building_grn_settlement_major_2	prefabs/campaign/greenskins_major_settlement_2.bmd	prefabs\campaign\greenskins_port_major_2.bmd	prefabs\campaign\construction_minor.bmd	prefabs\campaign\damage_effect.bmd	prefabs\campaign\destroyed_effect.bmd	prefabs\campaign\construction_minor.bmd	prefabs\campaign\greenskins_port_major_2.bmd	prefabs/campaign/greenskins_major_settlement_2.bmd		prefabs/campaign/cwb_gen_camp_devastated.bmd	prefabs/campaign/cwb_gen_camp_devastated_resource.bmd
281060552	wh3_dlc25_dwarf_spirit_of_grungni_airship_hull_5	prefabs\campaign\dwarf_encampment.bmd										
285	wh_main_building_grn_settlement_major_3	prefabs/campaign/greenskins_major_settlement_3.bmd	prefabs\campaign\greenskins_port_major_3.bmd	prefabs\campaign\construction_minor.bmd	prefabs\campaign\damage_effect.bmd	prefabs\campaign\destroyed_effect.bmd	prefabs\campaign\construction_minor.bmd	prefabs\campaign\greenskins_port_major_3.bmd	prefabs/campaign/greenskins_major_settlement_3.bmd		prefabs/campaign/cwb_gen_camp_devastated.bmd	prefabs/campaign/cwb_gen_camp_devastated_resource.bmd
287232655	wh3_dlc23_chd_settlement_factory_1	prefabs/campaign/chd_factory_01.bmd	prefabs/campaign/chd_factory_01.bmd	prefabs\campaign\construction_minor.bmd	prefabs\campaign\damage_effect.bmd	prefabs\campaign\destroyed_effect.bmd	prefabs\campaign\construction_minor.bmd	prefabs/campaign/chd_factory_01.bmd	prefabs/campaign/chd_factory_01.bmd		prefabs/campaign/cwb_gen_camp_devastated.bmd	prefabs/campaign/cwb_gen_camp_devastated_resource.bmd
290	wh_main_building_grn_settlement_major_4	prefabs/campaign/greenskins_major_settlement_4.bmd	prefabs\campaign\greenskins_port_major_4.bmd	prefabs\campaign\construction_minor.bmd	prefabs\campaign\damage_effect.bmd	prefabs\campaign\destroyed_effect.bmd	prefabs\campaign\construction_minor.bmd	prefabs\campaign\greenskins_port_major_4.bmd	prefabs/campaign/greenskins_major_settlement_4.bmd		prefabs/campaign/cwb_gen_camp_devastated.bmd	prefabs/campaign/cwb_gen_camp_devastated_resource.bmd
296	wh_main_building_grn_settlement_major_5	prefabs/campaign/greenskins_major_settlement_5.bmd	prefabs\campaign\greenskins_port_major_5.bmd	prefabs\campaign\construction_minor.bmd	prefabs\campaign\damage_effect.bmd	prefabs\campaign\destroyed_effect.bmd	prefabs\campaign\construction_minor.bmd	prefabs\campaign\greenskins_port_major_5.bmd	prefabs/campaign/greenskins_major_settlement_5.bmd		prefabs/campaign/cwb_gen_camp_devastated.bmd	prefabs/campaign/cwb_gen_camp_devastated_resource.bmd
300	wh_main_building_grn_settlement_minor_1	prefabs/campaign/greenskins_minor_settlement_1.bmd	prefabs\campaign\greenskins_port_minor_1.bmd	prefabs\campaign\construction_minor.bmd	prefabs\campaign\damage_effect.bmd	prefabs\campaign\destroyed_effect.bmd	prefabs\campaign\construction_minor.bmd	prefabs\campaign\greenskins_port_minor_1.bmd	prefabs/campaign/greenskins_minor_settlement_1.bmd		prefabs/campaign/cwb_gen_camp_devastated.bmd	prefabs/campaign/cwb_gen_camp_devastated_resource.bmd
302646369	wh2_dlc13_building_lzd_horde_settlement_major_5	prefabs\campaign\lzd_horde_major_5.bmd										
309	wh_main_building_grn_settlement_minor_2	prefabs/campaign/greenskins_minor_settlement_2.bmd	prefabs\campaign\greenskins_port_minor_2.bmd	prefabs\campaign\construction_minor.bmd	prefabs\campaign\damage_effect.bmd	prefabs\campaign\destroyed_effect.bmd	prefabs\campaign\construction_minor.bmd	prefabs\campaign\greenskins_port_minor_2.bmd	prefabs/campaign/greenskins_minor_settlement_2.bmd		prefabs/campaign/cwb_gen_camp_devastated.bmd	prefabs/campaign/cwb_gen_camp_devastated_resource.bmd
310354349	wh3_main_pro_building_nor_settlement_minor_5	prefabs/campaign/pro_norsca_minor_5.bmd	prefabs\campaign\norsca_minor_port_5.bmd	prefabs\campaign\construction_minor.bmd	prefabs\campaign\damage_effect.bmd	prefabs\campaign\destroyed_effect.bmd	prefabs\campaign\construction_minor.bmd	prefabs\campaign\norsca_minor_port_5.bmd	prefabs/campaign/norsca_minor_5.bmd		prefabs/campaign/cwb_gen_camp_devastated.bmd	prefabs/campaign/cwb_gen_camp_devastated_resource.bmd
314518868	wh3_main_kho_settlement_minor_2	prefabs/campaign/chs_minor_kho_02.bmd	prefabs/campaign/chs_port_minor_kho_02.bmd	prefabs\campaign\construction_minor_large.bmd	prefabs\campaign\damage_effect.bmd	prefabs\campaign\destroyed_effect.bmd	prefabs\campaign\construction_minor.bmd	prefabs/campaign/chs_port_minor_kho_04.bmd	prefabs/campaign/chs_minor_kho_04.bmd		prefabs/campaign/cwb_gen_camp_devastated.bmd	prefabs/campaign/cwb_gen_camp_devastated_resource.bmd
314589553	wh3_prologue_building_ksl_minor_2	prefabs/campaign/ksl_prologue_minor_02.bmd		prefabs\campaign\construction_minor_large.bmd	prefabs\campaign\damage_effect.bmd							
315	wh_main_building_grn_settlement_minor_3	prefabs/campaign/greenskins_minor_settlement_3.bmd	prefabs\campaign\greenskins_port_minor_3.bmd	prefabs\campaign\construction_minor.bmd	prefabs\campaign\damage_effect.bmd	prefabs\campaign\destroyed_effect.bmd	prefabs\campaign\construction_minor.bmd	prefabs\campaign\greenskins_port_minor_3.bmd	prefabs/campaign/greenskins_minor_settlement_3.bmd		prefabs/campaign/cwb_gen_camp_devastated.bmd	prefabs/campaign/cwb_gen_camp_devastated_resource.bmd
320057959	wh2_dlc09_special_settlement_pyramid_of_nagash_savage_1	prefabs/campaign/tmb_blackpyramid_01.bmd	prefabs/campaign/tmb_major_port_01.bmd	prefabs\campaign\construction_minor_large.bmd	prefabs\campaign\damage_effect.bmd	prefabs\campaign\destroyed_effect.bmd	prefabs\campaign\construction_minor.bmd	prefabs/campaign/tmb_major_port_01.bmd	prefabs/campaign/tmb_blackpyramid_01.bmd		prefabs/campaign/cwb_gen_camp_devastated.bmd	prefabs/campaign/cwb_gen_camp_devastated_resource.bmd
32389929	wh3_dlc29_special_settlement_garden_of_nurgle_minor_2	prefabs/campaign/chs_minor_nurgle_garden_02.bmd	prefabs/campaign/chs_minor_nurgle_garden_port_02.bmd	prefabs\campaign\construction_minor.bmd	prefabs\campaign\damage_effect.bmd	prefabs\campaign\destroyed_effect.bmd	prefabs\campaign\construction_minor.bmd	prefabs/campaign/chs_minor_nurgle_garden_port_02.bmd	prefabs/campaign/chs_minor_nurgle_garden_02.bmd		prefabs/campaign/cwb_gen_camp_devastated.bmd	prefabs/campaign/cwb_gen_camp_devastated_resource.bmd
330481171	wh2_dlc09_special_settlement_pyramid_of_nagash_dwf_1	prefabs/campaign/tmb_blackpyramid_01.bmd	prefabs/campaign/tmb_major_port_01.bmd	prefabs\campaign\construction_minor_large.bmd	prefabs\campaign\damage_effect.bmd	prefabs\campaign\destroyed_effect.bmd	prefabs\campaign\construction_minor.bmd	prefabs/campaign/tmb_major_port_01.bmd	prefabs/campaign/tmb_blackpyramid_01.bmd		prefabs/campaign/cwb_gen_camp_devastated.bmd	prefabs/campaign/cwb_gen_camp_devastated_resource.bmd
331654585	wh_dlc08_god_ruin_khorne	prefabs\campaign\nor_wolf_monolith.bmd										
340	wh_main_building_vmp_settlement_major_1	prefabs/campaign/vampire_major_level_1.bmd	prefabs/campaign/vampire_port_major_1.bmd	prefabs\campaign\construction_minor.bmd	prefabs\campaign\damage_effect.bmd	prefabs\campaign\destroyed_effect.bmd	prefabs\campaign\construction_minor.bmd	prefabs/campaign/vampire_port_major_1.bmd	prefabs/campaign/vampire_major_level_1.bmd		prefabs/campaign/cwb_gen_camp_devastated.bmd	prefabs/campaign/cwb_gen_camp_devastated_resource.bmd
345	wh_main_building_vmp_settlement_major_2	prefabs/campaign/vampire_major_level_2.bmd	prefabs/campaign/vampire_port_major_2.bmd	prefabs\campaign\construction_minor.bmd	prefabs\campaign\damage_effect.bmd	prefabs\campaign\destroyed_effect.bmd	prefabs\campaign\construction_minor.bmd	prefabs/campaign/vampire_port_major_2.bmd	prefabs/campaign/vampire_major_level_2.bmd		prefabs/campaign/cwb_gen_camp_devastated.bmd	prefabs/campaign/cwb_gen_camp_devastated_resource.bmd
35	wh_main_building_dwf_settlement_minor_1	prefabs/campaign/dwarf_minor_1.bmd	prefabs\campaign\dwarf_port_minor_1.bmd	prefabs\campaign\construction_minor.bmd	prefabs\campaign\damage_effect.bmd	prefabs\campaign\destroyed_effect.bmd	prefabs\campaign\construction_minor.bmd	prefabs\campaign\dwarf_port_minor_1.bmd	prefabs/campaign/dwarf_minor_1.bmd		prefabs/campaign/cwb_gen_camp_devastated.bmd	prefabs/campaign/cwb_gen_camp_devastated_resource.bmd
355	wh_main_building_vmp_settlement_major_3	prefabs/campaign/vampire_major_level_3.bmd	prefabs/campaign/vampire_port_major_3.bmd	prefabs\campaign\construction_minor.bmd	prefabs\campaign\damage_effect.bmd	prefabs\campaign\destroyed_effect.bmd	prefabs\campaign\construction_minor.bmd	prefabs/campaign/vampire_port_major_3.bmd	prefabs/campaign/vampire_major_level_3.bmd		prefabs/campaign/cwb_gen_camp_devastated.bmd	prefabs/campaign/cwb_gen_camp_devastated_resource.bmd
361	wh_main_building_vmp_settlement_major_4	prefabs/campaign/vampire_major_level_4.bmd	prefabs/campaign/vampire_port_major_4.bmd	prefabs\campaign\construction_minor.bmd	prefabs\campaign\damage_effect.bmd	prefabs\campaign\destroyed_effect.bmd	prefabs\campaign\construction_minor.bmd	prefabs/campaign/vampire_port_major_4.bmd	prefabs/campaign/vampire_major_level_4.bmd		prefabs/campaign/cwb_gen_camp_devastated.bmd	prefabs/campaign/cwb_gen_camp_devastated_resource.bmd
363495772	wh3_main_pro_building_nor_settlement_minor_3	prefabs/campaign/pro_norsca_minor_3.bmd	prefabs\campaign\norsca_minor_port_3.bmd	prefabs\campaign\construction_minor.bmd	prefabs\campaign\damage_effect.bmd	prefabs\campaign\destroyed_effect.bmd	prefabs\campaign\construction_minor.bmd	prefabs\campaign\norsca_minor_port_3.bmd	prefabs/campaign/norsca_minor_3.bmd		prefabs/campaign/cwb_gen_camp_devastated.bmd	prefabs/campaign/cwb_gen_camp_devastated_resource.bmd
364484097	wh3_main_ksl_kislev_city_5	prefabs/campaign/ksl_ice_palace_05.bmd	prefabs/campaign/ksl_port_major_05.bmd	prefabs\campaign\construction_minor_large.bmd	prefabs\campaign\damage_effect.bmd	prefabs\campaign\destroyed_effect.bmd	prefabs\campaign\construction_minor.bmd	prefabs/campaign/ksl_port_major_05.bmd	prefabs/campaign/ksl_ice_palace_05.bmd		prefabs/campaign/cwb_gen_camp_devastated.bmd	prefabs/campaign/cwb_gen_camp_devastated_resource.bmd
366	wh_main_building_vmp_settlement_major_5	prefabs/campaign/vampire_major_level_5.bmd	prefabs/campaign/vampire_port_major_5.bmd	prefabs\campaign\construction_minor.bmd	prefabs\campaign\damage_effect.bmd	prefabs\campaign\destroyed_effect.bmd	prefabs\campaign\construction_minor.bmd	prefabs/campaign/vampire_port_major_5.bmd	prefabs/campaign/vampire_major_level_5.bmd		prefabs/campaign/cwb_gen_camp_devastated.bmd	prefabs/campaign/cwb_gen_camp_devastated_resource.bmd
367	wh_main_building_vmp_settlement_minor_1	prefabs/campaign/vampire_minor_level_1.bmd	prefabs\campaign\vampire_minor_port_1.bmd	prefabs\campaign\construction_minor.bmd	prefabs\campaign\damage_effect.bmd	prefabs\campaign\destroyed_effect.bmd	prefabs\campaign\construction_minor.bmd	prefabs\campaign\vampire_minor_port_4.bmd	prefabs/campaign/vampire_minor_level_4.bmd		prefabs/campaign/cwb_gen_camp_devastated.bmd	prefabs/campaign/cwb_gen_camp_devastated_resource.bmd
367103772	wh2_main_special_empire_fort_ruin	prefabs/campaign/empire_mountain_fort_ruin.bmd	prefabs/campaign/empire_mountain_fort_ruin.bmd	prefabs\campaign\construction_minor_large.bmd	prefabs\campaign\damage_effect.bmd	prefabs\campaign\destroyed_effect.bmd	prefabs\campaign\construction_minor.bmd	prefabs\campaign\empire_mountain_fort.bmd	prefabs\campaign\empire_mountain_fort.bmd		prefabs/campaign/cwb_gen_camp_devastated.bmd	prefabs/campaign/cwb_gen_camp_devastated_resource.bmd
368	wh_main_building_vmp_settlement_minor_2	prefabs/campaign/vampire_minor_level_2.bmd	prefabs\campaign\vampire_minor_port_2.bmd	prefabs\campaign\construction_minor.bmd	prefabs\campaign\damage_effect.bmd	prefabs\campaign\destroyed_effect.bmd	prefabs\campaign\construction_minor.bmd	prefabs\campaign\vampire_minor_port_4.bmd	prefabs/campaign/vampire_minor_level_4.bmd		prefabs/campaign/cwb_gen_camp_devastated.bmd	prefabs/campaign/cwb_gen_camp_devastated_resource.bmd
37	wh_main_building_dwf_settlement_minor_2	prefabs/campaign/dwarf_minor_2.bmd	prefabs\campaign\dwarf_port_minor_2.bmd	prefabs\campaign\construction_minor.bmd	prefabs\campaign\damage_effect.bmd	prefabs\campaign\destroyed_effect.bmd	prefabs\campaign\construction_minor.bmd	prefabs\campaign\dwarf_port_minor_2.bmd	prefabs/campaign/dwarf_minor_2.bmd		prefabs/campaign/cwb_gen_camp_devastated.bmd	prefabs/campaign/cwb_gen_camp_devastated_resource.bmd
370691004	wh2_dlc17_bst_settlement_major_4	prefabs\campaign\wef_oak_of_ages_04.bmd	prefabs\campaign\wef_oak_of_ages_04.bmd	prefabs\campaign\construction_minor.bmd	prefabs\campaign\damage_effect.bmd	prefabs\campaign\destroyed_effect.bmd	prefabs\campaign\construction_minor.bmd	prefabs\campaign\wef_oak_of_ages_04.bmd	prefabs\campaign\wef_oak_of_ages_04.bmd		prefabs\campaign\wef_oak_of_ages_ruin_01.bmd	prefabs\campaign\wef_oak_of_ages_ruin_01.bmd
371412251	wh2_dlc09_special_settlement_pyramid_of_nagash_hef_4	prefabs/campaign/tmb_blackpyramid_04.bmd	prefabs/campaign/tmb_major_port_04.bmd	prefabs\campaign\construction_minor_large.bmd	prefabs\campaign\damage_effect.bmd	prefabs\campaign\destroyed_effect.bmd	prefabs\campaign\construction_minor.bmd	prefabs/campaign/tmb_major_port_04.bmd	prefabs/campaign/tmb_blackpyramid_04.bmd		prefabs/campaign/cwb_gen_camp_devastated.bmd	prefabs/campaign/cwb_gen_camp_devastated_resource.bmd
372	wh_main_building_vmp_settlement_minor_3	prefabs/campaign/vampire_minor_level_3.bmd	prefabs\campaign\vampire_minor_port_3.bmd	prefabs\campaign\construction_minor.bmd	prefabs\campaign\damage_effect.bmd	prefabs\campaign\destroyed_effect.bmd	prefabs\campaign\construction_minor.bmd	prefabs\campaign\vampire_minor_port_4.bmd	prefabs/campaign/vampire_minor_level_4.bmd		prefabs/campaign/cwb_gen_camp_devastated.bmd	prefabs/campaign/cwb_gen_camp_devastated_resource.bmd
38	wh_main_building_dwf_settlement_minor_3	prefabs/campaign/dwarf_minor_3.bmd	prefabs\campaign\dwarf_port_minor_3.bmd	prefabs\campaign\construction_minor.bmd	prefabs\campaign\damage_effect.bmd	prefabs\campaign\destroyed_effect.bmd	prefabs\campaign\construction_minor.bmd	prefabs\campaign\dwarf_port_minor_3.bmd	prefabs/campaign/dwarf_minor_3.bmd		prefabs/campaign/cwb_gen_camp_devastated.bmd	prefabs/campaign/cwb_gen_camp_devastated_resource.bmd
382584908	wh2_dlc09_special_settlement_pyramid_of_nagash_brt_1	prefabs/campaign/tmb_blackpyramid_01.bmd	prefabs/campaign/tmb_major_port_01.bmd	prefabs\campaign\construction_minor_large.bmd	prefabs\campaign\damage_effect.bmd	prefabs\campaign\destroyed_effect.bmd	prefabs\campaign\construction_minor.bmd	prefabs/campaign/tmb_major_port_01.bmd	prefabs/campaign/tmb_blackpyramid_01.bmd		prefabs/campaign/cwb_gen_camp_devastated.bmd	prefabs/campaign/cwb_gen_camp_devastated_resource.bmd
396180858	wh3_main_pro_building_nor_settlement_minor_2	prefabs/campaign/pro_norsca_minor_2.bmd	prefabs\campaign\norsca_minor_port_2.bmd	prefabs\campaign\construction_minor.bmd	prefabs\campaign\damage_effect.bmd	prefabs\campaign\destroyed_effect.bmd	prefabs\campaign\construction_minor.bmd	prefabs\campaign\norsca_minor_port_2.bmd	prefabs/campaign/norsca_minor_2.bmd		prefabs/campaign/cwb_gen_camp_devastated.bmd	prefabs/campaign/cwb_gen_camp_devastated_resource.bmd
4	wh_main_building_dwf_settlement_major_1	prefabs/campaign/dwarf_major_1.bmd	prefabs\campaign\dwarf_port_major_1.bmd	prefabs\campaign\construction_minor.bmd	prefabs\campaign\damage_effect.bmd	prefabs\campaign\destroyed_effect.bmd	prefabs\campaign\construction_minor.bmd	prefabs\campaign\dwarf_port_major_1.bmd	prefabs/campaign/dwarf_major_1.bmd		prefabs/campaign/cwb_gen_camp_devastated.bmd	prefabs/campaign/cwb_gen_camp_devastated_resource.bmd
409041022	wh3_dlc23_chd_settlement_tower_2	prefabs/campaign/chd_major_02.bmd	prefabs/campaign/chd_major_02.bmd	prefabs\campaign\construction_minor_large.bmd	prefabs\campaign\damage_effect.bmd	prefabs\campaign\destroyed_effect.bmd	prefabs\campaign\construction_minor.bmd	prefabs/campaign/chd_major_02.bmd	prefabs/campaign/chd_major_02.bmd		prefabs/campaign/cwb_gen_camp_devastated.bmd	prefabs/campaign/cwb_gen_camp_devastated_resource.bmd
410	wh_main_building_grn_horde_settlement_1	prefabs/campaign/greenskins_savage_orks_1.bmd										
414	wh_main_building_human_ruin	prefabs\campaign\human_settlement_ruin.bmd	prefabs\campaign\human_settlement_port_ruin.bmd					prefabs\campaign\human_settlement_port_ruin.bmd	prefabs\campaign\human_settlement_ruin.bmd		prefabs/campaign/cwb_gen_camp_devastated.bmd	prefabs/campaign/cwb_gen_camp_devastated_resource.bmd
416728440	wh3_main_ogr_camp_town_centre_2	prefabs\campaign\ogr_horde_settlement_2.bmd										
437906087	wh3_dlc29_special_settlement_garden_of_nurgle_5	prefabs/campaign/chs_major_nurgle_garden_05.bmd	prefabs/campaign/chs_major_nurgle_garden_port_05.bmd	prefabs\campaign\construction_minor_large.bmd	prefabs\campaign\damage_effect.bmd	prefabs\campaign\destroyed_effect.bmd	prefabs\campaign\construction_minor.bmd	prefabs/campaign/chs_major_nurgle_garden_port_05.bmd	prefabs/campaign/chs_major_nurgle_garden_05.bmd		prefabs/campaign/cwb_gen_camp_devastated.bmd	prefabs/campaign/cwb_gen_camp_devastated_resource.bmd
440	wh_main_HUMAN_settlement_minor_chaosruin	prefabs\campaign\chaos_rift.bmd										
441976534	wh2_dlc13_building_lzd_horde_settlement_minor_2	prefabs\campaign\lzd_horde_minor_2.bmd										
443434034	wh2_dlc09_special_settlement_pyramid_of_nagash_tmb_3	prefabs/campaign/tmb_blackpyramid_03.bmd	prefabs/campaign/tmb_major_port_03.bmd	prefabs\campaign\construction_minor_large.bmd	prefabs\campaign\damage_effect.bmd	prefabs\campaign\destroyed_effect.bmd	prefabs\campaign\construction_minor.bmd	prefabs/campaign/tmb_major_port_03.bmd	prefabs/campaign/tmb_blackpyramid_03.bmd		prefabs/campaign/cwb_gen_camp_devastated.bmd	prefabs/campaign/cwb_gen_camp_devastated_resource.bmd
466794500	wh2_dlc09_tmb_settlement_khemri_1	prefabs/campaign/tmb_settra_01.bmd	prefabs/campaign/tmb_major_port_01.bmd	prefabs\campaign\construction_minor_large.bmd	prefabs\campaign\damage_effect.bmd	prefabs\campaign\destroyed_effect.bmd	prefabs\campaign\construction_minor.bmd	prefabs/campaign/tmb_major_port_01.bmd	prefabs/campaign/tmb_settra_01.bmd		prefabs/campaign/cwb_gen_camp_devastated.bmd	prefabs/campaign/cwb_gen_camp_devastated_resource.bmd
46683269	wh2_dlc09_special_settlement_pyramid_of_nagash_grn_1	prefabs/campaign/tmb_blackpyramid_01.bmd	prefabs/campaign/tmb_major_port_01.bmd	prefabs\campaign\construction_minor_large.bmd	prefabs\campaign\damage_effect.bmd	prefabs\campaign\destroyed_effect.bmd	prefabs\campaign\construction_minor.bmd	prefabs/campaign/tmb_major_port_01.bmd	prefabs/campaign/tmb_blackpyramid_01.bmd		prefabs/campaign/cwb_gen_camp_devastated.bmd	prefabs/campaign/cwb_gen_camp_devastated_resource.bmd
471797086	wh3_main_ksl_kislev_city_2	prefabs/campaign/ksl_ice_palace_02.bmd	prefabs/campaign/ksl_port_major_02.bmd	prefabs\campaign\construction_minor_large.bmd	prefabs\campaign\damage_effect.bmd	prefabs\campaign\destroyed_effect.bmd	prefabs\campaign\construction_minor.bmd	prefabs/campaign/ksl_port_major_02.bmd	prefabs/campaign/ksl_ice_palace_02.bmd		prefabs/campaign/cwb_gen_camp_devastated.bmd	prefabs/campaign/cwb_gen_camp_devastated_resource.bmd
472873468	wh2_dlc11_vampirecoast_settlement_major_5	prefabs/campaign/vampire_coast_port_major_5.bmd	prefabs/campaign/vampire_coast_port_major_5.bmd	prefabs\campaign\construction_minor.bmd	prefabs\campaign\damage_effect.bmd	prefabs\campaign\destroyed_effect.bmd	prefabs\campaign\construction_minor.bmd	prefabs/campaign/vampire_coast_port_major_5.bmd	prefabs/campaign/vampire_coast_port_major_5.bmd		prefabs/campaign/cwb_gen_camp_devastated.bmd	prefabs/campaign/cwb_gen_camp_devastated_resource.bmd
479748273	wh2_dlc09_special_settlement_pyramid_of_nagash_lzd_2	prefabs/campaign/tmb_blackpyramid_02.bmd	prefabs/campaign/tmb_major_port_02.bmd	prefabs\campaign\construction_minor_large.bmd	prefabs\campaign\damage_effect.bmd	prefabs\campaign\destroyed_effect.bmd	prefabs\campaign\construction_minor.bmd	prefabs/campaign/tmb_major_port_02.bmd	prefabs/campaign/tmb_blackpyramid_02.bmd		prefabs/campaign/cwb_gen_camp_devastated.bmd	prefabs/campaign/cwb_gen_camp_devastated_resource.bmd
484990643	wh3_prologue_building_ksl_major_4	prefabs/campaign/ksl_prologue_major_04.bmd		prefabs\campaign\construction_minor_large.bmd	prefabs\campaign\damage_effect.bmd							
487	wh_dlc03_HUMAN_settlement_minor_beastmenruin	prefabs\campaign\bst_totem_minor.bmd		prefabs\campaign\construction_minor.bmd	prefabs\campaign\damage_effect.bmd	prefabs\campaign\destroyed_effect.bmd	prefabs\campaign\construction_minor.bmd				prefabs/campaign/cwb_gen_camp_devastated.bmd	prefabs/campaign/cwb_gen_camp_devastated_resource.bmd
492133676	wh3_prologue_building_ksl_minor_3	prefabs/campaign/ksl_prologue_minor_03.bmd		prefabs\campaign\construction_minor_large.bmd	prefabs\campaign\damage_effect.bmd							
494	wh_dlc03_HUMAN_settlement_major_beastmenruin	prefabs\campaign\bst_herdstone_major.bmd		prefabs\campaign\construction_minor.bmd	prefabs\campaign\damage_effect.bmd	prefabs\campaign\destroyed_effect.bmd	prefabs\campaign\construction_minor.bmd				prefabs/campaign/cwb_gen_camp_devastated.bmd	prefabs/campaign/cwb_gen_camp_devastated_resource.bmd
497	wh_dlc03_building_bst_horde_settlement_1	prefabs\campaign\bst_horde_settlement_1.bmd										
498	wh_dlc03_building_bst_horde_settlement_2	prefabs\campaign\bst_horde_settlement_2.bmd										
506985262	wh3_main_tze_settlement_major_3	prefabs/campaign/chs_major_tze_03.bmd	prefabs/campaign/chs_port_major_tze_03.bmd	prefabs\campaign\construction_minor_large.bmd	prefabs\campaign\damage_effect.bmd	prefabs\campaign\destroyed_effect.bmd	prefabs\campaign\construction_minor.bmd	prefabs/campaign/chs_port_major_tze_03.bmd	prefabs/campaign/chs_major_tze_03.bmd		prefabs/campaign/cwb_gen_camp_devastated.bmd	prefabs/campaign/cwb_gen_camp_devastated_resource.bmd
508	wh_dlc03_building_bst_horde_settlement_3	prefabs\campaign\bst_horde_settlement_3.bmd										
511	wh_dlc03_building_bst_horde_settlement_4	prefabs\campaign\bst_horde_settlement_4.bmd										
513	wh_dlc03_building_bst_horde_settlement_5	prefabs\campaign\bst_horde_settlement_5.bmd										
518	wh_dlc05_building_wef_settlement_major_5	prefabs\campaign\wef_major_05.bmd	prefabs\campaign\empire_port_major_5.bmd	prefabs\campaign\construction_minor.bmd	prefabs\campaign\damage_effect.bmd	prefabs\campaign\destroyed_effect.bmd	prefabs\campaign\construction_minor.bmd				prefabs/campaign/cwb_gen_camp_devastated.bmd	prefabs/campaign/cwb_gen_camp_devastated_resource.bmd
528	wh_dlc05_building_wef_settlement_major_4	prefabs\campaign\wef_major_04.bmd	prefabs\campaign\empire_port_major_5.bmd	prefabs\campaign\construction_minor.bmd	prefabs\campaign\damage_effect.bmd	prefabs\campaign\destroyed_effect.bmd	prefabs\campaign\construction_minor.bmd				prefabs/campaign/cwb_gen_camp_devastated.bmd	prefabs/campaign/cwb_gen_camp_devastated_resource.bmd
532160030	wh2_dlc13_building_lzd_horde_settlement_minor_1	prefabs\campaign\lzd_horde_minor_1.bmd										
533325932	wh2_dlc09_special_settlement_pyramid_of_nagash_tmb_2	prefabs/campaign/tmb_blackpyramid_02.bmd	prefabs/campaign/tmb_major_port_02.bmd	prefabs\campaign\construction_minor_large.bmd	prefabs\campaign\damage_effect.bmd	prefabs\campaign\destroyed_effect.bmd	prefabs\campaign\construction_minor.bmd	prefabs/campaign/tmb_major_port_02.bmd	prefabs/campaign/tmb_blackpyramid_02.bmd		prefabs/campaign/cwb_gen_camp_devastated.bmd	prefabs/campaign/cwb_gen_camp_devastated_resource.bmd
535895236	wh3_main_tze_settlement_major_2	prefabs/campaign/chs_major_tze_02.bmd	prefabs/campaign/chs_port_major_tze_02.bmd	prefabs\campaign\construction_minor_large.bmd	prefabs\campaign\damage_effect.bmd	prefabs\campaign\destroyed_effect.bmd	prefabs\campaign\construction_minor.bmd	prefabs/campaign/chs_port_major_tze_02.bmd	prefabs/campaign/chs_major_tze_02.bmd		prefabs/campaign/cwb_gen_camp_devastated.bmd	prefabs/campaign/cwb_gen_camp_devastated_resource.bmd
537	wh_dlc05_building_wef_settlement_major_3	prefabs\campaign\wef_major_03.bmd	prefabs\campaign\empire_port_major_5.bmd	prefabs\campaign\construction_minor.bmd	prefabs\campaign\damage_effect.bmd	prefabs\campaign\destroyed_effect.bmd	prefabs\campaign\construction_minor.bmd				prefabs/campaign/cwb_gen_camp_devastated.bmd	prefabs/campaign/cwb_gen_camp_devastated_resource.bmd
539	wh_dlc05_building_wef_settlement_major_2	prefabs\campaign\wef_major_02.bmd	prefabs\campaign\empire_port_major_5.bmd	prefabs\campaign\construction_minor.bmd	prefabs\campaign\damage_effect.bmd	prefabs\campaign\destroyed_effect.bmd	prefabs\campaign\construction_minor.bmd				prefabs/campaign/cwb_gen_camp_devastated.bmd	prefabs/campaign/cwb_gen_camp_devastated_resource.bmd
541589487	wh3_dlc23_chd_settlement_tower_4	prefabs/campaign/chd_major_04.bmd	prefabs/campaign/chd_major_04.bmd	prefabs\campaign\construction_minor_large.bmd	prefabs\campaign\damage_effect.bmd	prefabs\campaign\destroyed_effect.bmd	prefabs\campaign\construction_minor.bmd	prefabs/campaign/chd_major_04.bmd	prefabs/campaign/chd_major_04.bmd		prefabs/campaign/cwb_gen_camp_devastated.bmd	prefabs/campaign/cwb_gen_camp_devastated_resource.bmd
547007098	wh3_dlc29_chs_dark_fortress_1	prefabs/campaign/chs_minor_03.bmd										
548	wh_dlc05_building_wef_settlement_major_1	prefabs\campaign\wef_major_01.bmd	prefabs\campaign\empire_port_major_5.bmd	prefabs\campaign\construction_minor.bmd	prefabs\campaign\damage_effect.bmd	prefabs\campaign\destroyed_effect.bmd	prefabs\campaign\construction_minor.bmd				prefabs/campaign/cwb_gen_camp_devastated.bmd	prefabs/campaign/cwb_gen_camp_devastated_resource.bmd
55	wh_main_building_brt_settlement_major_1	prefabs/campaign/bretonnia_major_level_1.bmd	prefabs/campaign/bretonnia_port_major_level_1.bmd	prefabs\campaign\construction_minor_large.bmd	prefabs\campaign\damage_effect.bmd	prefabs\campaign\destroyed_effect.bmd	prefabs\campaign\construction_minor.bmd	prefabs/campaign/bretonnia_port_major_level_1.bmd	prefabs/campaign/bretonnia_major_level_1.bmd		prefabs/campaign/cwb_gen_camp_devastated.bmd	prefabs/campaign/cwb_gen_camp_devastated_resource.bmd
551	wh_dlc05_building_wef_settlement_minor_3	prefabs\campaign\wef_minor_03.bmd	prefabs\campaign\empire_port_major_5.bmd	prefabs\campaign\construction_minor.bmd	prefabs\campaign\damage_effect.bmd	prefabs\campaign\destroyed_effect.bmd	prefabs\campaign\construction_minor.bmd				prefabs/campaign/cwb_gen_camp_devastated.bmd	prefabs/campaign/cwb_gen_camp_devastated_resource.bmd
558756941	wh2_dlc09_special_settlement_pyramid_of_nagash_def_3	prefabs/campaign/tmb_blackpyramid_03.bmd	prefabs/campaign/tmb_major_port_03.bmd	prefabs\campaign\construction_minor_large.bmd	prefabs\campaign\damage_effect.bmd	prefabs\campaign\destroyed_effect.bmd	prefabs\campaign\construction_minor.bmd	prefabs/campaign/tmb_major_port_03.bmd	prefabs/campaign/tmb_blackpyramid_03.bmd		prefabs/campaign/cwb_gen_camp_devastated.bmd	prefabs/campaign/cwb_gen_camp_devastated_resource.bmd
559	wh_dlc05_building_wef_settlement_minor_2	prefabs\campaign\wef_minor_02.bmd	prefabs\campaign\empire_port_major_5.bmd	prefabs\campaign\construction_minor.bmd	prefabs\campaign\damage_effect.bmd	prefabs\campaign\destroyed_effect.bmd	prefabs\campaign\construction_minor.bmd				prefabs/campaign/cwb_gen_camp_devastated.bmd	prefabs/campaign/cwb_gen_camp_devastated_resource.bmd
563	wh_dlc05_building_wef_settlement_minor_1	prefabs\campaign\wef_minor_01.bmd	prefabs\campaign\empire_port_major_5.bmd	prefabs\campaign\construction_minor.bmd	prefabs\campaign\damage_effect.bmd	prefabs\campaign\destroyed_effect.bmd	prefabs\campaign\construction_minor.bmd				prefabs/campaign/cwb_gen_camp_devastated.bmd	prefabs/campaign/cwb_gen_camp_devastated_resource.bmd
572	wh_dlc05_elf_oak_of_ages_1	prefabs\campaign\wef_oak_of_ages_01.bmd	prefabs\campaign\wef_oak_of_ages_01.bmd	prefabs\campaign\construction_minor.bmd	prefabs\campaign\damage_effect.bmd	prefabs\campaign\destroyed_effect.bmd	prefabs\campaign\construction_minor.bmd	prefabs\campaign\wef_oak_of_ages_01.bmd	prefabs\campaign\wef_oak_of_ages_01.bmd		prefabs\campaign\wef_oak_of_ages_ruin_01.bmd	prefabs\campaign\wef_oak_of_ages_ruin_01.bmd
57540836	wh3_main_ogr_camp_town_centre_5	prefabs\campaign\ogr_horde_settlement_5.bmd										
580	wh_dlc05_elf_oak_of_ages_2	prefabs\campaign\wef_oak_of_ages_02.bmd	prefabs\campaign\wef_oak_of_ages_02.bmd	prefabs\campaign\construction_minor.bmd	prefabs\campaign\damage_effect.bmd	prefabs\campaign\destroyed_effect.bmd	prefabs\campaign\construction_minor.bmd	prefabs\campaign\wef_oak_of_ages_02.bmd	prefabs\campaign\wef_oak_of_ages_02.bmd		prefabs\campaign\wef_oak_of_ages_ruin_01.bmd	prefabs\campaign\wef_oak_of_ages_ruin_01.bmd
582194241	wh3_main_sla_settlement_major_1	prefabs/campaign/chs_major_sla_01.bmd	prefabs/campaign/chs_port_major_sla_01.bmd	prefabs\campaign\construction_minor_large.bmd	prefabs\campaign\damage_effect.bmd	prefabs\campaign\destroyed_effect.bmd	prefabs\campaign\construction_minor.bmd	prefabs/campaign/chs_port_major_sla_01.bmd	prefabs/campaign/chs_major_sla_01.bmd		prefabs/campaign/cwb_gen_camp_devastated.bmd	prefabs/campaign/cwb_gen_camp_devastated_resource.bmd
583298292	wh3_main_nur_settlement_major_4	prefabs/campaign/chs_major_nur_04.bmd	prefabs/campaign/chs_port_major_nur_04.bmd	prefabs\campaign\construction_minor_large.bmd	prefabs\campaign\damage_effect.bmd	prefabs\campaign\destroyed_effect.bmd	prefabs\campaign\construction_minor.bmd	prefabs/campaign/chs_port_major_nur_04.bmd	prefabs/campaign/chs_major_nur_04.bmd		prefabs/campaign/cwb_gen_camp_devastated.bmd	prefabs/campaign/cwb_gen_camp_devastated_resource.bmd
585	wh_dlc05_elf_oak_of_ages_3	prefabs\campaign\wef_oak_of_ages_03.bmd	prefabs\campaign\wef_oak_of_ages_03.bmd	prefabs\campaign\construction_minor.bmd	prefabs\campaign\damage_effect.bmd	prefabs\campaign\destroyed_effect.bmd	prefabs\campaign\construction_minor.bmd	prefabs\campaign\wef_oak_of_ages_03.bmd	prefabs\campaign\wef_oak_of_ages_03.bmd		prefabs\campaign\wef_oak_of_ages_ruin_01.bmd	prefabs\campaign\wef_oak_of_ages_ruin_01.bmd
590043732	wh3_main_ogr_camp_town_centre_4	prefabs\campaign\ogr_horde_settlement_4.bmd										
591	wh_dlc05_elf_oak_of_ages_4	prefabs\campaign\wef_oak_of_ages_04.bmd	prefabs\campaign\wef_oak_of_ages_04.bmd	prefabs\campaign\construction_minor.bmd	prefabs\campaign\damage_effect.bmd	prefabs\campaign\destroyed_effect.bmd	prefabs\campaign\construction_minor.bmd	prefabs\campaign\wef_oak_of_ages_04.bmd	prefabs\campaign\wef_oak_of_ages_04.bmd		prefabs\campaign\wef_oak_of_ages_ruin_01.bmd	prefabs\campaign\wef_oak_of_ages_ruin_01.bmd
595065777	wh3_dlc23_chd_settlement_factory_2	prefabs/campaign/chd_factory_02.bmd	prefabs/campaign/chd_factory_02.bmd	prefabs\campaign\construction_minor.bmd	prefabs\campaign\damage_effect.bmd	prefabs\campaign\destroyed_effect.bmd	prefabs\campaign\construction_minor.bmd	prefabs/campaign/chd_factory_02.bmd	prefabs/campaign/chd_factory_02.bmd		prefabs/campaign/cwb_gen_camp_devastated.bmd	prefabs/campaign/cwb_gen_camp_devastated_resource.bmd
597	wh_dlc05_elf_oak_of_ages_5	prefabs\campaign\wef_oak_of_ages_05.bmd	prefabs\campaign\wef_oak_of_ages_05.bmd	prefabs\campaign\construction_minor.bmd	prefabs\campaign\damage_effect.bmd	prefabs\campaign\destroyed_effect.bmd	prefabs\campaign\construction_minor.bmd	prefabs\campaign\wef_oak_of_ages_05.bmd	prefabs\campaign\wef_oak_of_ages_05.bmd		prefabs\campaign\wef_oak_of_ages_ruin_01.bmd	prefabs\campaign\wef_oak_of_ages_ruin_01.bmd
598118769	wh3_main_nur_settlement_minor_1	prefabs/campaign/chs_minor_nur_01.bmd	prefabs/campaign/chs_port_minor_nur_01.bmd	prefabs\campaign\construction_minor_large.bmd	prefabs\campaign\damage_effect.bmd	prefabs\campaign\destroyed_effect.bmd	prefabs\campaign\construction_minor.bmd	prefabs/campaign/chs_port_minor_nur_04.bmd	prefabs/campaign/chs_minor_nur_04.bmd		prefabs/campaign/cwb_gen_camp_devastated.bmd	prefabs/campaign/cwb_gen_camp_devastated_resource.bmd
599	wh_dlc05_elf_oak_of_ages_ruin	prefabs\campaign\wef_oak_of_ages_ruin_01.bmd										
600	wh_dlc05_building_wef_settlement_ruin	prefabs\campaign\wef_major_01_ruin.bmd	prefabs\campaign\human_settlement_port_ruin.bmd									
603	wh2_main_building_hef_settlement_major_1	prefabs\campaign\hef_major_01.bmd	prefabs\campaign\hef_port_major_01.bmd	prefabs\campaign\construction_minor_large.bmd	prefabs\campaign\damage_effect.bmd	prefabs\campaign\destroyed_effect.bmd	prefabs\campaign\construction_minor.bmd	prefabs\campaign\hef_port_major_01.bmd	prefabs\campaign\hef_major_01.bmd		prefabs/campaign/cwb_gen_camp_devastated.bmd	prefabs/campaign/cwb_gen_camp_devastated_resource.bmd
609	wh2_main_building_hef_settlement_major_2	prefabs\campaign\hef_major_02.bmd	prefabs\campaign\hef_port_major_02.bmd	prefabs\campaign\construction_minor_large.bmd	prefabs\campaign\damage_effect.bmd	prefabs\campaign\destroyed_effect.bmd	prefabs\campaign\construction_minor.bmd	prefabs\campaign\hef_port_major_02.bmd	prefabs\campaign\hef_major_02.bmd		prefabs/campaign/cwb_gen_camp_devastated.bmd	prefabs/campaign/cwb_gen_camp_devastated_resource.bmd
609424695	wh2_dlc09_special_settlement_pyramid_of_nagash_tmb_4	prefabs/campaign/tmb_blackpyramid_04.bmd	prefabs/campaign/tmb_major_port_04.bmd	prefabs\campaign\construction_minor_large.bmd	prefabs\campaign\damage_effect.bmd	prefabs\campaign\destroyed_effect.bmd	prefabs\campaign\construction_minor.bmd	prefabs/campaign/tmb_major_port_04.bmd	prefabs/campaign/tmb_blackpyramid_04.bmd		prefabs/campaign/cwb_gen_camp_devastated.bmd	prefabs/campaign/cwb_gen_camp_devastated_resource.bmd
611	wh_dlc05_building_wef_outpost_2	prefabs\campaign\wef_outpost_02.bmd	prefabs\campaign\wef_outpost_port_02.bmd	prefabs\campaign\construction_minor.bmd	prefabs\campaign\damage_effect.bmd	prefabs\campaign\destroyed_effect.bmd	prefabs\campaign\construction_minor.bmd				prefabs/campaign/cwb_gen_camp_devastated.bmd	prefabs/campaign/cwb_gen_camp_devastated_resource.bmd
614	wh2_main_building_hef_settlement_major_3	prefabs\campaign\hef_major_03.bmd	prefabs\campaign\hef_port_major_03.bmd	prefabs\campaign\construction_minor_large.bmd	prefabs\campaign\damage_effect.bmd	prefabs\campaign\destroyed_effect.bmd	prefabs\campaign\construction_minor.bmd	prefabs\campaign\hef_port_major_03.bmd	prefabs\campaign\hef_major_03.bmd		prefabs/campaign/cwb_gen_camp_devastated.bmd	prefabs/campaign/cwb_gen_camp_devastated_resource.bmd
61556032	wh3_dlc23_chd_settlement_outpost_1	prefabs/campaign/chd_outpost_01.bmd	prefabs/campaign/chd_outpost_01.bmd	prefabs\campaign\construction_minor.bmd	prefabs\campaign\damage_effect.bmd	prefabs\campaign\destroyed_effect.bmd	prefabs\campaign\construction_minor.bmd	prefabs/campaign/chd_outpost_01.bmd	prefabs/campaign/chd_outpost_01.bmd		prefabs/campaign/cwb_gen_camp_devastated.bmd	prefabs/campaign/cwb_gen_camp_devastated_resource.bmd
617	wh2_main_building_hef_settlement_major_4	prefabs\campaign\hef_major_04.bmd	prefabs\campaign\hef_port_major_04.bmd	prefabs\campaign\construction_minor_large.bmd	prefabs\campaign\damage_effect.bmd	prefabs\campaign\destroyed_effect.bmd	prefabs\campaign\construction_minor.bmd	prefabs\campaign\hef_port_major_04.bmd	prefabs\campaign\hef_major_04.bmd		prefabs/campaign/cwb_gen_camp_devastated.bmd	prefabs/campaign/cwb_gen_camp_devastated_resource.bmd
618	wh_dlc05_building_wef_outpost_3	prefabs\campaign\wef_outpost_03.bmd	prefabs\campaign\wef_outpost_port_03.bmd	prefabs\campaign\construction_minor.bmd	prefabs\campaign\damage_effect.bmd	prefabs\campaign\destroyed_effect.bmd	prefabs\campaign\construction_minor.bmd				prefabs/campaign/cwb_gen_camp_devastated.bmd	prefabs/campaign/cwb_gen_camp_devastated_resource.bmd
619	wh_dlc05_building_wef_outpost_dwarf_port	prefabs\campaign\dwarf_port_outpost_1.bmd	prefabs\campaign\dwarf_port_outpost_1.bmd	prefabs\campaign\construction_minor.bmd	prefabs\campaign\damage_effect.bmd	prefabs\campaign\destroyed_effect.bmd	prefabs\campaign\construction_minor.bmd				prefabs/campaign/cwb_gen_camp_devastated.bmd	prefabs/campaign/cwb_gen_camp_devastated_resource.bmd
625	wh2_main_building_hef_settlement_major_5	prefabs\campaign\hef_major_05.bmd	prefabs\campaign\hef_port_major_05.bmd	prefabs\campaign\construction_minor_large.bmd	prefabs\campaign\damage_effect.bmd	prefabs\campaign\destroyed_effect.bmd	prefabs\campaign\construction_minor.bmd	prefabs\campaign\hef_port_major_05.bmd	prefabs\campaign\hef_major_05.bmd		prefabs/campaign/cwb_gen_camp_devastated.bmd	prefabs/campaign/cwb_gen_camp_devastated_resource.bmd
630	wh2_main_building_def_settlement_major_1	prefabs\campaign\def_major_01.bmd	prefabs\campaign\def_port_major_01.bmd	prefabs\campaign\construction_minor_large.bmd	prefabs\campaign\damage_effect.bmd	prefabs\campaign\destroyed_effect.bmd	prefabs\campaign\construction_minor.bmd	prefabs\campaign\def_port_major_01.bmd	prefabs\campaign\def_major_01.bmd		prefabs/campaign/cwb_gen_camp_devastated.bmd	prefabs/campaign/cwb_gen_camp_devastated_resource.bmd
632675157	wh2_dlc09_special_settlement_pyramid_of_nagash_savage_2	prefabs/campaign/tmb_blackpyramid_02.bmd	prefabs/campaign/tmb_major_port_02.bmd	prefabs\campaign\construction_minor_large.bmd	prefabs\campaign\damage_effect.bmd	prefabs\campaign\destroyed_effect.bmd	prefabs\campaign\construction_minor.bmd	prefabs/campaign/tmb_major_port_02.bmd	prefabs/campaign/tmb_blackpyramid_02.bmd		prefabs/campaign/cwb_gen_camp_devastated.bmd	prefabs/campaign/cwb_gen_camp_devastated_resource.bmd
636	wh2_main_building_def_settlement_major_2	prefabs\campaign\def_major_02.bmd	prefabs\campaign\def_port_major_02.bmd	prefabs\campaign\construction_minor_large.bmd	prefabs\campaign\damage_effect.bmd	prefabs\campaign\destroyed_effect.bmd	prefabs\campaign\construction_minor.bmd	prefabs\campaign\def_port_major_02.bmd	prefabs\campaign\def_major_02.bmd		prefabs/campaign/cwb_gen_camp_devastated.bmd	prefabs/campaign/cwb_gen_camp_devastated_resource.bmd
64	wh_main_building_brt_settlement_major_2	prefabs/campaign/bretonnia_major_level_2.bmd	prefabs/campaign/bretonnia_port_major_level_2.bmd	prefabs\campaign\construction_minor_large.bmd	prefabs\campaign\damage_effect.bmd	prefabs\campaign\destroyed_effect.bmd	prefabs\campaign\construction_minor.bmd	prefabs/campaign/bretonnia_port_major_level_2.bmd	prefabs/campaign/bretonnia_major_level_2.bmd		prefabs/campaign/cwb_gen_camp_devastated.bmd	prefabs/campaign/cwb_gen_camp_devastated_resource.bmd
645	wh2_main_building_def_settlement_major_3	prefabs\campaign\def_major_03.bmd	prefabs\campaign\def_port_major_03.bmd	prefabs\campaign\construction_minor_large.bmd	prefabs\campaign\damage_effect.bmd	prefabs\campaign\destroyed_effect.bmd	prefabs\campaign\construction_minor.bmd	prefabs\campaign\def_port_major_03.bmd	prefabs\campaign\def_major_03.bmd		prefabs/campaign/cwb_gen_camp_devastated.bmd	prefabs/campaign/cwb_gen_camp_devastated_resource.bmd
649	wh2_main_building_def_settlement_major_4	prefabs\campaign\def_major_04.bmd	prefabs\campaign\def_port_major_04.bmd	prefabs\campaign\construction_minor_large.bmd	prefabs\campaign\damage_effect.bmd	prefabs\campaign\destroyed_effect.bmd	prefabs\campaign\construction_minor.bmd	prefabs\campaign\def_port_major_04.bmd	prefabs\campaign\def_major_04.bmd		prefabs/campaign/cwb_gen_camp_devastated.bmd	prefabs/campaign/cwb_gen_camp_devastated_resource.bmd
655	wh2_main_building_def_settlement_major_5	prefabs\campaign\def_major_05.bmd	prefabs\campaign\def_port_major_05.bmd	prefabs\campaign\construction_minor_large.bmd	prefabs\campaign\damage_effect.bmd	prefabs\campaign\destroyed_effect.bmd	prefabs\campaign\construction_minor.bmd	prefabs\campaign\def_port_major_05.bmd	prefabs\campaign\def_major_05.bmd		prefabs/campaign/cwb_gen_camp_devastated.bmd	prefabs/campaign/cwb_gen_camp_devastated_resource.bmd
655458379	wh2_dlc17_bst_settlement_major_2	prefabs\campaign\wef_oak_of_ages_02.bmd	prefabs\campaign\wef_oak_of_ages_02.bmd	prefabs\campaign\construction_minor.bmd	prefabs\campaign\damage_effect.bmd	prefabs\campaign\destroyed_effect.bmd	prefabs\campaign\construction_minor.bmd	prefabs\campaign\wef_oak_of_ages_02.bmd	prefabs\campaign\wef_oak_of_ages_02.bmd		prefabs\campaign\wef_oak_of_ages_ruin_01.bmd	prefabs\campaign\wef_oak_of_ages_ruin_01.bmd
656267896	wh2_dlc09_special_settlement_pyramid_of_nagash_emp_4	prefabs/campaign/tmb_blackpyramid_04.bmd	prefabs/campaign/tmb_major_port_04.bmd	prefabs\campaign\construction_minor_large.bmd	prefabs\campaign\damage_effect.bmd	prefabs\campaign\destroyed_effect.bmd	prefabs\campaign\construction_minor.bmd	prefabs/campaign/tmb_major_port_04.bmd	prefabs/campaign/tmb_blackpyramid_04.bmd		prefabs/campaign/cwb_gen_camp_devastated.bmd	prefabs/campaign/cwb_gen_camp_devastated_resource.bmd
659796223	wh3_main_dae_settlement_major_4	prefabs/campaign/chs_major_04.bmd	prefabs/campaign/chs_port_major_04.bmd	prefabs\campaign\construction_minor_large.bmd	prefabs\campaign\damage_effect.bmd	prefabs\campaign\destroyed_effect.bmd	prefabs\campaign\construction_minor.bmd	prefabs/campaign/chs_port_major_04.bmd	prefabs/campaign/chs_major_04.bmd		prefabs/campaign/cwb_gen_camp_devastated.bmd	prefabs/campaign/cwb_gen_camp_devastated_resource.bmd
660	wh2_main_building_def_settlement_minor_1	prefabs\campaign\def_minor_01.bmd	prefabs\campaign\def_port_minor_01.bmd	prefabs\campaign\construction_minor_large.bmd	prefabs\campaign\damage_effect.bmd	prefabs\campaign\destroyed_effect.bmd	prefabs\campaign\construction_minor.bmd	prefabs\campaign\def_port_minor_04.bmd	prefabs\campaign\def_minor_04.bmd		prefabs/campaign/cwb_gen_camp_devastated.bmd	prefabs/campaign/cwb_gen_camp_devastated_resource.bmd
662829416	wh2_dlc12_dummy_nuclear_ruins_tombking	prefabs\campaign\tmb_ruin_standard_nuked.bmd	prefabs\campaign\tmb_ruin_port_nuked.bmd					prefabs\campaign\tmb_ruin_port_nuked.bmd	prefabs\campaign\tmb_ruin_standard_nuked.bmd		prefabs/campaign/cwb_gen_camp_devastated.bmd	prefabs/campaign/cwb_gen_camp_devastated_resource.bmd
668	wh2_main_building_def_settlement_minor_2	prefabs\campaign\def_minor_02.bmd	prefabs\campaign\def_port_minor_02.bmd	prefabs\campaign\construction_minor_large.bmd	prefabs\campaign\damage_effect.bmd	prefabs\campaign\destroyed_effect.bmd	prefabs\campaign\construction_minor.bmd	prefabs\campaign\def_port_minor_04.bmd	prefabs\campaign\def_minor_04.bmd		prefabs/campaign/cwb_gen_camp_devastated.bmd	prefabs/campaign/cwb_gen_camp_devastated_resource.bmd
669	wh2_main_building_def_settlement_minor_3	prefabs\campaign\def_minor_03.bmd	prefabs\campaign\def_port_minor_03.bmd	prefabs\campaign\construction_minor_large.bmd	prefabs\campaign\damage_effect.bmd	prefabs\campaign\destroyed_effect.bmd	prefabs\campaign\construction_minor.bmd	prefabs\campaign\def_port_minor_04.bmd	prefabs\campaign\def_minor_04.bmd		prefabs/campaign/cwb_gen_camp_devastated.bmd	prefabs/campaign/cwb_gen_camp_devastated_resource.bmd
672	wh2_main_building_hef_settlement_minor_1	prefabs\campaign\hef_minor_01.bmd	prefabs\campaign\hef_port_minor_01.bmd	prefabs\campaign\construction_minor_large.bmd	prefabs\campaign\damage_effect.bmd	prefabs\campaign\destroyed_effect.bmd	prefabs\campaign\construction_minor.bmd	prefabs\campaign\hef_port_minor_04.bmd	prefabs\campaign\hef_minor_04.bmd		prefabs/campaign/cwb_gen_camp_devastated.bmd	prefabs/campaign/cwb_gen_camp_devastated_resource.bmd
680	wh2_main_building_hef_settlement_minor_2	prefabs\campaign\hef_minor_02.bmd	prefabs\campaign\hef_port_minor_02.bmd	prefabs\campaign\construction_minor_large.bmd	prefabs\campaign\damage_effect.bmd	prefabs\campaign\destroyed_effect.bmd	prefabs\campaign\construction_minor.bmd	prefabs\campaign\hef_port_minor_04.bmd	prefabs\campaign\hef_minor_04.bmd		prefabs/campaign/cwb_gen_camp_devastated.bmd	prefabs/campaign/cwb_gen_camp_devastated_resource.bmd
680212545	wh2_dlc09_special_settlement_pyramid_of_nagash_def_5	prefabs/campaign/tmb_blackpyramid_05.bmd	prefabs/campaign/tmb_major_port_05.bmd	prefabs\campaign\construction_minor_large.bmd	prefabs\campaign\damage_effect.bmd	prefabs\campaign\destroyed_effect.bmd	prefabs\campaign\construction_minor.bmd	prefabs/campaign/tmb_major_port_05.bmd	prefabs/campaign/tmb_blackpyramid_05.bmd		prefabs/campaign/cwb_gen_camp_devastated.bmd	prefabs/campaign/cwb_gen_camp_devastated_resource.bmd
683	wh2_main_building_hef_settlement_minor_3	prefabs\campaign\hef_minor_03.bmd	prefabs\campaign\hef_port_minor_03.bmd	prefabs\campaign\construction_minor_large.bmd	prefabs\campaign\damage_effect.bmd	prefabs\campaign\destroyed_effect.bmd	prefabs\campaign\construction_minor.bmd	prefabs\campaign\hef_port_minor_04.bmd	prefabs\campaign\hef_minor_04.bmd		prefabs/campaign/cwb_gen_camp_devastated.bmd	prefabs/campaign/cwb_gen_camp_devastated_resource.bmd
690640295	wh3_dlc23_chd_settlement_tower_5	prefabs/campaign/chd_major_05.bmd	prefabs/campaign/chd_major_05.bmd	prefabs\campaign\construction_minor_large.bmd	prefabs\campaign\damage_effect.bmd	prefabs\campaign\destroyed_effect.bmd	prefabs\campaign\construction_minor.bmd	prefabs/campaign/chd_major_05.bmd	prefabs/campaign/chd_major_05.bmd		prefabs/campaign/cwb_gen_camp_devastated.bmd	prefabs/campaign/cwb_gen_camp_devastated_resource.bmd
697657188	wh2_dlc09_tmb_settlement_minor_ruin	prefabs\campaign\tmb_ruin_standard.bmd	prefabs\campaign\tmb_ruin_port.bmd					prefabs\campaign\tmb_ruin_port.bmd	prefabs\campaign\tmb_ruin_standard.bmd		prefabs/campaign/cwb_gen_camp_devastated.bmd	prefabs/campaign/cwb_gen_camp_devastated_resource.bmd
70	wh_main_building_brt_settlement_major_3	prefabs/campaign/bretonnia_major_level_3.bmd	prefabs/campaign/bretonnia_port_major_level_3.bmd	prefabs\campaign\construction_minor_large.bmd	prefabs\campaign\damage_effect.bmd	prefabs\campaign\destroyed_effect.bmd	prefabs\campaign\construction_minor.bmd	prefabs/campaign/bretonnia_port_major_level_3.bmd	prefabs/campaign/bretonnia_major_level_3.bmd		prefabs/campaign/cwb_gen_camp_devastated.bmd	prefabs/campaign/cwb_gen_camp_devastated_resource.bmd
711334537	wh2_dlc09_tmb_settlement_minor_3	prefabs\campaign\tmb_minor_03.bmd	prefabs\campaign\tmb_minor_port_03.bmd	prefabs\campaign\construction_minor_large.bmd	prefabs\campaign\damage_effect.bmd	prefabs\campaign\destroyed_effect.bmd	prefabs\campaign\construction_minor.bmd	prefabs\campaign\tmb_minor_port_04.bmd	prefabs\campaign\tmb_minor_04.bmd		prefabs/campaign/cwb_gen_camp_devastated.bmd	prefabs/campaign/cwb_gen_camp_devastated_resource.bmd
713618162	wh3_main_pro_building_nor_settlement_minor_4	prefabs/campaign/pro_norsca_minor_4.bmd	prefabs\campaign\norsca_minor_port_4.bmd	prefabs\campaign\construction_minor.bmd	prefabs\campaign\damage_effect.bmd	prefabs\campaign\destroyed_effect.bmd	prefabs\campaign\construction_minor.bmd	prefabs\campaign\norsca_minor_port_4.bmd	prefabs/campaign/norsca_minor_4.bmd		prefabs/campaign/cwb_gen_camp_devastated.bmd	prefabs/campaign/cwb_gen_camp_devastated_resource.bmd
722278159	wh3_dlc29_special_settlement_garden_of_nurgle_1	prefabs/campaign/chs_major_nurgle_garden_01.bmd	prefabs/campaign/chs_major_nurgle_garden_port_01.bmd	prefabs\campaign\construction_minor_large.bmd	prefabs\campaign\damage_effect.bmd	prefabs\campaign\destroyed_effect.bmd	prefabs\campaign\construction_minor.bmd	prefabs/campaign/chs_major_nurgle_garden_port_01.bmd	prefabs/campaign/chs_major_nurgle_garden_01.bmd		prefabs/campaign/cwb_gen_camp_devastated.bmd	prefabs/campaign/cwb_gen_camp_devastated_resource.bmd
723	wh2_main_building_lzd_settlement_major_1	prefabs\campaign\lzd_major_01.bmd	prefabs\campaign\lzd_port_major_01.bmd	prefabs\campaign\construction_minor_large.bmd	prefabs\campaign\damage_effect.bmd	prefabs\campaign\destroyed_effect.bmd	prefabs\campaign\construction_minor.bmd	prefabs\campaign\lzd_port_major_01.bmd	prefabs\campaign\lzd_major_01.bmd		prefabs/campaign/cwb_gen_camp_devastated.bmd	prefabs/campaign/cwb_gen_camp_devastated_resource.bmd
725	wh2_main_building_lzd_settlement_major_2	prefabs\campaign\lzd_major_02.bmd	prefabs\campaign\lzd_port_major_02.bmd	prefabs\campaign\construction_minor_large.bmd	prefabs\campaign\damage_effect.bmd	prefabs\campaign\destroyed_effect.bmd	prefabs\campaign\construction_minor.bmd	prefabs\campaign\lzd_port_major_02.bmd	prefabs\campaign\lzd_major_02.bmd		prefabs/campaign/cwb_gen_camp_devastated.bmd	prefabs/campaign/cwb_gen_camp_devastated_resource.bmd
729	wh2_main_building_lzd_settlement_major_3	prefabs\campaign\lzd_major_03.bmd	prefabs\campaign\lzd_port_major_03.bmd	prefabs\campaign\construction_minor_large.bmd	prefabs\campaign\damage_effect.bmd	prefabs\campaign\destroyed_effect.bmd	prefabs\campaign\construction_minor.bmd	prefabs\campaign\lzd_port_major_03.bmd	prefabs\campaign\lzd_major_03.bmd		prefabs/campaign/cwb_gen_camp_devastated.bmd	prefabs/campaign/cwb_gen_camp_devastated_resource.bmd
738	wh2_main_building_lzd_settlement_major_4	prefabs\campaign\lzd_major_04.bmd	prefabs\campaign\lzd_port_major_04.bmd	prefabs\campaign\construction_minor_large.bmd	prefabs\campaign\damage_effect.bmd	prefabs\campaign\destroyed_effect.bmd	prefabs\campaign\construction_minor.bmd	prefabs\campaign\lzd_port_major_04.bmd	prefabs\campaign\lzd_major_04.bmd		prefabs/campaign/cwb_gen_camp_devastated.bmd	prefabs/campaign/cwb_gen_camp_devastated_resource.bmd
740	wh2_main_building_lzd_settlement_major_5	prefabs\campaign\lzd_major_05.bmd	prefabs\campaign\lzd_port_major_05.bmd	prefabs\campaign\construction_minor_large.bmd	prefabs\campaign\damage_effect.bmd	prefabs\campaign\destroyed_effect.bmd	prefabs\campaign\construction_minor.bmd	prefabs\campaign\lzd_port_major_05.bmd	prefabs\campaign\lzd_major_05.bmd		prefabs/campaign/cwb_gen_camp_devastated.bmd	prefabs/campaign/cwb_gen_camp_devastated_resource.bmd
741	wh2_main_building_lzd_settlement_minor_1	prefabs\campaign\lzd_minor_01.bmd	prefabs\campaign\lzd_port_minor_01.bmd	prefabs\campaign\construction_minor_large.bmd	prefabs\campaign\damage_effect.bmd	prefabs\campaign\destroyed_effect.bmd	prefabs\campaign\construction_minor.bmd	prefabs\campaign\lzd_port_minor_04.bmd	prefabs\campaign\lzd_minor_04.bmd		prefabs/campaign/cwb_gen_camp_devastated.bmd	prefabs/campaign/cwb_gen_camp_devastated_resource.bmd
742576908	wh2_dlc09_special_settlement_pyramid_of_nagash_dwf_4	prefabs/campaign/tmb_blackpyramid_04.bmd	prefabs/campaign/tmb_major_port_04.bmd	prefabs\campaign\construction_minor_large.bmd	prefabs\campaign\damage_effect.bmd	prefabs\campaign\destroyed_effect.bmd	prefabs\campaign\construction_minor.bmd	prefabs/campaign/tmb_major_port_04.bmd	prefabs/campaign/tmb_blackpyramid_04.bmd		prefabs/campaign/cwb_gen_camp_devastated.bmd	prefabs/campaign/cwb_gen_camp_devastated_resource.bmd
748	wh2_main_building_lzd_settlement_minor_2	prefabs\campaign\lzd_minor_02.bmd	prefabs\campaign\lzd_port_minor_02.bmd	prefabs\campaign\construction_minor_large.bmd	prefabs\campaign\damage_effect.bmd	prefabs\campaign\destroyed_effect.bmd	prefabs\campaign\construction_minor.bmd	prefabs\campaign\lzd_port_minor_04.bmd	prefabs\campaign\lzd_minor_04.bmd		prefabs/campaign/cwb_gen_camp_devastated.bmd	prefabs/campaign/cwb_gen_camp_devastated_resource.bmd
749	wh2_main_building_lzd_settlement_minor_3	prefabs\campaign\lzd_minor_03.bmd	prefabs\campaign\lzd_port_minor_03.bmd	prefabs\campaign\construction_minor_large.bmd	prefabs\campaign\damage_effect.bmd	prefabs\campaign\destroyed_effect.bmd	prefabs\campaign\construction_minor.bmd	prefabs\campaign\lzd_port_minor_04.bmd	prefabs\campaign\lzd_minor_04.bmd		prefabs/campaign/cwb_gen_camp_devastated.bmd	prefabs/campaign/cwb_gen_camp_devastated_resource.bmd
750	wh_dlc05_building_wef_outpost_1	prefabs\campaign\wef_outpost_01.bmd	prefabs\campaign\wef_outpost_port_01.bmd	prefabs\campaign\construction_minor.bmd	prefabs\campaign\damage_effect.bmd	prefabs\campaign\destroyed_effect.bmd	prefabs\campaign\construction_minor.bmd				prefabs/campaign/cwb_gen_camp_devastated.bmd	prefabs/campaign/cwb_gen_camp_devastated_resource.bmd
752578713	wh3_main_kho_settlement_major_5	prefabs/campaign/chs_major_kho_05.bmd	prefabs/campaign/chs_port_major_kho_05.bmd	prefabs\campaign\construction_minor_large.bmd	prefabs\campaign\damage_effect.bmd	prefabs\campaign\destroyed_effect.bmd	prefabs\campaign\construction_minor.bmd	prefabs/campaign/chs_port_major_kho_05.bmd	prefabs/campaign/chs_major_kho_05.bmd		prefabs/campaign/cwb_gen_camp_devastated.bmd	prefabs/campaign/cwb_gen_camp_devastated_resource.bmd
754	wh2_main_building_skv_settlement_skavenblight_1	prefabs\campaign\skv_skavenblight_01.bmd	prefabs\campaign\skv_skavenblight_01.bmd	prefabs\campaign\construction_minor_large.bmd	prefabs\campaign\damage_effect.bmd	prefabs\campaign\destroyed_effect.bmd	prefabs\campaign\construction_minor.bmd	prefabs\campaign\skv_skavenblight_01.bmd	prefabs\campaign\skv_skavenblight_01.bmd		prefabs/campaign/cwb_gen_camp_devastated.bmd	prefabs/campaign/cwb_gen_camp_devastated_resource.bmd
757	wh2_main_building_skv_settlement_skavenblight_2	prefabs\campaign\skv_skavenblight_02.bmd	prefabs\campaign\skv_skavenblight_02.bmd	prefabs\campaign\construction_minor_large.bmd	prefabs\campaign\damage_effect.bmd	prefabs\campaign\destroyed_effect.bmd	prefabs\campaign\construction_minor.bmd	prefabs\campaign\skv_skavenblight_02.bmd	prefabs\campaign\skv_skavenblight_02.bmd		prefabs/campaign/cwb_gen_camp_devastated.bmd	prefabs/campaign/cwb_gen_camp_devastated_resource.bmd
767	wh2_main_building_skv_settlement_skavenblight_3	prefabs\campaign\skv_skavenblight_03.bmd	prefabs\campaign\skv_skavenblight_03.bmd	prefabs\campaign\construction_minor_large.bmd	prefabs\campaign\damage_effect.bmd	prefabs\campaign\destroyed_effect.bmd	prefabs\campaign\construction_minor.bmd	prefabs\campaign\skv_skavenblight_03.bmd	prefabs\campaign\skv_skavenblight_03.bmd		prefabs/campaign/cwb_gen_camp_devastated.bmd	prefabs/campaign/cwb_gen_camp_devastated_resource.bmd
77	wh_main_building_brt_settlement_major_4	prefabs/campaign/bretonnia_major_level_4.bmd	prefabs/campaign/bretonnia_port_major_level_4.bmd	prefabs\campaign\construction_minor_large.bmd	prefabs\campaign\damage_effect.bmd	prefabs\campaign\destroyed_effect.bmd	prefabs\campaign\construction_minor.bmd	prefabs/campaign/bretonnia_port_major_level_4.bmd	prefabs/campaign/bretonnia_major_level_4.bmd		prefabs/campaign/cwb_gen_camp_devastated.bmd	prefabs/campaign/cwb_gen_camp_devastated_resource.bmd
771951382	wh2_dlc09_special_settlement_pyramid_of_nagash_skv_2	prefabs/campaign/tmb_blackpyramid_02.bmd	prefabs/campaign/tmb_major_port_02.bmd	prefabs\campaign\construction_minor_large.bmd	prefabs\campaign\damage_effect.bmd	prefabs\campaign\destroyed_effect.bmd	prefabs\campaign\construction_minor.bmd	prefabs/campaign/tmb_major_port_02.bmd	prefabs/campaign/tmb_blackpyramid_02.bmd		prefabs/campaign/cwb_gen_camp_devastated.bmd	prefabs/campaign/cwb_gen_camp_devastated_resource.bmd
773964863	wh3_main_cth_settlement_major_3	prefabs/campaign/cth_major_03.bmd	prefabs/campaign/cth_port_major_03.bmd	prefabs\campaign\construction_minor_large.bmd	prefabs\campaign\damage_effect.bmd	prefabs\campaign\destroyed_effect.bmd	prefabs\campaign\construction_minor.bmd	prefabs/campaign/cth_port_major_03.bmd	prefabs/campaign/cth_major_03.bmd		prefabs/campaign/cwb_gen_camp_devastated.bmd	prefabs/campaign/cwb_gen_camp_devastated_resource.bmd
776590816	wh2_main_horde_rogue_settlement_1	prefabs\campaign\rogue_minor_encampment.bmd										
777	wh2_main_building_skv_settlement_skavenblight_4	prefabs\campaign\skv_skavenblight_04.bmd	prefabs\campaign\skv_skavenblight_04.bmd	prefabs\campaign\construction_minor_large.bmd	prefabs\campaign\damage_effect.bmd	prefabs\campaign\destroyed_effect.bmd	prefabs\campaign\construction_minor.bmd	prefabs\campaign\skv_skavenblight_04.bmd	prefabs\campaign\skv_skavenblight_04.bmd		prefabs/campaign/cwb_gen_camp_devastated.bmd	prefabs/campaign/cwb_gen_camp_devastated_resource.bmd
783	wh2_main_building_skv_settlement_skavenblight_5	prefabs\campaign\skv_skavenblight_05.bmd	prefabs\campaign\skv_skavenblight_05.bmd	prefabs\campaign\construction_minor_large.bmd	prefabs\campaign\damage_effect.bmd	prefabs\campaign\destroyed_effect.bmd	prefabs\campaign\construction_minor.bmd	prefabs\campaign\skv_skavenblight_05.bmd	prefabs\campaign\skv_skavenblight_05.bmd		prefabs/campaign/cwb_gen_camp_devastated.bmd	prefabs/campaign/cwb_gen_camp_devastated_resource.bmd
785	wh2_main_lzd_ruin	prefabs\campaign\lzd_settlement_ruin.bmd	prefabs\campaign\lzd_settlement_port_ruin.bmd					prefabs\campaign\lzd_settlement_port_ruin.bmd	prefabs\campaign\lzd_settlement_ruin.bmd		prefabs/campaign/cwb_gen_camp_devastated.bmd	prefabs/campaign/cwb_gen_camp_devastated_resource.bmd
788527312	wh2_dlc09_tmb_settlement_khemri_3	prefabs/campaign/tmb_settra_03.bmd	prefabs/campaign/tmb_major_port_03.bmd	prefabs\campaign\construction_minor_large.bmd	prefabs\campaign\damage_effect.bmd	prefabs\campaign\destroyed_effect.bmd	prefabs\campaign\construction_minor.bmd	prefabs/campaign/tmb_major_port_03.bmd	prefabs/campaign/tmb_settra_03.bmd		prefabs/campaign/cwb_gen_camp_devastated.bmd	prefabs/campaign/cwb_gen_camp_devastated_resource.bmd
794	wh2_main_special_fortress_gate_eagle	prefabs\campaign\hef_fortress_gate_eagle.bmd	prefabs\campaign\hef_fortress_gate_eagle.bmd	prefabs\campaign\construction_minor_large.bmd	prefabs\campaign\damage_effect.bmd	prefabs\campaign\destroyed_effect.bmd	prefabs\campaign\construction_minor.bmd	prefabs\campaign\hef_fortress_gate_eagle.bmd	prefabs\campaign\hef_fortress_gate_eagle.bmd		prefabs/campaign/cwb_gen_camp_devastated.bmd	prefabs/campaign/cwb_gen_camp_devastated_resource.bmd
802	wh2_main_special_fortress_gate_ruin	prefabs\campaign\hef_fortress_gate_ruin.bmd	prefabs\campaign\hef_fortress_gate_ruin.bmd	prefabs\campaign\construction_minor_large.bmd	prefabs\campaign\damage_effect.bmd	prefabs\campaign\destroyed_effect.bmd	prefabs\campaign\construction_minor.bmd	prefabs\campaign\hef_fortress_gate_ruin.bmd	prefabs\campaign\hef_fortress_gate_ruin.bmd		prefabs/campaign/cwb_gen_camp_devastated.bmd	prefabs/campaign/cwb_gen_camp_devastated_resource.bmd
806	wh2_main_special_fortress_gate_griffon	prefabs\campaign\hef_fortress_gate_griffon.bmd	prefabs\campaign\hef_fortress_gate_griffon.bmd	prefabs\campaign\construction_minor_large.bmd	prefabs\campaign\damage_effect.bmd	prefabs\campaign\destroyed_effect.bmd	prefabs\campaign\construction_minor.bmd	prefabs\campaign\hef_fortress_gate_griffon.bmd	prefabs\campaign\hef_fortress_gate_griffon.bmd		prefabs/campaign/cwb_gen_camp_devastated.bmd	prefabs/campaign/cwb_gen_camp_devastated_resource.bmd
808	wh2_main_special_fortress_gate_phoenix	prefabs\campaign\hef_fortress_gate_phoenix.bmd	prefabs\campaign\hef_fortress_gate_phoenix.bmd	prefabs\campaign\construction_minor_large.bmd	prefabs\campaign\damage_effect.bmd	prefabs\campaign\destroyed_effect.bmd	prefabs\campaign\construction_minor.bmd	prefabs\campaign\hef_fortress_gate_phoenix.bmd	prefabs\campaign\hef_fortress_gate_phoenix.bmd		prefabs/campaign/cwb_gen_camp_devastated.bmd	prefabs/campaign/cwb_gen_camp_devastated_resource.bmd
80933893	wh2_dlc09_special_settlement_pyramid_of_nagash_brt_4	prefabs/campaign/tmb_blackpyramid_04.bmd	prefabs/campaign/tmb_major_port_04.bmd	prefabs\campaign\construction_minor_large.bmd	prefabs\campaign\damage_effect.bmd	prefabs\campaign\destroyed_effect.bmd	prefabs\campaign\construction_minor.bmd	prefabs/campaign/tmb_major_port_04.bmd	prefabs/campaign/tmb_blackpyramid_04.bmd		prefabs/campaign/cwb_gen_camp_devastated.bmd	prefabs/campaign/cwb_gen_camp_devastated_resource.bmd
81	wh_main_building_brt_settlement_major_5	prefabs/campaign/bretonnia_major_level_5.bmd	prefabs/campaign/bretonnia_port_major_level_5.bmd	prefabs\campaign\construction_minor_large.bmd	prefabs\campaign\damage_effect.bmd	prefabs\campaign\destroyed_effect.bmd	prefabs\campaign\construction_minor.bmd	prefabs/campaign/bretonnia_port_major_level_5.bmd	prefabs/campaign/bretonnia_major_level_5.bmd		prefabs/campaign/cwb_gen_camp_devastated.bmd	prefabs/campaign/cwb_gen_camp_devastated_resource.bmd
810706497	wh2_dlc09_special_settlement_pyramid_of_nagash_hef_3	prefabs/campaign/tmb_blackpyramid_03.bmd	prefabs/campaign/tmb_major_port_03.bmd	prefabs\campaign\construction_minor_large.bmd	prefabs\campaign\damage_effect.bmd	prefabs\campaign\destroyed_effect.bmd	prefabs\campaign\construction_minor.bmd	prefabs/campaign/tmb_major_port_03.bmd	prefabs/campaign/tmb_blackpyramid_03.bmd		prefabs/campaign/cwb_gen_camp_devastated.bmd	prefabs/campaign/cwb_gen_camp_devastated_resource.bmd
811161307	wh3_prologue_building_ksl_minor_ruin	prefabs/campaign/ksl_prologue_minor_00.bmd		prefabs\campaign\construction_minor_large.bmd			prefabs\campaign\construction_minor.bmd					
812326861	wh3_main_ksl_kislev_city_3	prefabs/campaign/ksl_ice_palace_03.bmd	prefabs/campaign/ksl_port_major_03.bmd	prefabs\campaign\construction_minor_large.bmd	prefabs\campaign\damage_effect.bmd	prefabs\campaign\destroyed_effect.bmd	prefabs\campaign\construction_minor.bmd	prefabs/campaign/ksl_port_major_03.bmd	prefabs/campaign/ksl_ice_palace_03.bmd		prefabs/campaign/cwb_gen_camp_devastated.bmd	prefabs/campaign/cwb_gen_camp_devastated_resource.bmd
816	wh2_main_special_fortress_gate_unicorn	prefabs\campaign\hef_fortress_gate_unicorn.bmd	prefabs\campaign\hef_fortress_gate_unicorn.bmd	prefabs\campaign\construction_minor_large.bmd	prefabs\campaign\damage_effect.bmd	prefabs\campaign\destroyed_effect.bmd	prefabs\campaign\construction_minor.bmd	prefabs\campaign\hef_fortress_gate_unicorn.bmd	prefabs\campaign\hef_fortress_gate_unicorn.bmd		prefabs/campaign/cwb_gen_camp_devastated.bmd	prefabs/campaign/cwb_gen_camp_devastated_resource.bmd
821445621	wh3_prologue_building_ksl_major_2	prefabs/campaign/ksl_prologue_major_02.bmd		prefabs\campaign\construction_minor_large.bmd	prefabs\campaign\damage_effect.bmd							
821767834	wh2_dlc11_vampirecoast_settlement_minor_1	prefabs/campaign/vampire_coast_port_minor_1.bmd	prefabs/campaign/vampire_coast_port_minor_1.bmd	prefabs\campaign\construction_minor.bmd	prefabs\campaign\damage_effect.bmd	prefabs\campaign\destroyed_effect.bmd	prefabs\campaign\construction_minor.bmd	prefabs/campaign/vampire_coast_port_minor_4.bmd	prefabs/campaign/vampire_coast_port_minor_4.bmd		prefabs/campaign/cwb_gen_camp_devastated.bmd	prefabs/campaign/cwb_gen_camp_devastated_resource.bmd
847196752	wh3_prologue_building_ksl_major_5	prefabs/campaign/ksl_prologue_major_05.bmd		prefabs\campaign\construction_minor_large.bmd	prefabs\campaign\damage_effect.bmd							
856360572	wh2_dlc09_special_settlement_pyramid_of_nagash_vmp_4	prefabs/campaign/tmb_blackpyramid_04.bmd	prefabs/campaign/tmb_major_port_04.bmd	prefabs\campaign\construction_minor_large.bmd	prefabs\campaign\damage_effect.bmd	prefabs\campaign\destroyed_effect.bmd	prefabs\campaign\construction_minor.bmd	prefabs/campaign/tmb_major_port_04.bmd	prefabs/campaign/tmb_blackpyramid_04.bmd		prefabs/campaign/cwb_gen_camp_devastated.bmd	prefabs/campaign/cwb_gen_camp_devastated_resource.bmd
862594930	wh2_dlc13_building_lzd_horde_settlement_minor_3	prefabs\campaign\lzd_horde_minor_3.bmd										
863465313	wh2_dlc09_special_settlement_pyramid_of_nagash_norsca_3	prefabs/campaign/tmb_blackpyramid_03.bmd	prefabs/campaign/tmb_major_port_03.bmd	prefabs\campaign\construction_minor_large.bmd	prefabs\campaign\damage_effect.bmd	prefabs\campaign\destroyed_effect.bmd	prefabs\campaign\construction_minor.bmd	prefabs/campaign/tmb_major_port_03.bmd	prefabs/campaign/tmb_blackpyramid_03.bmd		prefabs/campaign/cwb_gen_camp_devastated.bmd	prefabs/campaign/cwb_gen_camp_devastated_resource.bmd
869671554	wh3_main_building_ogr_settlement_minor_2	prefabs/campaign/ogr_minor_02.bmd	prefabs/campaign/ogr_port_minor_02.bmd	prefabs\campaign\construction_minor_large.bmd	prefabs\campaign\damage_effect.bmd	prefabs\campaign\destroyed_effect.bmd	prefabs\campaign\construction_minor.bmd	prefabs/campaign/ogr_port_minor_02.bmd	prefabs/campaign/ogr_minor_02.bmd		prefabs/campaign/cwb_gen_camp_devastated.bmd	prefabs/campaign/cwb_gen_camp_devastated_resource.bmd
89	wh_main_building_brt_settlement_minor_1	prefabs/campaign/bretonnia_minor_level_1.bmd	prefabs/campaign/bretonnia_port_minor_level_1.bmd	prefabs\campaign\construction_minor.bmd	prefabs\campaign\damage_effect.bmd	prefabs\campaign\destroyed_effect.bmd	prefabs\campaign\construction_minor.bmd	prefabs/campaign/bretonnia_port_minor_level_4.bmd	prefabs/campaign/bretonnia_minor_level_4.bmd		prefabs/campaign/cwb_gen_camp_devastated.bmd	prefabs/campaign/cwb_gen_camp_devastated_resource.bmd
904959127	wh2_dlc09_tmb_settlement_major_5	prefabs/campaign/tmb_major_05.bmd	prefabs/campaign/tmb_major_port_05.bmd	prefabs\campaign\construction_minor_large.bmd	prefabs\campaign\damage_effect.bmd	prefabs\campaign\destroyed_effect.bmd	prefabs\campaign\construction_minor.bmd	prefabs/campaign/tmb_major_port_05.bmd	prefabs/campaign/tmb_major_05.bmd		prefabs/campaign/cwb_gen_camp_devastated.bmd	prefabs/campaign/cwb_gen_camp_devastated_resource.bmd
905901420	wh2_dlc09_special_settlement_pyramid_of_nagash_dwf_2	prefabs/campaign/tmb_blackpyramid_02.bmd	prefabs/campaign/tmb_major_port_02.bmd	prefabs\campaign\construction_minor_large.bmd	prefabs\campaign\damage_effect.bmd	prefabs\campaign\destroyed_effect.bmd	prefabs\campaign\construction_minor.bmd	prefabs/campaign/tmb_major_port_02.bmd	prefabs/campaign/tmb_blackpyramid_02.bmd		prefabs/campaign/cwb_gen_camp_devastated.bmd	prefabs/campaign/cwb_gen_camp_devastated_resource.bmd
915553079	wh3_main_tze_settlement_minor_3	prefabs/campaign/chs_minor_tze_03.bmd	prefabs/campaign/chs_port_minor_tze_03.bmd	prefabs\campaign\construction_minor_large.bmd	prefabs\campaign\damage_effect.bmd	prefabs\campaign\destroyed_effect.bmd	prefabs\campaign\construction_minor.bmd	prefabs/campaign/chs_port_minor_tze_04.bmd	prefabs/campaign/chs_minor_tze_04.bmd		prefabs/campaign/cwb_gen_camp_devastated.bmd	prefabs/campaign/cwb_gen_camp_devastated_resource.bmd
928482212	wh3_main_cth_settlement_major_4	prefabs/campaign/cth_major_04.bmd	prefabs/campaign/cth_port_major_04.bmd	prefabs\campaign\construction_minor_large.bmd	prefabs\campaign\damage_effect.bmd	prefabs\campaign\destroyed_effect.bmd	prefabs\campaign\construction_minor.bmd	prefabs/campaign/cth_port_major_04.bmd	prefabs/campaign/cth_major_04.bmd		prefabs/campaign/cwb_gen_camp_devastated.bmd	prefabs/campaign/cwb_gen_camp_devastated_resource.bmd
93	wh_main_building_brt_settlement_minor_2	prefabs/campaign/bretonnia_minor_level_2.bmd	prefabs/campaign/bretonnia_port_minor_level_2.bmd	prefabs\campaign\construction_minor.bmd	prefabs\campaign\damage_effect.bmd	prefabs\campaign\destroyed_effect.bmd	prefabs\campaign\construction_minor.bmd	prefabs/campaign/bretonnia_port_minor_level_4.bmd	prefabs/campaign/bretonnia_minor_level_4.bmd		prefabs/campaign/cwb_gen_camp_devastated.bmd	prefabs/campaign/cwb_gen_camp_devastated_resource.bmd
932530588	wh3_main_sla_settlement_major_5	prefabs/campaign/chs_major_sla_05.bmd	prefabs/campaign/chs_port_major_sla_05.bmd	prefabs\campaign\construction_minor_large.bmd	prefabs\campaign\damage_effect.bmd	prefabs\campaign\destroyed_effect.bmd	prefabs\campaign\construction_minor.bmd	prefabs/campaign/chs_port_major_sla_05.bmd	prefabs/campaign/chs_major_sla_05.bmd		prefabs/campaign/cwb_gen_camp_devastated.bmd	prefabs/campaign/cwb_gen_camp_devastated_resource.bmd
937881340	wh3_main_building_ogr_settlement_minor_3	prefabs/campaign/ogr_minor_03.bmd	prefabs/campaign/ogr_port_minor_03.bmd	prefabs\campaign\construction_minor_large.bmd	prefabs\campaign\damage_effect.bmd	prefabs\campaign\destroyed_effect.bmd	prefabs\campaign\construction_minor.bmd	prefabs/campaign/ogr_port_minor_03.bmd	prefabs/campaign/ogr_minor_03.bmd		prefabs/campaign/cwb_gen_camp_devastated.bmd	prefabs/campaign/cwb_gen_camp_devastated_resource.bmd
945879683	wh3_main_dae_settlement_minor_2	prefabs/campaign/chs_minor_02.bmd	prefabs/campaign/chs_port_minor_02.bmd	prefabs\campaign\construction_minor_large.bmd	prefabs\campaign\damage_effect.bmd	prefabs\campaign\destroyed_effect.bmd	prefabs\campaign\construction_minor.bmd	prefabs/campaign/chs_port_minor_04.bmd	prefabs/campaign/chs_minor_04.bmd		prefabs/campaign/cwb_gen_camp_devastated.bmd	prefabs/campaign/cwb_gen_camp_devastated_resource.bmd
948035549	wh3_dlc25_dwarf_spirit_of_grungni_airship_hull_1	prefabs\campaign\dwarf_encampment.bmd										
949749958	wh3_main_sla_settlement_major_4	prefabs/campaign/chs_major_sla_04.bmd	prefabs/campaign/chs_port_major_sla_04.bmd	prefabs\campaign\construction_minor_large.bmd	prefabs\campaign\damage_effect.bmd	prefabs\campaign\destroyed_effect.bmd	prefabs\campaign\construction_minor.bmd	prefabs/campaign/chs_port_major_sla_04.bmd	prefabs/campaign/chs_major_sla_04.bmd		prefabs/campaign/cwb_gen_camp_devastated.bmd	prefabs/campaign/cwb_gen_camp_devastated_resource.bmd
953291710	wh3_main_ksl_kislev_city_4	prefabs/campaign/ksl_ice_palace_04.bmd	prefabs/campaign/ksl_port_major_04.bmd	prefabs\campaign\construction_minor_large.bmd	prefabs\campaign\damage_effect.bmd	prefabs\campaign\destroyed_effect.bmd	prefabs\campaign\construction_minor.bmd	prefabs/campaign/ksl_port_major_04.bmd	prefabs/campaign/ksl_ice_palace_04.bmd		prefabs/campaign/cwb_gen_camp_devastated.bmd	prefabs/campaign/cwb_gen_camp_devastated_resource.bmd
98	wh_main_building_brt_settlement_minor_3	prefabs/campaign/bretonnia_minor_level_3.bmd	prefabs/campaign/bretonnia_port_minor_level_3.bmd	prefabs\campaign\construction_minor.bmd	prefabs\campaign\damage_effect.bmd	prefabs\campaign\destroyed_effect.bmd	prefabs\campaign\construction_minor.bmd	prefabs/campaign/bretonnia_port_minor_level_4.bmd	prefabs/campaign/bretonnia_minor_level_4.bmd		prefabs/campaign/cwb_gen_camp_devastated.bmd	prefabs/campaign/cwb_gen_camp_devastated_resource.bmd
