key	sea_wind_speed	sea_phillips_constant	sea_choppiness	swell_wind_speed	swell_phillips_constant	foam_enabled	foam_decay_rate	foam_fade_in_time	foam_cut_off_value	froth_value	froth_distortion_speed	froth_distortion_amount	spray_cut_off_value	spray_speed	spray_duration	sea_shininess	sea_decay	reflection_flattening_factor	wave_trough_y_value	detail_normal_uv_scale1	detail_normal_uv_speed1	detail_normal_uv_scale2	detail_normal_uv_speed2
#sea_surfaces_tables;2;db/sea_surfaces_tables/data__																							
wind_level_0	1.95	0.000019000003	0.5	6.86	1.5400001e-8	false	0.5	0.3	0.07500001	0.7	0.35000002	0.050000004	0.25	10.0	2.0	200.0	0.0006	0.5	0.0	1.0	1.0	1.0	1.0
wind_level_1	4.29	0.000019000003	0.75	11.2699995	2.8000002e-8	false	0.5	0.3	0.07500001	0.7	0.35000002	0.050000004	0.25	10.0	2.0	1000.0	0.0006	0.5	0.0	1.0	1.0	1.0	1.0
wind_level_2	6.24	0.000026200001	1.4499999	11.2699995	2.8900002e-8	false	0.5	0.3	0.07500001	0.7	0.35000002	0.050000004	0.25	10.0	2.0	378.0	0.0006	0.5	0.0	1.0	1.0	1.0	1.0
wind_level_3	6.58854	0.00004475001	1.3819101	10.0162	5.6350007e-8	true	0.5	0.3	0.08500001	0.7	0.35000002	0.050000004	0.25	10.0	2.0	1000.0	0.0006	0.5	0.0	1.0	1.0	1.0	1.0
wind_level_4	8.58	0.000053200005	1.8	12.74	3.2500008e-8	true	0.5	0.3	0.07500001	0.7	0.35000002	0.050000004	0.25	10.0	2.0	1000.0	0.0006	0.5	0.0	1.0	1.0	1.0	1.0
