campaign_payload	token	is_triggered_conditionally	designer_description	visual_sort_order
#chaotic_plan_tokens_to_payloads_junctions_tables;1;db/chaotic_plan_tokens_to_payloads_junctions_tables/data__				
wh3_dlc29_skv_bundle_cooldown_6	wh3_dlc29_action_any_remove_red_1	false	Dummy Effect Bundles for Description	4
wh3_dlc29_skv_remove_pinned_tokens_from_drawn	wh3_dlc29_action_any_remove_red_1	false	Any Plan - Lose targeted tokens	0
wh3_dlc29_skv_target_red_1	wh3_dlc29_action_any_remove_red_1	false	Any Plan - Lose targeted tokens	0
wh3_dlc29_any_action_basic_diversion_generated_low	wh3_dlc29_action_any_remove_red_2	false	Chance to reduce risk	0
wh3_dlc29_skv_bundle_chance_reduce_risk_low	wh3_dlc29_action_any_remove_red_2	false	Dummy Effect Bundles for Description	3
wh3_dlc29_skv_bundle_cooldown_5	wh3_dlc29_action_any_remove_red_2	false	Dummy Effect Bundles for Description	4
wh3_dlc29_skv_remove_pinned_tokens_from_drawn	wh3_dlc29_action_any_remove_red_2	false	Any Plan - Lose targeted tokens	0
wh3_dlc29_skv_target_red_1	wh3_dlc29_action_any_remove_red_2	false	Any Plan - Lose targeted tokens	0
wh3_dlc29_any_action_basic_diversion_generated_high	wh3_dlc29_action_any_remove_red_3	false	Chance to reduce risk	0
wh3_dlc29_skv_bundle_chance_reduce_risk_high	wh3_dlc29_action_any_remove_red_3	false	Dummy Effect Bundles for Description	3
wh3_dlc29_skv_bundle_cooldown_4	wh3_dlc29_action_any_remove_red_3	false	Dummy Effect Bundles for Description	4
wh3_dlc29_skv_remove_pinned_tokens_from_drawn	wh3_dlc29_action_any_remove_red_3	false	Any Plan - Lose targeted tokens	0
wh3_dlc29_skv_target_red_1	wh3_dlc29_action_any_remove_red_3	false	Any Plan - Lose targeted tokens	0
wh3_dlc29_action_economic_dangerous_treasury_select	wh3_dlc29_action_economic_dangerous_treasury	false	Select Tokens	0
wh3_dlc29_bundle_economy_action_dangerous_treasury	wh3_dlc29_action_economic_dangerous_treasury	false	Dummy Effect Bundles for Description	1
wh3_dlc29_purple_economic_dangerous_treasury_target	wh3_dlc29_action_economic_dangerous_treasury	false	Targeting Component	0
wh3_dlc29_skv_bundle_single_use	wh3_dlc29_action_economic_dangerous_treasury	false	Dummy Effect Bundles for Description	4
wh3_dlc29_skv_remove_pinned_tokens_from_drawn	wh3_dlc29_action_economic_dangerous_treasury	false	Remove selected tokens	0
wh3_dlc29_action_economic_dangerous_warpstone_select	wh3_dlc29_action_economic_dangerous_warpstone	false	Select Tokens	0
wh3_dlc29_bundle_economy_action_dangerous_warpstone	wh3_dlc29_action_economic_dangerous_warpstone	false	Dummy Effect Bundles for Description	1
wh3_dlc29_purple_economic_dangerous_warpstone_target	wh3_dlc29_action_economic_dangerous_warpstone	false	Targeting Component	0
wh3_dlc29_skv_bundle_single_use	wh3_dlc29_action_economic_dangerous_warpstone	false	Dummy Effect Bundles for Description	4
wh3_dlc29_skv_remove_pinned_tokens_from_drawn	wh3_dlc29_action_economic_dangerous_warpstone	false	Remove selected tokens	0
wh3_dlc29_bundle_economy_action_select_resource	wh3_dlc29_action_economic_focus	false	Dummy Effect Bundles for Description	1
wh3_dlc29_economy_action_select_resource	wh3_dlc29_action_economic_focus	false	Select Tokens - Purple Token Economy	1
wh3_dlc29_skv_bundle_single_use	wh3_dlc29_action_economic_focus	false	Dummy Effect Bundles for Description	4
wh3_dlc29_skv_remove_pinned_tokens_from_drawn	wh3_dlc29_action_economic_focus	false	Remove selected tokens	0
wh3_dlc29_skv_target_green_to_replace_from_set	wh3_dlc29_action_economic_focus	false	Targeting Component	0
wh3_dlc29_skv_bundle_single_use	wh3_dlc29_action_economic_vault_1_open	false	Dummy Effect Bundles for Description	4
wh3_dlc29_skv_bundle_vault_draw_tokens	wh3_dlc29_action_economic_vault_1_open	false	Dummy Effect Bundle for Description	1
wh3_dlc29_skv_vault_draw_tokens	wh3_dlc29_action_economic_vault_1_open	false	Draw Tokens for Opening Vault	0
wh3_dlc29_vault_tokens_draw_complication	wh3_dlc29_action_economic_vault_1_open	false	Chance to draw Complication for Opening Vault	0
wh3_dlc29_bundle_action_military_token_1_recruit	wh3_dlc29_action_military_lab_1_recruit	false	Dummy Effect Bundles for Description	0
wh3_dlc29_skv_bundle_single_use	wh3_dlc29_action_military_lab_1_recruit	false	Dummy Effect Bundles for Description	4
wh3_dlc29_skv_lab_draw_tokens	wh3_dlc29_action_military_lab_1_recruit	false	Draw Tokens for Opening Lab	0
wh3_dlc29_skv_remove_pinned_tokens_from_drawn	wh3_dlc29_action_military_lab_1_recruit	false	Remove selected token	0
wh3_dlc29_skv_select_lab	wh3_dlc29_action_military_lab_1_recruit	false	Select Lab	0
wh3_dlc29_bundle_action_military_token_1_recruit	wh3_dlc29_action_military_mercenaries_1_recruit	false	Dummy Effect Bundles for Description	0
wh3_dlc29_skv_bundle_single_use	wh3_dlc29_action_military_mercenaries_1_recruit	false	Dummy Effect Bundles for Description	4
wh3_dlc29_skv_mercenaries_draw_tokens	wh3_dlc29_action_military_mercenaries_1_recruit	false	Draw Tokens for Mercenaries	0
wh3_dlc29_skv_remove_pinned_tokens_from_drawn	wh3_dlc29_action_military_mercenaries_1_recruit	false	Remove selected	0
wh3_dlc29_skv_select_mercenaries	wh3_dlc29_action_military_mercenaries_1_recruit	false	Select Mercenaries	0
wh3_dlc29_action_military_reinforcements_select	wh3_dlc29_action_military_reinforcements	false	Select Tokens	0
wh3_dlc29_bundle_military_action_reinforcements	wh3_dlc29_action_military_reinforcements	false	Dummy Effect Bundles for Description	1
wh3_dlc29_purple_military_reinforcements_target	wh3_dlc29_action_military_reinforcements	false	Targeting Component	0
wh3_dlc29_skv_bundle_single_use	wh3_dlc29_action_military_reinforcements	false	Dummy Effect Bundles for Description	4
wh3_dlc29_skv_remove_pinned_tokens_from_drawn	wh3_dlc29_action_military_reinforcements	false	Remove selected tokens	0
wh3_dlc29_effect_bundle_action_economy_vampire_pay_for_reward	wh3_dlc29_action_military_vampire_pay_for_reward	false	Dummy Effect Bundles for Description	1
wh3_dlc29_skv_bundle_single_use	wh3_dlc29_action_military_vampire_pay_for_reward	false	Dummy Effect Bundles for Description	4
wh3_dlc29_skv_remove_pinned_tokens_from_drawn	wh3_dlc29_action_military_vampire_pay_for_reward	false	Remove targeted tokens	0
wh3_dlc29_skv_target_green_2	wh3_dlc29_action_military_vampire_pay_for_reward	false	Targeting Green Tokens	0
wh3_dlc29_skv_thanquol_add_money_instant_2000	wh3_dlc29_action_military_vampire_pay_for_reward	false	Gain Treasury - Immediately	2
wh3_dlc29_effect_bundle_action_military_pay_tokens_to_reduce_alarm	wh3_dlc29_action_military_vampire_pay_to_reduce_alarm_elite	false	Dummy Effect Bundles for Description	1
wh3_dlc29_skv_bundle_single_use	wh3_dlc29_action_military_vampire_pay_to_reduce_alarm_elite	false	Dummy Effect Bundles for Description	4
wh3_dlc29_skv_remove_pinned_tokens_from_drawn	wh3_dlc29_action_military_vampire_pay_to_reduce_alarm_elite	false	Remove targeted tokens	0
wh3_dlc29_skv_target_green_3	wh3_dlc29_action_military_vampire_pay_to_reduce_alarm_elite	false	Targeting Green Tokens	0
wh3_dlc29_effect_bundle_action_military_pay_to_reduce_alarm	wh3_dlc29_action_military_vampire_pay_to_reduce_alarm	false	Dummy Effect Bundles for Description	1
wh3_dlc29_skv_bundle_single_use	wh3_dlc29_action_military_vampire_pay_to_reduce_alarm	false	Dummy Effect Bundles for Description	4
wh3_dlc29_skv_remove_pinned_tokens_from_drawn	wh3_dlc29_action_military_vampire_pay_to_reduce_alarm	false	Remove targeted tokens	0
wh3_dlc29_skv_target_green_2	wh3_dlc29_action_military_vampire_pay_to_reduce_alarm	false	Targeting Green Tokens	0
wh3_dlc29_bundle_action_remove_green_token	wh3_dlc29_any_action_assassin_sell_instant	false	Dummy Description for Action token	1
wh3_dlc29_skv_bundle_cooldown_2	wh3_dlc29_any_action_assassin_sell_instant	false	Dummy Effect Bundles for Description	4
wh3_dlc29_skv_remove_pinned_tokens_from_drawn	wh3_dlc29_any_action_assassin_sell_instant	false	Remove token	0
wh3_dlc29_skv_target_green_1	wh3_dlc29_any_action_assassin_sell_instant	false	Targeting Component	0
wh3_dlc29_skv_thanquol_add_money_instant_1500	wh3_dlc29_any_action_assassin_sell_instant	false	Gain Treasury	2
wh3_dlc29_skv_bundle_reduce_risk	wh3_dlc29_any_action_basic_diversion_generated	false	Dummy Effect Bundles for Description	0
wh3_dlc29_skv_bundle_single_use	wh3_dlc29_any_action_basic_diversion	false	Dummy Effect Bundles for Description	4
wh3_dlc29_skv_remove_pinned_tokens_from_drawn	wh3_dlc29_any_action_basic_diversion	false	Any Plan - Lose targeted tokens	0
wh3_dlc29_skv_target_green_2	wh3_dlc29_any_action_basic_diversion	false	Any Plan - Target 2 Green tokens	0
wh3_dlc29_skv_dummy_bundle_experience	wh3_dlc29_any_action_experience_generated	false	Dummy Effect Bundles for Description	0
wh3_dlc29_bundle_economic_warlock_experience	wh3_dlc29_any_action_experience	false	Dummy Effect Bundle for Description	1
wh3_dlc29_skv_bundle_cooldown_1	wh3_dlc29_any_action_experience	false	Dummy Effect Bundles for Description	4
wh3_dlc29_skv_remove_pinned_tokens_from_drawn	wh3_dlc29_any_action_experience	false		0
wh3_dlc29_skv_target_green_1	wh3_dlc29_any_action_experience	false		0
wh3_dlc29_bundle_action_remove_red_token	wh3_dlc29_any_action_plague_1_elite	false	Dummy Effect Bundle for Description	1
wh3_dlc29_skv_bundle_single_use	wh3_dlc29_any_action_plague_1_elite	false	Dummy Effect Bundles for Description	4
wh3_dlc29_skv_remove_pinned_tokens_from_drawn	wh3_dlc29_any_action_plague_1_elite	false	Payload to remove tokens	0
wh3_dlc29_skv_target_plague_1_elite	wh3_dlc29_any_action_plague_1_elite	false	Targeting Component	0
wh3_dlc29_bundle_action_remove_red_token	wh3_dlc29_any_action_plague_1	false	Dummy Effect Bundle for Description	1
wh3_dlc29_skv_bundle_single_use	wh3_dlc29_any_action_plague_1	false	Dummy Effect Bundles for Description	4
wh3_dlc29_skv_remove_pinned_tokens_from_drawn	wh3_dlc29_any_action_plague_1	false	Payload to remove tokens	0
wh3_dlc29_skv_target_plague_1	wh3_dlc29_any_action_plague_1	false	Targeting Component	0
wh3_dlc29_bundle_action_remove_red_token	wh3_dlc29_any_action_plague_2_elite	false	Dummy Effect Bundle for Description	1
wh3_dlc29_skv_bundle_single_use	wh3_dlc29_any_action_plague_2_elite	false	Dummy Effect Bundles for Description	4
wh3_dlc29_skv_remove_pinned_tokens_from_drawn	wh3_dlc29_any_action_plague_2_elite	false	Payload to remove tokens	0
wh3_dlc29_skv_target_plague_2_elite	wh3_dlc29_any_action_plague_2_elite	false	Targeting Component	0
wh3_dlc29_bundle_action_remove_red_token	wh3_dlc29_any_action_plague_2	false	Dummy Effect Bundle for Description	1
wh3_dlc29_skv_bundle_single_use	wh3_dlc29_any_action_plague_2	false	Dummy Effect Bundles for Description	4
wh3_dlc29_skv_remove_pinned_tokens_from_drawn	wh3_dlc29_any_action_plague_2	false	Payload to remove tokens	0
wh3_dlc29_skv_target_plague_2	wh3_dlc29_any_action_plague_2	false	Targeting Component	0
wh3_dlc29_bundle_action_remove_red_token	wh3_dlc29_any_action_plague_3_elite	false	Dummy Effect Bundle for Description	1
wh3_dlc29_skv_bundle_single_use	wh3_dlc29_any_action_plague_3_elite	false	Dummy Effect Bundles for Description	4
wh3_dlc29_skv_remove_pinned_tokens_from_drawn	wh3_dlc29_any_action_plague_3_elite	false	Payload to remove tokens	0
wh3_dlc29_skv_target_plague_3_elite	wh3_dlc29_any_action_plague_3_elite	false	Targeting Component	0
wh3_dlc29_bundle_action_remove_red_token	wh3_dlc29_any_action_plague_3	false	Dummy Effect Bundle for Description	1
wh3_dlc29_skv_bundle_single_use	wh3_dlc29_any_action_plague_3	false	Dummy Effect Bundles for Description	4
wh3_dlc29_skv_remove_pinned_tokens_from_drawn	wh3_dlc29_any_action_plague_3	false	Payload to remove tokens	0
wh3_dlc29_skv_target_plague_3	wh3_dlc29_any_action_plague_3	false	Targeting Component	0
wh3_dlc29_any_action_draw_warlock_negative	wh3_dlc29_any_action_skill_copy_green_1_economy	false	Warlock Red Draw	0
wh3_dlc29_skv_bundle_cooldown_2	wh3_dlc29_any_action_skill_copy_green_1_economy	false	Dummy Effect Bundles for Description	4
wh3_dlc29_skv_copy_green	wh3_dlc29_any_action_skill_copy_green_1_economy	false	Any Plan - Copy Green Token(s)	1
wh3_dlc29_skv_target_green_1	wh3_dlc29_any_action_skill_copy_green_1_economy	false	Targeting Component	0
wh3_dlc29_any_action_draw_warlock_negative	wh3_dlc29_any_action_skill_copy_green_1_military	false	Warlock Red Draw	0
wh3_dlc29_skv_bundle_cooldown_2	wh3_dlc29_any_action_skill_copy_green_1_military	false	Dummy Effect Bundles for Description	4
wh3_dlc29_skv_copy_green	wh3_dlc29_any_action_skill_copy_green_1_military	false	Any Plan - Copy Green Token(s)	1
wh3_dlc29_skv_target_green_1	wh3_dlc29_any_action_skill_copy_green_1_military	false	Targeting Component	0
wh3_dlc29_bundle_any_mod_pool_grey_seer_winds	wh3_dlc29_any_mod_pool_grey_seer_winds	false	Dummy Effect Bundle for Description	0
wh3_dlc29_any_red_alarm_action_cost_1_payoff_remove	wh3_dlc29_any_red_alarm_action_cost_1_payoff	false	Any Plan - Remove negative token	0
wh3_dlc29_effect_bundle_action_military_pay_to_reduce_alarm	wh3_dlc29_any_red_alarm_action_cost_1_payoff	false	Dummy Effect Bundles for Description	1
wh3_dlc29_skv_bundle_single_use	wh3_dlc29_any_red_alarm_action_cost_1_payoff	false	Dummy Effect Bundles for Description	4
wh3_dlc29_skv_remove_pinned_tokens_from_drawn	wh3_dlc29_any_red_alarm_action_cost_1_payoff	false	Remove selected tokens	0
wh3_dlc29_any_red_alarm_action_cost_1	wh3_dlc29_any_red_alarm_action_cost_1	false	Any Plan - Effect Bundle post-plan, expensive actions	0
wh3_dlc29_skv_hidden_chaotic_draw_1	wh3_dlc29_any_red_alarm_action_cost_1	false	Hidden 2% chance for purple or red token	0
wh3_dlc29_skv_thanquol_add_alarm_1	wh3_dlc29_any_red_alarm_action_cost_1	false	Any Plan - Alarm (negative)	0
wh3_dlc29_any_red_alarm_action_cost_2_payoff_remove	wh3_dlc29_any_red_alarm_action_cost_2_payoff	false	Any Plan - Remove negative token	0
wh3_dlc29_bundle_action_remove_red_token	wh3_dlc29_any_red_alarm_action_cost_2_payoff	false	Dummy Effect Bundles for Description	1
wh3_dlc29_skv_bundle_single_use	wh3_dlc29_any_red_alarm_action_cost_2_payoff	false	Dummy Effect Bundles for Description	4
wh3_dlc29_skv_remove_pinned_tokens_from_drawn	wh3_dlc29_any_red_alarm_action_cost_2_payoff	false	Remove selected tokens	0
wh3_dlc29_any_red_alarm_action_cost_2	wh3_dlc29_any_red_alarm_action_cost_2	false	Any Plan - Effect Bundle post-plan, expensive actions	0
wh3_dlc29_skv_hidden_chaotic_draw_1	wh3_dlc29_any_red_alarm_action_cost_2	false	Hidden 2% chance for purple or red token	0
wh3_dlc29_skv_thanquol_add_alarm_1	wh3_dlc29_any_red_alarm_action_cost_2	false	Any Plan - Alarm (negative)	0
wh3_dlc29_bundle_any_red_attention_generated	wh3_dlc29_any_red_attention_generated	false	Dummy Effect Bundles for Description	0
wh3_dlc29_skv_hidden_chaotic_draw_1	wh3_dlc29_any_red_attention_generated	false	Hidden 2% chance for purple or red token	0
wh3_dlc29_skv_hidden_chaotic_draw_1	wh3_dlc29_any_red_basic_alarm_1	false	Hidden 2% chance for purple or red token	0
wh3_dlc29_skv_thanquol_add_alarm_1	wh3_dlc29_any_red_basic_alarm_1	false	Any Plan - Alarm (negative)	0
wh3_dlc29_any_red_alarm_action_cost_1_single_turn	wh3_dlc29_any_red_basic_alarm_2	false	Bundle - cost of tricks	1
wh3_dlc29_skv_hidden_chaotic_draw_1	wh3_dlc29_any_red_basic_alarm_2	false	Hidden 2% chance for purple or red token	0
wh3_dlc29_skv_thanquol_add_alarm_1	wh3_dlc29_any_red_basic_alarm_2	false	Any Plan - Alarm (negative)	0
wh3_dlc29_any_red_alarm_action_cost_2_single_turn	wh3_dlc29_any_red_basic_alarm_3	false	Bundle - cost of tricks	1
wh3_dlc29_skv_hidden_chaotic_draw_1	wh3_dlc29_any_red_basic_alarm_3	false	Hidden 2% chance for purple or red token	0
wh3_dlc29_skv_thanquol_add_alarm_1	wh3_dlc29_any_red_basic_alarm_3	false	Any Plan - Alarm (negative)	0
wh3_dlc29_skv_chaotic_plans_reduce_tokens_1_turns_1	wh3_dlc29_any_red_basic_alarm_4	false	Reduce Tokens for 1 turn	1
wh3_dlc29_skv_hidden_chaotic_draw_1	wh3_dlc29_any_red_basic_alarm_4	false	Hidden 2% chance for purple or red token	0
wh3_dlc29_skv_thanquol_add_alarm_1	wh3_dlc29_any_red_basic_alarm_4	false	Any Plan - Alarm (negative)	0
wh3_dlc29_skv_hidden_chaotic_draw_1	wh3_dlc29_any_red_basic_alarm_5	false	Hidden 2% chance for purple or red token	0
wh3_dlc29_skv_thanquol_add_alarm_1	wh3_dlc29_any_red_basic_alarm_5	false	Any Plan - Alarm (negative)	0
wh3_dlc29_skv_economic_thanquol_lose_money_4000	wh3_dlc29_any_red_basic_alarm_6_economy	false	Economy Plan - lose money	1
wh3_dlc29_skv_hidden_chaotic_draw_1	wh3_dlc29_any_red_basic_alarm_6_economy	false	Hidden 2% chance for purple or red token	0
wh3_dlc29_skv_thanquol_add_alarm_2	wh3_dlc29_any_red_basic_alarm_6_economy	false	Any Plan - Alarm (negative)	0
wh3_dlc29_skv_hidden_chaotic_draw_1	wh3_dlc29_any_red_basic_alarm_6_military	false	Hidden 2% chance for purple or red token	0
wh3_dlc29_skv_thanquol_add_alarm_2	wh3_dlc29_any_red_basic_alarm_6_military	false	Any Plan - Alarm (negative)	0
wh3_dlc29_skv_thanquol_add_guards_4	wh3_dlc29_any_red_basic_alarm_6_military	false	Military Plan - lose units	1
wh3_dlc29_skv_hidden_chaotic_draw_1	wh3_dlc29_any_red_basic_elite_1	false	Hidden 2% chance for purple or red token	0
wh3_dlc29_skv_thanquol_add_alarm_2	wh3_dlc29_any_red_basic_elite_1	false	Any Plan - Alarm (negative)	0
wh3_dlc29_skv_thanquol_add_elites_1	wh3_dlc29_any_red_basic_elite_1	false	Any Plan - Elites (negative)	0
wh3_dlc29_skv_hidden_chaotic_draw_1	wh3_dlc29_any_red_basic_elite_2	false	Hidden 2% chance for purple or red token	0
wh3_dlc29_skv_thanquol_add_alarm_1	wh3_dlc29_any_red_basic_elite_2	false	Any Plan - Alarm (negative)	0
wh3_dlc29_skv_thanquol_add_elites_2	wh3_dlc29_any_red_basic_elite_2	false	Any Plan - Elites (negative)	0
wh3_dlc29_skv_hidden_chaotic_draw_1	wh3_dlc29_any_red_basic_elite_x2	false	Hidden 2% chance for purple or red token	0
wh3_dlc29_skv_thanquol_add_alarm_2	wh3_dlc29_any_red_basic_elite_x2	false	Any Plan - Alarm (negative)	0
wh3_dlc29_skv_thanquol_add_elites_2	wh3_dlc29_any_red_basic_elite_x2	false	Any Plan - Elites (negative)	0
wh3_dlc29_skv_hidden_chaotic_draw_1	wh3_dlc29_any_red_basic_guard_1	false	Hidden 2% chance for purple or red token	0
wh3_dlc29_skv_thanquol_add_alarm_1	wh3_dlc29_any_red_basic_guard_1	false	Any Plan - Guards (negative)	0
wh3_dlc29_skv_hidden_chaotic_draw_1	wh3_dlc29_any_red_basic_guard_2	false	Hidden 2% chance for purple or red token	0
wh3_dlc29_skv_thanquol_add_alarm_1	wh3_dlc29_any_red_basic_guard_2	false	Any Plan - Alarm (negative)	0
wh3_dlc29_skv_thanquol_add_guards_2	wh3_dlc29_any_red_basic_guard_2	false	Any Plan - Guards (negative)	0
wh3_dlc29_skv_chaotic_plans_reduce_tokens_1_turns_1	wh3_dlc29_any_red_basic_guard_3	false	Reduce Tokens	2
wh3_dlc29_skv_hidden_chaotic_draw_1	wh3_dlc29_any_red_basic_guard_3	false	Hidden 2% chance for purple or red token	0
wh3_dlc29_skv_thanquol_add_guards_2	wh3_dlc29_any_red_basic_guard_3	false	Any Plan - Guards (negative)	0
wh3_dlc29_skv_thanquol_add_guards_2	wh3_dlc29_any_red_deserters	false	Guards	0
wh3_dlc29_skv_economic_thanquol_lose_money_gdp_200	wh3_dlc29_any_red_embezzlement	false	Lose Treasury	0
wh3_dlc29_skv_economic_thanquol_lose_warpstone_gdp_100	wh3_dlc29_any_red_embezzlement	false	Lose Warpstone	1
wh3_dlc29_skv_hidden_chaotic_draw_1	wh3_dlc29_any_red_eshin_alarm_1	false	Hidden 2% chance for purple or red token	0
wh3_dlc29_skv_thanquol_add_alarm_1	wh3_dlc29_any_red_eshin_alarm_1	false	Any Plan - Alarm (negative)	0
wh3_dlc29_skv_thanquol_add_elites_1	wh3_dlc29_any_red_eshin_alarm_1	false	Military Plan - lose units	2
wh3_dlc29_skv_thanquol_add_guards_2	wh3_dlc29_any_red_eshin_alarm_1	false	Military Plan - lose units	1
wh3_dlc29_skv_thanquol_lose_alarm_1	wh3_dlc29_any_red_eshin_alarm_payoff_1_generated	false	Any Plan - Lose Alarm	0
wh3_dlc29_skv_thanquol_lose_elites_1	wh3_dlc29_any_red_eshin_alarm_payoff_1_generated	false	Any Plan - Lose Elites	1
wh3_dlc29_bundle_action_remove_red_token	wh3_dlc29_any_red_eshin_alarm_payoff_1	false	Dummy Effect Bundles for Description	1
wh3_dlc29_skv_bundle_single_use	wh3_dlc29_any_red_eshin_alarm_payoff_1	false	Dummy Effect Bundles for Description	4
wh3_dlc29_skv_remove_pinned_tokens_from_drawn	wh3_dlc29_any_red_eshin_alarm_payoff_1	false	Remove targeted token	2
wh3_dlc29_skv_target_red_eshin	wh3_dlc29_any_red_eshin_alarm_payoff_1	false	Target Eshin red token	0
wh3_dlc29_skv_chaotic_plans_reduce_tokens_1_infinite	wh3_dlc29_any_red_mors_alarm_1	false	Reduce Tokens	1
wh3_dlc29_skv_hidden_chaotic_draw_1	wh3_dlc29_any_red_mors_alarm_1	false	Hidden 2% chance for purple or red token	0
wh3_dlc29_skv_thanquol_add_alarm_1	wh3_dlc29_any_red_mors_alarm_1	false	Any Plan - Alarm (negative)	0
wh3_dlc29_skv_thanquol_lose_alarm_1	wh3_dlc29_any_red_mors_alarm_payoff_1_generated	false	Any Plan - Lose Alarm	0
wh3_dlc29_effect_bundle_action_military_pay_to_reduce_alarm	wh3_dlc29_any_red_mors_alarm_payoff_1	false	Dummy Effect Bundles for Description	1
wh3_dlc29_skv_bundle_single_use	wh3_dlc29_any_red_mors_alarm_payoff_1	false	Dummy Effect Bundles for Description	4
wh3_dlc29_skv_chaotic_plans_food_per_turn	wh3_dlc29_any_red_moulder_alarm_1	false	Lose Food per turn	2
wh3_dlc29_skv_hidden_chaotic_draw_1	wh3_dlc29_any_red_moulder_alarm_1	false	Hidden 2% chance for purple or red token	0
wh3_dlc29_skv_thanquol_add_alarm_1	wh3_dlc29_any_red_moulder_alarm_1	false	Any Plan - Alarm (negative)	0
wh3_dlc29_skv_thanquol_lose_alarm_1	wh3_dlc29_any_red_moulder_alarm_payoff_1_generated	false	Any Plan - Lose Alarm	0
wh3_dlc29_effect_bundle_action_military_pay_to_reduce_alarm	wh3_dlc29_any_red_moulder_alarm_payoff_1	false	Dummy Effect Bundles for Description	1
wh3_dlc29_skv_bundle_single_use	wh3_dlc29_any_red_moulder_alarm_payoff_1	false	Dummy Effect Bundles for Description	4
wh3_dlc29_skv_chaotic_plans_reduce_tokens_1_turns_1	wh3_dlc29_any_red_pestilens_alarm_1	false	Reduce Tokens	2
wh3_dlc29_skv_hidden_chaotic_draw_1	wh3_dlc29_any_red_pestilens_alarm_1	false	Hidden 2% chance for purple or red token	0
wh3_dlc29_skv_thanquol_add_alarm_1	wh3_dlc29_any_red_pestilens_alarm_1	false	Any Plan - Alarm (negative)	0
wh3_dlc29_skv_thanquol_lose_alarm_1	wh3_dlc29_any_red_pestilens_alarm_payoff_1_generated	false	Any Plan - Lose Alarm	0
wh3_dlc29_effect_bundle_action_military_pay_to_reduce_alarm	wh3_dlc29_any_red_pestilens_alarm_payoff_1	false	Dummy Effect Bundles for Description	1
wh3_dlc29_skv_bundle_single_use	wh3_dlc29_any_red_pestilens_alarm_payoff_1	false	Dummy Effect Bundles for Description	4
wh3_dlc29_skv_hidden_chaotic_draw_1	wh3_dlc29_any_red_plague_1	false	Hidden 2% chance for purple or red token	0
wh3_dlc29_skv_thanquol_add_alarm_1	wh3_dlc29_any_red_plague_1	false	Alarm	0
wh3_dlc29_skv_hidden_chaotic_draw_1	wh3_dlc29_any_red_plague_2	false	Hidden 2% chance for purple or red token	0
wh3_dlc29_skv_thanquol_add_alarm_1	wh3_dlc29_any_red_plague_2	false	Alarm	0
wh3_dlc29_skv_hidden_chaotic_draw_1	wh3_dlc29_any_red_plague_3	false	Hidden 2% chance for purple or red token	0
wh3_dlc29_skv_thanquol_add_alarm_1	wh3_dlc29_any_red_plague_3	false	Alarm	0
wh3_dlc29_skv_hidden_chaotic_draw_1	wh3_dlc29_any_red_plague_elite_1	false	Hidden 2% chance for purple or red token	0
wh3_dlc29_skv_thanquol_add_alarm_2	wh3_dlc29_any_red_plague_elite_1	false	Alarm	0
wh3_dlc29_skv_hidden_chaotic_draw_1	wh3_dlc29_any_red_plague_elite_2	false	Hidden 2% chance for purple or red token	0
wh3_dlc29_skv_thanquol_add_alarm_2	wh3_dlc29_any_red_plague_elite_2	false	Alarm	0
wh3_dlc29_skv_hidden_chaotic_draw_1	wh3_dlc29_any_red_plague_elite_3	false	Hidden 2% chance for purple or red token	0
wh3_dlc29_skv_thanquol_add_alarm_2	wh3_dlc29_any_red_plague_elite_3	false	Alarm	0
wh3_dlc29_skv_hidden_chaotic_draw_1	wh3_dlc29_any_red_rictus_alarm_1	false	Hidden 2% chance for purple or red token	0
wh3_dlc29_skv_thanquol_add_alarm_1	wh3_dlc29_any_red_rictus_alarm_1	false	Any Plan - Alarm (negative)	0
wh3_dlc29_skv_thanquol_lose_alarm_1	wh3_dlc29_any_red_rictus_alarm_payoff_1_generated	false	Any Plan - Lose Alarm	0
wh3_dlc29_effect_bundle_action_military_pay_to_reduce_alarm	wh3_dlc29_any_red_rictus_alarm_payoff_1	false	Dummy Effect Bundles for Description	1
wh3_dlc29_skv_bundle_single_use	wh3_dlc29_any_red_rictus_alarm_payoff_1	false	Dummy Effect Bundles for Description	4
wh3_dlc29_skv_hidden_chaotic_draw_1	wh3_dlc29_any_red_rival_grey_seer_alarm_1	false	Hidden 2% chance for purple or red token	0
wh3_dlc29_skv_thanquol_add_alarm_2	wh3_dlc29_any_red_rival_grey_seer_alarm_1	false	Any Plan - Alarm (negative)	0
wh3_dlc29_skv_thanquol_lose_alarm_1	wh3_dlc29_any_red_rival_grey_seer_alarm_payoff_1_generated	false	Any Plan - Lose Alarm	0
wh3_dlc29_effect_bundle_action_military_pay_to_reduce_alarm	wh3_dlc29_any_red_rival_grey_seer_alarm_payoff_1	false	Dummy Effect Bundles for Description	1
wh3_dlc29_skv_bundle_single_use	wh3_dlc29_any_red_rival_grey_seer_alarm_payoff_1	false	Dummy Effect Bundles for Description	4
wh3_dlc29_skv_hidden_chaotic_draw_1	wh3_dlc29_any_red_skryre_alarm_1	false	Hidden 2% chance for purple or red token	0
wh3_dlc29_skv_thanquol_add_alarm_1	wh3_dlc29_any_red_skryre_alarm_1	false	Any Plan - Alarm (negative)	0
wh3_dlc29_skv_thanquol_lose_alarm_1	wh3_dlc29_any_red_skryre_alarm_payoff_1_generated	false	Any Plan - Lose Alarm	0
wh3_dlc29_effect_bundle_action_military_pay_to_reduce_alarm	wh3_dlc29_any_red_skryre_alarm_payoff_1	false	Dummy Effect Bundles for Description	1
wh3_dlc29_skv_bundle_single_use	wh3_dlc29_any_red_skryre_alarm_payoff_1	false	Dummy Effect Bundles for Description	4
wh3_dlc29_skv_hidden_chaotic_draw_1	wh3_dlc29_any_red_warlock_alarm_1	false	Hidden 2% chance for purple or red token	0
wh3_dlc29_skv_thanquol_add_alarm_1	wh3_dlc29_any_red_warlock_alarm_1	false	Alarm	0
wh3_dlc29_skv_hidden_chaotic_draw_1	wh3_dlc29_any_red_warlock_alarm_2	false	Hidden 2% chance for purple or red token	0
wh3_dlc29_skv_thanquol_add_alarm_2	wh3_dlc29_any_red_warlock_alarm_2	false	Alarm	0
wh3_dlc29_skv_economic_thanquol_lose_money_4000	wh3_dlc29_any_red_warlock_economic_alarm_1	false	Lose Treasury	1
wh3_dlc29_skv_hidden_chaotic_draw_1	wh3_dlc29_any_red_warlock_economic_alarm_1	false	Hidden 2% chance for purple or red token	0
wh3_dlc29_skv_thanquol_add_alarm_3	wh3_dlc29_any_red_warlock_economic_alarm_1	false	Alarm	0
wh3_dlc29_skv_hidden_chaotic_draw_1	wh3_dlc29_any_red_warlock_military_alarm_1	false	Hidden 2% chance for purple or red token	0
wh3_dlc29_skv_thanquol_add_alarm_3	wh3_dlc29_any_red_warlock_military_alarm_1	false	Alarm	0
wh3_dlc29_skv_thanquol_add_elites_2	wh3_dlc29_any_red_warlock_military_alarm_1	false	Elites - Units Removed	1
wh3_dlc29_bundle_any_red_attention_generated	wh3_dlc29_any_red_warlock_risk_1	false	Dummy Effect Bundles for Description	0
wh3_dlc29_skv_hidden_chaotic_draw_1	wh3_dlc29_any_red_warlock_risk_1	false	Hidden 2% chance for purple or red token	0
wh3_dlc29_skv_bundle_reduce_risk	wh3_dlc29_any_tactic_reduce_risk_1_generated	false	Dummy Effect Bundles for Description	0
wh3_dlc29_skv_bundle_cooldown_1	wh3_dlc29_any_tactic_reduce_risk_1	false	Dummy Effect Bundles for Description	4
wh3_dlc29_skv_bundle_reduce_risk	wh3_dlc29_any_tactic_reduce_risk_1	false	Dummy Effect Bundles for Description	0
wh3_dlc29_skv_bundle_reduce_risk	wh3_dlc29_any_tactic_reduce_risk_2_generated	false	Dummy Effect Bundles for Description	0
wh3_dlc29_skv_bundle_cooldown_1	wh3_dlc29_any_tactic_reduce_risk_2	false	Dummy Effect Bundles for Description	4
wh3_dlc29_skv_bundle_reduce_risk	wh3_dlc29_any_tactic_reduce_risk_2	false	Dummy Effect Bundles for Description	0
wh3_dlc29_skv_bundle_reduce_risk	wh3_dlc29_any_tactic_reduce_risk_3_generated	false	Dummy Effect Bundles for Description	0
wh3_dlc29_skv_bundle_cooldown_1	wh3_dlc29_any_tactic_reduce_risk_3	false	Dummy Effect Bundles for Description	4
wh3_dlc29_skv_bundle_reduce_risk	wh3_dlc29_any_tactic_reduce_risk_3	false	Dummy Effect Bundles for Description	0
wh3_dlc29_bundle_economic_warlock_experience_gained	wh3_dlc29_any_yellow_warlock_experience_1	false	Dummy Effect Bundles for Description	0
wh3_dlc29_bundle_dummy_rank_up_artillery_1	wh3_dlc29_dummy_rank_up_artillery_1	false	Dummy Effect Bundle for Description	0
wh3_dlc29_skv_underlings_rank_up_artillery_1	wh3_dlc29_dummy_rank_up_artillery_1	false	Dummy Token for Shop - Increase Unit Rank	1
wh3_dlc29_bundle_dummy_rank_up_artillery_2	wh3_dlc29_dummy_rank_up_artillery_2	false	Dummy Effect Bundle for Description	0
wh3_dlc29_skv_underlings_rank_up_artillery_2	wh3_dlc29_dummy_rank_up_artillery_2	false	Dummy Token for Shop - Increase Unit Rank	1
wh3_dlc29_bundle_dummy_rank_up_artillery_3	wh3_dlc29_dummy_rank_up_artillery_3	false	Dummy Effect Bundle for Description	0
wh3_dlc29_skv_underlings_rank_up_artillery_3	wh3_dlc29_dummy_rank_up_artillery_3	false	Dummy Token for Shop - Increase Unit Rank	1
wh3_dlc29_bundle_dummy_rank_up_melee_infantry_1	wh3_dlc29_dummy_rank_up_melee_infantry_1	false	Dummy Effect Bundle for Description	0
wh3_dlc29_skv_underlings_rank_up_melee_infantry_1	wh3_dlc29_dummy_rank_up_melee_infantry_1	false	Dummy Token for Shop - Increase Unit Rank	1
wh3_dlc29_bundle_dummy_rank_up_melee_infantry_2	wh3_dlc29_dummy_rank_up_melee_infantry_2	false	Dummy Effect Bundle for Description	0
wh3_dlc29_skv_underlings_rank_up_melee_infantry_2	wh3_dlc29_dummy_rank_up_melee_infantry_2	false	Dummy Token for Shop - Increase Unit Rank	1
wh3_dlc29_bundle_dummy_rank_up_melee_infantry_3	wh3_dlc29_dummy_rank_up_melee_infantry_3	false	Dummy Effect Bundle for Description	0
wh3_dlc29_skv_underlings_rank_up_melee_infantry_3	wh3_dlc29_dummy_rank_up_melee_infantry_3	false	Dummy Token for Shop - Increase Unit Rank	1
wh3_dlc29_bundle_dummy_rank_up_missile_infantry_1	wh3_dlc29_dummy_rank_up_missile_infantry_1	false	Dummy Effect Bundle for Description	0
wh3_dlc29_skv_underlings_rank_up_missile_infantry_1	wh3_dlc29_dummy_rank_up_missile_infantry_1	false	Dummy Token for Shop - Increase Unit Rank	1
wh3_dlc29_bundle_dummy_rank_up_missile_infantry_2	wh3_dlc29_dummy_rank_up_missile_infantry_2	false	Dummy Effect Bundle for Description	0
wh3_dlc29_skv_underlings_rank_up_missile_infantry_2	wh3_dlc29_dummy_rank_up_missile_infantry_2	false	Dummy Token for Shop - Increase Unit Rank	1
wh3_dlc29_bundle_dummy_rank_up_missile_infantry_3	wh3_dlc29_dummy_rank_up_missile_infantry_3	false	Dummy Effect Bundle for Description	0
wh3_dlc29_skv_underlings_rank_up_missile_infantry_3	wh3_dlc29_dummy_rank_up_missile_infantry_3	false	Dummy Token for Shop - Increase Unit Rank	1
wh3_dlc29_bundle_dummy_rank_up_monsters_1	wh3_dlc29_dummy_rank_up_monsters_1	false	Dummy Effect Bundle for Description	0
wh3_dlc29_skv_underlings_rank_up_monsters_1	wh3_dlc29_dummy_rank_up_monsters_1	false	Dummy Token for Shop - Increase Unit Rank	1
wh3_dlc29_bundle_dummy_rank_up_monsters_2	wh3_dlc29_dummy_rank_up_monsters_2	false	Dummy Effect Bundle for Description	0
wh3_dlc29_skv_underlings_rank_up_monsters_2	wh3_dlc29_dummy_rank_up_monsters_2	false	Dummy Token for Shop - Increase Unit Rank	1
wh3_dlc29_bundle_dummy_rank_up_monsters_3	wh3_dlc29_dummy_rank_up_monsters_3	false	Dummy Effect Bundle for Description	0
wh3_dlc29_skv_underlings_rank_up_monsters_3	wh3_dlc29_dummy_rank_up_monsters_3	false	Dummy Token for Shop - Increase Unit Rank	1
wh3_dlc29_bundle_dummy_rank_up_weapon_teams_1	wh3_dlc29_dummy_rank_up_weapon_teams_1	false	Dummy Effect Bundle for Description	0
wh3_dlc29_skv_underlings_rank_up_weapon_teams_1	wh3_dlc29_dummy_rank_up_weapon_teams_1	false	Dummy Token for Shop - Increase Unit Rank	1
wh3_dlc29_bundle_dummy_rank_up_weapon_teams_2	wh3_dlc29_dummy_rank_up_weapon_teams_2	false	Dummy Effect Bundle for Description	0
wh3_dlc29_skv_underlings_rank_up_weapon_teams_2	wh3_dlc29_dummy_rank_up_weapon_teams_2	false	Dummy Token for Shop - Increase Unit Rank	1
wh3_dlc29_bundle_dummy_rank_up_weapon_teams_3	wh3_dlc29_dummy_rank_up_weapon_teams_3	false	Dummy Effect Bundle for Description	0
wh3_dlc29_skv_underlings_rank_up_weapon_teams_3	wh3_dlc29_dummy_rank_up_weapon_teams_3	false	Dummy Token for Shop - Increase Unit Rank	1
wh3_dlc29_any_action_draw_warlock_negative	wh3_dlc29_economic_action_draw_warlock	false	Warlock Red Draw	0
wh3_dlc29_bundle_economic_action_draw_warlock	wh3_dlc29_economic_action_draw_warlock	false	Dummy Effect Bundle for Description	0
wh3_dlc29_economic_action_draw_warlock	wh3_dlc29_economic_action_draw_warlock	false	Economic Draw - Warlock	0
wh3_dlc29_skv_bundle_cooldown_4	wh3_dlc29_economic_action_draw_warlock	false	Dummy Effect Bundles for Description	4
wh3_dlc29_bundle_action_remove_green_token_chance_attention	wh3_dlc29_economic_action_instant_warpstone_1	false	Dummy Effect Bundles for Description	1
wh3_dlc29_skv_bundle_cooldown_3	wh3_dlc29_economic_action_instant_warpstone_1	false	Dummy Effect Bundles for Description	4
wh3_dlc29_skv_remove_pinned_tokens_from_drawn	wh3_dlc29_economic_action_instant_warpstone_1	false	Remove selected tokens	0
wh3_dlc29_skv_target_green_1	wh3_dlc29_economic_action_instant_warpstone_1	false	Targeting Component	0
wh3_dlc29_skv_thanquol_add_warpstone_instant_100	wh3_dlc29_economic_action_instant_warpstone_1	false	Gain Warpstone instantly	2
wh3_dlc29_bundle_action_remove_green_token_chance_attention	wh3_dlc29_economic_action_instant_warpstone_2	false	Dummy Effect Bundles for Description	1
wh3_dlc29_skv_bundle_cooldown_2	wh3_dlc29_economic_action_instant_warpstone_2	false	Dummy Effect Bundles for Description	4
wh3_dlc29_skv_remove_pinned_tokens_from_drawn	wh3_dlc29_economic_action_instant_warpstone_2	false	Remove selected tokens	0
wh3_dlc29_skv_target_green_1	wh3_dlc29_economic_action_instant_warpstone_2	false	Targeting Component	0
wh3_dlc29_skv_thanquol_add_warpstone_instant_150	wh3_dlc29_economic_action_instant_warpstone_2	false	Gain Warpstone instantly	2
wh3_dlc29_bundle_action_remove_green_token_chance_attention	wh3_dlc29_economic_action_instant_warpstone_3	false	Dummy Effect Bundles for Description	1
wh3_dlc29_skv_bundle_cooldown_1	wh3_dlc29_economic_action_instant_warpstone_3	false	Dummy Effect Bundles for Description	4
wh3_dlc29_skv_remove_pinned_tokens_from_drawn	wh3_dlc29_economic_action_instant_warpstone_3	false	Remove selected tokens	0
wh3_dlc29_skv_target_green_1	wh3_dlc29_economic_action_instant_warpstone_3	false	Targeting Component	0
wh3_dlc29_skv_thanquol_add_warpstone_instant_200	wh3_dlc29_economic_action_instant_warpstone_3	false	Gain Warpstone instantly	2
wh3_dlc29_skv_thanquol_add_food_7	wh3_dlc29_economic_green_basic_food_mid_1	false	Economic Payload Food	0
wh3_dlc29_skv_thanquol_add_food_10	wh3_dlc29_economic_green_basic_food_mid_2	false	Economic Payload Food	0
wh3_dlc29_skv_thanquol_add_food_13	wh3_dlc29_economic_green_basic_food_mid_3	false	Economic Payload Food	0
wh3_dlc29_skv_thanquol_add_food_2	wh3_dlc29_economic_green_basic_food_small_1	false	Economic Payload Food	0
wh3_dlc29_skv_thanquol_add_food_3	wh3_dlc29_economic_green_basic_food_small_2	false	Economic Payload Food	0
wh3_dlc29_skv_thanquol_add_food_4	wh3_dlc29_economic_green_basic_food_small_3	false	Economic Payload Food	0
wh3_dlc29_skv_chaotic_plan_modify_treasury_reward_gdp_percentage_100	wh3_dlc29_economic_green_basic_treasury_gdp_large_1	false	Economic Payload Treasury	0
wh3_dlc29_skv_hidden_chaotic_draw_1	wh3_dlc29_economic_green_basic_treasury_gdp_large_1	false	Hidden 2% chance for purple or red token	0
wh3_dlc29_skv_chaotic_plan_modify_treasury_reward_gdp_percentage_120	wh3_dlc29_economic_green_basic_treasury_gdp_large_2	false	Economic Payload Treasury	0
wh3_dlc29_skv_hidden_chaotic_draw_1	wh3_dlc29_economic_green_basic_treasury_gdp_large_2	false	Hidden 2% chance for purple or red token	0
wh3_dlc29_skv_chaotic_plan_modify_treasury_reward_gdp_percentage_140	wh3_dlc29_economic_green_basic_treasury_gdp_large_3	false	Economic Payload Treasury	0
wh3_dlc29_skv_hidden_chaotic_draw_1	wh3_dlc29_economic_green_basic_treasury_gdp_large_3	false	Hidden 2% chance for purple or red token	0
wh3_dlc29_skv_chaotic_plan_modify_treasury_reward_gdp_percentage_160	wh3_dlc29_economic_green_basic_treasury_gdp_large_4	false	Economic Payload Treasury	0
wh3_dlc29_skv_hidden_chaotic_draw_1	wh3_dlc29_economic_green_basic_treasury_gdp_large_4	false	Hidden 2% chance for purple or red token	0
wh3_dlc29_skv_chaotic_plan_modify_treasury_reward_gdp_percentage_200	wh3_dlc29_economic_green_basic_treasury_gdp_large_5	false	Economic Payload Treasury	0
wh3_dlc29_skv_hidden_chaotic_draw_1	wh3_dlc29_economic_green_basic_treasury_gdp_large_5	false	Hidden 2% chance for purple or red token	0
wh3_dlc29_skv_chaotic_plan_modify_treasury_reward_gdp_percentage_10	wh3_dlc29_economic_green_basic_treasury_gdp_small_1	false	Economic Payload Treasury	0
wh3_dlc29_skv_hidden_chaotic_draw_1	wh3_dlc29_economic_green_basic_treasury_gdp_small_1	false	Hidden 2% chance for purple or red token	0
wh3_dlc29_skv_chaotic_plan_modify_treasury_reward_gdp_percentage_20	wh3_dlc29_economic_green_basic_treasury_gdp_small_2	false	Economic Payload Treasury	0
wh3_dlc29_skv_hidden_chaotic_draw_1	wh3_dlc29_economic_green_basic_treasury_gdp_small_2	false	Hidden 2% chance for purple or red token	0
wh3_dlc29_skv_chaotic_plan_modify_treasury_reward_gdp_percentage_30	wh3_dlc29_economic_green_basic_treasury_gdp_small_3	false	Economic Payload Treasury	0
wh3_dlc29_skv_hidden_chaotic_draw_1	wh3_dlc29_economic_green_basic_treasury_gdp_small_3	false	Hidden 2% chance for purple or red token	0
wh3_dlc29_skv_chaotic_plan_modify_treasury_reward_gdp_percentage_40	wh3_dlc29_economic_green_basic_treasury_gdp_small_4	false	Economic Payload Treasury	0
wh3_dlc29_skv_hidden_chaotic_draw_1	wh3_dlc29_economic_green_basic_treasury_gdp_small_4	false	Hidden 2% chance for purple or red token	0
wh3_dlc29_skv_chaotic_plan_modify_treasury_reward_gdp_percentage_50	wh3_dlc29_economic_green_basic_treasury_gdp_small_5	false	Economic Payload Treasury	0
wh3_dlc29_skv_hidden_chaotic_draw_1	wh3_dlc29_economic_green_basic_treasury_gdp_small_5	false	Hidden 2% chance for purple or red token	0
wh3_dlc29_skv_economic_thanquol_add_money_750	wh3_dlc29_economic_green_basic_treasury_large_1	false	Economic Payload Treasury	0
wh3_dlc29_skv_hidden_chaotic_draw_1	wh3_dlc29_economic_green_basic_treasury_large_1	false	Hidden 2% chance for purple or red token	0
wh3_dlc29_skv_economic_thanquol_add_money_1000	wh3_dlc29_economic_green_basic_treasury_large_2	false	Economic Payload Treasury	0
wh3_dlc29_skv_hidden_chaotic_draw_1	wh3_dlc29_economic_green_basic_treasury_large_2	false	Hidden 2% chance for purple or red token	0
wh3_dlc29_skv_economic_thanquol_add_money_1250	wh3_dlc29_economic_green_basic_treasury_large_3	false	Economic Payload Treasury	0
wh3_dlc29_skv_hidden_chaotic_draw_1	wh3_dlc29_economic_green_basic_treasury_large_3	false	Hidden 2% chance for purple or red token	0
wh3_dlc29_skv_economic_thanquol_add_money_1500	wh3_dlc29_economic_green_basic_treasury_large_4	false	Economic Payload Treasury	0
wh3_dlc29_skv_hidden_chaotic_draw_1	wh3_dlc29_economic_green_basic_treasury_large_4	false	Hidden 2% chance for purple or red token	0
wh3_dlc29_skv_economic_thanquol_add_money_2000	wh3_dlc29_economic_green_basic_treasury_large_5	false	Economic Payload Treasury	0
wh3_dlc29_skv_hidden_chaotic_draw_1	wh3_dlc29_economic_green_basic_treasury_large_5	false	Hidden 2% chance for purple or red token	0
wh3_dlc29_skv_economic_thanquol_add_money_300	wh3_dlc29_economic_green_basic_treasury_mid_1	false	Economic Payload Treasury	0
wh3_dlc29_skv_economic_thanquol_add_money_400	wh3_dlc29_economic_green_basic_treasury_mid_2	false	Economic Payload Treasury	0
wh3_dlc29_skv_economic_thanquol_add_money_500	wh3_dlc29_economic_green_basic_treasury_mid_3	false	Economic Payload Treasury	0
wh3_dlc29_skv_economic_thanquol_add_money_200	wh3_dlc29_economic_green_basic_treasury_small_1	false	Economic Payload Treasury	0
wh3_dlc29_skv_economic_thanquol_add_money_300	wh3_dlc29_economic_green_basic_treasury_small_2	false	Economic Payload Treasury	0
wh3_dlc29_skv_economic_thanquol_add_money_500	wh3_dlc29_economic_green_basic_treasury_small_3	false	Economic Payload Treasury	0
wh3_dlc29_skv_economic_thanquol_add_money_1000	wh3_dlc29_economic_green_basic_treasury_very_large_1	false	Economic Payload Treasury	0
wh3_dlc29_skv_economic_thanquol_add_money_1250	wh3_dlc29_economic_green_basic_treasury_very_large_2	false	Economic Payload Treasury	0
wh3_dlc29_skv_economic_thanquol_add_money_1500	wh3_dlc29_economic_green_basic_treasury_very_large_3	false	Economic Payload Treasury	0
wh3_dlc29_skv_chaotic_plan_modify_warpstone_reward_gdp_percentage_20	wh3_dlc29_economic_green_basic_warpstone_gdp_large_1	false	Economic Payload Warpstone	0
wh3_dlc29_skv_hidden_chaotic_draw_1	wh3_dlc29_economic_green_basic_warpstone_gdp_large_1	false	Hidden 2% chance for purple or red token	0
wh3_dlc29_skv_chaotic_plan_modify_warpstone_reward_gdp_percentage_25	wh3_dlc29_economic_green_basic_warpstone_gdp_large_2	false	Economic Payload Warpstone	0
wh3_dlc29_skv_hidden_chaotic_draw_1	wh3_dlc29_economic_green_basic_warpstone_gdp_large_2	false	Hidden 2% chance for purple or red token	0
wh3_dlc29_skv_chaotic_plan_modify_warpstone_reward_gdp_percentage_30	wh3_dlc29_economic_green_basic_warpstone_gdp_large_3	false	Economic Payload Warpstone	0
wh3_dlc29_skv_hidden_chaotic_draw_1	wh3_dlc29_economic_green_basic_warpstone_gdp_large_3	false	Hidden 2% chance for purple or red token	0
wh3_dlc29_skv_chaotic_plan_modify_warpstone_reward_gdp_percentage_35	wh3_dlc29_economic_green_basic_warpstone_gdp_large_4	false	Economic Payload Warpstone	0
wh3_dlc29_skv_hidden_chaotic_draw_1	wh3_dlc29_economic_green_basic_warpstone_gdp_large_4	false	Hidden 2% chance for purple or red token	0
wh3_dlc29_skv_chaotic_plan_modify_warpstone_reward_gdp_percentage_40	wh3_dlc29_economic_green_basic_warpstone_gdp_large_5	false	Economic Payload Warpstone	0
wh3_dlc29_skv_hidden_chaotic_draw_1	wh3_dlc29_economic_green_basic_warpstone_gdp_large_5	false	Hidden 2% chance for purple or red token	0
wh3_dlc29_skv_chaotic_plan_modify_warpstone_reward_gdp_percentage_05	wh3_dlc29_economic_green_basic_warpstone_gdp_small_1	false	Economic Payload Warpstone	0
wh3_dlc29_skv_hidden_chaotic_draw_1	wh3_dlc29_economic_green_basic_warpstone_gdp_small_1	false	Hidden 2% chance for purple or red token	0
wh3_dlc29_skv_chaotic_plan_modify_warpstone_reward_gdp_percentage_08	wh3_dlc29_economic_green_basic_warpstone_gdp_small_2	false	Economic Payload Warpstone	0
wh3_dlc29_skv_hidden_chaotic_draw_1	wh3_dlc29_economic_green_basic_warpstone_gdp_small_2	false	Hidden 2% chance for purple or red token	0
wh3_dlc29_skv_chaotic_plan_modify_warpstone_reward_gdp_percentage_10	wh3_dlc29_economic_green_basic_warpstone_gdp_small_3	false	Economic Payload Warpstone	0
wh3_dlc29_skv_hidden_chaotic_draw_1	wh3_dlc29_economic_green_basic_warpstone_gdp_small_3	false	Hidden 2% chance for purple or red token	0
wh3_dlc29_skv_chaotic_plan_modify_warpstone_reward_gdp_percentage_12	wh3_dlc29_economic_green_basic_warpstone_gdp_small_4	false	Economic Payload Warpstone	0
wh3_dlc29_skv_hidden_chaotic_draw_1	wh3_dlc29_economic_green_basic_warpstone_gdp_small_4	false	Hidden 2% chance for purple or red token	0
wh3_dlc29_skv_chaotic_plan_modify_warpstone_reward_gdp_percentage_15	wh3_dlc29_economic_green_basic_warpstone_gdp_small_5	false	Economic Payload Warpstone	0
wh3_dlc29_skv_hidden_chaotic_draw_1	wh3_dlc29_economic_green_basic_warpstone_gdp_small_5	false	Hidden 2% chance for purple or red token	0
wh3_dlc29_skv_economic_thanquol_add_warpstone_100	wh3_dlc29_economic_green_basic_warpstone_large_1	false	Economic Payload Warpstone	0
wh3_dlc29_skv_economic_thanquol_add_warpstone_200	wh3_dlc29_economic_green_basic_warpstone_large_2	false	Economic Payload Warpstone	0
wh3_dlc29_skv_economic_thanquol_add_warpstone_300	wh3_dlc29_economic_green_basic_warpstone_large_3	false	Economic Payload Warpstone	0
wh3_dlc29_skv_economic_thanquol_add_warpstone_450	wh3_dlc29_economic_green_basic_warpstone_large_4	false	Economic Payload Warpstone	0
wh3_dlc29_skv_economic_thanquol_add_warpstone_600	wh3_dlc29_economic_green_basic_warpstone_large_5	false	Economic Payload Warpstone	0
wh3_dlc29_skv_economic_thanquol_add_warpstone_50	wh3_dlc29_economic_green_basic_warpstone_mid_1	false	Economic Payload Warpstone	0
wh3_dlc29_skv_economic_thanquol_add_warpstone_60	wh3_dlc29_economic_green_basic_warpstone_mid_2	false	Economic Payload Warpstone	0
wh3_dlc29_skv_economic_thanquol_add_warpstone_70	wh3_dlc29_economic_green_basic_warpstone_mid_3	false	Economic Payload Warpstone	0
wh3_dlc29_skv_economic_thanquol_add_warpstone_30	wh3_dlc29_economic_green_basic_warpstone_small_1	false	Economic Payload Warpstone	0
wh3_dlc29_skv_economic_thanquol_add_warpstone_50	wh3_dlc29_economic_green_basic_warpstone_small_2	false	Economic Payload Warpstone	0
wh3_dlc29_skv_economic_thanquol_add_warpstone_80	wh3_dlc29_economic_green_basic_warpstone_small_3	false	Economic Payload Warpstone	0
wh3_dlc29_skv_economic_thanquol_add_warpstone_150	wh3_dlc29_economic_green_basic_warpstone_very_large_1	false	Economic Payload Warpstone	0
wh3_dlc29_skv_economic_thanquol_add_warpstone_200	wh3_dlc29_economic_green_basic_warpstone_very_large_2	false	Economic Payload Warpstone	0
wh3_dlc29_skv_economic_thanquol_add_warpstone_250	wh3_dlc29_economic_green_basic_warpstone_very_large_3	false	Economic Payload Warpstone	0
wh3_dlc29_skv_chaotic_plan_modify_treasury_reward_gdp_percentage_100	wh3_dlc29_economic_green_eshin_all_1	false	Economic Plan - Treasury	0
wh3_dlc29_skv_chaotic_plan_modify_warpstone_reward_gdp_percentage_20	wh3_dlc29_economic_green_eshin_all_1	false	Economic Plan - Warpstone	0
wh3_dlc29_skv_chaotic_plan_modify_treasury_reward_gdp_percentage_200	wh3_dlc29_economic_green_eshin_all_2	false	Economic Plan - Treasury	0
wh3_dlc29_skv_chaotic_plan_modify_warpstone_reward_gdp_percentage_40	wh3_dlc29_economic_green_eshin_all_2	false	Economic Plan - Warpstone	0
wh3_dlc29_skv_chaotic_plan_modify_treasury_reward_gdp_percentage_300	wh3_dlc29_economic_green_eshin_all_3	false	Economic Plan - Treasury	0
wh3_dlc29_skv_chaotic_plan_modify_warpstone_reward_gdp_percentage_60	wh3_dlc29_economic_green_eshin_all_3	false	Economic Plan - Warpstone	0
wh3_dlc29_skv_economic_thanquol_add_money_1000	wh3_dlc29_economic_green_grey_seer_treasury_large_1	false	Economic Payload Treasury	0
wh3_dlc29_skv_economic_thanquol_add_money_1500	wh3_dlc29_economic_green_grey_seer_treasury_large_2	false	Economic Payload Treasury	0
wh3_dlc29_skv_economic_thanquol_add_money_2000	wh3_dlc29_economic_green_grey_seer_treasury_large_3	false	Economic Payload Treasury	0
wh3_dlc29_skv_chaotic_plan_modify_warpstone_reward_gdp_percentage_20	wh3_dlc29_economic_green_rictus_warpstone_1	false	Economic Plan - Warpstone	1
wh3_dlc29_skv_economic_thanquol_add_warpstone_100	wh3_dlc29_economic_green_rictus_warpstone_1	false	Economic Plan - Warpstone	0
wh3_dlc29_skv_chaotic_plan_modify_warpstone_reward_gdp_percentage_40	wh3_dlc29_economic_green_rictus_warpstone_2	false	Economic Plan - Warpstone	1
wh3_dlc29_skv_economic_thanquol_add_warpstone_100	wh3_dlc29_economic_green_rictus_warpstone_2	false	Economic Plan - Warpstone	0
wh3_dlc29_skv_chaotic_plan_modify_warpstone_reward_gdp_percentage_60	wh3_dlc29_economic_green_rictus_warpstone_3	false	Economic Plan - Warpstone	1
wh3_dlc29_skv_economic_thanquol_add_warpstone_100	wh3_dlc29_economic_green_rictus_warpstone_3	false	Economic Plan - Warpstone	0
wh3_dlc29_skv_thanquol_add_food_20	wh3_dlc29_economic_green_skill_food_huge	false	Economic Payload Food	0
wh3_dlc29_skv_economic_thanquol_add_money_2000	wh3_dlc29_economic_green_skill_treasury_huge	false	Economic Payload Food	0
wh3_dlc29_skv_economic_thanquol_add_warpstone_300	wh3_dlc29_economic_green_skill_warpstone_huge	false	Economic Payload Food	0
wh3_dlc29_any_action_draw_warlock_negative_low_chance	wh3_dlc29_economic_green_skryre_treasury_1	false	Warlock Red Draw during a plan (low chance)	0
wh3_dlc29_draw_skryre_treasury_1	wh3_dlc29_economic_green_skryre_treasury_1	false	Chance to Double	0
wh3_dlc29_skv_chaotic_plan_modify_treasury_reward_gdp_percentage_100	wh3_dlc29_economic_green_skryre_treasury_1	false	Economic Plan - Treasury	1
wh3_dlc29_any_action_draw_warlock_negative_low_chance	wh3_dlc29_economic_green_skryre_treasury_2	false	Warlock Red Draw during a plan (low chance)	0
wh3_dlc29_draw_skryre_treasury_2	wh3_dlc29_economic_green_skryre_treasury_2	false	Chance to Double	0
wh3_dlc29_skv_chaotic_plan_modify_treasury_reward_gdp_percentage_150	wh3_dlc29_economic_green_skryre_treasury_2	false	Economic Plan - Treasury	1
wh3_dlc29_any_action_draw_warlock_negative_low_chance	wh3_dlc29_economic_green_skryre_treasury_3	false	Warlock Red Draw during a plan (low chance)	0
wh3_dlc29_draw_skryre_treasury_3	wh3_dlc29_economic_green_skryre_treasury_3	false	Chance to Double	0
wh3_dlc29_skv_chaotic_plan_modify_treasury_reward_gdp_percentage_200	wh3_dlc29_economic_green_skryre_treasury_3	false	Economic Plan - Treasury	1
wh3_dlc29_any_action_draw_warlock_negative_low_chance	wh3_dlc29_economic_green_skryre_warpstone_1	false	Warlock Red Draw during a plan (low chance)	0
wh3_dlc29_draw_skryre_warpstone_1	wh3_dlc29_economic_green_skryre_warpstone_1	false	Chance to Double	0
wh3_dlc29_skv_economic_thanquol_add_warpstone_150	wh3_dlc29_economic_green_skryre_warpstone_1	false	Economic Plan - Warpstone	0
wh3_dlc29_any_action_draw_warlock_negative_low_chance	wh3_dlc29_economic_green_skryre_warpstone_2	false	Warlock Red Draw during a plan (low chance)	0
wh3_dlc29_draw_skryre_warpstone_2	wh3_dlc29_economic_green_skryre_warpstone_2	false	Chance to Double	0
wh3_dlc29_skv_economic_thanquol_add_warpstone_250	wh3_dlc29_economic_green_skryre_warpstone_2	false	Economic Plan - Warpstone	0
wh3_dlc29_any_action_draw_warlock_negative_low_chance	wh3_dlc29_economic_green_skryre_warpstone_3	false	Warlock Red Draw during a plan (low chance)	0
wh3_dlc29_draw_skryre_warpstone_3	wh3_dlc29_economic_green_skryre_warpstone_3	false	Chance to Double	0
wh3_dlc29_skv_economic_thanquol_add_warpstone_450	wh3_dlc29_economic_green_skryre_warpstone_3	false	Economic Plan - Warpstone	0
wh3_dlc29_bundle_economic_mod_pool_eshin_all_1	wh3_dlc29_economic_mod_pool_eshin_all_1	false	Dummy Effect Bundle for Description	0
wh3_dlc29_bundle_economic_mod_pool_grey_seer_treasury_large_1	wh3_dlc29_economic_mod_pool_grey_seer_treasury_large_1	false	Dummy Effect Bundle for Description	0
wh3_dlc29_bundle_economic_mod_pool_rictus_warpstone_1	wh3_dlc29_economic_mod_pool_rictus_warpstone_1	false	Dummy Effect Bundle for Description	0
wh3_dlc29_bundle_economic_green_skryre_treasury_1	wh3_dlc29_economic_mod_pool_skryre_treasury_1	false	Dummy Effect Bundles for Description	0
wh3_dlc29_skv_any_effect_bundle_chance_to_double	wh3_dlc29_economic_mod_pool_skryre_treasury_1	false	Dummy Effect Bundle for Description	1
wh3_dlc29_bundle_economic_green_skryre_warpstone_1	wh3_dlc29_economic_mod_pool_skryre_warpstone_1	false	Dummy Effect Bundles for Description	0
wh3_dlc29_skv_any_effect_bundle_chance_to_double	wh3_dlc29_economic_mod_pool_skryre_warpstone_1	false	Dummy Effect Bundle for Description	1
wh3_dlc29_skv_hidden_chaotic_draw_1	wh3_dlc29_economic_red_have_warpstone_lose_food	false	Hidden 2% chance for purple or red token	0
wh3_dlc29_skv_thanquol_add_alarm_1	wh3_dlc29_economic_red_have_warpstone_lose_food	false	Any Plan - Alarm (negative)	0
wh3_dlc29_bundle_economic_upgrade_basic_gdp	wh3_dlc29_economic_upgrade_basic_treasury_gdp_2	false	Dummy Effect Bundle for Description	0
wh3_dlc29_bundle_economic_upgrade_basic_gdp	wh3_dlc29_economic_upgrade_basic_treasury_gdp_3	false	Dummy Effect Bundle for Description	0
wh3_dlc29_bundle_economic_upgrade_basic_gdp	wh3_dlc29_economic_upgrade_basic_treasury_gdp_4	false	Dummy Effect Bundle for Description	0
wh3_dlc29_bundle_economic_upgrade_basic_gdp	wh3_dlc29_economic_upgrade_basic_treasury_gdp_5	false	Dummy Effect Bundle for Description	0
wh3_dlc29_bundle_economic_upgrade_basic_gdp	wh3_dlc29_economic_upgrade_basic_warpstone_gdp_2	false	Dummy Effect Bundle for Description	0
wh3_dlc29_bundle_economic_upgrade_basic_gdp	wh3_dlc29_economic_upgrade_basic_warpstone_gdp_3	false	Dummy Effect Bundle for Description	0
wh3_dlc29_bundle_economic_upgrade_basic_gdp	wh3_dlc29_economic_upgrade_basic_warpstone_gdp_4	false	Dummy Effect Bundle for Description	0
wh3_dlc29_bundle_economic_upgrade_basic_gdp	wh3_dlc29_economic_upgrade_basic_warpstone_gdp_5	false	Dummy Effect Bundle for Description	0
wh3_dlc29_bundle_economic_more_resources	wh3_dlc29_economic_upgrade_eshin_all_2	false	Dummy Effect Bundle for Description	0
wh3_dlc29_bundle_economic_more_resources	wh3_dlc29_economic_upgrade_eshin_all_3	false	Dummy Effect Bundle for Description	0
wh3_dlc29_skv_any_effect_bundle_increased_amount	wh3_dlc29_economic_upgrade_eshin_all_3	false	Dummy Effect Bundle for Description	1
wh3_dlc29_bundle_economic_upgrade_grey_seer_treasury_large_2	wh3_dlc29_economic_upgrade_grey_seer_treasury_large_2	false	Dummy Effect Bundle for Description	0
wh3_dlc29_bundle_economic_upgrade_grey_seer_treasury_large_2	wh3_dlc29_economic_upgrade_grey_seer_treasury_large_3	false	Dummy Effect Bundle for Description	0
wh3_dlc29_bundle_economic_upgrade_rictus_warpstone_2	wh3_dlc29_economic_upgrade_rictus_warpstone_2	false	Dummy Effect Bundle for Description	0
wh3_dlc29_bundle_economic_upgrade_rictus_warpstone_2	wh3_dlc29_economic_upgrade_rictus_warpstone_3	false	Dummy Effect Bundle for Description	0
wh3_dlc29_bundle_economic_more_resources	wh3_dlc29_economic_upgrade_skryre_treasury_2	false	Dummy Effect Bundles for Description	0
wh3_dlc29_skv_any_effect_bundle_chance_to_double	wh3_dlc29_economic_upgrade_skryre_treasury_2	false	Dummy Effect Bundle for Description	1
wh3_dlc29_bundle_economic_more_resources	wh3_dlc29_economic_upgrade_skryre_treasury_3	false	Dummy Effect Bundles for Description	0
wh3_dlc29_skv_any_effect_bundle_chance_to_double	wh3_dlc29_economic_upgrade_skryre_treasury_3	false	Dummy Effect Bundle for Description	1
wh3_dlc29_bundle_economic_more_resources	wh3_dlc29_economic_upgrade_skryre_warpstone_2	false	Dummy Effect Bundles for Description	0
wh3_dlc29_skv_any_effect_bundle_chance_to_double	wh3_dlc29_economic_upgrade_skryre_warpstone_2	false	Dummy Effect Bundle for Description	1
wh3_dlc29_bundle_economic_more_resources	wh3_dlc29_economic_upgrade_skryre_warpstone_3	false	Dummy Effect Bundles for Description	0
wh3_dlc29_skv_any_effect_bundle_chance_to_double	wh3_dlc29_economic_upgrade_skryre_warpstone_3	false	Dummy Effect Bundle for Description	1
wh3_dlc29_bundle_action_draw_assassin	wh3_dlc29_economy_action_assassin_draw	false	Dummy Effect Bundles for Description	0
wh3_dlc29_draw_vault	wh3_dlc29_economy_action_assassin_draw	false	Chance to draw vault	0
wh3_dlc29_economic_action_draw_assassin	wh3_dlc29_economy_action_assassin_draw	false	Draw Positive Filtered token	0
wh3_dlc29_skv_bundle_cooldown_3	wh3_dlc29_economy_action_assassin_draw	false	Dummy Effect Bundles for Description	4
wh3_dlc29_bundle_economy_action_select_resource	wh3_dlc29_economy_action_select_resource	false	Dummy Effect Bundles for Description	1
wh3_dlc29_economy_action_select_resource	wh3_dlc29_economy_action_select_resource	false	Select Tokens - Grey Seer Economy	1
wh3_dlc29_skv_bundle_single_use	wh3_dlc29_economy_action_select_resource	false	Dummy Effect Bundles for Description	4
wh3_dlc29_skv_remove_pinned_tokens_from_drawn	wh3_dlc29_economy_action_select_resource	false	Remove selected tokens	0
wh3_dlc29_skv_target_green_to_replace_from_set	wh3_dlc29_economy_action_select_resource	false	Targeting Component	0
wh3_dlc29_skv_economy_effect_bundle_food_mid_1	wh3_dlc29_economy_mod_pool_basic_food_mid_1	false	Economy Plan Food - directly to pool	0
wh3_dlc29_skv_economy_effect_bundle_food_small_1	wh3_dlc29_economy_mod_pool_basic_food_small_1	false	Economy Plan Food - directly to pool	0
wh3_dlc29_skv_economy_effect_bundle_treasury_mid_1	wh3_dlc29_economy_mod_pool_basic_treasury_mid_1	false	Economy Plan Treasury - directly to pool	0
wh3_dlc29_skv_economy_effect_bundle_treasury_mid_2	wh3_dlc29_economy_mod_pool_basic_treasury_mid_2	false	Economy Plan Treasury - directly to pool	0
wh3_dlc29_skv_economy_effect_bundle_treasury_mid_3	wh3_dlc29_economy_mod_pool_basic_treasury_mid_3	false	Economy Plan Treasury - directly to pool	0
wh3_dlc29_skv_economy_effect_bundle_treasury_very_large_1	wh3_dlc29_economy_mod_pool_basic_treasury_very_large_1	false	Economy Plan Treasury - directly to pool	0
wh3_dlc29_skv_economy_effect_bundle_treasury_very_large_2	wh3_dlc29_economy_mod_pool_basic_treasury_very_large_2	false	Economy Plan Treasury - directly to pool	0
wh3_dlc29_skv_economy_effect_bundle_treasury_very_large_3	wh3_dlc29_economy_mod_pool_basic_treasury_very_large_3	false	Economy Plan Treasury - directly to pool	0
wh3_dlc29_skv_economy_effect_bundle_warpstone_mid_1	wh3_dlc29_economy_mod_pool_basic_warpstone_mid_1	false	Economy Plan Warpstone - directly to pool	0
wh3_dlc29_skv_economy_effect_bundle_warpstone_mid_2	wh3_dlc29_economy_mod_pool_basic_warpstone_mid_2	false	Economy Plan Warpstone - directly to pool	0
wh3_dlc29_skv_economy_effect_bundle_warpstone_mid_3	wh3_dlc29_economy_mod_pool_basic_warpstone_mid_3	false	Economy Plan Warpstone - directly to pool	0
wh3_dlc29_skv_economy_effect_bundle_warpstone_very_large_1	wh3_dlc29_economy_mod_pool_basic_warpstone_very_large_1	false	Economy Plan Warpstone - directly to pool	0
wh3_dlc29_skv_economy_effect_bundle_warpstone_very_large_2	wh3_dlc29_economy_mod_pool_basic_warpstone_very_large_2	false	Economy Plan Warpstone - directly to pool	0
wh3_dlc29_skv_economy_effect_bundle_warpstone_very_large_3	wh3_dlc29_economy_mod_pool_basic_warpstone_very_large_3	false	Economy Plan Warpstone - directly to pool	0
wh3_dlc29_skv_chaotic_plans_reduce_tokens_1_turns_1	wh3_dlc29_economy_red_alarm_food_1	false	Reduce Tokens	1
wh3_dlc29_skv_hidden_chaotic_draw_1	wh3_dlc29_economy_red_alarm_food_1	false	Hidden 2% chance for purple or red token	0
wh3_dlc29_skv_thanquol_add_alarm_1	wh3_dlc29_economy_red_alarm_food_1	false	Any Plan - Alarm (negative)	0
wh3_dlc29_skv_chaotic_plans_reduce_tokens_1_turns_1	wh3_dlc29_economy_red_alarm_food_2	false	Reduce Tokens	1
wh3_dlc29_skv_hidden_chaotic_draw_1	wh3_dlc29_economy_red_alarm_food_2	false	Hidden 2% chance for purple or red token	0
wh3_dlc29_skv_thanquol_add_alarm_1	wh3_dlc29_economy_red_alarm_food_2	false	Any Plan - Alarm (negative)	0
wh3_dlc29_skv_chaotic_plans_reduce_tokens_2_turns_1	wh3_dlc29_economy_red_alarm_food_3	false	Reduce Tokens	1
wh3_dlc29_skv_hidden_chaotic_draw_1	wh3_dlc29_economy_red_alarm_food_3	false	Hidden 2% chance for purple or red token	0
wh3_dlc29_skv_thanquol_add_alarm_2	wh3_dlc29_economy_red_alarm_food_3	false	Any Plan - Alarm (negative)	0
wh3_dlc29_skv_economic_thanquol_lose_money_2000	wh3_dlc29_economy_red_alarm_treasury_1	false	Economic Plans - Lose Money	1
wh3_dlc29_skv_hidden_chaotic_draw_1	wh3_dlc29_economy_red_alarm_treasury_1	false	Hidden 2% chance for purple or red token	0
wh3_dlc29_skv_thanquol_add_alarm_1	wh3_dlc29_economy_red_alarm_treasury_1	false	Any Plan - Alarm (negative)	0
wh3_dlc29_skv_economic_thanquol_lose_money_3000	wh3_dlc29_economy_red_alarm_treasury_2	false	Economic Plans - Lose Money	1
wh3_dlc29_skv_hidden_chaotic_draw_1	wh3_dlc29_economy_red_alarm_treasury_2	false	Hidden 2% chance for purple or red token	0
wh3_dlc29_skv_thanquol_add_alarm_1	wh3_dlc29_economy_red_alarm_treasury_2	false	Any Plan - Alarm (negative)	0
wh3_dlc29_skv_economic_thanquol_lose_money_4000	wh3_dlc29_economy_red_alarm_treasury_3	false	Economic Plans - Lose Money	1
wh3_dlc29_skv_hidden_chaotic_draw_1	wh3_dlc29_economy_red_alarm_treasury_3	false	Hidden 2% chance for purple or red token	0
wh3_dlc29_skv_thanquol_add_alarm_1	wh3_dlc29_economy_red_alarm_treasury_3	false	Any Plan - Alarm (negative)	0
wh3_dlc29_skv_economic_thanquol_lose_warpstone_gdp_200	wh3_dlc29_economy_red_alarm_warpstone_1	false	Lose Warpstone - Economic	1
wh3_dlc29_skv_hidden_chaotic_draw_1	wh3_dlc29_economy_red_alarm_warpstone_1	false	Hidden 2% chance for purple or red token	0
wh3_dlc29_skv_thanquol_add_alarm_1	wh3_dlc29_economy_red_alarm_warpstone_1	false	Any Plan - Alarm (negative)	0
wh3_dlc29_skv_economic_thanquol_lose_warpstone_gdp_300	wh3_dlc29_economy_red_alarm_warpstone_2	false	Lose Warpstone - Economic	1
wh3_dlc29_skv_hidden_chaotic_draw_1	wh3_dlc29_economy_red_alarm_warpstone_2	false	Hidden 2% chance for purple or red token	0
wh3_dlc29_skv_thanquol_add_alarm_1	wh3_dlc29_economy_red_alarm_warpstone_2	false	Any Plan - Alarm (negative)	0
wh3_dlc29_skv_economic_thanquol_lose_warpstone_gdp_500	wh3_dlc29_economy_red_alarm_warpstone_3	false	Lose Warpstone - Economic	1
wh3_dlc29_skv_hidden_chaotic_draw_1	wh3_dlc29_economy_red_alarm_warpstone_3	false	Hidden 2% chance for purple or red token	0
wh3_dlc29_skv_thanquol_add_alarm_1	wh3_dlc29_economy_red_alarm_warpstone_3	false	Any Plan - Alarm (negative)	0
wh3_dlc29_skv_economy_effect_bundle_food_mid_2	wh3_dlc29_economy_upgrade_basic_food_mid_2	false	Economy Plan Food - directly to pool	0
wh3_dlc29_skv_economy_effect_bundle_food_mid_3	wh3_dlc29_economy_upgrade_basic_food_mid_3	false	Economy Plan Food - directly to pool	0
wh3_dlc29_skv_economy_effect_bundle_food_small_2	wh3_dlc29_economy_upgrade_basic_food_small_2	false	Economy Plan Food - directly to pool	0
wh3_dlc29_skv_economy_effect_bundle_food_small_2	wh3_dlc29_economy_upgrade_basic_food_small_3	false	Economy Plan Food - directly to pool	0
wh3_dlc29_bundle_action_increase_drawn_tokens	wh3_dlc29_economy_yellow_select_resource_speed	false	Effect Bundle to draw more designs during plan	0
wh3_dlc29_bundle_yellow_stop_drawing_warpstone	wh3_dlc29_economy_yellow_select_resource_treasury	false	Dummy Effect Bundles for Description	0
wh3_dlc29_bundle_yellow_stop_drawing_treasury	wh3_dlc29_economy_yellow_select_resource_warpstone	false	Dummy Effect Bundles for Description	0
wh3_dlc29_any_red_attention_generated_chance_on_token	wh3_dlc29_green_economic_dangerous_treasury_generated	false	Chance to draw Attention	0
wh3_dlc29_skv_economic_thanquol_add_money_3000	wh3_dlc29_green_economic_dangerous_treasury_generated	false	Treasury	0
wh3_dlc29_any_red_attention_generated_chance_on_token	wh3_dlc29_green_economic_dangerous_warpstone_generated	false	Chance to draw Attention	0
wh3_dlc29_skv_economic_thanquol_add_warpstone_500	wh3_dlc29_green_economic_dangerous_warpstone_generated	false	Warpstone	0
wh3_dlc29_skv_add_hell_pit_abomination	wh3_dlc29_green_military_lab_1_generated	false	Military Payload units	0
wh3_dlc29_skv_add_stormfiend_grinderfists	wh3_dlc29_green_military_lab_2_generated	false	Military Payload units	0
wh3_dlc29_skv_add_doomwheel	wh3_dlc29_green_military_lab_3_generated	false	Military Payload units	0
wh3_dlc29_skv_add_gutter_runners	wh3_dlc29_green_military_mercenaries_1_generated	false	Military Payload units	0
wh3_dlc29_skv_add_stormvermin_0	wh3_dlc29_green_military_mercenaries_2_generated	false	Units	0
wh3_dlc29_skv_add_death_globe_bombardiers	wh3_dlc29_green_military_mercenaries_3_generated	false	Military Payload units	0
wh3_dlc29_any_red_attention_generated_chance_on_token	wh3_dlc29_green_military_reinforcements_generated	false	Chance to draw Attention	0
wh3_dlc29_military_action_draw_positive_2	wh3_dlc29_green_military_reinforcements_generated	false	Draw 2 Units	0
wh3_dlc29_skv_bundle_dummy_draw_units_2	wh3_dlc29_green_military_reinforcements_generated	false	Dummy Effect Bundle for Description	1
wh3_dlc29_skv_add_warp_doom_magma_cannon	wh3_dlc29_green_military_warp_doom_magma_cannon	false		0
wh3_dlc29_magic_bundle_create_undercity_1	wh3_dlc29_magic_create_undercity_1	false	Dummy Effect Bundle for Description	1
wh3_dlc29_skv_thanquol_add_magic_1	wh3_dlc29_magic_create_undercity_1	false	Magic Plans - Part of Combo Pieces to complete plan	0
wh3_dlc29_skv_thanquol_create_undercity	wh3_dlc29_magic_create_undercity_1	false		0
wh3_dlc29_skv_magic_create_undercity_filler_token_assassins	wh3_dlc29_magic_create_undercity_filler_token_assassins	false	Magic Plan - create Undercity building	1
wh3_dlc29_skv_magic_thanquol_lose_money_1000	wh3_dlc29_magic_create_undercity_filler_token_assassins	false	Magic Plan - Lose resources for building	2
wh3_dlc29_skv_thanquol_add_magic_1	wh3_dlc29_magic_create_undercity_filler_token_assassins	false	Magic Plans - Part of Combo Pieces to complete plan	0
wh3_dlc29_skv_magic_create_undercity_filler_token_crafting	wh3_dlc29_magic_create_undercity_filler_token_crafting	false	Magic Plan - create Undercity building	1
wh3_dlc29_skv_magic_thanquol_lose_money_1000	wh3_dlc29_magic_create_undercity_filler_token_crafting	false	Magic Plan - Lose resources for building	2
wh3_dlc29_skv_thanquol_add_magic_1	wh3_dlc29_magic_create_undercity_filler_token_crafting	false	Magic Plans - Part of Combo Pieces to complete plan	0
wh3_dlc29_skv_magic_create_undercity_filler_token_kidnappers	wh3_dlc29_magic_create_undercity_filler_token_kidnappers	false	Magic Plan - create Undercity building	1
wh3_dlc29_skv_magic_thanquol_lose_money_1000	wh3_dlc29_magic_create_undercity_filler_token_kidnappers	false	Magic Plan - Lose resources for building	2
wh3_dlc29_skv_thanquol_add_magic_1	wh3_dlc29_magic_create_undercity_filler_token_kidnappers	false	Magic Plans - Part of Combo Pieces to complete plan	0
wh3_dlc29_skv_magic_create_undercity_filler_token_mine	wh3_dlc29_magic_create_undercity_filler_token_mine	false	Magic Plan - create Undercity building	0
wh3_dlc29_skv_magic_thanquol_lose_money_2000	wh3_dlc29_magic_create_undercity_filler_token_mine	false	Magic Plan - Lose resources for building	0
wh3_dlc29_skv_magic_create_undercity_filler_token_refinery	wh3_dlc29_magic_create_undercity_filler_token_refinery	false	Magic Plan - create Undercity building	1
wh3_dlc29_skv_magic_thanquol_lose_money_2000	wh3_dlc29_magic_create_undercity_filler_token_refinery	false	Magic Plan - Lose resources for building	2
wh3_dlc29_skv_thanquol_add_magic_1	wh3_dlc29_magic_create_undercity_filler_token_refinery	false	Magic Plans - Part of Combo Pieces to complete plan	0
wh3_dlc29_skv_magic_create_undercity_filler_token_strip_mine	wh3_dlc29_magic_create_undercity_filler_token_strip_mine	false	Magic Plan - create Undercity building	0
wh3_dlc29_skv_magic_thanquol_lose_money_4000	wh3_dlc29_magic_create_undercity_filler_token_strip_mine	false	Magic Plan - Lose resources for building	0
wh3_dlc29_skv_magic_create_undercity_filler_token_thieves	wh3_dlc29_magic_create_undercity_filler_token_thieves	false	Magic Plan - create Undercity building	0
wh3_dlc29_skv_magic_thanquol_lose_money_1000	wh3_dlc29_magic_create_undercity_filler_token_thieves	false	Magic Plan - Lose resources for building	0
wh3_dlc29_skv_chaotic_plan_modify_treasury_reward_gdp_percentage_50	wh3_dlc29_magic_create_undercity_filler_token_treasury	false	Magic Plan - Gain resources	0
wh3_dlc29_skv_thanquol_add_magic_1	wh3_dlc29_magic_create_undercity_piece_a_1	false	Magic Plans - Part of Combo Pieces to complete plan	0
wh3_dlc29_skv_thanquol_add_magic_1	wh3_dlc29_magic_create_undercity_piece_b_1	false	Magic Plans - Part of Combo Pieces to complete plan	0
wh3_dlc29_skv_thanquol_add_magic_1	wh3_dlc29_magic_create_undercity_piece_c_1	false	Magic Plans - Part of Combo Pieces to complete plan	0
wh3_dlc29_skv_thanquol_add_magic_1	wh3_dlc29_magic_create_undercity_piece_d_1	false	Magic Plans - Part of Combo Pieces to complete plan	0
wh3_dlc29_bundle_magic_draw_combo_piece	wh3_dlc29_magic_draw_combo_piece	false	Dummy Effect Bundle for Description	0
wh3_dlc29_skv_bundle_cooldown_4	wh3_dlc29_magic_draw_combo_piece	false	Dummy Effect Bundles for Description	4
wh3_dlc29_skv_magic_add_token_from_combo_piece_set	wh3_dlc29_magic_draw_combo_piece	false	Magic Plan - Draw Combo Piece	0
wh3_dlc29_skv_bundle_thanquol_pull_moon	wh3_dlc29_magic_pull_moon_1	false	Dummy Effect Bundle for Description	1
wh3_dlc29_skv_magic_thanquol_lose_warpstone_100	wh3_dlc29_magic_pull_moon_1	false	Magic Combo Piece - Lose Warpstone	0
wh3_dlc29_skv_thanquol_add_magic_1	wh3_dlc29_magic_pull_moon_1	false	Magic Plans - Part of Combo Pieces to complete plan	0
wh3_dlc29_skv_thanquol_pull_moon	wh3_dlc29_magic_pull_moon_1	false		0
wh3_dlc29_skv_magic_pull_moon_filler_token_food	wh3_dlc29_magic_pull_moon_filler_token_food	false	Effect Bundle post-plan	0
wh3_dlc29_skv_magic_pull_moon_filler_token_food_dummy	wh3_dlc29_magic_pull_moon_filler_token_food	false	Dummy Effect Bundle for Description	1
wh3_dlc29_skv_magic_thanquol_add_warpstone_30	wh3_dlc29_magic_pull_moon_filler_token_food	false	Magic Plan - Warpstone for Pull Moon	2
wh3_dlc29_skv_magic_pull_moon_filler_token_recruitment_slots	wh3_dlc29_magic_pull_moon_filler_token_recruitment_slots	false	Effect Bundle post-plan	0
wh3_dlc29_skv_magic_pull_moon_filler_token_recruitment_slots_dummy	wh3_dlc29_magic_pull_moon_filler_token_recruitment_slots	false	Dummy Effect Bundle for Description	1
wh3_dlc29_skv_magic_thanquol_add_warpstone_50	wh3_dlc29_magic_pull_moon_filler_token_recruitment_slots	false	Magic Plan - Warpstone for Pull Moon	2
wh3_dlc29_skv_magic_pull_moon_filler_token_skaven_corruption	wh3_dlc29_magic_pull_moon_filler_token_skaven_corruption	false	Effect Bundle post-plan	0
wh3_dlc29_skv_magic_pull_moon_filler_token_skaven_corruption_dummy	wh3_dlc29_magic_pull_moon_filler_token_skaven_corruption	false	Dummy Effect Bundle for Description	1
wh3_dlc29_skv_magic_thanquol_add_warpstone_100	wh3_dlc29_magic_pull_moon_filler_token_skaven_corruption	false	Magic Plan - Warpstone for Pull Moon	2
wh3_dlc29_skv_chaotic_plan_modify_warpstone_reward_gdp_percentage_50	wh3_dlc29_magic_pull_moon_filler_token_warpstone	false	Magic Plan - Warpstone for Pull Moon	0
wh3_dlc29_skv_magic_thanquol_lose_warpstone_500	wh3_dlc29_magic_pull_moon_piece_a_1	false	Magic Combo Piece - Lose Warpstone	1
wh3_dlc29_skv_thanquol_add_magic_1	wh3_dlc29_magic_pull_moon_piece_a_1	false	Magic Plans - Part of Combo Pieces to complete plan	0
wh3_dlc29_skv_magic_thanquol_lose_warpstone_500	wh3_dlc29_magic_pull_moon_piece_b_1	false	Magic Combo Piece - Lose Warpstone	1
wh3_dlc29_skv_thanquol_add_magic_1	wh3_dlc29_magic_pull_moon_piece_b_1	false	Magic Plans - Part of Combo Pieces to complete plan	0
wh3_dlc29_skv_magic_thanquol_lose_warpstone_500	wh3_dlc29_magic_pull_moon_piece_c_1	false	Magic Combo Piece - Lose Warpstone	1
wh3_dlc29_skv_thanquol_add_magic_1	wh3_dlc29_magic_pull_moon_piece_c_1	false	Magic Plans - Part of Combo Pieces to complete plan	0
wh3_dlc29_skv_magic_thanquol_lose_warpstone_500	wh3_dlc29_magic_pull_moon_piece_d_1	false	Magic Combo Piece - Lose Warpstone	1
wh3_dlc29_skv_thanquol_add_magic_1	wh3_dlc29_magic_pull_moon_piece_d_1	false	Magic Plans - Part of Combo Pieces to complete plan	0
wh3_dlc29_skv_hidden_chaotic_draw_1	wh3_dlc29_magic_red_chaos_corruption_1	false	Hidden 2% chance for purple or red token	0
wh3_dlc29_skv_magic_red_chaos_corruption_1	wh3_dlc29_magic_red_chaos_corruption_1	false	Effect Bundle - Corruption Factionwide	1
wh3_dlc29_skv_thanquol_add_alarm_1	wh3_dlc29_magic_red_chaos_corruption_1	false	Any Plan - Alarm	0
wh3_dlc29_skv_hidden_chaotic_draw_1	wh3_dlc29_magic_red_chaos_corruption_2	false	Hidden 2% chance for purple or red token	0
wh3_dlc29_skv_magic_red_chaos_corruption_2	wh3_dlc29_magic_red_chaos_corruption_2	false	Effect Bundle - Corruption Factionwide	1
wh3_dlc29_skv_thanquol_add_alarm_1	wh3_dlc29_magic_red_chaos_corruption_2	false	Any Plan - Alarm	0
wh3_dlc29_skv_hidden_chaotic_draw_1	wh3_dlc29_magic_red_chaos_corruption_3	false	Hidden 2% chance for purple or red token	0
wh3_dlc29_skv_magic_red_chaos_corruption_3	wh3_dlc29_magic_red_chaos_corruption_3	false	Effect Bundle - Corruption Factionwide	1
wh3_dlc29_skv_thanquol_add_alarm_2	wh3_dlc29_magic_red_chaos_corruption_3	false	Any Plan - Alarm	0
wh3_dlc29_skv_hidden_chaotic_draw_1	wh3_dlc29_magic_red_elite_chaos_corruption_1	false	Hidden 2% chance for purple or red token	0
wh3_dlc29_skv_magic_red_chaos_corruption_3	wh3_dlc29_magic_red_elite_chaos_corruption_1	false	Effect Bundle - Corruption Factionwide	1
wh3_dlc29_skv_thanquol_add_alarm_2	wh3_dlc29_magic_red_elite_chaos_corruption_1	false	Any Plan - Alarm	0
wh3_dlc29_skv_hidden_chaotic_draw_1	wh3_dlc29_magic_red_elite_khorne_corruption_1	false	Hidden 2% chance for purple or red token	0
wh3_dlc29_skv_magic_red_khorne_corruption_1	wh3_dlc29_magic_red_elite_khorne_corruption_1	false	Effect Bundle - Corruption Factionwide	1
wh3_dlc29_skv_thanquol_add_alarm_2	wh3_dlc29_magic_red_elite_khorne_corruption_1	false	Any Plan - Alarm	0
wh3_dlc29_skv_hidden_chaotic_draw_1	wh3_dlc29_magic_red_elite_nurgle_corruption_1	false	Hidden 2% chance for purple or red token	0
wh3_dlc29_skv_magic_red_nurgle_corruption_1	wh3_dlc29_magic_red_elite_nurgle_corruption_1	false	Effect Bundle - Corruption Factionwide	1
wh3_dlc29_skv_thanquol_add_alarm_2	wh3_dlc29_magic_red_elite_nurgle_corruption_1	false	Any Plan - Alarm	0
wh3_dlc29_skv_hidden_chaotic_draw_1	wh3_dlc29_magic_red_elite_slaanesh_corruption_1	false	Hidden 2% chance for purple or red token	0
wh3_dlc29_skv_magic_red_slaanesh_corruption_1	wh3_dlc29_magic_red_elite_slaanesh_corruption_1	false	Effect Bundle - Corruption Factionwide	1
wh3_dlc29_skv_thanquol_add_alarm_2	wh3_dlc29_magic_red_elite_slaanesh_corruption_1	false	Any Plan - Alarm	0
wh3_dlc29_skv_hidden_chaotic_draw_1	wh3_dlc29_magic_red_elite_tzeentch_corruption_1	false	Hidden 2% chance for purple or red token	0
wh3_dlc29_skv_magic_red_tzeentch_corruption_1	wh3_dlc29_magic_red_elite_tzeentch_corruption_1	false	Effect Bundle - Corruption Factionwide	1
wh3_dlc29_skv_thanquol_add_alarm_2	wh3_dlc29_magic_red_elite_tzeentch_corruption_1	false	Any Plan - Alarm	0
wh3_dlc29_skv_hidden_chaotic_draw_1	wh3_dlc29_magic_red_enemy_verminlord_corruptor_1	false	Hidden 2% chance for purple or red token	0
wh3_dlc29_skv_magic_red_enemy_verminlord_corruptor_1	wh3_dlc29_magic_red_enemy_verminlord_corruptor_1	false	Fake Effect Bundle for Description	1
wh3_dlc29_skv_magic_thanquol_lose_warpstone_100	wh3_dlc29_magic_red_enemy_verminlord_corruptor_1	false	Lose Warpstone	1
wh3_dlc29_skv_spawn_corruptor_verminlord_army_scripted	wh3_dlc29_magic_red_enemy_verminlord_corruptor_1	false		0
wh3_dlc29_skv_thanquol_add_alarm_1	wh3_dlc29_magic_red_enemy_verminlord_corruptor_1	false	Any Plan - Alarm	0
wh3_dlc29_skv_hidden_chaotic_draw_1	wh3_dlc29_magic_red_enemy_verminlord_deceiver_1	false	Hidden 2% chance for purple or red token	0
wh3_dlc29_skv_magic_red_enemy_verminlord_deceiver_1	wh3_dlc29_magic_red_enemy_verminlord_deceiver_1	false	Fake Effect Bundle for Description	1
wh3_dlc29_skv_magic_thanquol_lose_warpstone_100	wh3_dlc29_magic_red_enemy_verminlord_deceiver_1	false	Lose Warpstone	1
wh3_dlc29_skv_spawn_deceiver_verminlord_army_scripted	wh3_dlc29_magic_red_enemy_verminlord_deceiver_1	false		0
wh3_dlc29_skv_thanquol_add_alarm_1	wh3_dlc29_magic_red_enemy_verminlord_deceiver_1	false	Any Plan - Alarm	0
wh3_dlc29_skv_hidden_chaotic_draw_1	wh3_dlc29_magic_red_enemy_verminlord_warbringer_1	false	Hidden 2% chance for purple or red token	0
wh3_dlc29_skv_magic_red_enemy_verminlord_warbringer_1	wh3_dlc29_magic_red_enemy_verminlord_warbringer_1	false	Fake Effect Bundle for Description	1
wh3_dlc29_skv_magic_thanquol_lose_warpstone_100	wh3_dlc29_magic_red_enemy_verminlord_warbringer_1	false	Lose Warpstone	1
wh3_dlc29_skv_spawn_warbringer_verminlord_army_scripted	wh3_dlc29_magic_red_enemy_verminlord_warbringer_1	false		0
wh3_dlc29_skv_thanquol_add_alarm_1	wh3_dlc29_magic_red_enemy_verminlord_warbringer_1	false	Any Plan - Alarm	0
wh3_dlc29_skv_hidden_chaotic_draw_1	wh3_dlc29_magic_red_enemy_verminlord_warpseer_1	false	Hidden 2% chance for purple or red token	0
wh3_dlc29_skv_magic_red_enemy_verminlord_warpseer_1	wh3_dlc29_magic_red_enemy_verminlord_warpseer_1	false	Fake Effect Bundle for Description	1
wh3_dlc29_skv_magic_thanquol_lose_warpstone_100	wh3_dlc29_magic_red_enemy_verminlord_warpseer_1	false	Lose Warpstone	1
wh3_dlc29_skv_spawn_warpseer_verminlord_army_scripted	wh3_dlc29_magic_red_enemy_verminlord_warpseer_1	false		0
wh3_dlc29_skv_thanquol_add_alarm_1	wh3_dlc29_magic_red_enemy_verminlord_warpseer_1	false	Any Plan - Alarm	0
wh3_dlc29_skv_hidden_chaotic_draw_1	wh3_dlc29_magic_red_eshin_alarm_1	false	Hidden 2% chance for purple or red token	0
wh3_dlc29_skv_magic_thanquol_lose_money_2000	wh3_dlc29_magic_red_eshin_alarm_1	false	Lose Treasruy - Any Plan	0
wh3_dlc29_skv_thanquol_add_alarm_1	wh3_dlc29_magic_red_eshin_alarm_1	false	Alarm - Any Plan	0
wh3_dlc29_skv_hidden_chaotic_draw_1	wh3_dlc29_magic_red_khorne_corruption_1	false	Hidden 2% chance for purple or red token	0
wh3_dlc29_skv_magic_red_khorne_corruption_1	wh3_dlc29_magic_red_khorne_corruption_1	false	Effect Bundle - Corruption Factionwide	1
wh3_dlc29_skv_thanquol_add_alarm_1	wh3_dlc29_magic_red_khorne_corruption_1	false	Any Plan - Alarm	0
wh3_dlc29_skv_hidden_chaotic_draw_1	wh3_dlc29_magic_red_moulder_alarm_1	false	Hidden 2% chance for purple or red token	0
wh3_dlc29_skv_magic_thanquol_lose_money_2000	wh3_dlc29_magic_red_moulder_alarm_1	false	Lose Treasruy - Any Plan	0
wh3_dlc29_skv_thanquol_add_alarm_1	wh3_dlc29_magic_red_moulder_alarm_1	false	Alarm - Any Plan	0
wh3_dlc29_skv_hidden_chaotic_draw_1	wh3_dlc29_magic_red_nurgle_corruption_1	false	Hidden 2% chance for purple or red token	0
wh3_dlc29_skv_magic_red_nurgle_corruption_1	wh3_dlc29_magic_red_nurgle_corruption_1	false	Effect Bundle - Corruption Factionwide	1
wh3_dlc29_skv_thanquol_add_alarm_1	wh3_dlc29_magic_red_nurgle_corruption_1	false	Any Plan - Alarm	0
wh3_dlc29_skv_hidden_chaotic_draw_1	wh3_dlc29_magic_red_rictus_alarm_1	false	Hidden 2% chance for purple or red token	0
wh3_dlc29_skv_magic_thanquol_lose_money_1000	wh3_dlc29_magic_red_rictus_alarm_1	false	Lose Treasruy - Any Plan	0
wh3_dlc29_skv_thanquol_add_alarm_1	wh3_dlc29_magic_red_rictus_alarm_1	false	Alarm - Any Plan	0
wh3_dlc29_skv_hidden_chaotic_draw_1	wh3_dlc29_magic_red_skryre_alarm_1	false	Hidden 2% chance for purple or red token	0
wh3_dlc29_skv_thanquol_add_alarm_1	wh3_dlc29_magic_red_skryre_alarm_1	false	Alarm - Any Plan	0
wh3_dlc29_skv_hidden_chaotic_draw_1	wh3_dlc29_magic_red_slaanesh_corruption_1	false	Hidden 2% chance for purple or red token	0
wh3_dlc29_skv_magic_red_slaanesh_corruption_1	wh3_dlc29_magic_red_slaanesh_corruption_1	false	Effect Bundle - Corruption Factionwide	1
wh3_dlc29_skv_thanquol_add_alarm_1	wh3_dlc29_magic_red_slaanesh_corruption_1	false	Any Plan - Alarm	0
wh3_dlc29_skv_hidden_chaotic_draw_1	wh3_dlc29_magic_red_tzeentch_corruption_1	false	Hidden 2% chance for purple or red token	0
wh3_dlc29_skv_magic_red_tzeentch_corruption_1	wh3_dlc29_magic_red_tzeentch_corruption_1	false	Effect Bundle - Corruption Factionwide	1
wh3_dlc29_skv_thanquol_add_alarm_1	wh3_dlc29_magic_red_tzeentch_corruption_1	false	Any Plan - Alarm	0
wh3_dlc29_bundle_magic_res_activated_negative_daemon_khorne	wh3_dlc29_magic_res_activated_negative_daemon_khorne	false	Dummy Effect Bundle for Description	0
wh3_dlc29_skv_hidden_chaotic_draw_1	wh3_dlc29_magic_res_activated_negative_daemon_khorne	false	Hidden 2% chance for purple or red token	0
wh3_dlc29_skv_spawn_metal_daemon_army_scripted	wh3_dlc29_magic_res_activated_negative_daemon_khorne	false		0
wh3_dlc29_bundle_magic_res_activated_negative_daemon_nurgle	wh3_dlc29_magic_res_activated_negative_daemon_nurgle	false	Dummy Effect Bundle for Description	0
wh3_dlc29_skv_hidden_chaotic_draw_1	wh3_dlc29_magic_res_activated_negative_daemon_nurgle	false	Hidden 2% chance for purple or red token	0
wh3_dlc29_skv_spawn_death_daemon_army_scripted	wh3_dlc29_magic_res_activated_negative_daemon_nurgle	false		0
wh3_dlc29_bundle_magic_res_activated_negative_daemon_slaanesh	wh3_dlc29_magic_res_activated_negative_daemon_slaanesh	false	Dummy Effect Bundle for Description	0
wh3_dlc29_skv_hidden_chaotic_draw_1	wh3_dlc29_magic_res_activated_negative_daemon_slaanesh	false	Hidden 2% chance for purple or red token	0
wh3_dlc29_skv_spawn_fire_daemon_army_scripted	wh3_dlc29_magic_res_activated_negative_daemon_slaanesh	false		0
wh3_dlc29_bundle_magic_res_activated_negative_daemon_tzeentch	wh3_dlc29_magic_res_activated_negative_daemon_tzeentch	false	Dummy Effect Bundle for Description	0
wh3_dlc29_skv_hidden_chaotic_draw_1	wh3_dlc29_magic_res_activated_negative_daemon_tzeentch	false	Hidden 2% chance for purple or red token	0
wh3_dlc29_skv_spawn_hashut_daemon_army_scripted	wh3_dlc29_magic_res_activated_negative_daemon_tzeentch	false		0
wh3_dlc29_magic_summon_verminlord_corruptor_1	wh3_dlc29_magic_summon_verminlord_corruptor_1	false	Add units	0
wh3_dlc29_skv_bundle_magic_summon_verminlord_spawn	wh3_dlc29_magic_summon_verminlord_corruptor_1	false	Dummy Effect Bundle for Description	1
wh3_dlc29_skv_magic_summon_verminlord_1_rank_bundle	wh3_dlc29_magic_summon_verminlord_corruptor_1	false	Fake Effect Bundle for Description	2
wh3_dlc29_skv_magic_thanquol_lose_warpstone_200	wh3_dlc29_magic_summon_verminlord_corruptor_1	false	Spend Warpstone on token effects	3
wh3_dlc29_skv_spawn_verminlord_corruptor_1	wh3_dlc29_magic_summon_verminlord_corruptor_1	false	Scripted logic payload - Summon Verminlord	0
wh3_dlc29_skv_thanquol_add_magic_1	wh3_dlc29_magic_summon_verminlord_corruptor_1	false	Magic Plans - Part of Combo Pieces to complete plan	0
wh3_dlc29_magic_summon_verminlord_corruptor_2	wh3_dlc29_magic_summon_verminlord_corruptor_2	false	Add units	0
wh3_dlc29_skv_bundle_magic_summon_verminlord_spawn	wh3_dlc29_magic_summon_verminlord_corruptor_2	false	Dummy Effect Bundle for Description	1
wh3_dlc29_skv_magic_summon_verminlord_2_rank_bundle	wh3_dlc29_magic_summon_verminlord_corruptor_2	false	Fake Effect Bundle for Description	2
wh3_dlc29_skv_magic_thanquol_lose_warpstone_200	wh3_dlc29_magic_summon_verminlord_corruptor_2	false		3
wh3_dlc29_skv_spawn_verminlord_corruptor_1	wh3_dlc29_magic_summon_verminlord_corruptor_2	false	Scripted logic payload - Summon Verminlord	0
wh3_dlc29_skv_thanquol_add_magic_1	wh3_dlc29_magic_summon_verminlord_corruptor_2	false	Magic Plans - Part of Combo Pieces to complete plan	0
wh3_dlc29_magic_summon_verminlord_corruptor_3	wh3_dlc29_magic_summon_verminlord_corruptor_3	false	Add units	0
wh3_dlc29_skv_bundle_magic_summon_verminlord_spawn	wh3_dlc29_magic_summon_verminlord_corruptor_3	false	Dummy Effect Bundle for Description	1
wh3_dlc29_skv_magic_summon_verminlord_3_rank_bundle	wh3_dlc29_magic_summon_verminlord_corruptor_3	false	Fake Effect Bundle for Description	2
wh3_dlc29_skv_magic_thanquol_lose_warpstone_200	wh3_dlc29_magic_summon_verminlord_corruptor_3	false		3
wh3_dlc29_skv_spawn_verminlord_corruptor_1	wh3_dlc29_magic_summon_verminlord_corruptor_3	false	Scripted logic payload - Summon Verminlord	0
wh3_dlc29_skv_thanquol_add_magic_1	wh3_dlc29_magic_summon_verminlord_corruptor_3	false	Magic Plans - Part of Combo Pieces to complete plan	0
wh3_dlc29_magic_summon_verminlord_corruptor_4	wh3_dlc29_magic_summon_verminlord_corruptor_4	false	Add units	0
wh3_dlc29_skv_bundle_magic_summon_verminlord_spawn	wh3_dlc29_magic_summon_verminlord_corruptor_4	false	Dummy Effect Bundle for Description	1
wh3_dlc29_skv_magic_summon_verminlord_4_rank_bundle	wh3_dlc29_magic_summon_verminlord_corruptor_4	false	Fake Effect Bundle for Description	2
wh3_dlc29_skv_magic_thanquol_lose_warpstone_200	wh3_dlc29_magic_summon_verminlord_corruptor_4	false		3
wh3_dlc29_skv_spawn_verminlord_corruptor_1	wh3_dlc29_magic_summon_verminlord_corruptor_4	false	Scripted logic payload - Summon Verminlord	0
wh3_dlc29_skv_thanquol_add_magic_1	wh3_dlc29_magic_summon_verminlord_corruptor_4	false	Magic Plans - Part of Combo Pieces to complete plan	0
wh3_dlc29_magic_summon_verminlord_corruptor_5	wh3_dlc29_magic_summon_verminlord_corruptor_5	false	Add units	0
wh3_dlc29_skv_bundle_magic_summon_verminlord_spawn	wh3_dlc29_magic_summon_verminlord_corruptor_5	false	Dummy Effect Bundle for Description	1
wh3_dlc29_skv_magic_summon_verminlord_5_rank_bundle	wh3_dlc29_magic_summon_verminlord_corruptor_5	false	Fake Effect Bundle for Description	2
wh3_dlc29_skv_magic_thanquol_lose_warpstone_200	wh3_dlc29_magic_summon_verminlord_corruptor_5	false		3
wh3_dlc29_skv_spawn_verminlord_corruptor_1	wh3_dlc29_magic_summon_verminlord_corruptor_5	false	Scripted logic payload - Summon Verminlord	0
wh3_dlc29_skv_thanquol_add_magic_1	wh3_dlc29_magic_summon_verminlord_corruptor_5	false	Magic Plans - Part of Combo Pieces to complete plan	0
wh3_dlc29_magic_summon_verminlord_deceiver_1	wh3_dlc29_magic_summon_verminlord_deceiver_1	false	Add units	0
wh3_dlc29_skv_bundle_magic_summon_verminlord_spawn	wh3_dlc29_magic_summon_verminlord_deceiver_1	false	Dummy Effect Bundle for Description	1
wh3_dlc29_skv_magic_summon_verminlord_1_rank_bundle	wh3_dlc29_magic_summon_verminlord_deceiver_1	false	Fake Effect Bundle for Description	2
wh3_dlc29_skv_magic_thanquol_lose_warpstone_200	wh3_dlc29_magic_summon_verminlord_deceiver_1	false		3
wh3_dlc29_skv_spawn_verminlord_deceiver_1	wh3_dlc29_magic_summon_verminlord_deceiver_1	false		0
wh3_dlc29_skv_thanquol_add_magic_1	wh3_dlc29_magic_summon_verminlord_deceiver_1	false	Magic Plans - Part of Combo Pieces to complete plan	0
wh3_dlc29_magic_summon_verminlord_deceiver_2	wh3_dlc29_magic_summon_verminlord_deceiver_2	false	Add units	0
wh3_dlc29_skv_bundle_magic_summon_verminlord_spawn	wh3_dlc29_magic_summon_verminlord_deceiver_2	false	Dummy Effect Bundle for Description	1
wh3_dlc29_skv_magic_summon_verminlord_2_rank_bundle	wh3_dlc29_magic_summon_verminlord_deceiver_2	false	Fake Effect Bundle for Description	2
wh3_dlc29_skv_magic_thanquol_lose_warpstone_200	wh3_dlc29_magic_summon_verminlord_deceiver_2	false		3
wh3_dlc29_skv_spawn_verminlord_deceiver_1	wh3_dlc29_magic_summon_verminlord_deceiver_2	false	Scripted logic payload - Summon Verminlord	0
wh3_dlc29_skv_thanquol_add_magic_1	wh3_dlc29_magic_summon_verminlord_deceiver_2	false	Magic Plans - Part of Combo Pieces to complete plan	0
wh3_dlc29_magic_summon_verminlord_deceiver_3	wh3_dlc29_magic_summon_verminlord_deceiver_3	false	Add units	0
wh3_dlc29_skv_bundle_magic_summon_verminlord_spawn	wh3_dlc29_magic_summon_verminlord_deceiver_3	false	Dummy Effect Bundle for Description	1
wh3_dlc29_skv_magic_summon_verminlord_3_rank_bundle	wh3_dlc29_magic_summon_verminlord_deceiver_3	false	Fake Effect Bundle for Description	2
wh3_dlc29_skv_magic_thanquol_lose_warpstone_200	wh3_dlc29_magic_summon_verminlord_deceiver_3	false		3
wh3_dlc29_skv_spawn_verminlord_deceiver_1	wh3_dlc29_magic_summon_verminlord_deceiver_3	false	Scripted logic payload - Summon Verminlord	0
wh3_dlc29_skv_thanquol_add_magic_1	wh3_dlc29_magic_summon_verminlord_deceiver_3	false	Magic Plans - Part of Combo Pieces to complete plan	0
wh3_dlc29_magic_summon_verminlord_deceiver_4	wh3_dlc29_magic_summon_verminlord_deceiver_4	false	Add units	0
wh3_dlc29_skv_bundle_magic_summon_verminlord_spawn	wh3_dlc29_magic_summon_verminlord_deceiver_4	false	Dummy Effect Bundle for Description	1
wh3_dlc29_skv_magic_summon_verminlord_4_rank_bundle	wh3_dlc29_magic_summon_verminlord_deceiver_4	false	Fake Effect Bundle for Description	2
wh3_dlc29_skv_magic_thanquol_lose_warpstone_200	wh3_dlc29_magic_summon_verminlord_deceiver_4	false		3
wh3_dlc29_skv_spawn_verminlord_deceiver_1	wh3_dlc29_magic_summon_verminlord_deceiver_4	false	Scripted logic payload - Summon Verminlord	0
wh3_dlc29_skv_thanquol_add_magic_1	wh3_dlc29_magic_summon_verminlord_deceiver_4	false	Magic Plans - Part of Combo Pieces to complete plan	0
wh3_dlc29_magic_summon_verminlord_deceiver_5	wh3_dlc29_magic_summon_verminlord_deceiver_5	false	Add units	0
wh3_dlc29_skv_bundle_magic_summon_verminlord_spawn	wh3_dlc29_magic_summon_verminlord_deceiver_5	false	Dummy Effect Bundle for Description	1
wh3_dlc29_skv_magic_summon_verminlord_5_rank_bundle	wh3_dlc29_magic_summon_verminlord_deceiver_5	false	Fake Effect Bundle for Description	2
wh3_dlc29_skv_magic_thanquol_lose_warpstone_200	wh3_dlc29_magic_summon_verminlord_deceiver_5	false		3
wh3_dlc29_skv_spawn_verminlord_deceiver_1	wh3_dlc29_magic_summon_verminlord_deceiver_5	false	Scripted logic payload - Summon Verminlord	0
wh3_dlc29_skv_thanquol_add_magic_1	wh3_dlc29_magic_summon_verminlord_deceiver_5	false	Magic Plans - Part of Combo Pieces to complete plan	0
wh3_dlc29_skv_bundle_magic_summon_verminlord_spawn	wh3_dlc29_magic_summon_verminlord_dummy_1	false	Dummy Effect Bundles for Description	0
wh3_dlc29_skv_bundle_magic_summon_verminlord_spawn	wh3_dlc29_magic_summon_verminlord_dummy_2	false	Dummy Effect Bundles for Description	0
wh3_dlc29_skv_bundle_magic_summon_verminlord_spawn	wh3_dlc29_magic_summon_verminlord_dummy_3	false	Dummy Effect Bundles for Description	0
wh3_dlc29_skv_bundle_magic_summon_verminlord_spawn	wh3_dlc29_magic_summon_verminlord_dummy_4	false	Dummy Effect Bundles for Description	0
wh3_dlc29_skv_bundle_magic_summon_verminlord_spawn	wh3_dlc29_magic_summon_verminlord_dummy_5	false	Dummy Effect Bundles for Description	0
wh3_dlc29_magic_summon_verminlord_piece_eshin_1	wh3_dlc29_magic_summon_verminlord_piece_eshin_1	false	Magic Plan - Units for Verminlord Army	0
wh3_dlc29_skv_magic_thanquol_lose_warpstone_100	wh3_dlc29_magic_summon_verminlord_piece_eshin_1	false		3
wh3_dlc29_skv_thanquol_add_magic_1	wh3_dlc29_magic_summon_verminlord_piece_eshin_1	false	Magic Plans - Part of Combo Pieces to complete plan	0
wh3_dlc29_magic_summon_verminlord_piece_eshin_2	wh3_dlc29_magic_summon_verminlord_piece_eshin_2	false	Magic Plan - Units for Verminlord Army	0
wh3_dlc29_skv_magic_thanquol_lose_warpstone_100	wh3_dlc29_magic_summon_verminlord_piece_eshin_2	false		3
wh3_dlc29_skv_thanquol_add_magic_1	wh3_dlc29_magic_summon_verminlord_piece_eshin_2	false	Magic Plans - Part of Combo Pieces to complete plan	0
wh3_dlc29_magic_summon_verminlord_piece_eshin_3	wh3_dlc29_magic_summon_verminlord_piece_eshin_3	false	Magic Plan - Units for Verminlord Army	0
wh3_dlc29_skv_magic_thanquol_lose_warpstone_100	wh3_dlc29_magic_summon_verminlord_piece_eshin_3	false		3
wh3_dlc29_skv_thanquol_add_magic_1	wh3_dlc29_magic_summon_verminlord_piece_eshin_3	false	Magic Plans - Part of Combo Pieces to complete plan	0
wh3_dlc29_magic_summon_verminlord_piece_eshin_4	wh3_dlc29_magic_summon_verminlord_piece_eshin_4	false	Magic Plan - Units for Verminlord Army	0
wh3_dlc29_skv_magic_thanquol_lose_warpstone_100	wh3_dlc29_magic_summon_verminlord_piece_eshin_4	false		3
wh3_dlc29_skv_thanquol_add_magic_1	wh3_dlc29_magic_summon_verminlord_piece_eshin_4	false	Magic Plans - Part of Combo Pieces to complete plan	0
wh3_dlc29_magic_summon_verminlord_piece_eshin_5	wh3_dlc29_magic_summon_verminlord_piece_eshin_5	false	Magic Plan - Units for Verminlord Army	0
wh3_dlc29_skv_magic_thanquol_lose_warpstone_100	wh3_dlc29_magic_summon_verminlord_piece_eshin_5	false		3
wh3_dlc29_skv_thanquol_add_magic_1	wh3_dlc29_magic_summon_verminlord_piece_eshin_5	false	Magic Plans - Part of Combo Pieces to complete plan	0
wh3_dlc29_magic_summon_verminlord_piece_moulder_1	wh3_dlc29_magic_summon_verminlord_piece_moulder_1	false	Magic Plan - Units for Verminlord Army	0
wh3_dlc29_skv_magic_thanquol_lose_warpstone_100	wh3_dlc29_magic_summon_verminlord_piece_moulder_1	false		3
wh3_dlc29_skv_thanquol_add_magic_1	wh3_dlc29_magic_summon_verminlord_piece_moulder_1	false	Magic Plans - Part of Combo Pieces to complete plan	0
wh3_dlc29_magic_summon_verminlord_piece_moulder_2	wh3_dlc29_magic_summon_verminlord_piece_moulder_2	false	Magic Plan - Units for Verminlord Army	0
wh3_dlc29_skv_magic_thanquol_lose_warpstone_100	wh3_dlc29_magic_summon_verminlord_piece_moulder_2	false		3
wh3_dlc29_skv_thanquol_add_magic_1	wh3_dlc29_magic_summon_verminlord_piece_moulder_2	false	Magic Plans - Part of Combo Pieces to complete plan	0
wh3_dlc29_magic_summon_verminlord_piece_moulder_1	wh3_dlc29_magic_summon_verminlord_piece_moulder_3	false	Magic Plan - Units for Verminlord Army	0
wh3_dlc29_skv_magic_thanquol_lose_warpstone_100	wh3_dlc29_magic_summon_verminlord_piece_moulder_3	false		3
wh3_dlc29_skv_thanquol_add_magic_1	wh3_dlc29_magic_summon_verminlord_piece_moulder_3	false	Magic Plans - Part of Combo Pieces to complete plan	0
wh3_dlc29_magic_summon_verminlord_piece_moulder_1	wh3_dlc29_magic_summon_verminlord_piece_moulder_4	false	Magic Plan - Units for Verminlord Army	0
wh3_dlc29_skv_magic_thanquol_lose_warpstone_100	wh3_dlc29_magic_summon_verminlord_piece_moulder_4	false		3
wh3_dlc29_skv_thanquol_add_magic_1	wh3_dlc29_magic_summon_verminlord_piece_moulder_4	false	Magic Plans - Part of Combo Pieces to complete plan	0
wh3_dlc29_magic_summon_verminlord_piece_moulder_1	wh3_dlc29_magic_summon_verminlord_piece_moulder_5	false	Magic Plan - Units for Verminlord Army	0
wh3_dlc29_skv_magic_thanquol_lose_warpstone_100	wh3_dlc29_magic_summon_verminlord_piece_moulder_5	false		3
wh3_dlc29_skv_thanquol_add_magic_1	wh3_dlc29_magic_summon_verminlord_piece_moulder_5	false	Magic Plans - Part of Combo Pieces to complete plan	0
wh3_dlc29_magic_summon_verminlord_piece_pestilens_1	wh3_dlc29_magic_summon_verminlord_piece_pestilens_1	false	Magic Plan - Units for Verminlord Army	0
wh3_dlc29_skv_magic_thanquol_lose_warpstone_100	wh3_dlc29_magic_summon_verminlord_piece_pestilens_1	false		3
wh3_dlc29_skv_thanquol_add_magic_1	wh3_dlc29_magic_summon_verminlord_piece_pestilens_1	false	Magic Plans - Part of Combo Pieces to complete plan	0
wh3_dlc29_magic_summon_verminlord_piece_pestilens_2	wh3_dlc29_magic_summon_verminlord_piece_pestilens_2	false	Magic Plan - Units for Verminlord Army	0
wh3_dlc29_skv_magic_thanquol_lose_warpstone_100	wh3_dlc29_magic_summon_verminlord_piece_pestilens_2	false		3
wh3_dlc29_skv_thanquol_add_magic_1	wh3_dlc29_magic_summon_verminlord_piece_pestilens_2	false	Magic Plans - Part of Combo Pieces to complete plan	0
wh3_dlc29_magic_summon_verminlord_piece_pestilens_3	wh3_dlc29_magic_summon_verminlord_piece_pestilens_3	false	Magic Plan - Units for Verminlord Army	0
wh3_dlc29_skv_magic_thanquol_lose_warpstone_100	wh3_dlc29_magic_summon_verminlord_piece_pestilens_3	false		3
wh3_dlc29_skv_thanquol_add_magic_1	wh3_dlc29_magic_summon_verminlord_piece_pestilens_3	false	Magic Plans - Part of Combo Pieces to complete plan	0
wh3_dlc29_magic_summon_verminlord_piece_pestilens_4	wh3_dlc29_magic_summon_verminlord_piece_pestilens_4	false	Magic Plan - Units for Verminlord Army	0
wh3_dlc29_skv_magic_thanquol_lose_warpstone_100	wh3_dlc29_magic_summon_verminlord_piece_pestilens_4	false		3
wh3_dlc29_skv_thanquol_add_magic_1	wh3_dlc29_magic_summon_verminlord_piece_pestilens_4	false	Magic Plans - Part of Combo Pieces to complete plan	0
wh3_dlc29_magic_summon_verminlord_piece_pestilens_5	wh3_dlc29_magic_summon_verminlord_piece_pestilens_5	false	Magic Plan - Units for Verminlord Army	0
wh3_dlc29_skv_magic_thanquol_lose_warpstone_100	wh3_dlc29_magic_summon_verminlord_piece_pestilens_5	false		3
wh3_dlc29_skv_thanquol_add_magic_1	wh3_dlc29_magic_summon_verminlord_piece_pestilens_5	false	Magic Plans - Part of Combo Pieces to complete plan	0
wh3_dlc29_magic_summon_verminlord_piece_skryre_1	wh3_dlc29_magic_summon_verminlord_piece_skryre_1	false	Magic Plan - Units for Verminlord Army	0
wh3_dlc29_skv_magic_thanquol_lose_warpstone_100	wh3_dlc29_magic_summon_verminlord_piece_skryre_1	false		3
wh3_dlc29_skv_thanquol_add_magic_1	wh3_dlc29_magic_summon_verminlord_piece_skryre_1	false	Magic Plans - Part of Combo Pieces to complete plan	0
wh3_dlc29_magic_summon_verminlord_piece_skryre_2	wh3_dlc29_magic_summon_verminlord_piece_skryre_2	false	Magic Plan - Units for Verminlord Army	0
wh3_dlc29_skv_magic_thanquol_lose_warpstone_100	wh3_dlc29_magic_summon_verminlord_piece_skryre_2	false		3
wh3_dlc29_skv_thanquol_add_magic_1	wh3_dlc29_magic_summon_verminlord_piece_skryre_2	false	Magic Plans - Part of Combo Pieces to complete plan	0
wh3_dlc29_magic_summon_verminlord_piece_skryre_3	wh3_dlc29_magic_summon_verminlord_piece_skryre_3	false	Magic Plan - Units for Verminlord Army	0
wh3_dlc29_skv_magic_thanquol_lose_warpstone_100	wh3_dlc29_magic_summon_verminlord_piece_skryre_3	false		3
wh3_dlc29_skv_thanquol_add_magic_1	wh3_dlc29_magic_summon_verminlord_piece_skryre_3	false	Magic Plans - Part of Combo Pieces to complete plan	0
wh3_dlc29_magic_summon_verminlord_piece_skryre_4	wh3_dlc29_magic_summon_verminlord_piece_skryre_4	false	Magic Plan - Units for Verminlord Army	0
wh3_dlc29_skv_magic_thanquol_lose_warpstone_100	wh3_dlc29_magic_summon_verminlord_piece_skryre_4	false		3
wh3_dlc29_skv_thanquol_add_magic_1	wh3_dlc29_magic_summon_verminlord_piece_skryre_4	false	Magic Plans - Part of Combo Pieces to complete plan	0
wh3_dlc29_magic_summon_verminlord_piece_skryre_5	wh3_dlc29_magic_summon_verminlord_piece_skryre_5	false	Magic Plan - Units for Verminlord Army	0
wh3_dlc29_skv_magic_thanquol_lose_warpstone_100	wh3_dlc29_magic_summon_verminlord_piece_skryre_5	false		3
wh3_dlc29_skv_thanquol_add_magic_1	wh3_dlc29_magic_summon_verminlord_piece_skryre_5	false	Magic Plans - Part of Combo Pieces to complete plan	0
wh3_dlc29_magic_summon_verminlord_warbringer_1	wh3_dlc29_magic_summon_verminlord_warbringer_1	false	Add units	0
wh3_dlc29_skv_bundle_magic_summon_verminlord_spawn	wh3_dlc29_magic_summon_verminlord_warbringer_1	false	Dummy Effect Bundle for Description	1
wh3_dlc29_skv_magic_summon_verminlord_1_rank_bundle	wh3_dlc29_magic_summon_verminlord_warbringer_1	false	Fake Effect Bundle for Description	2
wh3_dlc29_skv_magic_thanquol_lose_warpstone_200	wh3_dlc29_magic_summon_verminlord_warbringer_1	false		3
wh3_dlc29_skv_spawn_verminlord_warbringer_1	wh3_dlc29_magic_summon_verminlord_warbringer_1	false		0
wh3_dlc29_skv_thanquol_add_magic_1	wh3_dlc29_magic_summon_verminlord_warbringer_1	false	Magic Plans - Part of Combo Pieces to complete plan	0
wh3_dlc29_magic_summon_verminlord_warbringer_2	wh3_dlc29_magic_summon_verminlord_warbringer_2	false	Add units	0
wh3_dlc29_skv_bundle_magic_summon_verminlord_spawn	wh3_dlc29_magic_summon_verminlord_warbringer_2	false	Dummy Effect Bundle for Description	1
wh3_dlc29_skv_magic_summon_verminlord_2_rank_bundle	wh3_dlc29_magic_summon_verminlord_warbringer_2	false	Fake Effect Bundle for Description	2
wh3_dlc29_skv_magic_thanquol_lose_warpstone_200	wh3_dlc29_magic_summon_verminlord_warbringer_2	false		3
wh3_dlc29_skv_spawn_verminlord_warbringer_1	wh3_dlc29_magic_summon_verminlord_warbringer_2	false	Scripted logic payload - Summon Verminlord	0
wh3_dlc29_skv_thanquol_add_magic_1	wh3_dlc29_magic_summon_verminlord_warbringer_2	false	Magic Plans - Part of Combo Pieces to complete plan	0
wh3_dlc29_magic_summon_verminlord_warbringer_3	wh3_dlc29_magic_summon_verminlord_warbringer_3	false	Add units	0
wh3_dlc29_skv_bundle_magic_summon_verminlord_spawn	wh3_dlc29_magic_summon_verminlord_warbringer_3	false	Dummy Effect Bundle for Description	1
wh3_dlc29_skv_magic_summon_verminlord_3_rank_bundle	wh3_dlc29_magic_summon_verminlord_warbringer_3	false	Fake Effect Bundle for Description	2
wh3_dlc29_skv_magic_thanquol_lose_warpstone_200	wh3_dlc29_magic_summon_verminlord_warbringer_3	false		3
wh3_dlc29_skv_spawn_verminlord_warbringer_1	wh3_dlc29_magic_summon_verminlord_warbringer_3	false	Scripted logic payload - Summon Verminlord	0
wh3_dlc29_skv_thanquol_add_magic_1	wh3_dlc29_magic_summon_verminlord_warbringer_3	false	Magic Plans - Part of Combo Pieces to complete plan	0
wh3_dlc29_magic_summon_verminlord_warbringer_4	wh3_dlc29_magic_summon_verminlord_warbringer_4	false	Add units	0
wh3_dlc29_skv_bundle_magic_summon_verminlord_spawn	wh3_dlc29_magic_summon_verminlord_warbringer_4	false	Dummy Effect Bundle for Description	1
wh3_dlc29_skv_magic_summon_verminlord_4_rank_bundle	wh3_dlc29_magic_summon_verminlord_warbringer_4	false	Fake Effect Bundle for Description	2
wh3_dlc29_skv_magic_thanquol_lose_warpstone_200	wh3_dlc29_magic_summon_verminlord_warbringer_4	false		3
wh3_dlc29_skv_spawn_verminlord_warbringer_1	wh3_dlc29_magic_summon_verminlord_warbringer_4	false	Scripted logic payload - Summon Verminlord	0
wh3_dlc29_skv_thanquol_add_magic_1	wh3_dlc29_magic_summon_verminlord_warbringer_4	false	Magic Plans - Part of Combo Pieces to complete plan	0
wh3_dlc29_magic_summon_verminlord_warbringer_5	wh3_dlc29_magic_summon_verminlord_warbringer_5	false	Add units	0
wh3_dlc29_skv_bundle_magic_summon_verminlord_spawn	wh3_dlc29_magic_summon_verminlord_warbringer_5	false	Dummy Effect Bundle for Description	1
wh3_dlc29_skv_magic_summon_verminlord_5_rank_bundle	wh3_dlc29_magic_summon_verminlord_warbringer_5	false	Fake Effect Bundle for Description	2
wh3_dlc29_skv_magic_thanquol_lose_warpstone_200	wh3_dlc29_magic_summon_verminlord_warbringer_5	false		3
wh3_dlc29_skv_spawn_verminlord_warbringer_1	wh3_dlc29_magic_summon_verminlord_warbringer_5	false	Scripted logic payload - Summon Verminlord	0
wh3_dlc29_skv_thanquol_add_magic_1	wh3_dlc29_magic_summon_verminlord_warbringer_5	false	Magic Plans - Part of Combo Pieces to complete plan	0
wh3_dlc29_magic_summon_verminlord_warpseer_1	wh3_dlc29_magic_summon_verminlord_warpseer_1	false	Add units	0
wh3_dlc29_skv_bundle_magic_summon_verminlord_spawn	wh3_dlc29_magic_summon_verminlord_warpseer_1	false	Dummy Effect Bundle for Description	1
wh3_dlc29_skv_magic_summon_verminlord_1_rank_bundle	wh3_dlc29_magic_summon_verminlord_warpseer_1	false	Fake Effect Bundle for Description	2
wh3_dlc29_skv_magic_thanquol_lose_warpstone_200	wh3_dlc29_magic_summon_verminlord_warpseer_1	false		3
wh3_dlc29_skv_spawn_verminlord_warpseer_1	wh3_dlc29_magic_summon_verminlord_warpseer_1	false		0
wh3_dlc29_skv_thanquol_add_magic_1	wh3_dlc29_magic_summon_verminlord_warpseer_1	false	Magic Plans - Part of Combo Pieces to complete plan	0
wh3_dlc29_magic_summon_verminlord_warpseer_2	wh3_dlc29_magic_summon_verminlord_warpseer_2	false	Add units	0
wh3_dlc29_skv_bundle_magic_summon_verminlord_spawn	wh3_dlc29_magic_summon_verminlord_warpseer_2	false	Dummy Effect Bundle for Description	1
wh3_dlc29_skv_magic_summon_verminlord_2_rank_bundle	wh3_dlc29_magic_summon_verminlord_warpseer_2	false	Fake Effect Bundle for Description	2
wh3_dlc29_skv_magic_thanquol_lose_warpstone_200	wh3_dlc29_magic_summon_verminlord_warpseer_2	false		3
wh3_dlc29_skv_spawn_verminlord_warpseer_1	wh3_dlc29_magic_summon_verminlord_warpseer_2	false	Scripted logic payload - Summon Verminlord	0
wh3_dlc29_skv_thanquol_add_magic_1	wh3_dlc29_magic_summon_verminlord_warpseer_2	false	Magic Plans - Part of Combo Pieces to complete plan	0
wh3_dlc29_magic_summon_verminlord_warpseer_3	wh3_dlc29_magic_summon_verminlord_warpseer_3	false	Add units	0
wh3_dlc29_skv_bundle_magic_summon_verminlord_spawn	wh3_dlc29_magic_summon_verminlord_warpseer_3	false	Dummy Effect Bundle for Description	1
wh3_dlc29_skv_magic_summon_verminlord_3_rank_bundle	wh3_dlc29_magic_summon_verminlord_warpseer_3	false	Fake Effect Bundle for Description	2
wh3_dlc29_skv_magic_thanquol_lose_warpstone_200	wh3_dlc29_magic_summon_verminlord_warpseer_3	false		3
wh3_dlc29_skv_spawn_verminlord_warpseer_1	wh3_dlc29_magic_summon_verminlord_warpseer_3	false	Scripted logic payload - Summon Verminlord	0
wh3_dlc29_skv_thanquol_add_magic_1	wh3_dlc29_magic_summon_verminlord_warpseer_3	false	Magic Plans - Part of Combo Pieces to complete plan	0
wh3_dlc29_magic_summon_verminlord_warpseer_4	wh3_dlc29_magic_summon_verminlord_warpseer_4	false	Add units	0
wh3_dlc29_skv_bundle_magic_summon_verminlord_spawn	wh3_dlc29_magic_summon_verminlord_warpseer_4	false	Dummy Effect Bundle for Description	1
wh3_dlc29_skv_magic_summon_verminlord_4_rank_bundle	wh3_dlc29_magic_summon_verminlord_warpseer_4	false	Fake Effect Bundle for Description	2
wh3_dlc29_skv_magic_thanquol_lose_warpstone_200	wh3_dlc29_magic_summon_verminlord_warpseer_4	false		3
wh3_dlc29_skv_spawn_verminlord_warpseer_1	wh3_dlc29_magic_summon_verminlord_warpseer_4	false	Scripted logic payload - Summon Verminlord	0
wh3_dlc29_skv_thanquol_add_magic_1	wh3_dlc29_magic_summon_verminlord_warpseer_4	false	Magic Plans - Part of Combo Pieces to complete plan	0
wh3_dlc29_magic_summon_verminlord_warpseer_5	wh3_dlc29_magic_summon_verminlord_warpseer_5	false	Add units	0
wh3_dlc29_skv_bundle_magic_summon_verminlord_spawn	wh3_dlc29_magic_summon_verminlord_warpseer_5	false	Dummy Effect Bundle for Description	1
wh3_dlc29_skv_magic_summon_verminlord_5_rank_bundle	wh3_dlc29_magic_summon_verminlord_warpseer_5	false	Fake Effect Bundle for Description	2
wh3_dlc29_skv_magic_thanquol_lose_warpstone_200	wh3_dlc29_magic_summon_verminlord_warpseer_5	false		3
wh3_dlc29_skv_spawn_verminlord_warpseer_1	wh3_dlc29_magic_summon_verminlord_warpseer_5	false	Scripted logic payload - Summon Verminlord	0
wh3_dlc29_skv_thanquol_add_magic_1	wh3_dlc29_magic_summon_verminlord_warpseer_5	false	Magic Plans - Part of Combo Pieces to complete plan	0
wh3_dlc29_bundle_magic_upgrade_verminlord_1	wh3_dlc29_magic_upgrade_verminlord_1	false	Dummy Effect Bundle for Description	0
wh3_dlc29_bundle_magic_upgrade_verminlord	wh3_dlc29_magic_upgrade_verminlord_2	false	Dummy Effect Bundle for Description	1
wh3_dlc29_skv_magic_summon_verminlord_2_rank_bundle	wh3_dlc29_magic_upgrade_verminlord_2	false	Dummy Effect Bundle for Description	2
wh3_dlc29_bundle_magic_upgrade_verminlord	wh3_dlc29_magic_upgrade_verminlord_3	false	Dummy Effect Bundle for Description	1
wh3_dlc29_skv_magic_summon_verminlord_3_rank_bundle	wh3_dlc29_magic_upgrade_verminlord_3	false	Dummy Effect Bundle for Description	2
wh3_dlc29_bundle_magic_upgrade_verminlord	wh3_dlc29_magic_upgrade_verminlord_4	false	Dummy Effect Bundle for Description	1
wh3_dlc29_skv_magic_summon_verminlord_4_rank_bundle	wh3_dlc29_magic_upgrade_verminlord_4	false	Dummy Effect Bundle for Description	2
wh3_dlc29_bundle_magic_upgrade_verminlord	wh3_dlc29_magic_upgrade_verminlord_5	false	Dummy Effect Bundle for Description	1
wh3_dlc29_skv_magic_summon_verminlord_5_rank_bundle	wh3_dlc29_magic_upgrade_verminlord_5	false	Dummy Effect Bundle for Description	2
wh3_dlc29_skv_magic_verminlord_rank_up	wh3_dlc29_magic_verminlord_rank_up	false	Fake Effect Bundle for Description	0
wh3_dlc29_bundle_military_action_assassin_2	wh3_dlc29_military_action_assassin_2	false	Dummy Description for Action token	0
wh3_dlc29_skv_bundle_cooldown_13	wh3_dlc29_military_action_assassin_2	false	Dummy Effect Bundles for Description	4
wh3_dlc29_bundle_military_action_assassin_3	wh3_dlc29_military_action_assassin_3	false	Dummy Description for Action token	0
wh3_dlc29_skv_bundle_cooldown_13	wh3_dlc29_military_action_assassin_3	false	Dummy Effect Bundles for Description	4
wh3_dlc29_bundle_action_draw_assassin	wh3_dlc29_military_action_assassin_draw	false	Dummy Effect Bundles for Description	0
wh3_dlc29_draw_bounty	wh3_dlc29_military_action_assassin_draw	false	Chance to draw bounty	0
wh3_dlc29_military_action_draw_assassin	wh3_dlc29_military_action_assassin_draw	false	Draw Positive Filtered token	0
wh3_dlc29_skv_bundle_cooldown_3	wh3_dlc29_military_action_assassin_draw	false	Dummy Effect Bundles for Description	4
wh3_dlc29_bundle_military_action_assassin	wh3_dlc29_military_action_assassin	false	Dummy Description for Action token	0
wh3_dlc29_skv_bundle_cooldown_13	wh3_dlc29_military_action_assassin	false	Dummy Effect Bundles for Description	4
wh3_dlc29_bundle_action_remove_green_token	wh3_dlc29_military_action_bounty_chieftain_0	false	Dummy Effect Bundles for Description	1
wh3_dlc29_skv_bundle_single_use	wh3_dlc29_military_action_bounty_chieftain_0	false	Dummy Effect Bundles for Description	4
wh3_dlc29_skv_remove_pinned_tokens_from_drawn	wh3_dlc29_military_action_bounty_chieftain_0	false	Remove Target	0
wh3_dlc29_skv_thanquol_add_money_instant_2000	wh3_dlc29_military_action_bounty_chieftain_0	false	Treasury - Military Plan	2
wh3_dlc29_target_military_action_bounty_chieftain_0	wh3_dlc29_military_action_bounty_chieftain_0	false	Targeting Component	0
wh3_dlc29_bundle_action_remove_green_token	wh3_dlc29_military_action_bounty_chieftain_1	false	Dummy Effect Bundles for Description	1
wh3_dlc29_skv_bundle_single_use	wh3_dlc29_military_action_bounty_chieftain_1	false	Dummy Effect Bundles for Description	4
wh3_dlc29_skv_remove_pinned_tokens_from_drawn	wh3_dlc29_military_action_bounty_chieftain_1	false	Remove Target	0
wh3_dlc29_skv_thanquol_add_money_instant_4000	wh3_dlc29_military_action_bounty_chieftain_1	false	Treasury - Military Plan	2
wh3_dlc29_target_military_action_bounty_chieftain_1	wh3_dlc29_military_action_bounty_chieftain_1	false	Targeting Component	0
wh3_dlc29_bundle_action_remove_green_token	wh3_dlc29_military_action_bounty_packmaster_0	false	Dummy Effect Bundles for Description	1
wh3_dlc29_skv_bundle_single_use	wh3_dlc29_military_action_bounty_packmaster_0	false	Dummy Effect Bundles for Description	4
wh3_dlc29_skv_remove_pinned_tokens_from_drawn	wh3_dlc29_military_action_bounty_packmaster_0	false	Remove Target	0
wh3_dlc29_skv_thanquol_add_money_instant_2000	wh3_dlc29_military_action_bounty_packmaster_0	false	Treasury - Military Plan	2
wh3_dlc29_target_military_action_bounty_packmaster_0	wh3_dlc29_military_action_bounty_packmaster_0	false	Targeting Component	0
wh3_dlc29_bundle_action_remove_green_token	wh3_dlc29_military_action_bounty_packmaster_2	false	Dummy Effect Bundles for Description	1
wh3_dlc29_skv_bundle_single_use	wh3_dlc29_military_action_bounty_packmaster_2	false	Dummy Effect Bundles for Description	4
wh3_dlc29_skv_remove_pinned_tokens_from_drawn	wh3_dlc29_military_action_bounty_packmaster_2	false	Remove Target	0
wh3_dlc29_skv_thanquol_add_money_instant_4000	wh3_dlc29_military_action_bounty_packmaster_2	false	Treasury - Military Plan	2
wh3_dlc29_target_military_action_bounty_packmaster_2	wh3_dlc29_military_action_bounty_packmaster_2	false	Targeting Component	0
wh3_dlc29_bundle_action_remove_green_token	wh3_dlc29_military_action_bounty_plague_priest_0	false	Dummy Effect Bundles for Description	1
wh3_dlc29_skv_bundle_single_use	wh3_dlc29_military_action_bounty_plague_priest_0	false	Dummy Effect Bundles for Description	4
wh3_dlc29_skv_remove_pinned_tokens_from_drawn	wh3_dlc29_military_action_bounty_plague_priest_0	false	Remove Target	0
wh3_dlc29_skv_thanquol_add_money_instant_2000	wh3_dlc29_military_action_bounty_plague_priest_0	false	Treasury - Military Plan	2
wh3_dlc29_target_military_action_bounty_plague_priest_0	wh3_dlc29_military_action_bounty_plague_priest_0	false	Targeting Component	0
wh3_dlc29_bundle_action_remove_green_token	wh3_dlc29_military_action_bounty_plague_priest_2	false	Dummy Effect Bundles for Description	1
wh3_dlc29_skv_bundle_single_use	wh3_dlc29_military_action_bounty_plague_priest_2	false	Dummy Effect Bundles for Description	4
wh3_dlc29_skv_remove_pinned_tokens_from_drawn	wh3_dlc29_military_action_bounty_plague_priest_2	false	Remove Target	0
wh3_dlc29_skv_thanquol_add_money_instant_4000	wh3_dlc29_military_action_bounty_plague_priest_2	false	Treasury - Military Plan	2
wh3_dlc29_target_military_action_bounty_plague_priest_2	wh3_dlc29_military_action_bounty_plague_priest_2	false	Targeting Component	0
wh3_dlc29_bundle_action_remove_green_token	wh3_dlc29_military_action_bounty_warlock_engineer	false	Dummy Effect Bundles for Description	1
wh3_dlc29_skv_bundle_single_use	wh3_dlc29_military_action_bounty_warlock_engineer	false	Dummy Effect Bundles for Description	4
wh3_dlc29_skv_remove_pinned_tokens_from_drawn	wh3_dlc29_military_action_bounty_warlock_engineer	false	Remove Target	0
wh3_dlc29_skv_thanquol_add_money_instant_2000	wh3_dlc29_military_action_bounty_warlock_engineer	false	Treasury - Military Plan	2
wh3_dlc29_target_military_action_bounty_warlock_engineer	wh3_dlc29_military_action_bounty_warlock_engineer	false	Targeting Component	0
wh3_dlc29_bundle_military_action_chieftain_0	wh3_dlc29_military_action_chieftain_0	false	Dummy Description for Action token	0
wh3_dlc29_skv_bundle_cooldown_13	wh3_dlc29_military_action_chieftain_0	false	Dummy Effect Bundles for Description	4
wh3_dlc29_bundle_military_action_chieftain_1	wh3_dlc29_military_action_chieftain_1	false	Dummy Description for Action token	0
wh3_dlc29_skv_bundle_cooldown_13	wh3_dlc29_military_action_chieftain_1	false	Dummy Description for Action token	1
wh3_dlc29_bundle_military_action_chieftain_2	wh3_dlc29_military_action_chieftain_2	false	Dummy Description for Action token	0
wh3_dlc29_skv_bundle_cooldown_13	wh3_dlc29_military_action_chieftain_2	false	Dummy Effect Bundles for Description	4
wh3_dlc29_bundle_military_action_eshin_sorcerer_1	wh3_dlc29_military_action_eshin_sorcerer_1	false	Dummy Description for Action token	0
wh3_dlc29_skv_bundle_cooldown_13	wh3_dlc29_military_action_eshin_sorcerer_1	false	Dummy Effect Bundles for Description	4
wh3_dlc29_bundle_military_action_eshin_sorcerer_2	wh3_dlc29_military_action_eshin_sorcerer_2	false	Dummy Description for Action token	0
wh3_dlc29_skv_bundle_cooldown_13	wh3_dlc29_military_action_eshin_sorcerer_2	false	Dummy Effect Bundles for Description	4
wh3_dlc29_bundle_military_action_eshin_sorcerer	wh3_dlc29_military_action_eshin_sorcerer	false	Dummy Description for Action token	0
wh3_dlc29_skv_bundle_cooldown_13	wh3_dlc29_military_action_eshin_sorcerer	false	Dummy Effect Bundles for Description	4
wh3_dlc29_bundle_military_action_packmaster_0	wh3_dlc29_military_action_packmaster_0	false	Dummy Description for Action token	0
wh3_dlc29_skv_bundle_cooldown_13	wh3_dlc29_military_action_packmaster_0	false	Dummy Effect Bundles for Description	4
wh3_dlc29_bundle_military_action_packmaster_1	wh3_dlc29_military_action_packmaster_1	false	Dummy Description for Action token	0
wh3_dlc29_skv_bundle_cooldown_13	wh3_dlc29_military_action_packmaster_1	false	Dummy Effect Bundles for Description	4
wh3_dlc29_bundle_military_action_packmaster_2	wh3_dlc29_military_action_packmaster_2	false	Dummy Description for Action token	0
wh3_dlc29_skv_bundle_cooldown_13	wh3_dlc29_military_action_packmaster_2	false	Dummy Effect Bundles for Description	4
wh3_dlc29_bundle_military_action_plague_priest_0	wh3_dlc29_military_action_plague_priest_0	false	Dummy Description for Action token	0
wh3_dlc29_skv_bundle_cooldown_13	wh3_dlc29_military_action_plague_priest_0	false	Dummy Effect Bundles for Description	4
wh3_dlc29_bundle_military_action_plague_priest_1	wh3_dlc29_military_action_plague_priest_1	false	Dummy Description for Action token	0
wh3_dlc29_skv_bundle_cooldown_13	wh3_dlc29_military_action_plague_priest_1	false	Dummy Effect Bundles for Description	4
wh3_dlc29_bundle_military_action_plague_priest_2	wh3_dlc29_military_action_plague_priest_2	false	Dummy Description for Action token	0
wh3_dlc29_skv_bundle_cooldown_13	wh3_dlc29_military_action_plague_priest_2	false	Dummy Effect Bundles for Description	4
wh3_dlc29_skv_add_plague_censer_bearers	wh3_dlc29_military_action_skill_grey_seer_censer_bearers	false	Military Plan Units	0
wh3_dlc29_bundle_military_action_skill_grey_seer_draw_units_1	wh3_dlc29_military_action_skill_grey_seer_draw_units_1	false	Dummy Effect Bundles for Description	1
wh3_dlc29_military_action_skill_grey_seer_draw_units_1	wh3_dlc29_military_action_skill_grey_seer_draw_units_1	false	Select Tokens - Grey Seer Military	0
wh3_dlc29_skv_bundle_cooldown_2	wh3_dlc29_military_action_skill_grey_seer_draw_units_1	false	Dummy Effect Bundles for Description	4
wh3_dlc29_skv_remove_pinned_tokens_from_drawn	wh3_dlc29_military_action_skill_grey_seer_draw_units_1	false	Remove selected tokens	0
wh3_dlc29_skv_target_green_to_replace_from_set	wh3_dlc29_military_action_skill_grey_seer_draw_units_1	false	Targeting Component	0
wh3_dlc29_bundle_military_action_skill_grey_seer_draw_units_2	wh3_dlc29_military_action_skill_grey_seer_draw_units_2	false	Dummy Effect Bundles for Description	1
wh3_dlc29_military_action_skill_grey_seer_draw_units_2	wh3_dlc29_military_action_skill_grey_seer_draw_units_2	false	Draw tokens - Grey Seer	0
wh3_dlc29_skv_bundle_cooldown_2	wh3_dlc29_military_action_skill_grey_seer_draw_units_2	false	Dummy Effect Bundles for Description	4
wh3_dlc29_skv_remove_pinned_tokens_from_drawn	wh3_dlc29_military_action_skill_grey_seer_draw_units_2	false	Remove selected tokens	0
wh3_dlc29_skv_target_green_to_replace_from_set	wh3_dlc29_military_action_skill_grey_seer_draw_units_2	false	Targeting Component	0
wh3_dlc29_bundle_military_action_skill_grey_seer_draw_units_3	wh3_dlc29_military_action_skill_grey_seer_draw_units_3	false	Dummy Effect Bundles for Description	1
wh3_dlc29_military_action_skill_grey_seer_draw_units_3	wh3_dlc29_military_action_skill_grey_seer_draw_units_3	false	Draw tokens - Grey Seer	0
wh3_dlc29_skv_bundle_cooldown_2	wh3_dlc29_military_action_skill_grey_seer_draw_units_3	false	Dummy Effect Bundles for Description	4
wh3_dlc29_skv_remove_pinned_tokens_from_drawn	wh3_dlc29_military_action_skill_grey_seer_draw_units_3	false	Remove selected tokens	0
wh3_dlc29_skv_target_green_to_replace_from_set	wh3_dlc29_military_action_skill_grey_seer_draw_units_3	false	Targeting Component	0
wh3_dlc29_bundle_military_action_skill_grey_seer_draw_units_4	wh3_dlc29_military_action_skill_grey_seer_draw_units_4	false	Dummy Effect Bundles for Description	1
wh3_dlc29_military_action_skill_grey_seer_draw_units_4	wh3_dlc29_military_action_skill_grey_seer_draw_units_4	false	Draw tokens - Grey Seer	0
wh3_dlc29_skv_bundle_cooldown_2	wh3_dlc29_military_action_skill_grey_seer_draw_units_4	false	Dummy Effect Bundles for Description	4
wh3_dlc29_skv_remove_pinned_tokens_from_drawn	wh3_dlc29_military_action_skill_grey_seer_draw_units_4	false	Remove selected tokens	0
wh3_dlc29_skv_target_green_to_replace_from_set	wh3_dlc29_military_action_skill_grey_seer_draw_units_4	false	Targeting Component	0
wh3_dlc29_bundle_military_action_skill_grey_seer_draw_units_5	wh3_dlc29_military_action_skill_grey_seer_draw_units_5	false	Dummy Effect Bundles for Description	1
wh3_dlc29_military_action_skill_grey_seer_draw_units_5	wh3_dlc29_military_action_skill_grey_seer_draw_units_5	false	Draw tokens - Grey Seer	0
wh3_dlc29_skv_bundle_cooldown_2	wh3_dlc29_military_action_skill_grey_seer_draw_units_5	false	Dummy Effect Bundles for Description	4
wh3_dlc29_skv_remove_pinned_tokens_from_drawn	wh3_dlc29_military_action_skill_grey_seer_draw_units_5	false	Remove selected tokens	0
wh3_dlc29_skv_target_green_to_replace_from_set	wh3_dlc29_military_action_skill_grey_seer_draw_units_5	false	Targeting Component	0
wh3_dlc29_skv_add_stormfiend_warpfire	wh3_dlc29_military_action_skill_grey_seer_stormfiend	false	Military Plan Units	0
wh3_dlc29_skv_add_stormvermin_0	wh3_dlc29_military_action_skill_grey_seer_stormvermin_generated	false	Military Plan Units	0
wh3_dlc29_bundle_action_skill_lose_tokens_spawn_cauldron_poxes	wh3_dlc29_military_action_skill_spawn_cauldron_poxes_1	false	Dummy Effect Bundles for Description	1
wh3_dlc29_skv_bundle_cooldown_4	wh3_dlc29_military_action_skill_spawn_cauldron_poxes_1	false	Dummy Effect Bundles for Description	4
wh3_dlc29_skv_plague_draw	wh3_dlc29_military_action_skill_spawn_cauldron_poxes_1	false	Chance to draw Plague token	0
wh3_dlc29_skv_remove_pinned_tokens_from_drawn	wh3_dlc29_military_action_skill_spawn_cauldron_poxes_1	false	Remove Targeted Tokens	0
wh3_dlc29_skv_target_green_1	wh3_dlc29_military_action_skill_spawn_cauldron_poxes_1	false	Targeting Payload	0
wh3_dlc29_bundle_action_skill_lose_tokens_spawn_cauldron_poxes	wh3_dlc29_military_action_skill_spawn_cauldron_poxes_2	false	Dummy Effect Bundles for Description	1
wh3_dlc29_skv_bundle_cauldron_action_draw_1	wh3_dlc29_military_action_skill_spawn_cauldron_poxes_2	false	Dummy Effect Bundles for Description	2
wh3_dlc29_skv_bundle_cooldown_4	wh3_dlc29_military_action_skill_spawn_cauldron_poxes_2	false	Dummy Effect Bundles for Description	4
wh3_dlc29_skv_cauldron_action_draw_1	wh3_dlc29_military_action_skill_spawn_cauldron_poxes_2	false	Chance to draw Pestilens units	0
wh3_dlc29_skv_plague_draw	wh3_dlc29_military_action_skill_spawn_cauldron_poxes_2	false	Chance to draw Plague token	0
wh3_dlc29_skv_remove_pinned_tokens_from_drawn	wh3_dlc29_military_action_skill_spawn_cauldron_poxes_2	false	Remove Targeted Tokens	0
wh3_dlc29_skv_target_green_1	wh3_dlc29_military_action_skill_spawn_cauldron_poxes_2	false	Targeting Payload	0
wh3_dlc29_bundle_action_skill_lose_tokens_spawn_cauldron_poxes	wh3_dlc29_military_action_skill_spawn_cauldron_poxes_3	false	Dummy Effect Bundles for Description	1
wh3_dlc29_skv_bundle_cauldron_action_draw_2	wh3_dlc29_military_action_skill_spawn_cauldron_poxes_3	false	Dummy Effect Bundles for Description	2
wh3_dlc29_skv_bundle_cooldown_4	wh3_dlc29_military_action_skill_spawn_cauldron_poxes_3	false	Dummy Effect Bundles for Description	4
wh3_dlc29_skv_cauldron_action_draw_2	wh3_dlc29_military_action_skill_spawn_cauldron_poxes_3	false	Chance to draw Pestilens units	0
wh3_dlc29_skv_plague_draw	wh3_dlc29_military_action_skill_spawn_cauldron_poxes_3	false	Chance to draw Plague token	0
wh3_dlc29_skv_remove_pinned_tokens_from_drawn	wh3_dlc29_military_action_skill_spawn_cauldron_poxes_3	false	Remove Targeted Tokens	0
wh3_dlc29_skv_target_green_1	wh3_dlc29_military_action_skill_spawn_cauldron_poxes_3	false	Targeting Payload	0
wh3_dlc29_skv_add_cauldron_poxes	wh3_dlc29_military_action_skill_spawn_cauldron_poxes_generated	false	Military Payload units	0
wh3_dlc29_skv_add_death_globe_bombardiers	wh3_dlc29_military_action_skill_spawn_death_globe_bombadiers_generated	false	Military Payload units	0
wh3_dlc29_skv_add_hell_pit_abomination_dummy_payload_display	wh3_dlc29_military_action_skill_spawn_hell_pit_abomination_1	false	Dummy Payload for UI visualization	2
wh3_dlc29_skv_bundle_cooldown_4	wh3_dlc29_military_action_skill_spawn_hell_pit_abomination_1	false	Dummy Effect Bundles for Description	4
wh3_dlc29_skv_remove_pinned_tokens_from_drawn	wh3_dlc29_military_action_skill_spawn_hell_pit_abomination_1	false	Payload to remove green tokens	0
wh3_dlc29_skv_target_green_2	wh3_dlc29_military_action_skill_spawn_hell_pit_abomination_1	false	Targeting Payload	1
wh3_dlc29_skv_add_hell_pit_abomination_dummy_payload_display	wh3_dlc29_military_action_skill_spawn_hell_pit_abomination_2	false	Dummy Payload for UI visualization	2
wh3_dlc29_skv_bundle_cooldown_4	wh3_dlc29_military_action_skill_spawn_hell_pit_abomination_2	false	Dummy Effect Bundles for Description	4
wh3_dlc29_skv_remove_pinned_tokens_from_drawn	wh3_dlc29_military_action_skill_spawn_hell_pit_abomination_2	false	Payload to remove green tokens	0
wh3_dlc29_skv_target_green_1	wh3_dlc29_military_action_skill_spawn_hell_pit_abomination_2	false	Targeting Payload	1
wh3_dlc29_skv_add_hell_pit_abomination	wh3_dlc29_military_action_skill_spawn_hell_pit_abomination_generated	false	Military Payload units	0
wh3_dlc29_skv_add_poison_wind_mortar	wh3_dlc29_military_action_skill_spawn_poisoned_wind_mortars_dlc_generated	false	Military Payload units	0
wh3_dlc29_skv_add_stormvermin_1_rank_9	wh3_dlc29_military_action_skill_spawn_stormvermin_rank_9_generated	false	Military Payload units	0
wh3_dlc29_skv_add_warp_doom_magma_cannon	wh3_dlc29_military_action_skill_spawn_warp_doom_magma_cannon_generated	false	Military Payload units	0
wh3_dlc29_any_action_draw_warlock_negative	wh3_dlc29_military_action_skill_spawn_warp_doom_magma_cannon	false	Warlock Red Draw	0
wh3_dlc29_bundle_action_skill_spawn_warp_doom_magma_cannon	wh3_dlc29_military_action_skill_spawn_warp_doom_magma_cannon	false	Dummy Effect Bundles for Description	0
wh3_dlc29_skv_bundle_cooldown_4	wh3_dlc29_military_action_skill_spawn_warp_doom_magma_cannon	false	Dummy Effect Bundles for Description	4
wh3_dlc29_bundle_military_action_warlock_engineer_1	wh3_dlc29_military_action_warlock_engineer_2	false	Dummy Description for Action token	0
wh3_dlc29_skv_bundle_cooldown_13	wh3_dlc29_military_action_warlock_engineer_2	false	Dummy Effect Bundles for Description	4
wh3_dlc29_bundle_military_action_warlock_engineer_2	wh3_dlc29_military_action_warlock_engineer_3	false	Dummy Description for Action token	0
wh3_dlc29_skv_bundle_cooldown_13	wh3_dlc29_military_action_warlock_engineer_3	false	Dummy Effect Bundles for Description	4
wh3_dlc29_bundle_military_action_warlock_engineer	wh3_dlc29_military_action_warlock_engineer	false	Dummy Description for Action token	0
wh3_dlc29_skv_bundle_cooldown_13	wh3_dlc29_military_action_warlock_engineer	false	Dummy Effect Bundles for Description	4
wh3_dlc29_skv_add_hero_unit_assassin_2	wh3_dlc29_military_green_assassin_2	false	Military Plan Unit Payload	0
wh3_dlc29_skv_add_hero_unit_assassin_3	wh3_dlc29_military_green_assassin_3	false	Military Plan Unit Payload	0
wh3_dlc29_skv_add_hero_unit_assassin_1	wh3_dlc29_military_green_assassin	false	Military Plan Unit Payload	0
wh3_dlc29_skv_add_clanrats	wh3_dlc29_military_green_basic_infantry_1	false	Military Payload units	0
wh3_dlc29_skv_add_clanrats_shields	wh3_dlc29_military_green_basic_infantry_2	false	Military Payload units	0
wh3_dlc29_skv_add_clanrats_shields	wh3_dlc29_military_green_basic_infantry_grey_seer_3_generated	false	Military Payload units	0
wh3_dlc29_bundle_military_green_basic_infantry_grey_seer_3	wh3_dlc29_military_green_basic_infantry_grey_seer_3	false	Dummy Effect Bundle for Description	1
wh3_dlc29_skv_add_clanrats_shields	wh3_dlc29_military_green_basic_infantry_grey_seer_3	false	Military Payload units	0
wh3_dlc29_skv_add_clanrat_spears	wh3_dlc29_military_green_basic_infantry_spears_1	false	Military Payload units	0
wh3_dlc29_skv_add_clanrat_spears_shields	wh3_dlc29_military_green_basic_infantry_spears_2	false	Military Payload units	0
wh3_dlc29_skv_add_night_runners	wh3_dlc29_military_green_basic_missile_infantry_1	false	Military Payload units	0
wh3_dlc29_skv_add_night_runners_slingers	wh3_dlc29_military_green_basic_missile_infantry_slingers_1	false	Military Payload units	0
wh3_dlc29_skv_add_rat_ogres	wh3_dlc29_military_green_basic_monsters_1	false	Military Payload units	0
wh3_dlc29_skv_add_pusbags_x2	wh3_dlc29_military_green_basic_pusbags_1	false	Military - Weak Units	0
wh3_dlc29_skv_add_pusbags_x3	wh3_dlc29_military_green_basic_pusbags_2	false	Military - Weak Units	0
wh3_dlc29_skv_add_skavenslaves_x2	wh3_dlc29_military_green_basic_skavenslaves_lower_chance	false	Military - Weak Units	0
wh3_dlc29_skv_add_skavenslaves_x2	wh3_dlc29_military_green_basic_skavenslaves	false	Military - Weak Units	0
wh3_dlc29_skv_add_brood_horror	wh3_dlc29_military_green_brood_horror_dlc_1	false	Military Payload units	0
wh3_dlc29_skv_hidden_chaotic_draw_1	wh3_dlc29_military_green_brood_horror_dlc_1	false	Hidden 2% chance for purple or red token	0
wh3_dlc29_skv_add_brood_horror	wh3_dlc29_military_green_brood_horror_dlc_2	false	Military Payload units	0
wh3_dlc29_skv_hidden_chaotic_draw_1	wh3_dlc29_military_green_brood_horror_dlc_2	false	Hidden 2% chance for purple or red token	0
wh3_dlc29_skv_add_hero_unit_chieftain_0	wh3_dlc29_military_green_chieftain_0	false	Military Plan Unit Payload	0
wh3_dlc29_skv_add_hero_unit_chieftain_1	wh3_dlc29_military_green_chieftain_1	false	Military Plan Unit Payload	0
wh3_dlc29_skv_add_hero_unit_chieftain_2	wh3_dlc29_military_green_chieftain_2	false	Military Plan Unit Payload	0
wh3_dlc29_skv_add_death_globe_bombardiers	wh3_dlc29_military_green_death_globe_bombadiers_1	false	Military Payload units	0
wh3_dlc29_skv_hidden_chaotic_draw_1	wh3_dlc29_military_green_death_globe_bombadiers_1	false	Hidden 2% chance for purple or red token	0
wh3_dlc29_draw_death_globe_bombadiers_1	wh3_dlc29_military_green_death_globe_bombadiers_2	false	Chance to copy unit	0
wh3_dlc29_skv_add_death_globe_bombardiers	wh3_dlc29_military_green_death_globe_bombadiers_2	false	Military Payload units	0
wh3_dlc29_skv_hidden_chaotic_draw_1	wh3_dlc29_military_green_death_globe_bombadiers_2	false	Hidden 2% chance for purple or red token	0
wh3_dlc29_skv_add_death_runners	wh3_dlc29_military_green_death_runners_1	false	Military Payload units	0
wh3_dlc29_skv_hidden_chaotic_draw_1	wh3_dlc29_military_green_death_runners_1	false	Hidden 2% chance for purple or red token	0
wh3_dlc29_skv_add_death_runners	wh3_dlc29_military_green_death_runners_2	false	Military Payload units	0
wh3_dlc29_skv_hidden_chaotic_draw_1	wh3_dlc29_military_green_death_runners_2	false	Hidden 2% chance for purple or red token	0
wh3_dlc29_skv_add_death_runners	wh3_dlc29_military_green_death_runners_3	false	Military Payload units	0
wh3_dlc29_skv_hidden_chaotic_draw_1	wh3_dlc29_military_green_death_runners_3	false	Hidden 2% chance for purple or red token	0
wh3_dlc29_skv_add_doom_flayers	wh3_dlc29_military_green_doom_flayer_dlc_1	false	Military Payload units	0
wh3_dlc29_skv_hidden_chaotic_draw_1	wh3_dlc29_military_green_doom_flayer_dlc_1	false	Hidden 2% chance for purple or red token	0
wh3_dlc29_draw_doom_flayer_dlc_1	wh3_dlc29_military_green_doom_flayer_dlc_2	false	Chance to copy unit	0
wh3_dlc29_skv_add_doom_flayers	wh3_dlc29_military_green_doom_flayer_dlc_2	false	Military Payload units	0
wh3_dlc29_skv_hidden_chaotic_draw_1	wh3_dlc29_military_green_doom_flayer_dlc_2	false	Hidden 2% chance for purple or red token	0
wh3_dlc29_skv_add_doomwheel	wh3_dlc29_military_green_doomwheel_1	false	Military Payload units	0
wh3_dlc29_skv_hidden_chaotic_draw_1	wh3_dlc29_military_green_doomwheel_1	false	Hidden 2% chance for purple or red token	0
wh3_dlc29_draw_doomwheel_1	wh3_dlc29_military_green_doomwheel_2	false	Chance to copy unit	0
wh3_dlc29_skv_add_doomwheel	wh3_dlc29_military_green_doomwheel_2	false	Military Payload units	0
wh3_dlc29_skv_hidden_chaotic_draw_1	wh3_dlc29_military_green_doomwheel_2	false	Hidden 2% chance for purple or red token	0
wh3_dlc29_skv_add_hero_unit_eshin_sorcerer_2	wh3_dlc29_military_green_eshin_sorcerer_1	false	Military Plan Unit Payload	0
wh3_dlc29_skv_add_hero_unit_eshin_sorcerer_3	wh3_dlc29_military_green_eshin_sorcerer_2	false	Military Plan Unit Payload	0
wh3_dlc29_skv_add_hero_unit_eshin_sorcerer_1	wh3_dlc29_military_green_eshin_sorcerer	false	Military Plan Unit Payload	0
wh3_dlc29_skv_add_eshin_triads	wh3_dlc29_military_green_eshin_triads_dlc_1	false	Military Payload units	0
wh3_dlc29_skv_hidden_chaotic_draw_1	wh3_dlc29_military_green_eshin_triads_dlc_1	false	Hidden 2% chance for purple or red token	0
wh3_dlc29_skv_add_gutter_runners_x2	wh3_dlc29_military_green_gutter_runners_1_double	false	Military Payload units	0
wh3_dlc29_skv_add_gutter_runners_poison	wh3_dlc29_military_green_gutter_runners_1_poison	false	Military Payload units	0
wh3_dlc29_skv_add_gutter_runners	wh3_dlc29_military_green_gutter_runners_1	false	Military Payload units	0
wh3_dlc29_skv_add_gutter_runners_slingers_poison	wh3_dlc29_military_green_gutter_runners_slingers_1_poison	false	Military Payload units	0
wh3_dlc29_skv_add_gutter_runners_slingers	wh3_dlc29_military_green_gutter_runners_slingers_1	false	Military Payload units	0
wh3_dlc29_skv_add_hell_pit_abomination	wh3_dlc29_military_green_hell_pit_abomination	false	Military Payload units	0
wh3_dlc29_skv_hidden_chaotic_draw_1	wh3_dlc29_military_green_hell_pit_abomination	false	Hidden 2% chance for purple or red token	0
wh3_dlc29_skv_add_stormfiend_doomflayer	wh3_dlc29_military_green_moulder_stormfiends_doomflayer_1	false	Military Payload units	0
wh3_dlc29_skv_hidden_chaotic_draw_1	wh3_dlc29_military_green_moulder_stormfiends_doomflayer_1	false	Hidden 2% chance for purple or red token	0
wh3_dlc29_skv_add_stormfiend_doomflayer_rank_9	wh3_dlc29_military_green_moulder_stormfiends_doomflayer_2	false	Military Payload units	0
wh3_dlc29_skv_hidden_chaotic_draw_1	wh3_dlc29_military_green_moulder_stormfiends_doomflayer_2	false	Hidden 2% chance for purple or red token	0
wh3_dlc29_skv_add_stormfiend_grinderfists	wh3_dlc29_military_green_moulder_stormfiends_grinder_1	false	Military Payload units	0
wh3_dlc29_skv_hidden_chaotic_draw_1	wh3_dlc29_military_green_moulder_stormfiends_grinder_1	false	Hidden 2% chance for purple or red token	0
wh3_dlc29_skv_add_stormfiend_grinderfists_rank_9	wh3_dlc29_military_green_moulder_stormfiends_grinder_2	false	Military Payload units	0
wh3_dlc29_skv_hidden_chaotic_draw_1	wh3_dlc29_military_green_moulder_stormfiends_grinder_2	false	Hidden 2% chance for purple or red token	0
wh3_dlc29_skv_add_stormfiend_shock	wh3_dlc29_military_green_moulder_stormfiends_shock_1	false	Military Payload units	0
wh3_dlc29_skv_hidden_chaotic_draw_1	wh3_dlc29_military_green_moulder_stormfiends_shock_1	false	Hidden 2% chance for purple or red token	0
wh3_dlc29_skv_add_stormfiend_shock_rank_9	wh3_dlc29_military_green_moulder_stormfiends_shock_2	false	Military Payload units	0
wh3_dlc29_skv_hidden_chaotic_draw_1	wh3_dlc29_military_green_moulder_stormfiends_shock_2	false	Hidden 2% chance for purple or red token	0
wh3_dlc29_skv_add_wolf_rats	wh3_dlc29_military_green_moulder_wolf_rats_dlc_1	false	Military Payload units	0
wh3_dlc29_skv_hidden_chaotic_draw_1	wh3_dlc29_military_green_moulder_wolf_rats_dlc_1	false	Hidden 2% chance for purple or red token	0
wh3_dlc29_skv_add_wolf_rats_poison	wh3_dlc29_military_green_moulder_wolf_rats_dlc_2	false	Military Payload units	0
wh3_dlc29_skv_hidden_chaotic_draw_1	wh3_dlc29_military_green_moulder_wolf_rats_dlc_2	false	Hidden 2% chance for purple or red token	0
wh3_dlc29_skv_add_rat_ogre_mutant	wh3_dlc29_military_green_mutant_rat_ogre_dlc_1	false	Military Payload units	0
wh3_dlc29_skv_hidden_chaotic_draw_1	wh3_dlc29_military_green_mutant_rat_ogre_dlc_1	false	Hidden 2% chance for purple or red token	0
wh3_dlc29_skv_add_rat_ogre_mutant	wh3_dlc29_military_green_mutant_rat_ogre_dlc_2	false	Military Payload units	0
wh3_dlc29_skv_hidden_chaotic_draw_1	wh3_dlc29_military_green_mutant_rat_ogre_dlc_2	false	Hidden 2% chance for purple or red token	0
wh3_dlc29_skv_add_hero_unit_packmaster_0	wh3_dlc29_military_green_packmaster_0	false	Military Plan Unit Payload	0
wh3_dlc29_skv_add_hero_unit_packmaster_1	wh3_dlc29_military_green_packmaster_1	false	Military Plan Unit Payload	0
wh3_dlc29_skv_add_hero_unit_packmaster_2	wh3_dlc29_military_green_packmaster_2	false	Military Plan Unit Payload	0
wh3_dlc29_skv_add_plague_censer_bearers	wh3_dlc29_military_green_plague_censer_bearers	false	Military Payload units	0
wh3_dlc29_skv_hidden_chaotic_draw_1	wh3_dlc29_military_green_plague_censer_bearers	false	Hidden 2% chance for purple or red token	0
wh3_dlc29_skv_add_plague_monks	wh3_dlc29_military_green_plague_monks_1	false	Military Payload units	0
wh3_dlc29_skv_hidden_chaotic_draw_1	wh3_dlc29_military_green_plague_monks_1	false	Hidden 2% chance for purple or red token	0
wh3_dlc29_skv_add_plague_monks	wh3_dlc29_military_green_plague_monks_2	false	Military Payload units	0
wh3_dlc29_skv_hidden_chaotic_draw_1	wh3_dlc29_military_green_plague_monks_2	false	Hidden 2% chance for purple or red token	0
wh3_dlc29_skv_add_hero_unit_plague_priest_0	wh3_dlc29_military_green_plague_priest_0	false	Military Plan Unit Payload	0
wh3_dlc29_skv_add_hero_unit_plague_priest_2	wh3_dlc29_military_green_plague_priest_1	false	Military Plan Unit Payload	0
wh3_dlc29_skv_add_hero_unit_plague_priest_1	wh3_dlc29_military_green_plague_priest_2	false	Military Plan Unit Payload	0
wh3_dlc29_skv_add_plagueclaw_catapults	wh3_dlc29_military_green_plagueclaw_catapult_1	false	Military Payload units	0
wh3_dlc29_skv_hidden_chaotic_draw_1	wh3_dlc29_military_green_plagueclaw_catapult_1	false	Hidden 2% chance for purple or red token	0
wh3_dlc29_skv_add_plagueclaw_catapults	wh3_dlc29_military_green_plagueclaw_catapult_2	false	Military Payload units	0
wh3_dlc29_skv_hidden_chaotic_draw_1	wh3_dlc29_military_green_plagueclaw_catapult_2	false	Hidden 2% chance for purple or red token	0
wh3_dlc29_skv_add_plagueclaw_catapults	wh3_dlc29_military_green_plagueclaw_catapult_3	false	Military Payload units	0
wh3_dlc29_skv_hidden_chaotic_draw_1	wh3_dlc29_military_green_plagueclaw_catapult_3	false	Hidden 2% chance for purple or red token	0
wh3_dlc29_skv_add_poison_wind_globadiers	wh3_dlc29_military_green_poison_wind_globadiers_1	false	Military Payload units	0
wh3_dlc29_skv_hidden_chaotic_draw_1	wh3_dlc29_military_green_poison_wind_globadiers_1	false	Hidden 2% chance for purple or red token	0
wh3_dlc29_draw_poison_wind_globadiers_1	wh3_dlc29_military_green_poison_wind_globadiers_2	false	Chance to copy unit	0
wh3_dlc29_skv_add_poison_wind_globadiers	wh3_dlc29_military_green_poison_wind_globadiers_2	false	Military Payload units	0
wh3_dlc29_skv_hidden_chaotic_draw_1	wh3_dlc29_military_green_poison_wind_globadiers_2	false	Hidden 2% chance for purple or red token	0
wh3_dlc29_skv_add_poison_wind_mortar	wh3_dlc29_military_green_poison_wind_mortars_1	false	Military Plan - Units	0
wh3_dlc29_skv_hidden_chaotic_draw_1	wh3_dlc29_military_green_poison_wind_mortars_1	false	Hidden 2% chance for purple or red token	0
wh3_dlc29_draw_poison_wind_mortars_1	wh3_dlc29_military_green_poison_wind_mortars_2	false	Chance to copy unit	0
wh3_dlc29_skv_add_poison_wind_mortar	wh3_dlc29_military_green_poison_wind_mortars_2	false	Military Plan - Units	0
wh3_dlc29_skv_hidden_chaotic_draw_1	wh3_dlc29_military_green_poison_wind_mortars_2	false	Hidden 2% chance for purple or red token	0
wh3_dlc29_skv_add_stormvermin_1	wh3_dlc29_military_green_rictus_stormvermin_1	false	Military Payload units	0
wh3_dlc29_skv_hidden_chaotic_draw_1	wh3_dlc29_military_green_rictus_stormvermin_1	false	Hidden 2% chance for purple or red token	0
wh3_dlc29_skv_add_stormvermin_1	wh3_dlc29_military_green_rictus_stormvermin_2	false	Military Payload units	0
wh3_dlc29_skv_hidden_chaotic_draw_1	wh3_dlc29_military_green_rictus_stormvermin_2	false	Hidden 2% chance for purple or red token	0
wh3_dlc29_bundle_military_green_basic_infantry_grey_seer_3	wh3_dlc29_military_green_rictus_stormvermin_grey_seer_1	false	Dummy Effect Bundle for Description	1
wh3_dlc29_skv_add_stormvermin_1	wh3_dlc29_military_green_rictus_stormvermin_grey_seer_1	false	Military Payload units	0
wh3_dlc29_skv_hidden_chaotic_draw_1	wh3_dlc29_military_green_rictus_stormvermin_grey_seer_1	false	Hidden 2% chance for purple or red token	0
wh3_dlc29_skv_add_stormvermin_0	wh3_dlc29_military_green_rictus_stormvermin_halberds_1	false	Military Payload units	0
wh3_dlc29_skv_hidden_chaotic_draw_1	wh3_dlc29_military_green_rictus_stormvermin_halberds_1	false	Hidden 2% chance for purple or red token	0
wh3_dlc29_skv_hidden_chaotic_draw_1	wh3_dlc29_military_green_rictus_stormvermin_halberds_2	false	Hidden 2% chance for purple or red token	0
wh3_dlc29_skv_add_stormvermin_0_rank_9	wh3_dlc29_military_green_rictus_stormvermin_halberds_rank_9	false	Military Payload units	0
wh3_dlc29_skv_hidden_chaotic_draw_1	wh3_dlc29_military_green_rictus_stormvermin_halberds_rank_9	false	Hidden 2% chance for purple or red token	0
wh3_dlc29_skv_add_ratling_guns	wh3_dlc29_military_green_skryre_ratling_guns_dlc_1	false	Military Payload units	0
wh3_dlc29_skv_hidden_chaotic_draw_1	wh3_dlc29_military_green_skryre_ratling_guns_dlc_1	false	Hidden 2% chance for purple or red token	0
wh3_dlc29_draw_skryre_ratling_guns_dlc_1	wh3_dlc29_military_green_skryre_ratling_guns_dlc_2	false	Chance to copy unit	0
wh3_dlc29_skv_add_ratling_guns	wh3_dlc29_military_green_skryre_ratling_guns_dlc_2	false	Military Payload units	0
wh3_dlc29_skv_hidden_chaotic_draw_1	wh3_dlc29_military_green_skryre_ratling_guns_dlc_2	false	Hidden 2% chance for purple or red token	0
wh3_dlc29_any_action_draw_warlock_negative_low_chance	wh3_dlc29_military_green_skryre_stormfiends_ratling_1	false	Warlock Red Draw during a plan (low chance)	0
wh3_dlc29_skv_add_stormfiend_ratling	wh3_dlc29_military_green_skryre_stormfiends_ratling_1	false	Military Payload units	0
wh3_dlc29_skv_hidden_chaotic_draw_1	wh3_dlc29_military_green_skryre_stormfiends_ratling_1	false	Hidden 2% chance for purple or red token	0
wh3_dlc29_any_action_draw_warlock_negative_low_chance	wh3_dlc29_military_green_skryre_stormfiends_ratling_2	false	Warlock Red Draw during a plan (low chance)	0
wh3_dlc29_draw_skryre_stormfiends_ratling_1	wh3_dlc29_military_green_skryre_stormfiends_ratling_2	false	Chance to copy unit	0
wh3_dlc29_skv_add_stormfiend_ratling	wh3_dlc29_military_green_skryre_stormfiends_ratling_2	false	Military Payload units	0
wh3_dlc29_skv_hidden_chaotic_draw_1	wh3_dlc29_military_green_skryre_stormfiends_ratling_2	false	Hidden 2% chance for purple or red token	0
wh3_dlc29_any_action_draw_warlock_negative_low_chance	wh3_dlc29_military_green_skryre_stormfiends_warpfire_1	false	Warlock Red Draw during a plan (low chance)	0
wh3_dlc29_skv_add_stormfiend_warpfire	wh3_dlc29_military_green_skryre_stormfiends_warpfire_1	false	Military Payload units	0
wh3_dlc29_skv_hidden_chaotic_draw_1	wh3_dlc29_military_green_skryre_stormfiends_warpfire_1	false	Hidden 2% chance for purple or red token	0
wh3_dlc29_any_action_draw_warlock_negative_low_chance	wh3_dlc29_military_green_skryre_stormfiends_warpfire_2	false	Warlock Red Draw during a plan (low chance)	0
wh3_dlc29_draw_skryre_stormfiends_warpfire_1	wh3_dlc29_military_green_skryre_stormfiends_warpfire_2	false	Chance to copy unit	0
wh3_dlc29_skv_add_stormfiend_warpfire	wh3_dlc29_military_green_skryre_stormfiends_warpfire_2	false	Military Payload units	0
wh3_dlc29_skv_hidden_chaotic_draw_1	wh3_dlc29_military_green_skryre_stormfiends_warpfire_2	false	Hidden 2% chance for purple or red token	0
wh3_dlc29_any_action_draw_warlock_negative_low_chance	wh3_dlc29_military_green_skryre_stormfiends_windlauncher_1	false	Warlock Red Draw during a plan (low chance)	0
wh3_dlc29_skv_add_stormfiend_windlaunchers	wh3_dlc29_military_green_skryre_stormfiends_windlauncher_1	false	Military Payload units	0
wh3_dlc29_skv_hidden_chaotic_draw_1	wh3_dlc29_military_green_skryre_stormfiends_windlauncher_1	false	Hidden 2% chance for purple or red token	0
wh3_dlc29_any_action_draw_warlock_negative_low_chance	wh3_dlc29_military_green_skryre_stormfiends_windlauncher_2	false	Warlock Red Draw during a plan (low chance)	0
wh3_dlc29_draw_skryre_stormfiends_windlauncher_1	wh3_dlc29_military_green_skryre_stormfiends_windlauncher_2	false	Chance to copy unit	0
wh3_dlc29_skv_add_stormfiend_windlaunchers	wh3_dlc29_military_green_skryre_stormfiends_windlauncher_2	false	Military Payload units	0
wh3_dlc29_skv_hidden_chaotic_draw_1	wh3_dlc29_military_green_skryre_stormfiends_windlauncher_2	false	Hidden 2% chance for purple or red token	0
wh3_dlc29_skv_add_warpfire_thrower	wh3_dlc29_military_green_skryre_warpfire_throwers_1	false	Military Payload units	0
wh3_dlc29_draw_skryre_warpfire_throwers_1	wh3_dlc29_military_green_skryre_warpfire_throwers_2	false	Chance to copy unit	0
wh3_dlc29_skv_add_warpfire_thrower	wh3_dlc29_military_green_skryre_warpfire_throwers_2	false	Military Payload units	0
wh3_dlc29_skv_add_stormvermin_1_rank_9	wh3_dlc29_military_green_stormvermin_rank_9	false	Military Payload units	0
wh3_dlc29_skv_hidden_chaotic_draw_1	wh3_dlc29_military_green_stormvermin_rank_9	false	Hidden 2% chance for purple or red token	0
wh3_dlc29_skv_add_hero_unit_warlock_engineer_2	wh3_dlc29_military_green_warlock_engineer_2	false	Military Plan Unit Payload	0
wh3_dlc29_skv_add_hero_unit_warlock_engineer_3	wh3_dlc29_military_green_warlock_engineer_3	false	Military Plan Unit Payload	0
wh3_dlc29_skv_add_hero_unit_warlock_engineer_1	wh3_dlc29_military_green_warlock_engineer	false	Military Plan Unit Payload	0
wh3_dlc29_skv_add_warp_grinder	wh3_dlc29_military_green_warp_grinders_dlc_1	false	Military Payload units	0
wh3_dlc29_skv_add_warp_lightning_cannons	wh3_dlc29_military_green_warp_lightning_cannon_1	false	Military Payload units	0
wh3_dlc29_draw_warp_lightning_cannon_1	wh3_dlc29_military_green_warp_lightning_cannon_2	false	Chance to copy unit	0
wh3_dlc29_skv_add_warp_lightning_cannons	wh3_dlc29_military_green_warp_lightning_cannon_2	false	Military Payload units	0
wh3_dlc29_skv_add_warp_lightning_cannons	wh3_dlc29_military_green_warp_lightning_cannon_3	false	Military Payload units	0
wh3_dlc29_skv_add_warp_lightning_cannons	wh3_dlc29_military_green_warp_lightning_cannon_unique	false	Military Payload units	0
wh3_dlc29_skv_add_warp_lightning_cannons	wh3_dlc29_military_green_warp_lightning_cannon_warlock_1	false	Military Payload units	0
wh3_dlc29_skv_add_warp_lightning_cannons	wh3_dlc29_military_green_warp_lightning_cannon_warlock_2	false	Military Payload units	0
wh3_dlc29_skv_add_warplock_jezzails	wh3_dlc29_military_green_warplock_jezzails_dlc_1	false	Military Payload units	0
wh3_dlc29_draw_warplock_jezzails_dlc_1	wh3_dlc29_military_green_warplock_jezzails_dlc_2	false	Chance to copy unit	0
wh3_dlc29_skv_add_warplock_jezzails	wh3_dlc29_military_green_warplock_jezzails_dlc_2	false	Military Payload units	0
wh3_dlc29_skv_military_green_effect_bundle_infantry_2	wh3_dlc29_military_mod_pool_basic_infantry_2	false	Military Plan Units - directly to pool	0
wh3_dlc29_bundle_military_mod_pool_clanrats_spears	wh3_dlc29_military_mod_pool_basic_infantry_spears_1	false	Dummy Effect Bundle for Description	0
wh3_dlc29_skv_military_green_effect_bundle_pusbags_1	wh3_dlc29_military_mod_pool_basic_pusbags_1	false	Military Plan Units - directly to pool	0
wh3_dlc29_bundle_brood_horror_dlc	wh3_dlc29_military_mod_pool_brood_horror_dlc_1	false	Dummy Effect Bundles for Description	0
wh3_dlc29_bundle_military_mod_pool_clanrats_grey_seer_2	wh3_dlc29_military_mod_pool_clanrats_grey_seer_2	false	Dummy Effect Bundle for Description	1
wh3_dlc29_bundle_military_mod_pool_clanrats_grey_seer_3	wh3_dlc29_military_mod_pool_clanrats_grey_seer_3	false	Dummy Effect Bundle for Description	1
wh3_dlc29_bundle_military_mod_pool_clanrats_grey_seer_4	wh3_dlc29_military_mod_pool_clanrats_grey_seer_4	false	Dummy Effect Bundle for Description	1
wh3_dlc29_bundle_military_mod_pool_clanrats_grey_seer_5	wh3_dlc29_military_mod_pool_clanrats_grey_seer_5	false	Dummy Effect Bundle for Description	1
wh3_dlc29_military_green_death_globe_bombadiers_1	wh3_dlc29_military_mod_pool_death_globe_bombadiers_1	false	Military Plan Units - directly to pool	0
wh3_dlc29_bundle_military_green_death_runners	wh3_dlc29_military_mod_pool_death_runners_1	false	Dummy Effect Bundle for Description	0
wh3_dlc29_bundle_military_mod_pool_doom_flayers	wh3_dlc29_military_mod_pool_doom_flayer_dlc_1	false	Dummy Effect Bundles for Description	0
wh3_dlc29_bundle_military_mod_pool_doomwheel_1	wh3_dlc29_military_mod_pool_doomwheel_1	false	Dummy Effect Bundles for Description	0
wh3_dlc29_bundle_military_mod_pool_eshin_triads	wh3_dlc29_military_mod_pool_eshin_triads_dlc_1	false	Dummy Effect Bundle for Description	0
wh3_dlc29_bundle_military_green_moulder_wolf_rats_dlc_1	wh3_dlc29_military_mod_pool_moulder_wolf_rats_dlc_1	false	Dummy Effect Bundle for Description	0
wh3_dlc29_bundle_mutant_rat_ogre_dlc	wh3_dlc29_military_mod_pool_mutant_rat_ogre_dlc	false	Dummy Effect Bundles for Description	0
wh3_dlc29_bundle_military_mod_pool_night_runners_slingers	wh3_dlc29_military_mod_pool_night_runners_slingers_1	false	Dummy Effect Bundle for Description	0
wh3_dlc29_bundle_plague_censer_bearers	wh3_dlc29_military_mod_pool_plague_censer_bearers	false	Dummy Effect Bundle for Description	0
wh3_dlc29_military_green_plague_monks_1	wh3_dlc29_military_mod_pool_plague_monks_1	false	Military Plan Units - directly to pool	0
wh3_dlc29_skv_military_green_effect_bundle_artillery_1	wh3_dlc29_military_mod_pool_plagueclaw_catapult_1	false	Military Plan Units - directly to pool	0
wh3_dlc29_bundle_military_mod_pool_poison_wind_globadiers	wh3_dlc29_military_mod_pool_poison_wind_globadiers_1	false	Dummy Effect Bundles for Description	0
wh3_dlc29_bundle_military_mod_pool_poison_wind_mortars	wh3_dlc29_military_mod_pool_poison_wind_mortars_1	false	Dummy Effect Bundles for Description	0
wh3_dlc29_bundle_military_mod_pool_remove_skavenslaves	wh3_dlc29_military_mod_pool_remove_skavenslaves	false	Dummy Effect Bundle for Description	0
wh3_dlc29_bundle_military_mod_pool_rictus_stormvermin_1	wh3_dlc29_military_mod_pool_rictus_stormvermin_1	false	Dummy Effect Bundle for Description	0
wh3_dlc29_bundle_military_mod_pool_rictus_stormvermin_3	wh3_dlc29_military_mod_pool_rictus_stormvermin_3	false	Dummy Effect Bundle for Description	0
wh3_dlc29_bundle_military_mod_pool_rictus_stormvermin_halberds_1	wh3_dlc29_military_mod_pool_rictus_stormvermin_halberds_1	false	Dummy Effect Bundle for Description	0
wh3_dlc29_bundle_military_mod_pool_ratling_guns	wh3_dlc29_military_mod_pool_skryre_ratling_guns_dlc_1	false	Dummy Effect Bundles for Description	0
wh3_dlc29_bundle_military_mod_pool_lower_chance_skavenslaves	wh3_dlc29_military_mod_pool_skryre_warpfire_throwers_1	false	Dummy Effect Bundles for Description	1
wh3_dlc29_bundle_military_mod_pool_warpfire_throwers	wh3_dlc29_military_mod_pool_skryre_warpfire_throwers_1	false	Dummy Effect Bundles for Description	0
wh3_dlc29_bundle_military_mod_pool_remove_rat_ogres	wh3_dlc29_military_mod_pool_stormfiends_warlock_1	false	Dummy Effect Bundles for Description	1
wh3_dlc29_bundle_military_mod_pool_stormfiends_warlock_1	wh3_dlc29_military_mod_pool_stormfiends_warlock_1	false	Dummy Effect Bundles for Description	0
wh3_dlc29_bundle_military_mod_pool_stormfiends_warlock_2	wh3_dlc29_military_mod_pool_stormfiends_warlock_2	false	Dummy Effect Bundles for Description	0
wh3_dlc29_bundle_military_mod_pool_stormfiends_warlock_3	wh3_dlc29_military_mod_pool_stormfiends_warlock_3	false	Dummy Effect Bundles for Description	0
wh3_dlc29_bundle_military_mod_pool_remove_rat_ogres	wh3_dlc29_military_mod_pool_stormfiends_warlord_1	false	Dummy Effect Bundles for Description	1
wh3_dlc29_bundle_military_mod_pool_stormfiends_warlord_1	wh3_dlc29_military_mod_pool_stormfiends_warlord_1	false	Dummy Effect Bundles for Description	0
wh3_dlc29_bundle_military_mod_pool_stormfiends_warlord_2	wh3_dlc29_military_mod_pool_stormfiends_warlord_2	false	Dummy Effect Bundles for Description	0
wh3_dlc29_bundle_military_mod_pool_stormfiends_warlord_3	wh3_dlc29_military_mod_pool_stormfiends_warlord_3	false	Dummy Effect Bundles for Description	0
wh3_dlc29_bundle_military_mod_pool_rictus_stormvermin_1	wh3_dlc29_military_mod_pool_stormvermin_rank_9	false	Dummy Effect Bundle for Description	0
wh3_dlc29_bundle_military_mod_pool_rictus_stormvermin_halberds_1	wh3_dlc29_military_mod_pool_stormvermin_rank_9	false	Dummy Effect Bundle for Description	1
wh3_dlc29_bundle_military_mod_pool_warp_grinders	wh3_dlc29_military_mod_pool_warp_grinders_dlc_1	false	Dummy Effect Bundles for Description	0
wh3_dlc29_bundle_warp_lightning_cannons	wh3_dlc29_military_mod_pool_warp_lightning_cannon_1	false	Dummy Effect Bundles for Description	0
wh3_dlc29_bundle_warp_lightning_cannons	wh3_dlc29_military_mod_pool_warp_lightning_cannon_warlock_1	false	Dummy Effect Bundles for Description	0
wh3_dlc29_bundle_military_mod_pool_warplock_jezzails	wh3_dlc29_military_mod_pool_warplock_jezzails_dlc_1	false	Dummy Effect Bundles for Description	0
wh3_dlc29_bundle_action_bounty	wh3_dlc29_military_purple_bounty_chieftain_0	false	Dummy Effect Bundle for Description	1
wh3_dlc29_skv_add_hero_unit_chieftain_0	wh3_dlc29_military_purple_bounty_chieftain_0	false	Military Payload units	0
wh3_dlc29_bundle_action_bounty	wh3_dlc29_military_purple_bounty_chieftain_1	false	Dummy Effect Bundle for Description	1
wh3_dlc29_skv_add_hero_unit_chieftain_1	wh3_dlc29_military_purple_bounty_chieftain_1	false	Military Payload units	0
wh3_dlc29_bundle_action_bounty	wh3_dlc29_military_purple_bounty_packmaster_0	false	Dummy Effect Bundle for Description	1
wh3_dlc29_skv_add_hero_unit_packmaster_0	wh3_dlc29_military_purple_bounty_packmaster_0	false	Military Payload units	0
wh3_dlc29_bundle_action_bounty	wh3_dlc29_military_purple_bounty_packmaster_2	false	Dummy Effect Bundle for Description	1
wh3_dlc29_skv_add_hero_unit_packmaster_1	wh3_dlc29_military_purple_bounty_packmaster_2	false	Military Payload units	0
wh3_dlc29_bundle_action_bounty	wh3_dlc29_military_purple_bounty_plague_priest_0	false	Dummy Effect Bundle for Description	1
wh3_dlc29_skv_add_hero_unit_plague_priest_0	wh3_dlc29_military_purple_bounty_plague_priest_0	false	Military Payload units	0
wh3_dlc29_bundle_action_bounty	wh3_dlc29_military_purple_bounty_plague_priest_2	false	Dummy Effect Bundle for Description	1
wh3_dlc29_skv_add_hero_unit_plague_priest_1	wh3_dlc29_military_purple_bounty_plague_priest_2	false	Military Payload units	0
wh3_dlc29_bundle_action_bounty	wh3_dlc29_military_purple_bounty_warlock_engineer	false	Dummy Effect Bundle for Description	1
wh3_dlc29_skv_add_hero_unit_warlock_engineer_1	wh3_dlc29_military_purple_bounty_warlock_engineer	false	Military Payload units	0
wh3_dlc29_skv_hidden_chaotic_draw_1	wh3_dlc29_military_red_explosion_guard_1	false	Hidden 2% chance for purple or red token	0
wh3_dlc29_skv_thanquol_add_alarm_1	wh3_dlc29_military_red_explosion_guard_1	false	Any Plan - Alarm (negative)	0
wh3_dlc29_skv_thanquol_add_guards_4	wh3_dlc29_military_red_explosion_guard_1	false	Military Plan - Guards	0
wh3_dlc29_skv_hidden_chaotic_draw_1	wh3_dlc29_military_red_hellpit_guard_1	false	Hidden 2% chance for purple or red token	0
wh3_dlc29_skv_thanquol_add_alarm_1	wh3_dlc29_military_red_hellpit_guard_1	false	Any Plan - Alarm (negative)	0
wh3_dlc29_skv_thanquol_add_guards_3	wh3_dlc29_military_red_hellpit_guard_1	false	Military Plan - Guards	0
wh3_dlc29_skv_hidden_chaotic_draw_1	wh3_dlc29_military_red_plague_guard_1	false	Hidden 2% chance for purple or red token	0
wh3_dlc29_skv_thanquol_add_alarm_1	wh3_dlc29_military_red_plague_guard_1	false	Any Plan - Alarm (negative)	0
wh3_dlc29_skv_thanquol_add_guards_2	wh3_dlc29_military_red_plague_guard_1	false	Military Plan - Guards	0
wh3_dlc29_bundle_military_mod_pool_clanrats_spears_shields	wh3_dlc29_military_upgrade_basic_infantry_spears_2	false	Dummy Effect Bundle for Description	0
wh3_dlc29_bundle_military_mod_pool_remove_skavenslaves	wh3_dlc29_military_upgrade_basic_infantry_spears_2	false	Dummy Effect Bundle for Description	1
wh3_dlc29_skv_military_green_effect_bundle_infantry_spears_2	wh3_dlc29_military_upgrade_basic_infantry_spears_2	false	Military Plan Units - directly to pool	0
wh3_dlc29_skv_military_green_effect_bundle_pusbags_2	wh3_dlc29_military_upgrade_basic_pusbags_2	false	Military Plan Units - directly to pool	0
wh3_dlc29_skv_any_effect_bundle_reduced_risk	wh3_dlc29_military_upgrade_death_runners_2	false	Dummy Effect Bundle for Description	1
wh3_dlc29_skv_any_effect_bundle_increased_amount	wh3_dlc29_military_upgrade_death_runners_3	false	Dummy Effect Bundle for Description	0
wh3_dlc29_skv_any_effect_bundle_chance_all_tokens	wh3_dlc29_military_upgrade_double_units_warlock	false	Dummy Effect Bundle for Description	0
wh3_dlc29_bundle_military_mod_pool_gutter_runners	wh3_dlc29_military_upgrade_gutter_runners_1	false	Dummy Effect Bundle for Description	0
wh3_dlc29_bundle_military_mod_pool_gutter_runners_poison	wh3_dlc29_military_upgrade_gutter_runners_poison_1	false	Dummy Effect Bundle for Description	0
wh3_dlc29_bundle_military_green_moulder_wolf_rats_dlc_2	wh3_dlc29_military_upgrade_moulder_wolf_rats_dlc_2	false	Dummy Effect Bundle for Description	0
wh3_dlc29_bundle_military_green_moulder_wolf_rats_dlc_3	wh3_dlc29_military_upgrade_moulder_wolf_rats_dlc_3	false	Dummy Effect Bundle for Description	0
wh3_dlc29_skv_any_effect_bundle_increased_amount	wh3_dlc29_military_upgrade_mutant_rat_ogre_brood_horror_2	false	Dummy Effect Bundles for Description	0
wh3_dlc29_skv_any_effect_bundle_increased_chance	wh3_dlc29_military_upgrade_plague_monks_2	false	Dummy Effect Bundles for Description	0
wh3_dlc29_skv_any_effect_bundle_increased_amount	wh3_dlc29_military_upgrade_plagueclaw_catapult_2	false	Dummy Effect Bundle for Description	0
wh3_dlc29_skv_any_effect_bundle_increased_amount	wh3_dlc29_military_upgrade_plagueclaw_catapult_3	false	Dummy Effect Bundle for Description	0
wh3_dlc29_skv_any_effect_bundle_increased_chance	wh3_dlc29_military_upgrade_plagueclaw_catapult_3	false	Dummy Effect Bundle for Description	1
wh3_dlc29_skv_any_effect_bundle_increased_amount	wh3_dlc29_military_upgrade_rictus_stormvermin_2	false	Dummy Effect Bundle for Description	0
wh3_dlc29_skv_any_effect_bundle_increased_chance	wh3_dlc29_military_upgrade_rictus_stormvermin_2	false	Dummy Effect Bundle for Description	1
wh3_dlc29_skv_any_effect_bundle_increased_amount	wh3_dlc29_military_upgrade_warp_lightning_cannon_2	false	Dummy Effect Bundles for Description	0
wh3_dlc29_bundle_military_mod_pool_remove_night_runners	wh3_dlc29_military_upgrade_warp_lightning_cannon_3	false	Dummy Effect Bundles for Description	1
wh3_dlc29_skv_any_effect_bundle_increased_amount	wh3_dlc29_military_upgrade_warp_lightning_cannon_3	false	Dummy Effect Bundles for Description	0
wh3_dlc29_skv_dummy_bundle_experience	wh3_dlc29_purple_any_chaos_experience	false	Dummy Effect Bundles for Description	0
wh3_dlc29_skv_thanquol_lose_alarm_1	wh3_dlc29_purple_any_empire_skaven_not_real	false	Any Plan - Alarm	0
wh3_dlc29_skv_thanquol_lose_alarm_1	wh3_dlc29_purple_any_reduce_guards	false	Economic Payload Good - Guards	0
wh3_dlc29_skv_chaotic_plan_modify_treasury_reward_gdp_percentage_100	wh3_dlc29_purple_any_skaven_blackmail	false	Treasury	1
wh3_dlc29_skv_chaotic_plan_modify_warpstone_reward_gdp_percentage_50	wh3_dlc29_purple_any_skaven_blackmail	false	Warpstone	2
wh3_dlc29_skv_dummy_bundle_experience	wh3_dlc29_purple_any_skaven_blackmail	false	Any Plan - Experience for Lord	0
wh3_dlc29_skv_thanquol_lose_alarm_1	wh3_dlc29_purple_dwarfs_any_dwarf_brew_use_generated_1	false	Any Plan - Alarm	0
wh3_dlc29_skv_hidden_chaotic_draw_1	wh3_dlc29_purple_dwarfs_any_dwarf_brew_use_generated_2	false	Hidden 2% chance for purple or red token	0
wh3_dlc29_skv_any_dwarf_brew_add_token	wh3_dlc29_purple_dwarfs_any_dwarf_brew_use	false	Any Plan - Draw from token set for Dwarf Brew	0
wh3_dlc29_skv_bundle_chance_risk_alarm_dwarf_ale	wh3_dlc29_purple_dwarfs_any_dwarf_brew_use	false	Dummy Effect Bundles for Description	1
wh3_dlc29_skv_bundle_single_use	wh3_dlc29_purple_dwarfs_any_dwarf_brew_use	false	Dummy Effect Bundles for Description	4
wh3_dlc29_bundle_purple_dwarfs_any_dwarf_brew	wh3_dlc29_purple_dwarfs_any_dwarf_brew	false	Dummy Effect Bundle for Description	0
wh3_dlc29_skv_thanquol_add_food_20	wh3_dlc29_purple_economic_bretonnia_food	false	Economic Payload Food	0
wh3_dlc29_skv_economic_thanquol_add_money_3000	wh3_dlc29_purple_economic_bretonnia_treasury	false	Economic Payload Treasury	0
wh3_dlc29_skv_economic_thanquol_add_warpstone_100	wh3_dlc29_purple_economic_cathay_warpstone	false	Economic Payload Warpstone	0
wh3_dlc29_skv_economic_thanquol_add_money_2000	wh3_dlc29_purple_economic_chaos_dwarfs_treasury	false	Economic Payload Treasury	0
wh3_dlc29_skv_economic_thanquol_add_warpstone_300	wh3_dlc29_purple_economic_chaos_warpstone	false	Economic Payload Warpstone	0
wh3_dlc29_skv_thanquol_add_food_20	wh3_dlc29_purple_economic_greenskins_food	false	Economic Payload Food	0
wh3_dlc29_skv_thanquol_add_food_30	wh3_dlc29_purple_economic_ogre_kingdoms_food	false	Economic Payload Food	0
wh3_dlc29_skv_economic_thanquol_add_money_5000	wh3_dlc29_purple_economic_ogre_kingdoms_treasury	false	Economic Payload Treasury	0
wh3_dlc29_skv_economic_thanquol_add_warpstone_300	wh3_dlc29_purple_economic_undead_warpstone	false	Economic Payload Warpstone	0
wh3_dlc29_skv_thanquol_add_food_30	wh3_dlc29_purple_economy_vampire_food_big	false	Food - Economy	0
wh3_dlc29_skv_thanquol_add_food_10	wh3_dlc29_purple_economy_vampire_food_small	false	Food - Economy	0
wh3_dlc29_skv_chaotic_plans_increase_tokens_1	wh3_dlc29_purple_lucky_draw	false	Effect Bundle - Increase tokens	0
wh3_dlc29_bundle_magic_draw_combo_piece	wh3_dlc29_purple_magic_draw_combo_piece_action	false	Dummy Effect Bundle for Description	0
wh3_dlc29_skv_bundle_single_use	wh3_dlc29_purple_magic_draw_combo_piece_action	false	Dummy Effect Bundles for Description	4
wh3_dlc29_skv_magic_add_token_from_combo_piece_set	wh3_dlc29_purple_magic_draw_combo_piece_action	false	Magic Plan - Draw Combo Piece	0
wh3_dlc29_bundle_purple_magic_draw_combo_piece	wh3_dlc29_purple_magic_draw_combo_piece	false	Dummy Effect Bundle for Description	0
wh3_dlc29_bundle_action_increase_drawn_tokens	wh3_dlc29_purple_magic_tzeentch_draw_tokens	false	Effect Bundle to draw more designs during plan	0
wh3_dlc29_skv_bundle_dummy_receive_units	wh3_dlc29_purple_military_lab_1	false	Dummy Effect Bundle for Description	0
wh3_dlc29_skv_bundle_dummy_receive_units	wh3_dlc29_purple_military_mercenaries_1	false	Dummy Effect Bundle for Description	0
wh3_dlc29_skv_add_stormvermin_0	wh3_dlc29_purple_military_multiple_cultures_stormvermin	false	Units	0
wh3_dlc29_purple_military_ogre_kingdoms_mercenaries_pay_dummy_description	wh3_dlc29_purple_military_ogre_kingdoms_mercenaries_pay	false	Dummy Description for Action token	0
wh3_dlc29_skv_bundle_single_use	wh3_dlc29_purple_military_ogre_kingdoms_mercenaries_pay	false	Dummy Effect Bundles for Description	4
wh3_dlc29_purple_military_ogre_kingdoms_mercenaries_reward_1	wh3_dlc29_purple_military_ogre_kingdoms_mercenaries_reward_1	false	Military Plan - Group of Ogre Units	0
wh3_dlc29_purple_military_ogre_kingdoms_mercenaries_reward_2	wh3_dlc29_purple_military_ogre_kingdoms_mercenaries_reward_2	false	Military Plan - Group of Ogre Units	0
wh3_dlc29_purple_military_ogre_kingdoms_mercenaries_reward_3	wh3_dlc29_purple_military_ogre_kingdoms_mercenaries_reward_3	false	Military Plan - Group of Ogre Units	0
wh3_dlc29_purple_military_ogre_kingdoms_mercenaries_reward_4	wh3_dlc29_purple_military_ogre_kingdoms_mercenaries_reward_4	false	Military Plan - Group of Ogre Units	0
wh3_dlc29_purple_military_ogre_kingdoms_mercenaries_reward_5	wh3_dlc29_purple_military_ogre_kingdoms_mercenaries_reward_5	false	Military Plan - Group of Ogre Units	0
wh3_dlc29_skv_thanquol_add_alarm_1	wh3_dlc29_purple_military_ogre_kingdoms_mercenaries	false		0
wh3_dlc29_skv_add_rat_ogres_x2	wh3_dlc29_purple_military_ogre_kingdoms_rat_ogres	false	Military Payload units	0
wh3_dlc29_skv_bundle_dummy_receive_units	wh3_dlc29_purple_military_reinforcements	false	Dummy Effect Bundle for Description	0
wh3_dlc29_skv_hidden_chaotic_draw_1	wh3_dlc29_purple_military_skaven_guards_1	false	Hidden 2% chance for purple or red token	0
wh3_dlc29_skv_thanquol_add_alarm_1	wh3_dlc29_purple_military_skaven_guards_1	false	Alarm	0
wh3_dlc29_skv_thanquol_add_guards_2	wh3_dlc29_purple_military_skaven_guards_1	false	Guards - only for Military	0
wh3_dlc29_skv_add_stormvermin_0	wh3_dlc29_purple_military_skaven_stormvermin	false	Military Payload units	0
wh3_dlc29_skv_hidden_chaotic_draw_1	wh3_dlc29_purple_military_tomb_kings_guards_1	false	Hidden 2% chance for purple or red token	0
wh3_dlc29_skv_thanquol_add_alarm_1	wh3_dlc29_purple_military_tomb_kings_guards_1	false	Alarm	0
wh3_dlc29_skv_thanquol_add_guards_3	wh3_dlc29_purple_military_tomb_kings_guards_1	false	Guards - only for Military	0
wh3_dlc29_skv_hidden_chaotic_draw_1	wh3_dlc29_purple_military_tzeentch_guards_1	false	Hidden 2% chance for purple or red token	0
wh3_dlc29_skv_thanquol_add_alarm_1	wh3_dlc29_purple_military_tzeentch_guards_1	false	Alarm	0
wh3_dlc29_skv_thanquol_add_guards_3	wh3_dlc29_purple_military_tzeentch_guards_1	false	Guards - only for Military	0
wh3_dlc29_skv_add_death_runners	wh3_dlc29_purple_military_undead_death_runners	false	Military Payload units	0
wh3_dlc29_skv_hidden_chaotic_draw_1	wh3_dlc29_purple_military_undead_legions_elites_2	false	Hidden 2% chance for purple or red token	0
wh3_dlc29_skv_thanquol_add_alarm_2	wh3_dlc29_purple_military_undead_legions_elites_2	false	Alarm	0
wh3_dlc29_skv_thanquol_add_guards_5	wh3_dlc29_purple_military_undead_legions_elites_2	false	Guards - only for Military	0
wh3_dlc29_skv_hidden_chaotic_draw_1	wh3_dlc29_purple_military_wood_elves_elites_1	false	Hidden 2% chance for purple or red token	0
wh3_dlc29_skv_thanquol_add_alarm_2	wh3_dlc29_purple_military_wood_elves_elites_1	false	Alarm	0
wh3_dlc29_skv_thanquol_add_guards_3	wh3_dlc29_purple_military_wood_elves_elites_1	false	Guards - only for Military	0
wh3_dlc29_skv_hidden_chaotic_draw_1	wh3_dlc29_red_any_bretonnia_alarm	false	Hidden 2% chance for purple or red token	0
wh3_dlc29_skv_thanquol_add_alarm_1	wh3_dlc29_red_any_bretonnia_alarm	false	Alarm	0
wh3_dlc29_skv_hidden_chaotic_draw_1	wh3_dlc29_red_any_cathay_elites	false	Hidden 2% chance for purple or red token	0
wh3_dlc29_skv_thanquol_add_alarm_1	wh3_dlc29_red_any_cathay_elites	false	Alarm	0
wh3_dlc29_skv_hidden_chaotic_draw_1	wh3_dlc29_red_any_chaos_alarm	false	Hidden 2% chance for purple or red token	0
wh3_dlc29_skv_thanquol_add_alarm_1	wh3_dlc29_red_any_chaos_alarm	false	Alarm	0
wh3_dlc29_skv_hidden_chaotic_draw_1	wh3_dlc29_red_any_chaos_dwarfs_alarm	false	Hidden 2% chance for purple or red token	0
wh3_dlc29_skv_thanquol_add_alarm_1	wh3_dlc29_red_any_chaos_dwarfs_alarm	false	Alarm	0
wh3_dlc29_skv_hidden_chaotic_draw_1	wh3_dlc29_red_any_chaos_dwarfs_elites	false	Hidden 2% chance for purple or red token	0
wh3_dlc29_skv_thanquol_add_alarm_1	wh3_dlc29_red_any_chaos_dwarfs_elites	false	Alarm	0
wh3_dlc29_skv_hidden_chaotic_draw_1	wh3_dlc29_red_any_dark_elves_alarm	false	Hidden 2% chance for purple or red token	0
wh3_dlc29_skv_thanquol_add_alarm_2	wh3_dlc29_red_any_dark_elves_alarm	false	Alarm	0
wh3_dlc29_purple_any_felix	wh3_dlc29_red_any_felix	false	Effect Bundles - Action Cost	1
wh3_dlc29_skv_hidden_chaotic_draw_1	wh3_dlc29_red_any_felix	false	Hidden 2% chance for purple or red token	0
wh3_dlc29_skv_thanquol_add_alarm_1	wh3_dlc29_red_any_felix	false	Alarm	0
wh3_dlc29_gotrek_draw_felix	wh3_dlc29_red_any_gotrek	false	Alarm	0
wh3_dlc29_purple_any_gotrek	wh3_dlc29_red_any_gotrek	false	Effect Bundles - Action Cost	1
wh3_dlc29_skv_hidden_chaotic_draw_1	wh3_dlc29_red_any_gotrek	false	Hidden 2% chance for purple or red token	0
wh3_dlc29_skv_thanquol_add_alarm_1	wh3_dlc29_red_any_gotrek	false	Alarm	0
wh3_dlc29_skv_hidden_chaotic_draw_1	wh3_dlc29_red_any_greenskins_alarm	false	Hidden 2% chance for purple or red token	0
wh3_dlc29_skv_thanquol_add_alarm_1	wh3_dlc29_red_any_greenskins_alarm	false	Alarm	0
wh3_dlc29_skv_hidden_chaotic_draw_1	wh3_dlc29_red_any_high_elves_alarm	false	Hidden 2% chance for purple or red token	0
wh3_dlc29_skv_thanquol_add_alarm_2	wh3_dlc29_red_any_high_elves_alarm	false	Alarm	0
wh3_dlc29_skv_hidden_chaotic_draw_1	wh3_dlc29_red_any_high_elves_elites	false	Hidden 2% chance for purple or red token	0
wh3_dlc29_skv_thanquol_add_alarm_2	wh3_dlc29_red_any_high_elves_elites	false	Alarm	0
wh3_dlc29_skv_hidden_chaotic_draw_1	wh3_dlc29_red_any_kislev_alarm	false	Hidden 2% chance for purple or red token	0
wh3_dlc29_skv_thanquol_add_alarm_1	wh3_dlc29_red_any_kislev_alarm	false	Alarm	0
wh3_dlc29_skv_hidden_chaotic_draw_1	wh3_dlc29_red_any_lizardmen_alarm	false	Hidden 2% chance for purple or red token	0
wh3_dlc29_skv_thanquol_add_alarm_1	wh3_dlc29_red_any_lizardmen_alarm	false	Alarm	0
wh3_dlc29_skv_hidden_chaotic_draw_1	wh3_dlc29_red_any_norsca_alarm	false	Hidden 2% chance for purple or red token	0
wh3_dlc29_skv_thanquol_add_alarm_1	wh3_dlc29_red_any_norsca_alarm	false	Alarm	0
wh3_dlc29_skv_hidden_chaotic_draw_1	wh3_dlc29_red_any_nurgle_alarm	false	Hidden 2% chance for purple or red token	0
wh3_dlc29_skv_thanquol_add_alarm_2	wh3_dlc29_red_any_nurgle_alarm	false	Alarm	0
wh3_dlc29_skv_hidden_chaotic_draw_1	wh3_dlc29_red_any_ogre_kingdoms_elites	false	Hidden 2% chance for purple or red token	0
wh3_dlc29_skv_thanquol_add_alarm_1	wh3_dlc29_red_any_ogre_kingdoms_elites	false	Alarm	0
wh3_dlc29_skv_thanquol_lose_alarm_1	wh3_dlc29_red_any_ogre_kingdoms_hungry_elite_pay_generated	false	Reduce Alarm	0
wh3_dlc29_red_any_ogre_kingdoms_hungry_elite_pay_dummy_description	wh3_dlc29_red_any_ogre_kingdoms_hungry_elite_pay	false	Dummy Description for Action token	0
wh3_dlc29_skv_bundle_single_use	wh3_dlc29_red_any_ogre_kingdoms_hungry_elite_pay	false	Dummy Effect Bundles for Description	4
wh3_dlc29_skv_hidden_chaotic_draw_1	wh3_dlc29_red_any_ogre_kingdoms_hungry_elite	false	Hidden 2% chance for purple or red token	0
wh3_dlc29_skv_thanquol_add_alarm_2	wh3_dlc29_red_any_ogre_kingdoms_hungry_elite	false	Alarm	0
wh3_dlc29_skv_thanquol_lose_alarm_1	wh3_dlc29_red_any_ogre_kingdoms_hungry_pay_generated	false	Reduce Alarm	0
wh3_dlc29_red_any_ogre_kingdoms_hungry_pay_dummy_description	wh3_dlc29_red_any_ogre_kingdoms_hungry_pay	false	Dummy Description for Action token	0
wh3_dlc29_skv_bundle_single_use	wh3_dlc29_red_any_ogre_kingdoms_hungry_pay	false	Dummy Effect Bundles for Description	4
wh3_dlc29_skv_hidden_chaotic_draw_1	wh3_dlc29_red_any_ogre_kingdoms_hungry	false	Hidden 2% chance for purple or red token	0
wh3_dlc29_skv_thanquol_add_alarm_1	wh3_dlc29_red_any_ogre_kingdoms_hungry	false	Alarm	0
wh3_dlc29_skv_hidden_chaotic_draw_1	wh3_dlc29_red_any_skaven_guards	false	Hidden 2% chance for purple or red token	0
wh3_dlc29_skv_thanquol_add_alarm_1	wh3_dlc29_red_any_skaven_guards	false	Alarm	0
wh3_dlc29_skv_chaotic_plans_increase_tokens_2	wh3_dlc29_red_any_skaven_haste	false	Increase tokens and risk	1
wh3_dlc29_skv_hidden_chaotic_draw_1	wh3_dlc29_red_any_skaven_haste	false	Hidden 2% chance for purple or red token	0
wh3_dlc29_skv_thanquol_add_alarm_1	wh3_dlc29_red_any_skaven_haste	false	Any Plan - Alarm	0
wh3_dlc29_skv_hidden_chaotic_draw_1	wh3_dlc29_red_any_tomb_kings_alarm	false	Hidden 2% chance for purple or red token	0
wh3_dlc29_skv_thanquol_add_alarm_1	wh3_dlc29_red_any_tomb_kings_alarm	false	Alarm	0
wh3_dlc29_skv_hidden_chaotic_draw_1	wh3_dlc29_red_economic_vault_1_generated_alarm	false	Hidden 2% chance for purple or red token	0
wh3_dlc29_skv_thanquol_add_alarm_1	wh3_dlc29_red_economic_vault_1_generated_alarm	false	Alarm	0
wh3_dlc29_skv_hidden_chaotic_draw_1	wh3_dlc29_red_military_bretonnia_elites_1	false	Hidden 2% chance for purple or red token	0
wh3_dlc29_skv_thanquol_add_alarm_2	wh3_dlc29_red_military_bretonnia_elites_1	false	Alarm	0
wh3_dlc29_skv_thanquol_add_guards_3	wh3_dlc29_red_military_bretonnia_elites_1	false	Guards - only for Military	0
wh3_dlc29_skv_hidden_chaotic_draw_1	wh3_dlc29_red_military_bretonnia_guards	false	Hidden 2% chance for purple or red token	0
wh3_dlc29_skv_thanquol_add_alarm_1	wh3_dlc29_red_military_bretonnia_guards	false	Alarm	0
wh3_dlc29_skv_thanquol_add_guards_3	wh3_dlc29_red_military_bretonnia_guards	false	Guards	0
wh3_dlc29_skv_hidden_chaotic_draw_1	wh3_dlc29_red_military_cathay_guards_2	false	Hidden 2% chance for purple or red token	0
wh3_dlc29_skv_thanquol_add_alarm_1	wh3_dlc29_red_military_cathay_guards_2	false	Alarm	0
wh3_dlc29_skv_thanquol_add_guards_2	wh3_dlc29_red_military_cathay_guards_2	false	Guards - only for Military	0
wh3_dlc29_skv_hidden_chaotic_draw_1	wh3_dlc29_red_military_chaos_dwarfs_guards_1	false	Hidden 2% chance for purple or red token	0
wh3_dlc29_skv_thanquol_add_guards_3	wh3_dlc29_red_military_chaos_dwarfs_guards_1	false	Guards - only for Military	0
wh3_dlc29_skv_hidden_chaotic_draw_1	wh3_dlc29_red_military_dark_elves_elites_1	false	Hidden 2% chance for purple or red token	0
wh3_dlc29_skv_thanquol_add_alarm_1	wh3_dlc29_red_military_dark_elves_elites_1	false	Alarm	0
wh3_dlc29_skv_thanquol_add_guards_3	wh3_dlc29_red_military_dark_elves_elites_1	false	Guards - only for Military	0
wh3_dlc29_skv_hidden_chaotic_draw_1	wh3_dlc29_red_military_dark_elves_guards	false	Hidden 2% chance for purple or red token	0
wh3_dlc29_skv_thanquol_add_alarm_1	wh3_dlc29_red_military_dark_elves_guards	false	Alarm	0
wh3_dlc29_skv_thanquol_add_guards_3	wh3_dlc29_red_military_dark_elves_guards	false	Guards	0
wh3_dlc29_skv_hidden_chaotic_draw_1	wh3_dlc29_red_military_greenskins_guards_2	false	Hidden 2% chance for purple or red token	0
wh3_dlc29_skv_thanquol_add_alarm_1	wh3_dlc29_red_military_greenskins_guards_2	false	Alarm	0
wh3_dlc29_skv_thanquol_add_guards_2	wh3_dlc29_red_military_greenskins_guards_2	false	Guards - only for Military	0
wh3_dlc29_skv_hidden_chaotic_draw_1	wh3_dlc29_red_military_high_elves_guards_3	false	Hidden 2% chance for purple or red token	0
wh3_dlc29_skv_thanquol_add_guards_3	wh3_dlc29_red_military_high_elves_guards_3	false	Guards - only for Military	0
wh3_dlc29_skv_hidden_chaotic_draw_1	wh3_dlc29_red_military_khorne_elites_2	false	Hidden 2% chance for purple or red token	0
wh3_dlc29_skv_thanquol_add_alarm_1	wh3_dlc29_red_military_khorne_elites_2	false	Alarm	0
wh3_dlc29_skv_thanquol_add_guards_3	wh3_dlc29_red_military_khorne_elites_2	false	Guards - only for Military	0
wh3_dlc29_skv_hidden_chaotic_draw_1	wh3_dlc29_red_military_kislev_guards_3	false	Hidden 2% chance for purple or red token	0
wh3_dlc29_skv_thanquol_add_alarm_1	wh3_dlc29_red_military_kislev_guards_3	false	Alarm	0
wh3_dlc29_skv_thanquol_add_guards_3	wh3_dlc29_red_military_kislev_guards_3	false	Guards - only for Military	0
wh3_dlc29_skv_hidden_chaotic_draw_1	wh3_dlc29_red_military_kislev_guards	false	Hidden 2% chance for purple or red token	0
wh3_dlc29_skv_thanquol_add_alarm_1	wh3_dlc29_red_military_kislev_guards	false	Alarm	0
wh3_dlc29_skv_thanquol_add_guards_3	wh3_dlc29_red_military_kislev_guards	false	Guards	0
wh3_dlc29_skv_hidden_chaotic_draw_1	wh3_dlc29_red_military_lizardmen_elites_2	false	Hidden 2% chance for purple or red token	0
wh3_dlc29_skv_thanquol_add_alarm_1	wh3_dlc29_red_military_lizardmen_elites_2	false	Alarm	0
wh3_dlc29_skv_thanquol_add_guards_3	wh3_dlc29_red_military_lizardmen_elites_2	false	Guards - only for Military	0
wh3_dlc29_skv_hidden_chaotic_draw_1	wh3_dlc29_red_military_lizardmen_guards	false	Hidden 2% chance for purple or red token	0
wh3_dlc29_skv_thanquol_add_alarm_1	wh3_dlc29_red_military_lizardmen_guards	false	Alarm	0
wh3_dlc29_skv_thanquol_add_guards_3	wh3_dlc29_red_military_lizardmen_guards	false	Guards	0
wh3_dlc29_skv_hidden_chaotic_draw_1	wh3_dlc29_red_military_norsca_guards_2	false	Hidden 2% chance for purple or red token	0
wh3_dlc29_skv_thanquol_add_alarm_1	wh3_dlc29_red_military_norsca_guards_2	false	Alarm	0
wh3_dlc29_skv_thanquol_add_guards_2	wh3_dlc29_red_military_norsca_guards_2	false	Guards - only for Military	0
wh3_dlc29_skv_hidden_chaotic_draw_1	wh3_dlc29_red_military_nurgle_guards_3	false	Hidden 2% chance for purple or red token	0
wh3_dlc29_skv_thanquol_add_guards_3	wh3_dlc29_red_military_nurgle_guards_3	false	Guards - only for Military	0
wh3_dlc29_skv_hidden_chaotic_draw_1	wh3_dlc29_red_military_slaanesh_guards	false	Hidden 2% chance for purple or red token	0
wh3_dlc29_skv_thanquol_add_alarm_1	wh3_dlc29_red_military_slaanesh_guards	false	Alarm	0
wh3_dlc29_skv_thanquol_add_guards_3	wh3_dlc29_red_military_slaanesh_guards	false	Guards	0
wh3_dlc29_skv_hidden_chaotic_draw_1	wh3_dlc29_red_military_undead_legions_guards	false	Hidden 2% chance for purple or red token	0
wh3_dlc29_skv_thanquol_add_alarm_1	wh3_dlc29_red_military_undead_legions_guards	false	Alarm	0
wh3_dlc29_skv_thanquol_add_guards_3	wh3_dlc29_red_military_undead_legions_guards	false	Guards	0
wh3_dlc29_skv_hidden_chaotic_draw_1	wh3_dlc29_red_military_vampire_pay_to_reduce_alarm_elite	false	Hidden 2% chance for purple or red token	0
wh3_dlc29_skv_thanquol_add_alarm_2	wh3_dlc29_red_military_vampire_pay_to_reduce_alarm_elite	false	Alarm	0
wh3_dlc29_skv_hidden_chaotic_draw_1	wh3_dlc29_red_military_vampire_pay_to_reduce_alarm	false	Hidden 2% chance for purple or red token	0
wh3_dlc29_skv_thanquol_add_alarm_1	wh3_dlc29_red_military_vampire_pay_to_reduce_alarm	false	Alarm	0
wh3_dlc29_skv_hidden_chaotic_draw_1	wh3_dlc29_red_military_wood_elves_guards	false	Hidden 2% chance for purple or red token	0
wh3_dlc29_skv_thanquol_add_guards_5	wh3_dlc29_red_military_wood_elves_guards	false	Guards	0
wh3_dlc29_skv_bundle_dummy_final_battle_support_eshin	wh3_dlc29_skv_final_battle_support_eshin	false	Dummy Effect Bundle for Description	1
wh3_dlc29_skv_bundle_final_battle_support_eshin	wh3_dlc29_skv_final_battle_support_eshin	false	Effect Bundle	0
wh3_dlc29_skv_bundle_dummy_final_battle_support_mors	wh3_dlc29_skv_final_battle_support_mors	false	Dummy Effect Bundle for Description	1
wh3_dlc29_skv_bundle_final_battle_support_mors	wh3_dlc29_skv_final_battle_support_mors	false	Effect Bundle	0
wh3_dlc29_skv_bundle_dummy_final_battle_support_moulder	wh3_dlc29_skv_final_battle_support_moulder	false	Dummy Effect Bundle for Description	1
wh3_dlc29_skv_bundle_final_battle_support_moulder	wh3_dlc29_skv_final_battle_support_moulder	false	Effect Bundle	0
wh3_dlc29_skv_bundle_dummy_final_battle_support_pestilens	wh3_dlc29_skv_final_battle_support_pestilens	false	Dummy Effect Bundle for Description	1
wh3_dlc29_skv_bundle_final_battle_support_pestilens	wh3_dlc29_skv_final_battle_support_pestilens	false	Effect Bundle	0
wh3_dlc29_skv_bundle_dummy_final_battle_support_rictus	wh3_dlc29_skv_final_battle_support_rictus	false	Dummy Effect Bundle for Description	1
wh3_dlc29_skv_bundle_final_battle_support_rictus	wh3_dlc29_skv_final_battle_support_rictus	false	Effect Bundle	0
wh3_dlc29_skv_bundle_dummy_final_battle_support_skryre	wh3_dlc29_skv_final_battle_support_skryre	false	Dummy Effect Bundle for Description	1
wh3_dlc29_skv_bundle_final_battle_support_skryre	wh3_dlc29_skv_final_battle_support_skryre	false	Effect Bundle	0
wh3_dlc29_skv_hidden_chaotic_draw_1	wh3_dlc29_skv_red_teleport_daemon_lord	false	Hidden 2% chance for purple or red token	0
wh3_dlc29_skv_teleport_daemon_lord_scripted	wh3_dlc29_skv_red_teleport_daemon_lord	true	Magic Plan - Summon Enemy Army	0
wh3_dlc29_skv_thanquol_lose_alarm_1	wh3_dlc29_yellow_military_vampire_pay_to_reduce_alarm_action_generated	false	Alarm	0
wh3_dlc29_skv_thanquol_lose_alarm_1	wh3_dlc29_yellow_military_vampire_pay_to_reduce_alarm_elite_action_generated	false	Alarm	0
