key	group	initial_unit_count	pool	faction_requirement	subculture_requirement	tech_requirement
#mercenary_pool_to_groups_junctions_tables;3;db/mercenary_pool_to_groups_junctions_tables/data__						
1000002232	wh3_dlc25_dwf_grudges_hammerers	0	wh3_dlc25_dwf_book_of_grudges_mercenary_pool		wh_main_sc_dwf_dwarfs	
1001173460	wh2_dlc14_skv_inf_death_runners_ror_0	1	wh2_dlc12_skv_units_of_renown_pool		wh2_main_sc_skv_skaven	
1005628637	wh3_dlc29_chs_mon_chaos_siege_giant_warriors_faction_pool	0	wh3_main_belakor_faction_pool			
1005930984	wh3_main_nur_mon_great_unclean_one_0_warriors_faction_pool	0	wh3_dlc20_chs_faction_pool		wh_main_sc_chs_chaos	
1007329529	wh3_dlc29_chs_inf_chosen_mnur_ror	1	wh3_dlc20_renown_pool	wh3_dlc20_chs_festus		
1007505507	wh2_dlc10_hef_inf_the_scions_of_mathlann_ror_0	1	wh2_main_hef_units_of_renown_pool		wh2_main_sc_hef_high_elves	
1011649707	wh2_dlc13_emp_cav_empire_knights_imperial_supply	0	wh2_dlc13_emp_imperial_supply_pool	wh2_dlc13_emp_the_huntmarshals_expedition		
1011968358	wh3_twa06_nur_inf_plaguebearers_ror_0	1	wh3_dlc20_renown_pool	wh3_dlc29_chs_host_of_the_triplets		
1013627300	wh3_dlc26_grn_inf_rugluds_armoured_orcs	1	wh_dlc06_grn_units_of_renown_pool		wh_main_sc_grn_greenskins	
1015320368	wh3_dlc29_nag_tmb_cav_necropolis_knights_0_faction_pool	999999	wh3_dlc29_nag_raise_dead_tmb_faction_pool		wh3_dlc29_sc_nag_undead_legions	
1015320407	wh2_dlc11_cst_inf_zombie_gunnery_mob_2	0	wh2_dlc11_cst_vampire_pirate_merc_pool		wh2_dlc11_sc_cst_vampire_coast	
1016162402	wh3_dlc29_chs_mon_chaos_siege_giant_warriors_faction_pool	0	wh3_dlc20_coc_faction_pool		wh_main_sc_chs_chaos	
1016796404	wh3_dlc29_emp_middenland_hunting_hounds	1	wh3_dlc29_emp_middenland_merc_pool_boris	wh_main_emp_middenland		
1017607806	wh3_main_nur_inf_forsaken_0_province_pool	0	wh3_dlc20_chs_province_pool	wh3_main_chs_shadow_legion		
1020728437	wh3_dlc25_nur_chieftains_chs_inf_aspiring_champions_0	0	wh3_dlc25_nur_tamurkhan_chieftains_pool	wh3_dlc25_nur_tamurkhan		
1023553155	wh3_main_sla_inf_daemonette_0_warriors_faction_pool	1	wh3_dlc20_coc_faction_pool	wh3_dlc20_chs_sigvald		
1025775080	wh2_dlc16_skv_mon_rat_ogre_mutant_flesh_lab	0	wh2_dlc16_skv_throt_flesh_lab_pool	wh2_main_skv_clan_moulder		
1026583012	wh_dlc01_chs_inf_forsaken_0_province_pool	0	wh3_dlc20_chs_province_pool	wh3_dlc20_chs_sigvald		
102862214	wh2_dlc16_wef_cav_great_stag_knights_ror_0	1	wh_dlc05_wef_units_of_renown_pool		wh_dlc05_sc_wef_wood_elves	
103011971	wh2_dlc13_emp_cav_pistoliers_ror_0	0	wh2_dlc13_emp_elector_counts_merc_pool_volkmar		wh_main_sc_emp_empire	
1032976742	wh3_dlc29_vmp_inf_lahmian_handmaidens_death	999999	wh3_dlc29_vmp_raise_dead_faction		wh_main_sc_vmp_vampire_counts	
1034665181	wh3_main_nur_mon_spawn_of_nurgle_0_province_pool	0	wh3_dlc20_chs_province_pool	wh3_dlc29_chs_host_of_the_triplets		
1037385237	wh2_dlc09_tmb_inf_skeleton_archers_ror	1	wh3_dlc29_nag_units_of_renown_ror		wh3_dlc29_sc_nag_undead_legions	
1037862628	wh3_dlc20_chs_inf_chaos_marauders_mkho_province_pool	0	wh3_dlc20_chs_province_pool	wh3_dlc20_chs_valkia		
104159065	wh_main_chs_mon_chaos_warhounds_0_province_pool	1	wh3_dlc20_chs_province_pool	wh_main_chs_chaos		
1050375183	wh3_dlc27_nor_cav_marauder_horsemen_ror	1	wh3_dlc20_renown_pool	wh3_dlc20_chs_sigvald		
1051344757	wh2_dlc11_cst_inf_zombie_gunnery_mob_0	2	wh2_dlc11_cst_vampire_pirate_province_pool		wh2_dlc11_sc_cst_vampire_coast	
1051646759	wh_dlc08_nor_art_hellcannon_battery	1	wh_dlc08_nor_units_of_renown_pool		wh_dlc08_sc_nor_norsca	
105183902	wh3_dlc25_nur_chieftains_chs_art_hellcannon	0	wh3_dlc25_nur_tamurkhan_chieftains_pool	wh3_dlc25_nur_tamurkhan		
1052545886	wh3_dlc27_nor_cav_marauder_horsemasters_0	0	wh3_dlc27_nor_monstrous_arcanum		wh_dlc08_sc_nor_norsca	
1053442586	wh3_dlc29_nag_cst_inf_depth_guard_0_faction_pool	999999	wh3_dlc29_nag_raise_dead_cst_faction_pool		wh3_dlc29_sc_nag_undead_legions	
1055635124	wh2_dlc12_lzd_inf_temple_guards_ror_0	1	wh2_dlc12_lzd_units_of_renown_pool		wh2_main_sc_lzd_lizardmen	
1056904731	wh_dlc01_chs_mon_dragon_ogre_province_pool	0	wh3_dlc20_chs_province_pool		wh_main_sc_chs_chaos	
1057612761	wh3_main_sla_mon_soul_grinder_0_warriors_faction_pool	0	wh3_main_belakor_faction_pool			
1060590307	wh3_dlc29_chs_mon_giant_spined_chaos_beast_ror	1	wh_dlc01_chs_units_of_renown_pool		wh_main_sc_chs_chaos	
1061409574	wh3_dlc26_kho_inf_wrathmongers_ror	1	wh3_dlc20_renown_pool	wh3_dlc20_chs_valkia		
1061783541	wh2_twa03_def_mon_wolves_0	0	wh2_twa03_def_rakarth_merc_pool			
1061905494	wh2_main_lzd_inf_skink_skirmishers_blessed_0	1	wh2_main_lzd_spawnings_pool		wh2_main_sc_lzd_lizardmen	
1064929778	wh_pro04_nor_mon_war_mammoth_ror_0	1	wh_dlc08_nor_units_of_renown_pool		wh_dlc08_sc_nor_norsca	
1070447421	wh3_dlc25_dwf_malakai_feature_gyrocopter_1	0	wh3_dlc25_dwf_malakai_feature_mercenary_pool		wh_main_sc_dwf_dwarfs	
1073688989	wh3_dlc25_emp_veh_marienburg_land_ship_morr	0	wh3_dlc25_emp_amethyst_unit_pool	wh_main_emp_wissenland		
107561393	wh2_main_lzd_mon_ancient_stegadon_blessed	1	wh2_main_lzd_spawnings_pool		wh2_main_sc_lzd_lizardmen	
1076774654	wh3_dlc29_nur_mon_great_unclean_one_0_glottkin_garden_pool	0	wh3_dlc29_woc_glottkin_garden_faction_pool	wh3_dlc29_chs_host_of_the_triplets		
107681581	wh2_dlc13_emp_inf_crossbowmen_ror_0	0	wh2_dlc13_emp_elector_counts_merc_pool_volkmar		wh_main_sc_emp_empire	
1082598292	wh3_dlc27_sla_mon_champions_of_slaanesh_ror	1	wh3_dlc20_renown_pool	wh3_dlc20_chs_sigvald		
108651495	wh3_dlc27_sla_cav_seeker_chariots_ror	1	wh3_main_sla_units_of_renown_pool			
1088127706	wh2_dlc09_tmb_inf_skeleton_spearmen_ror	1	wh3_dlc29_nag_units_of_renown_ror		wh3_dlc29_sc_nag_undead_legions	
1088444349	wh2_dlc10_def_cav_raven_heralds_ror_0	1	wh2_main_def_units_of_renown_pool		wh2_main_sc_def_dark_elves	
1090303968	wh3_dlc20_chs_cav_chaos_chariot_msla_ror	1	wh_dlc01_chs_units_of_renown_pool		wh_main_sc_chs_chaos	
1093010295	wh3_dlc27_sla_mon_preyton	0	wh3_dlc27_nor_monstrous_arcanum		wh_dlc08_sc_nor_norsca	
1093281091	wh3_dlc27_sla_cav_pleasureseekers_warriors_faction_pool	0	wh3_dlc20_coc_faction_pool	wh3_dlc20_chs_sigvald		
1093295670	wh2_main_lzd_inf_skink_cohort_1_blessed	1	wh2_main_lzd_spawnings_pool		wh2_main_sc_lzd_lizardmen	
1093415614	wh2_dlc11_cst_inf_zombie_deckhands_mob_1	0	wh2_dlc11_cst_vampire_pirate_merc_pool		wh2_dlc11_sc_cst_vampire_coast	
1101147276	wh_dlc08_vmp_mon_terrorgheist_boss	1	wh_dlc08_monster_hunt_of_renown_pool		wh_main_sc_vmp_vampire_counts	
1101776761	wh3_main_ogr_inf_ogres_0	1	wh3_main_ogr_merc_pool			
1104835339	wh3_dlc20_chs_cav_chaos_chariot_mnur	0	wh3_main_nur_units		wh3_main_sc_nur_nurgle	
1106619582	wh3_dlc25_nur_inf_pestigors_warriors_faction_pool	0	wh3_dlc20_chs_province_pool	wh3_dlc20_chs_kholek		
1107836880	wh3_cp1_cth_bhashiva_shang_yang_support_zhangu_war_drum	0	wh3_cp1_cth_bhashiva_shang_yang_support			
1109657790	wh2_dlc13_emp_cav_demigryph_knights_1_imperial_supply	0	wh2_dlc13_emp_imperial_supply_pool	wh2_dlc13_emp_the_huntmarshals_expedition		
1110130340	wh3_dlc29_chs_inf_plague_ogres_great_weapons_glottkin_garden_pool	0	wh3_dlc29_woc_glottkin_garden_faction_pool	wh3_dlc29_chs_host_of_the_triplets		
111022889	wh3_dlc29_nag_cst_cav_deck_droppers_1_faction_pool	999999	wh3_dlc29_nag_raise_dead_cst_faction_pool		wh3_dlc29_sc_nag_undead_legions	
1110602695	wh2_dlc12_lzd_mon_salamander_pack_ror_0	1	wh2_dlc12_lzd_units_of_renown_pool		wh2_main_sc_lzd_lizardmen	
1112195467	wh3_dlc27_nor_cav_chaos_chariot_ror	1	wh3_main_tze_units_of_renown_pool			
1113561308	wh2_main_lzd_mon_bastiladon_blessed_2	1	wh2_main_lzd_spawnings_pool		wh2_main_sc_lzd_lizardmen	
1113926821	wh3_dlc26_chs_inf_chosen_mkho_ror	1	wh_dlc01_chs_units_of_renown_pool			
1114378908	wh2_dlc09_tmb_mon_ushabti_0	999999	wh3_dlc29_vmp_additional_units	wh3_dlc29_vmp_neferata		
1114438294	wh3_dlc29_nag_vmp_mon_zombie_dragon_faction_pool	999999	wh3_dlc29_nag_raise_dead_vmp_faction_pool		wh3_dlc29_sc_nag_undead_legions	
1116787817	wh3_dlc29_nur_mon_rot_flies_0_glottkin_garden_pool	0	wh3_dlc29_woc_glottkin_garden_faction_pool	wh3_dlc29_chs_host_of_the_triplets		
1119343593	wh3_dlc24_tze_mon_carnosaur_0	1	wh3_main_tze_units_of_renown_pool	wh3_dlc24_tze_the_deceivers		
1120327942	wh3_cp1_cth_bhashiva_shang_yang_support_grenadiers	0	wh3_cp1_cth_bhashiva_shang_yang_support			
1122452176	wh2_dlc16_skv_mon_wolf_rats_0_flesh_lab	0	wh2_dlc16_skv_throt_flesh_lab_pool	wh2_main_skv_clan_moulder		
112568199	wh3_main_tze_inf_forsaken_0_province_pool	0	wh3_dlc20_chs_province_pool	wh_main_chs_chaos		
1126515146	wh3_twa08_kho_mon_bloodthirster_0_ror	1	wh3_main_kho_units_of_renown_pool			
1126522916	wh_pro04_wef_inf_wildwood_rangers_ror_0	1	wh_dlc05_wef_units_of_renown_pool		wh_dlc05_sc_wef_wood_elves	
1130235629	wh2_dlc11_cst_inf_deck_gunners_ror_0	1	wh2_dlc11_cst_units_of_renown_pool		wh2_dlc11_sc_cst_vampire_coast	
1131152621	wh3_twa06_sla_inf_daemonette_ror_0	1	wh3_dlc20_renown_pool	wh3_dlc20_chs_sigvald		
1131413192	wh2_dlc17_kho_mon_ghorgon_ror_0	1	wh3_main_kho_units_of_renown_pool			
1132450975	wh2_dlc11_cst_inf_zombie_deckhands_mob_1	0	wh2_dlc11_cst_vampire_pirate_province_pool		wh2_dlc11_sc_cst_vampire_coast	
1133675520	wh_dlc08_nor_mon_frost_wyrm_ror_0	1	wh_dlc08_nor_units_of_renown_pool		wh_dlc08_sc_nor_norsca	
113389775	wh2_dlc13_emp_cav_demigryph_knights_0_imperial_supply	0	wh2_dlc13_emp_imperial_supply_pool	wh2_dlc13_emp_the_huntmarshals_expedition		
1139389651	wh2_dlc11_cst_mon_mournguls_ror_0	1	wh2_dlc11_cst_units_of_renown_pool		wh2_dlc11_sc_cst_vampire_coast	
1143266915	wh3_dlc29_nag_tmb_cav_necropolis_knights_1_faction_pool	999999	wh3_dlc29_nag_raise_dead_tmb_faction_pool		wh3_dlc29_sc_nag_undead_legions	
1144001916	wh3_main_nur_inf_chaos_furies_0	0	wh3_main_nur_units		wh3_main_sc_nur_nurgle	
1145278629	wh_pro04_chs_inf_forsaken_ror_0	1	wh3_main_nur_units_of_renown_pool			
1145921550	wh3_dlc29_nag_tmb_inf_tomb_guard_0_faction_pool	999999	wh3_dlc29_nag_raise_dead_tmb_faction_pool		wh3_dlc29_sc_nag_undead_legions	
1147923321	wh3_dlc29_chs_mon_chaos_siege_giant_warriors_faction_pool	0	wh3_dlc20_chs_faction_pool		wh_main_sc_chs_chaos	
1150654285	wh3_dlc29_nag_tmb_mon_bone_giant_0_faction_pool	999999	wh3_dlc29_nag_raise_dead_tmb_faction_pool		wh3_dlc29_sc_nag_undead_legions	
1151557565	wh3_main_nur_mon_soul_grinder_0	0	wh3_main_nur_units		wh3_main_sc_nur_nurgle	
1151988223	wh3_main_sla_veh_seeker_chariot_0_warriors_faction_pool	0	wh3_dlc20_coc_faction_pool	wh3_dlc20_chs_sigvald		
1154325042	wh3_dlc29_vmp_mon_morghast_archai_ror	1	wh3_dlc29_nag_units_of_renown_ror		wh3_dlc29_sc_nag_undead_legions	
1156324911	wh3_main_pro_ksl_cav_gryphon_legion_ror_0	1	wh3_main_pro_ksl_ror		wh3_main_pro_sc_ksl_kislev	
1159231933	wh3_main_tze_mon_spawn_of_tzeentch_0_province_pool	0	wh3_dlc20_chs_province_pool	wh3_main_chs_shadow_legion		
1160115648	wh3_dlc26_kho_inf_khorngors_faction_pool	0	wh3_dlc20_chs_province_pool	wh3_dlc20_chs_kholek		
1162460629	wh2_dlc12_lzd_cav_ripperdactyl_riders_0_blessed	1	wh2_main_lzd_spawnings_pool		wh2_main_sc_lzd_lizardmen	
116356164	wh3_dlc29_nag_vmp_inf_grave_guard_0_faction_pool	999999	wh3_dlc29_nag_raise_dead_vmp_faction_pool		wh3_dlc29_sc_nag_undead_legions	
1163977084	wh_dlc08_nor_art_hellcannon_battery	1	wh3_dlc23_chd_units_of_renown_pool		wh3_dlc23_sc_chd_chaos_dwarfs	
1164888327	wh2_dlc16_wef_mon_wolves	1	wh2_dlc16_wef_drycha_province_merc_pool	wh2_dlc16_wef_drycha		
1165788452	wh3_dlc24_tze_inf_centigors_great_weapons_faction_pool	0	wh3_dlc20_chs_province_pool	wh3_dlc20_chs_kholek		
1169919426	wh3_dlc20_chs_inf_chosen_mnur_greatweapons	0	wh3_main_nur_units		wh3_main_sc_nur_nurgle	
1170284716	wh3_dlc20_chs_inf_forsaken_msla_province_pool	0	wh3_dlc20_chs_province_pool	wh3_dlc20_chs_sigvald		
1174251355	wh3_dlc29_nur_inf_plaguebearers_0_glottkin_garden_pool	0	wh3_dlc29_woc_glottkin_garden_faction_pool	wh3_dlc29_chs_host_of_the_triplets		
117753924	wh3_main_kho_mon_spawn_of_khorne_0_province_pool	0	wh3_dlc20_chs_province_pool	wh_main_chs_chaos		
1178532862	wh2_dlc11_cst_mon_scurvy_dogs	0	wh2_dlc11_cst_vampire_pirate_merc_pool		wh2_dlc11_sc_cst_vampire_coast	
1179011038	wh3_dlc20_chs_inf_forsaken_mkho_province_pool	0	wh3_dlc20_chs_province_pool	wh3_dlc20_chs_sigvald		
1183644697	wh2_dlc13_emp_cav_reiksguard_imperial_supply	0	wh2_dlc13_emp_imperial_supply_pool	wh2_dlc13_emp_the_huntmarshals_expedition		
1185392511	wh3_dlc29_nag_vmp_veh_corpse_cart_1_faction_pool	999999	wh3_dlc29_nag_raise_dead_vmp_faction_pool		wh3_dlc29_sc_nag_undead_legions	
1189110765	wh3_dlc25_nur_cav_plague_drones_1_ror	1	wh3_main_nur_units_of_renown_pool			
1189897469	wh3_dlc25_dwf_malakai_feature_gyrocopter_0	0	wh3_dlc25_dwf_malakai_feature_mercenary_pool		wh_main_sc_dwf_dwarfs	
1189938051	wh2_twa03_feral_stegadon	0	wh2_twa03_def_rakarth_merc_pool			
1190774418	wh_main_chs_mon_chaos_warhounds_0_province_pool	1	wh3_dlc20_chs_province_pool	wh3_dlc20_chs_sigvald		
1191299849	wh3_dlc25_nur_chieftains_nor_mon_frost_wyrm_0	0	wh3_dlc25_nur_tamurkhan_chieftains_pool	wh3_dlc25_nur_tamurkhan		
1191469716	wh2_dlc11_cst_mon_bloated_corpse_0	0	wh2_dlc11_cst_vampire_pirate_merc_pool		wh2_dlc11_sc_cst_vampire_coast	
1192858516	wh3_main_sla_mon_fiends_of_slaanesh_0_warriors_faction_pool	0	wh3_main_belakor_faction_pool			
1195945014	wh2_dlc12_lzd_mon_ancient_stegadon_ror_0	1	wh2_dlc12_lzd_units_of_renown_pool		wh2_main_sc_lzd_lizardmen	
1201939699	wh3_main_sla_mon_fiends_of_slaanesh_0_warriors_faction_pool	0	wh3_dlc20_chs_faction_pool		wh_main_sc_chs_chaos	
1206534993	wh3_dlc26_kho_mon_bloodbeast_of_khorne_warriors_faction_pool	0	wh3_dlc20_coc_faction_pool	wh3_dlc20_chs_valkia		
1210453447	wh3_dlc20_chs_inf_chaos_marauders_mtze_province_pool	0	wh3_dlc20_chs_province_pool	wh3_dlc20_chs_vilitch		
121051434	wh_pro04_chs_inf_forsaken_ror_0	1	wh3_dlc20_renown_pool	wh3_dlc20_chs_festus		
1211300970	wh2_dlc11_cst_inf_zombie_gunnery_mob_1	1	wh2_dlc11_cst_vampire_pirate_province_pool		wh2_dlc11_sc_cst_vampire_coast	
1213118603	wh3_main_sla_inf_daemonette_0_warriors_faction_pool	0	wh3_dlc20_chs_faction_pool		wh_main_sc_chs_chaos	
1221129011	wh3_dlc25_nur_chieftains_nur_cav_rot_knights	0	wh3_dlc25_nur_tamurkhan_chieftains_pool	wh3_dlc25_nur_tamurkhan		
1221998324	wh_main_chs_mon_chaos_spawn_province_pool	0	wh3_dlc20_chs_province_pool	wh_main_chs_chaos		
1224230642	wh3_dlc29_nag_cst_mon_rotting_prometheans_gunnery_mob_0_faction_pool	999999	wh3_dlc29_nag_raise_dead_cst_faction_pool		wh3_dlc29_sc_nag_undead_legions	
1224898127	wh3_cp1_cth_bhashiva_shang_yang_support_jet_lion	0	wh3_cp1_cth_bhashiva_shang_yang_support			
12271324	wh3_dlc29_nag_cst_inf_zombie_gunnery_mob_2_faction_pool	999999	wh3_dlc29_nag_raise_dead_cst_faction_pool		wh3_dlc29_sc_nag_undead_legions	
1230336565	wh_pro04_bst_inf_cygor_ror_0	1	wh_dlc03_bst_units_of_renown_pool		wh_dlc03_sc_bst_beastmen	
123430837	wh3_dlc29_vmp_inf_spirit_host	999999	wh3_dlc29_vmp_raise_dead_faction		wh_main_sc_vmp_vampire_counts	
1236174111	wh3_dlc25_nur_inf_plague_ogres_great_weapons	0	wh3_main_nur_units		wh3_main_sc_nur_nurgle	
1242237885	wh3_main_nur_inf_plaguebearers_0	2	wh3_main_nur_units		wh3_main_sc_nur_nurgle	
1243146990	wh3_main_sla_mon_spawn_of_slaanesh_0_province_pool	0	wh3_dlc20_chs_province_pool	wh3_dlc20_chs_kholek		
1243352338	wh3_dlc27_chs_mon_dread_maw_province_pool	0	wh3_dlc20_chs_province_pool		wh_main_sc_chs_chaos	
1244361641	wh3_dlc29_nag_vmp_blood_knights_sword_shield_faction_pool	999999	wh3_dlc29_nag_raise_dead_vmp_faction_pool		wh3_dlc29_sc_nag_undead_legions	
1245274706	wh2_dlc10_def_cav_slaanesh_harvesters_ror_0	1	wh2_main_def_units_of_renown_pool		wh2_main_sc_def_dark_elves	
1249642224	wh_pro04_nor_inf_chaos_marauders_ror_0	1	wh_dlc08_nor_units_of_renown_pool		wh_dlc08_sc_nor_norsca	
1253825204	wh3_twa10_kho_inf_flesh_hounds_of_khorne_ror	1	wh_dlc01_chs_units_of_renown_pool		wh_main_sc_chs_chaos	
125832392	wh3_main_nur_mon_beast_of_nurgle_0_warriors_faction_pool	0	wh3_dlc20_coc_faction_pool	wh3_dlc20_chs_festus		
1258989185	wh2_dlc13_emp_inf_greatswords_ror_0_non_replenish	0	wh2_dlc13_emp_elector_counts_merc_pool_non_replenish		wh_main_sc_emp_empire	
1261203419	wh3_main_sla_mon_spawn_of_slaanesh_0_province_pool	0	wh3_dlc20_chs_province_pool	wh3_dlc20_chs_sigvald		
1263898227	wh2_dlc13_lzd_mon_razordon_pack_ror_0	1	wh2_dlc12_lzd_units_of_renown_pool		wh2_main_sc_lzd_lizardmen	
1268963046	wh2_dlc13_emp_inf_archers_ror_0	1	wh_dlc04_emp_units_of_renown_pool		wh_main_sc_emp_empire	
1275734453	wh3_dlc20_chs_inf_chaos_marauders_mtze_province_pool	0	wh3_dlc20_chs_province_pool	wh3_main_chs_shadow_legion		
1277355319	wh3_dlc25_dwf_malakai_feature_organ_guns	0	wh3_dlc25_dwf_malakai_feature_mercenary_pool		wh_main_sc_dwf_dwarfs	
1277654820	wh3_dlc20_chs_inf_forsaken_msla_province_pool	0	wh3_dlc20_chs_province_pool	wh_main_chs_chaos		
1277971189	wh3_main_nur_inf_plaguebearers_0_warriors_faction_pool	0	wh3_dlc20_chs_faction_pool		wh_main_sc_chs_chaos	
1278016901	wh_main_chs_mon_chaos_warhounds_1_province_pool	0	wh3_dlc20_chs_province_pool	wh3_dlc20_chs_sigvald		
1280669858	wh3_twa07_sla_cav_heartseekers_of_slaanesh_ror_0	1	wh3_dlc20_renown_pool	wh3_dlc20_chs_azazel		
1284256033	wh3_twa07_tze_cav_doom_knights_ror_0	1	wh3_dlc20_renown_pool	wh3_dlc20_chs_vilitch		
1285013000	wh3_twa07_cth_cav_jade_longma_riders_ror_0	1	wh3_main_cth_units_of_renown_pool		wh3_main_sc_cth_cathay	
1285984880	wh3_dlc25_dwf_inf_slayer_pirates_ror	1	wh3_main_ogr_units_of_renown_pool	wh3_dlc26_ogr_golgfag		
128646379	wh3_main_nur_mon_rot_flies_0	0	wh3_main_nur_units		wh3_main_sc_nur_nurgle	
1287779271	wh3_dlc27_sla_dechala_daemons_exalted_seeker_chariot	0	wh3_dlc27_sla_daemonic_attraction			
1289032611	wh3_dlc26_kho_mon_slaughterbrute_warriors_faction_pool	0	wh3_main_belakor_faction_pool			
1289436304	wh3_dlc25_nur_mon_toad_dragon	0	wh3_main_nur_units		wh3_main_sc_nur_nurgle	
1290307843	wh3_dlc29_chs_inf_chosen_mnur_ror	1	wh_dlc01_chs_units_of_renown_pool		wh_main_sc_chs_chaos	
1294493323	wh3_dlc26_grn_mon_colossal_squig_ror	1	wh_dlc06_grn_units_of_renown_pool		wh_main_sc_grn_greenskins	
1295729494	wh3_dlc29_nag_vmp_mon_crypt_horrors_faction_pool	999999	wh3_dlc29_nag_raise_dead_vmp_faction_pool		wh3_dlc29_sc_nag_undead_legions	
1300873712	wh3_main_dae_inf_chaos_furies_0_faction_pool	0	wh3_dlc20_coc_faction_pool		wh_main_sc_chs_chaos	
1302972555	wh3_dlc27_sla_cav_seeker_chariots_ror	1	wh3_dlc20_renown_pool	wh3_dlc20_chs_azazel		
1306175653	wh3_main_kho_inf_bloodletters_0_warriors_faction_pool	1	wh3_main_belakor_faction_pool			
130828600	wh3_dlc27_nor_inf_chaos_marauders_great_weapons_ror	1	wh3_dlc20_renown_pool	wh3_dlc20_chs_festus		
1310886464	wh3_main_sla_inf_marauders_0_province_pool	0	wh3_dlc20_chs_province_pool	wh_main_chs_chaos		
1310910260	wh_dlc04_vmp_inf_tithe_0	1	wh3_dlc29_nag_units_of_renown_ror		wh3_dlc29_sc_nag_undead_legions	
1311170056	wh3_twa07_nur_cav_pox_riders_of_nurgle_ror_0	1	wh3_dlc20_renown_pool	wh3_dlc20_chs_festus		
1318867775	wh3_main_sla_mon_soul_grinder_0_warriors_faction_pool	0	wh3_dlc20_coc_faction_pool	wh3_dlc20_chs_azazel		
1319575953	wh3_main_tze_inf_pink_horrors_0_warriors_faction_pool	1	wh3_dlc20_coc_faction_pool	wh3_dlc20_chs_vilitch		
1319758449	wh2_dlc13_emp_inf_halberdiers_ror_0	0	wh2_dlc13_emp_elector_counts_merc_pool		wh_main_sc_emp_empire	
1320556615	wh2_main_lzd_inf_saurus_warriors_blessed_1	1	wh2_main_lzd_spawnings_pool		wh2_main_sc_lzd_lizardmen	
1320882515	wh3_dlc29_chs_mon_chaos_siege_giant_monster_mark_province_pool	0	wh3_dlc20_chs_province_pool	wh3_dlc29_chs_host_of_the_triplets		
1321677402	wh3_dlc25_nur_inf_plague_ogres_warriors_faction_pool	0	wh3_dlc20_chs_faction_pool		wh_main_sc_chs_chaos	
1321697271	wh_pro04_wef_cav_wild_riders_ror_0	1	wh_dlc05_wef_units_of_renown_pool		wh_dlc05_sc_wef_wood_elves	
1322972367	wh3_twa10_cth_inf_peasant_archers_ror	1	wh3_main_cth_units_of_renown_pool		wh3_main_sc_cth_cathay	
1323449495	wh3_dlc25_nur_cav_plague_drones_1_ror	1	wh3_dlc20_renown_pool	wh3_dlc20_chs_festus		
1323541815	wh2_dlc13_emp_cav_pistoliers_ror_0_non_replenish	0	wh2_dlc13_emp_elector_counts_merc_pool_non_replenish		wh_main_sc_emp_empire	
1323948233	wh2_twa03_mon_monster_feral_bear	0	wh2_twa03_def_rakarth_merc_pool			
1324340579	wh3_cp1_cth_bhashiva_shang_yang_support_jade_warriors_halberds	0	wh3_cp1_cth_bhashiva_shang_yang_support			
1325069854	wh2_dlc15_hef_mon_black_dragon_imrik	0	wh2_dlc15_hef_imrik_dragon_units_of_renown_pool		wh2_main_sc_hef_high_elves	
1326715849	wh_main_chs_mon_chaos_warhounds_1_province_pool	0	wh3_dlc20_chs_province_pool	wh3_main_chs_shadow_legion		
132739090	wh3_dlc20_chs_mon_warshrine_mnur_faction_pool	0	wh3_dlc20_chs_faction_pool		wh_main_sc_chs_chaos	
1329108963	wh3_dlc29_nag_tmb_veh_skeleton_archer_chariot_0_faction_pool	999999	wh3_dlc29_nag_raise_dead_tmb_faction_pool		wh3_dlc29_sc_nag_undead_legions	
1330759061	wh3_dlc27_sla_inf_slaangors_faction_pool	0	wh3_dlc20_chs_province_pool	wh3_dlc20_chs_azazel		
1331163397	wh3_main_ogr_inf_ogres_1	1	wh3_main_ogr_merc_pool			
1331618622	wh2_dlc11_cst_inf_zombie_gunnery_mob_2	0	wh2_dlc11_cst_vampire_pirate_province_pool		wh2_dlc11_sc_cst_vampire_coast	
1333500284	wh2_dlc10_hef_inf_the_storm_riders_ror_0	1	wh2_main_hef_units_of_renown_pool		wh2_main_sc_hef_high_elves	
133379865	wh_main_chs_mon_chaos_warhounds_0_province_pool	1	wh3_dlc20_chs_province_pool	wh3_dlc20_chs_azazel		
1334393601	wh2_dlc15_hef_mon_star_dragon_imrik_boss	0	wh2_dlc15_hef_imrik_dragon_units_of_renown_pool		wh2_main_sc_hef_high_elves	
1336542423	wh3_main_ogr_cav_mournfang_cavalry_0	1	wh3_main_ogr_merc_pool			
1342385599	wh2_dlc13_emp_veh_steam_tank_imperial_supply	0	wh2_dlc13_emp_imperial_supply_pool	wh2_dlc13_emp_the_huntmarshals_expedition		
1343789519	wh2_dlc12_lzd_cav_terradon_riders_ror_0	1	wh2_dlc12_lzd_units_of_renown_pool		wh2_main_sc_lzd_lizardmen	
1348788270	wh3_dlc29_nag_vmp_cav_black_knights_0_faction_pool	999999	wh3_dlc29_nag_raise_dead_vmp_faction_pool		wh3_dlc29_sc_nag_undead_legions	
1351145872	wh2_dlc11_cst_inf_zombie_gunnery_mob_0	0	wh2_dlc11_cst_vampire_pirate_merc_pool		wh2_dlc11_sc_cst_vampire_coast	
1357935116	wh2_dlc11_vmp_inf_handgunners	999999	wh3_dlc29_vmp_additional_units		wh_main_sc_vmp_vampire_counts	
1360533297	wh2_dlc13_lzd_mon_dread_saurian_ror_0	1	wh2_dlc12_lzd_units_of_renown_pool		wh2_main_sc_lzd_lizardmen	
136230844	wh3_dlc29_nag_vmp_inf_grave_guard_2_faction_pool	999999	wh3_dlc29_nag_raise_dead_vmp_faction_pool		wh3_dlc29_sc_nag_undead_legions	
1365682240	wh3_twa08_nur_mon_great_unclean_one_0_ror	1	wh3_dlc20_renown_pool	wh3_dlc20_chs_festus		
1367125040	wh3_dlc29_bst_mon_giant_spined_chaos_beast_ror	1	wh_dlc03_bst_units_of_renown_pool			
1367681987	wh3_dlc20_chs_mon_warshrine_mtze_faction_pool	0	wh3_main_belakor_faction_pool			
137143683	wh3_dlc24_ksl_inf_streltsi_ror	1	wh3_main_ksl_units_of_renown_pool		wh3_main_sc_ksl_kislev	
1376121090	wh3_dlc29_chs_mon_basilisk_province_pool	0	wh3_dlc20_chs_province_pool		wh_main_sc_chs_chaos	
1376729241	wh3_dlc25_nur_mon_toad_dragon_monster_mark_province_pool	0	wh3_dlc20_chs_province_pool	wh3_dlc29_chs_host_of_the_triplets		
1377354640	wh3_main_nur_cav_plague_drones_0	0	wh3_main_nur_units		wh3_main_sc_nur_nurgle	
1378895465	wh3_dlc25_nur_inf_pestigors_warriors_faction_pool	0	wh3_dlc20_chs_province_pool	wh3_dlc20_chs_festus		
1380043589	wh3_dlc20_chs_inf_forsaken_mkho_province_pool	0	wh3_dlc20_chs_province_pool	wh_main_chs_chaos		
1381981047	wh2_dlc13_emp_art_helstorm_rocket_battery_imperial_supply	0	wh2_dlc13_emp_imperial_supply_pool	wh2_dlc13_emp_the_huntmarshals_expedition		
1382122460	wh2_dlc11_cst_inf_deck_gunners_0	0	wh2_dlc11_cst_vampire_pirate_merc_pool		wh2_dlc11_sc_cst_vampire_coast	
1383953142	wh2_dlc17_bst_mon_ghorgon_ror_0	1	wh_dlc03_bst_units_of_renown_pool		wh_dlc03_sc_bst_beastmen	
1384202378	wh2_dlc11_cst_mon_necrofex_colossus_ror_0	1	wh2_dlc11_cst_units_of_renown_pool		wh2_dlc11_sc_cst_vampire_coast	
1385209348	wh2_dlc09_tmb_inf_skeleton_archers_ror	1	wh2_dlc09_tmb_units_of_renown_pool		wh2_dlc09_sc_tmb_tomb_kings	
1385382673	wh3_dlc27_sla_inf_slaangors_faction_pool	0	wh3_dlc20_chs_province_pool	wh3_main_chs_shadow_legion		
1385845295	wh_main_chs_inf_chaos_marauders_0_province_pool	1	wh3_dlc20_chs_province_pool		wh_main_sc_chs_chaos	
1385871324	wh3_dlc29_nag_cst_cav_deck_droppers_2_faction_pool	999999	wh3_dlc29_nag_raise_dead_cst_faction_pool		wh3_dlc29_sc_nag_undead_legions	
1386669836	wh3_dlc29_emp_inf_hunting_hounds_ror	1	wh_dlc04_emp_units_of_renown_pool		wh_main_sc_emp_empire	
1386930986	wh_pro04_brt_cav_mounted_yeomen_ror_0	1	wh_dlc07_brt_units_of_renown_pool		wh_main_sc_brt_bretonnia	
1388918020	wh3_dlc29_emp_middenland_inf_wolf_kin	1	wh3_dlc29_emp_middenland_merc_pool_boris	wh_main_emp_middenland		
1391438828	wh3_dlc27_nor_inf_marauder_hunters_1	0	wh3_dlc27_nor_monstrous_arcanum		wh_dlc08_sc_nor_norsca	
1395824290	wh3_dlc20_chs_mon_warshrine_faction_pool	0	wh3_main_belakor_faction_pool			
1395882548	wh3_dlc29_emp_cav_knights_of_the_white_wolf_ror	1	wh_dlc04_emp_units_of_renown_pool		wh_main_sc_emp_empire	
1395902623	wh3_main_kho_mon_spawn_of_khorne_0_province_pool	0	wh3_dlc20_chs_province_pool	wh3_dlc20_chs_sigvald		
1396123128	wh3_dlc29_nag_tmb_veh_khemrian_warsphinx_0_faction_pool	999999	wh3_dlc29_nag_raise_dead_tmb_faction_pool		wh3_dlc29_sc_nag_undead_legions	
1398078174	wh3_dlc24_tze_inf_tzaangors_faction_pool	0	wh3_dlc20_chs_province_pool	wh3_main_chs_shadow_legion		
139937312	wh3_twa07_kho_cav_bloodcrushers_ror_0	1	wh3_dlc20_renown_pool	wh3_dlc20_chs_valkia		
1400991189	wh3_dlc29_nag_vmp_cav_black_knights_3_faction_pool	999999	wh3_dlc29_nag_raise_dead_vmp_faction_pool		wh3_dlc29_sc_nag_undead_legions	
1402376378	wh3_dlc29_nag_cst_art_mortar_faction_pool	999999	wh3_dlc29_nag_raise_dead_cst_faction_pool		wh3_dlc29_sc_nag_undead_legions	
1404463298	wh3_dlc27_hef_inf_ships_company_ror	1	wh2_main_hef_units_of_renown_pool		wh2_main_sc_hef_high_elves	
14052529	wh3_dlc23_chd_inf_chaos_dwarf_blunderbusses_ror	1	wh3_dlc23_chd_units_of_renown_pool		wh3_dlc23_sc_chd_chaos_dwarfs	
1408399083	wh2_dlc13_emp_cav_empire_knights_ror_0	0	wh2_dlc13_emp_elector_counts_merc_pool_volkmar		wh_main_sc_emp_empire	
1411071371	wh3_dlc25_nur_chieftains_nur_mon_toad_dragon	0	wh3_dlc25_nur_tamurkhan_chieftains_pool	wh3_dlc25_nur_tamurkhan		
1415340514	wh3_main_vmp_blood_knights_sword_shield	999999	wh3_dlc29_vmp_raise_dead_faction		wh_main_sc_vmp_vampire_counts	
1417884094	wh2_dlc09_tmb_mon_ushabti_ror	1	wh2_dlc09_tmb_units_of_renown_pool		wh2_dlc09_sc_tmb_tomb_kings	
1425274598	wh3_cp1_cth_bhashiva_shang_yang_support_dragon_guard	0	wh3_cp1_cth_bhashiva_shang_yang_support			
1428481594	wh_main_chs_mon_chaos_warhounds_1_province_pool	0	wh3_dlc20_chs_province_pool	wh_main_chs_chaos		
1431390049	wh_pro04_nor_inf_marauder_berserkers_ror_0	1	wh3_main_kho_units_of_renown_pool			
1431864381	wh_pro04_chs_mon_chaos_spawn_ror_0	1	wh_dlc01_chs_units_of_renown_pool		wh_main_sc_chs_chaos	
1434123986	wh2_dlc13_emp_inf_handgunners_ror_0	0	wh2_dlc13_emp_elector_counts_merc_pool_volkmar		wh_main_sc_emp_empire	
1436018117	wh2_main_lzd_mon_stegadon_blessed_1	1	wh2_main_lzd_spawnings_pool		wh2_main_sc_lzd_lizardmen	
1440727520	wh2_dlc13_emp_cav_empire_knights_ror_2_non_replenish	0	wh2_dlc13_emp_elector_counts_merc_pool_non_replenish		wh_main_sc_emp_empire	
1443828628	wh_dlc08_bst_mon_cygor_boss	1	wh_dlc08_monster_hunt_of_renown_pool		wh_dlc03_sc_bst_beastmen	
1443991813	wh3_dlc25_dwf_malakai_feature_cannons	0	wh3_dlc25_dwf_malakai_feature_mercenary_pool		wh_main_sc_dwf_dwarfs	
1446775740	wh3_dlc25_emp_veh_marienburg_land_ship_ror	1	wh_dlc04_emp_units_of_renown_pool		wh_main_sc_emp_empire	
1447784572	wh2_dlc16_skv_mon_rat_ogre_mutant_ror_0	1	wh2_dlc12_skv_units_of_renown_pool		wh2_main_sc_skv_skaven	
144812057	wh3_dlc26_kho_inf_skullreapers_faction_pool	0	wh3_dlc20_chs_province_pool	wh_main_chs_chaos		
1449022346	wh3_dlc26_kho_inf_wrathmongers_ror	1	wh_dlc01_chs_units_of_renown_pool	wh_main_chs_chaos		
1451034891	wh2_dlc14_def_cav_scourgerunner_chariot_ror_0	1	wh2_main_def_units_of_renown_pool		wh2_main_sc_def_dark_elves	
1454194524	wh3_dlc29_nur_mon_soul_grinder_0_glottkin_garden_pool	0	wh3_dlc29_woc_glottkin_garden_faction_pool	wh3_dlc29_chs_host_of_the_triplets		
1460265073	wh3_dlc24_tze_mon_mutalith_vortex_beast_ror	1	wh3_main_tze_units_of_renown_pool			
1461609559	wh2_dlc17_dwf_mon_carnosaur_thorek_0	1	wh_dlc06_dwf_units_of_renown_pool	wh2_dlc17_dwf_thorek_ironbrow		
1464113706	wh3_dlc20_chs_inf_chaos_marauders_mnur_province_pool	0	wh3_dlc20_chs_province_pool	wh3_main_chs_shadow_legion		
1464790395	wh3_dlc27_chs_mon_dragon_ogre_shaggoth	0	wh3_dlc27_nor_monstrous_arcanum		wh_dlc08_sc_nor_norsca	
1468832941	wh3_dlc25_nur_cav_rot_knights	0	wh3_main_nur_units		wh3_main_sc_nur_nurgle	
1472002028	wh_pro04_wef_inf_eternal_guard_ror_0	1	wh_dlc05_wef_units_of_renown_pool		wh_dlc05_sc_wef_wood_elves	
1472352119	wh2_dlc13_emp_cav_pistoliers_ror_0	0	wh2_dlc13_emp_elector_counts_merc_pool		wh_main_sc_emp_empire	
1473564650	wh2_dlc09_tmb_mon_necrosphinx_ror	1	wh2_dlc09_tmb_units_of_renown_pool		wh2_dlc09_sc_tmb_tomb_kings	
1474176410	wh3_dlc29_nag_vmp_inf_spirit_host_faction_pool	999999	wh3_dlc29_nag_raise_dead_vmp_faction_pool		wh3_dlc29_sc_nag_undead_legions	
1475417200	wh2_dlc16_wef_mon_cave_bats_drycha	1	wh2_dlc16_wef_drycha_province_merc_pool	wh2_dlc16_wef_drycha		
1475555903	wh3_dlc29_nur_mon_toad_dragon_glottkin_garden_pool	0	wh3_dlc29_woc_glottkin_garden_faction_pool	wh3_dlc29_chs_host_of_the_triplets		
1475832839	wh3_twa07_tze_cav_doom_knights_ror_0	1	wh_dlc01_chs_units_of_renown_pool		wh_main_sc_chs_chaos	
1479977262	wh_pro04_brt_inf_foot_squires_ror_0	1	wh_dlc07_brt_units_of_renown_pool		wh_main_sc_brt_bretonnia	
1481882559	wh3_main_pro_ksl_inf_ice_guard_ror_0	1	wh3_main_pro_ksl_ror		wh3_main_pro_sc_ksl_kislev	
1483449659	wh3_dlc29_skv_mon_scatterfire_team_ror	1	wh2_dlc12_skv_units_of_renown_pool		wh2_main_sc_skv_skaven	
1484114630	wh_main_chs_mon_chaos_warhounds_0_province_pool	1	wh3_dlc20_chs_province_pool	wh3_dlc20_chs_kholek		
1489160299	wh3_dlc25_nur_chieftains_nor_mon_fimir_1	0	wh3_dlc25_nur_tamurkhan_chieftains_pool	wh3_dlc25_nur_tamurkhan		
1489409383	wh3_dlc29_chs_mon_basilisk_glottkin_garden_pool	0	wh3_dlc29_woc_glottkin_garden_faction_pool	wh3_dlc29_chs_host_of_the_triplets		
148971209	wh_dlc06_chs_feral_manticore_province_pool	0	wh3_dlc20_chs_province_pool		wh_main_sc_chs_chaos	
1490174453	wh3_twa07_tze_cav_doom_knights_ror_0	1	wh3_main_tze_units_of_renown_pool			
1499637233	wh2_dlc17_bst_inf_centigors_ror_1	1	wh_dlc03_bst_units_of_renown_pool		wh_dlc03_sc_bst_beastmen	
1502229524	wh2_dlc11_cst_inf_zombie_gunnery_mob_ror_0	1	wh2_dlc11_cst_units_of_renown_pool		wh2_dlc11_sc_cst_vampire_coast	
1510231242	wh3_dlc26_kho_inf_wrathmongers_faction_pool	0	wh3_dlc20_chs_province_pool	wh3_dlc20_chs_valkia		
1511894260	wh3_main_ogr_inf_maneaters_0	1	wh3_main_ogr_merc_pool			
1512749492	wh3_dlc20_chs_inf_chaos_warriors_mnur	0	wh3_main_nur_units		wh3_main_sc_nur_nurgle	
1516575746	wh3_main_kho_mon_bloodthirster_0_warriors_faction_pool	0	wh3_dlc20_chs_faction_pool		wh_main_sc_chs_chaos	
1517546276	wh3_dlc29_nur_cav_plague_drones_1_glottkin_garden_pool	0	wh3_dlc29_woc_glottkin_garden_faction_pool	wh3_dlc29_chs_host_of_the_triplets		
1517611032	wh2_dlc11_cst_inf_zombie_gunnery_mob_3	0	wh2_dlc11_cst_vampire_pirate_province_pool		wh2_dlc11_sc_cst_vampire_coast	
1520196206	wh_main_chs_art_hellcannon_warriors_faction_pool	0	wh3_dlc20_coc_faction_pool		wh_main_sc_chs_chaos	
1520615499	wh2_dlc14_def_inf_harpies_ror_0	1	wh2_main_def_units_of_renown_pool		wh2_main_sc_def_dark_elves	
1521988730	wh_pro04_nor_mon_fimir_ror_0	1	wh_dlc08_nor_units_of_renown_pool		wh_dlc08_sc_nor_norsca	
1523051958	wh3_dlc23_chd_cav_hobgoblin_wolf_raiders_ror	1	wh3_dlc23_chd_units_of_renown_pool		wh3_dlc23_sc_chd_chaos_dwarfs	
1523909631	wh2_dlc15_hef_mon_forest_dragon_imrik	0	wh2_dlc15_hef_imrik_dragon_units_of_renown_pool		wh2_main_sc_hef_high_elves	
1524437889	wh3_dlc25_nur_mon_bile_trolls_warriors_faction_pool	0	wh3_main_belakor_faction_pool			
15245943	wh3_dlc24_tze_inf_centigors_great_weapons_faction_pool	0	wh3_dlc20_chs_province_pool	wh3_main_chs_shadow_legion		
1530566948	wh2_dlc11_cst_inf_zombie_deckhands_mob_0	1	wh2_dlc11_cst_vampire_pirate_province_pool		wh2_dlc11_sc_cst_vampire_coast	
1531413644	wh3_dlc29_nag_vmp_mon_morghast_archai_faction_pool	999999	wh3_dlc29_nag_raise_dead_tmb_faction_pool		wh3_dlc29_sc_nag_undead_legions	
1534020069	wh3_dlc27_sla_dechala_daemons_furies	0	wh3_dlc27_sla_daemonic_attraction			
1534331766	wh3_dlc27_sla_dechala_daemons_heartseekers	0	wh3_dlc27_sla_daemonic_attraction			
1537167537	wh2_dlc13_emp_cav_empire_knights_ror_2	0	wh2_dlc13_emp_elector_counts_merc_pool		wh_main_sc_emp_empire	
1538178854	wh3_cp1_cth_bhashiva_shang_yang_support_jade_lion	0	wh3_cp1_cth_bhashiva_shang_yang_support			
1540423437	wh3_main_nur_inf_nurglings_0_warriors_faction_pool	0	wh3_main_belakor_faction_pool			
1544270202	wh3_dlc29_nag_cst_inf_zombie_deckhands_mob_0_faction_pool	999999	wh3_dlc29_nag_raise_dead_cst_faction_pool		wh3_dlc29_sc_nag_undead_legions	
1548942956	wh3_dlc29_nag_vmp_veh_black_coach_faction_pool	999999	wh3_dlc29_nag_raise_dead_vmp_faction_pool		wh3_dlc29_sc_nag_undead_legions	
1549673195	wh_dlc04_vmp_cav_chillgheists_0	1	wh3_dlc29_nag_units_of_renown_ror		wh3_dlc29_sc_nag_undead_legions	
15500062	wh_dlc01_chs_inf_forsaken_0_province_pool	0	wh3_dlc20_chs_province_pool	wh3_main_chs_shadow_legion		
155072190	wh3_dlc27_sla_inf_slaangors_faction_pool	0	wh3_dlc20_chs_province_pool	wh3_dlc20_chs_sigvald		
1555475699	wh2_dlc14_def_mon_bloodwrack_medusa_ror_0	1	wh2_main_def_units_of_renown_pool		wh2_main_sc_def_dark_elves	
1559848243	wh3_main_ksl_inf_kossars_1	0	wh3_main_ksl_zealous_conscription			
1560281124	wh3_dlc26_ogr_inf_pigback_riders_ror	1	wh3_main_ogr_units_of_renown_pool		wh3_main_sc_ogr_ogre_kingdoms	
1560292826	wh3_main_kho_inf_bloodletters_0_warriors_faction_pool	1	wh3_dlc20_coc_faction_pool	wh3_dlc20_chs_valkia		
1561571315	wh3_dlc29_vmp_inf_lahmian_handmaidens_shadow	999999	wh3_dlc29_vmp_raise_dead_faction		wh_main_sc_vmp_vampire_counts	
15625754	wh_dlc01_chs_inf_forsaken_0_province_pool	0	wh3_dlc20_chs_province_pool	wh3_dlc29_chs_host_of_the_triplets		
157081003	wh2_dlc13_emp_inf_handgunners_ror_0	0	wh2_dlc13_emp_elector_counts_merc_pool		wh_main_sc_emp_empire	
1571480490	wh2_dlc09_tmb_inf_tomb_guard_1	999999	wh3_dlc29_vmp_additional_units	wh3_dlc29_vmp_neferata		
1574538424	wh3_dlc20_chs_inf_aspiring_champions_mtze_ror	1	wh_dlc01_chs_units_of_renown_pool		wh_main_sc_chs_chaos	
1574602814	wh3_twa10_nur_inf_nurglings_ror	1	wh3_main_nur_units_of_renown_pool			
15797301	wh3_dlc20_chs_mon_giant_mnur_ror	1	wh_dlc01_chs_units_of_renown_pool		wh_main_sc_chs_chaos	
1585135975	wh3_dlc20_chs_inf_chaos_marauders_mtze_province_pool	0	wh3_dlc20_chs_province_pool	wh_main_chs_chaos		
1585425514	wh2_dlc09_tmb_inf_nehekhara_warriors_ror	0	wh2_dlc09_tmb_units_of_renown_pool		wh2_dlc09_sc_tmb_tomb_kings	
1586890435	wh3_twa07_ksl_cav_war_bear_riders_ror_0	1	wh3_main_ksl_units_of_renown_pool		wh3_main_sc_ksl_kislev	
1587376754	wh2_dlc15_grn_mon_river_trolls_ror_0	1	wh_dlc06_grn_units_of_renown_pool		wh_main_sc_grn_greenskins	
1587603320	wh2_dlc09_tmb_tomb_guard_ror	1	wh2_dlc09_tmb_units_of_renown_pool		wh2_dlc09_sc_tmb_tomb_kings	
1590511492	wh2_dlc11_cst_art_carronade	0	wh2_dlc11_cst_vampire_pirate_merc_pool		wh2_dlc11_sc_cst_vampire_coast	
1590749554	wh_pro04_nor_mon_warwolves_ror_0	1	wh_dlc08_nor_units_of_renown_pool		wh_dlc08_sc_nor_norsca	
1591492890	wh3_dlc29_nag_cst_inf_zombie_deckhands_mob_1_faction_pool	999999	wh3_dlc29_nag_raise_dead_cst_faction_pool		wh3_dlc29_sc_nag_undead_legions	
1593600704	wh_pro04_chs_art_hellcannon_ror_0	1	wh3_dlc23_chd_units_of_renown_pool		wh3_dlc23_sc_chd_chaos_dwarfs	
1595916067	wh2_dlc09_tmb_mon_tomb_scorpion_0	999999	wh3_dlc29_vmp_additional_units	wh3_dlc29_vmp_neferata		
159661127	wh2_dlc13_emp_inf_halberdiers_imperial_supply	0	wh2_dlc13_emp_imperial_supply_pool	wh2_dlc13_emp_the_huntmarshals_expedition		
1605193590	wh3_dlc29_nag_cst_mon_bloated_corpse_0_faction_pool	999999	wh3_dlc29_nag_raise_dead_cst_faction_pool		wh3_dlc29_sc_nag_undead_legions	
1607227976	wh2_dlc17_lzd_inf_chameleon_stalkers_0_blessed	1	wh2_main_lzd_spawnings_pool		wh2_main_sc_lzd_lizardmen	
1612887549	wh3_dlc24_tze_mon_flamers_changebringers_faction_pool	0	wh3_dlc20_chs_faction_pool		wh_main_sc_chs_chaos	
1615229180	wh3_dlc29_nag_tmb_art_casket_of_souls_0_faction_pool	999999	wh3_dlc29_nag_raise_dead_tmb_faction_pool		wh3_dlc29_sc_nag_undead_legions	
1615259727	wh3_main_kho_mon_bloodthirster_0_warriors_faction_pool	0	wh3_main_belakor_faction_pool			
1617221219	wh3_dlc20_chs_inf_chaos_marauders_mkho_province_pool	0	wh3_dlc20_chs_province_pool	wh_main_chs_chaos		
1617277019	wh3_dlc25_dwf_malakai_feature_goblin_hewer	0	wh3_dlc25_dwf_malakai_feature_mercenary_pool		wh_main_sc_dwf_dwarfs	
1618435482	wh_main_chs_mon_chaos_warhounds_0_province_pool	1	wh3_dlc20_chs_province_pool	wh3_dlc20_chs_sigvald		
1618701333	wh3_dlc27_nor_cav_chaos_chariot_ror	1	wh_dlc08_nor_units_of_renown_pool			
1620610035	wh2_dlc15_grn_mon_feral_hydra_waaagh_0	0	wh2_dlc15_grn_waaagh_pool		wh_main_sc_grn_greenskins	
162159465	wh3_dlc25_nur_chieftain_cav_chaos_chariot_mnur	0	wh3_dlc25_nur_tamurkhan_chieftains_pool	wh3_dlc25_nur_tamurkhan		
1621976098	wh3_twa10_tze_inf_blue_horrors_ror	1	wh3_main_tze_units_of_renown_pool			
1622615158	wh2_twa03_mon_war_mammoth_0	0	wh2_twa03_def_rakarth_merc_pool			
1624091175	wh3_dlc26_kho_inf_wrathmongers_ror	1	wh3_main_kho_units_of_renown_pool			
1625781153	wh3_main_kho_inf_flesh_hounds_of_khorne_0_warriors_faction_pool	0	wh3_main_belakor_faction_pool			
1629480857	wh3_dlc29_chs_art_hellcannon_glottkin_garden_pool	0	wh3_dlc29_woc_glottkin_garden_faction_pool	wh3_dlc29_chs_host_of_the_triplets		
1634005218	wh2_dlc12_lzd_mon_salamander_pack_0_blessed	1	wh2_main_lzd_spawnings_pool		wh2_main_sc_lzd_lizardmen	
163938400	wh3_dlc29_emp_inf_teutogen_guard_ror	1	wh_dlc04_emp_units_of_renown_pool		wh_main_sc_emp_empire	
1641610935	wh3_dlc27_sla_cav_pleasureseekers_warriors_faction_pool	0	wh3_main_belakor_faction_pool			
1642533164	wh2_dlc12_lzd_mon_ancient_salamander_0_blessed	1	wh2_main_lzd_spawnings_pool		wh2_main_sc_lzd_lizardmen	
1643146825	wh2_dlc09_tmb_cav_necropolis_knights_ror	0	wh2_dlc09_tmb_units_of_renown_pool		wh2_dlc09_sc_tmb_tomb_kings	
1643696733	wh3_main_tze_mon_flamers_0_warriors_faction_pool	0	wh3_dlc20_chs_faction_pool		wh_main_sc_chs_chaos	
1643885652	wh2_dlc11_cst_mon_necrofex_colossus_ror_0	1	wh3_dlc29_nag_units_of_renown_ror		wh3_dlc29_sc_nag_undead_legions	
1644548308	wh3_twa08_nur_mon_great_unclean_one_0_ror	1	wh3_dlc20_renown_pool	wh3_dlc29_chs_host_of_the_triplets		
1646801600	wh2_dlc12_skv_veh_doomwheel_ror_tech_lab_0	1	wh2_dlc12_skv_units_of_renown_pool	wh2_main_skv_clan_skryre		
1648724631	wh3_dlc23_chd_inf_infernal_ironsworn_ror	1	wh3_dlc23_chd_units_of_renown_pool		wh3_dlc23_sc_chd_chaos_dwarfs	
1649074237	wh3_main_kho_inf_chaos_warhounds_0_province_pool	1	wh3_dlc20_chs_province_pool	wh3_dlc20_chs_valkia		
1654489466	wh3_dlc23_chd_veh_iron_daemon_ror	0	wh3_dlc23_chd_units_of_renown_pool		wh3_dlc23_sc_chd_chaos_dwarfs	
1655345063	wh2_dlc12_skv_inf_warpfire_thrower_ror_tech_lab_0	1	wh2_dlc12_skv_units_of_renown_pool	wh2_main_skv_clan_skryre		
1657731467	wh3_dlc24_tze_mon_flamers_changebringers_faction_pool	0	wh3_main_belakor_faction_pool			
165991428	wh3_dlc24_cth_inf_dragon_guard_crossbowmen_ror	1	wh3_main_cth_units_of_renown_pool		wh3_main_sc_cth_cathay	
1660008594	wh3_dlc25_emp_art_helstorm_rocket_battery_morr	0	wh3_dlc25_emp_amethyst_unit_pool	wh_main_emp_wissenland		
1660256185	wh_dlc04_vmp_veh_claw_of_nagash_0	1	wh3_dlc29_nag_units_of_renown_ror		wh3_dlc29_sc_nag_undead_legions	
1665318476	wh2_dlc13_emp_cav_empire_knights_ror_0	0	wh2_dlc13_emp_elector_counts_merc_pool		wh_main_sc_emp_empire	
1667466746	wh_dlc01_chs_mon_dragon_ogre_shaggoth_monster_mark_province_pool	0	wh3_dlc20_chs_province_pool	wh3_dlc29_chs_host_of_the_triplets		
166760032	wh_main_chs_mon_chaos_warhounds_1_province_pool	1	wh3_dlc20_chs_province_pool	wh3_dlc29_chs_host_of_the_triplets		
1668687947	wh3_main_tze_mon_soul_grinder_0_warriors_faction_pool	0	wh3_main_belakor_faction_pool			
1669312292	wh3_main_nur_mon_spawn_of_nurgle_0_province_pool	0	wh3_dlc20_chs_province_pool	wh3_dlc20_chs_sigvald		
166958367	wh3_dlc20_chs_inf_chaos_warriors_mnur_greatweapons	0	wh3_main_nur_units		wh3_main_sc_nur_nurgle	
1670772615	wh2_dlc10_def_inf_sisters_of_the_singing_doom_ror_0	1	wh2_main_def_units_of_renown_pool		wh2_main_sc_def_dark_elves	
1671708686	wh3_dlc23_chd_inf_chaos_dwarf_warriors_ror	1	wh3_dlc23_chd_units_of_renown_pool		wh3_dlc23_sc_chd_chaos_dwarfs	
1673408898	wh3_dlc20_chs_cav_marauder_horsemen_mnur_throwing_axes	0	wh3_main_nur_units		wh3_main_sc_nur_nurgle	
1674295273	wh2_dlc11_cst_inf_depth_guard_ror_0	1	wh3_dlc29_nag_units_of_renown_ror		wh3_dlc29_sc_nag_undead_legions	
1674764181	wh3_dlc25_emp_cav_outriders_morr	0	wh3_dlc25_emp_amethyst_unit_pool	wh_main_emp_wissenland		
167628552	wh3_dlc29_nur_mon_beast_of_nurgle_0_glottkin_garden_pool	0	wh3_dlc29_woc_glottkin_garden_faction_pool	wh3_dlc29_chs_host_of_the_triplets		
1677047780	wh2_dlc13_emp_veh_steam_tank_ror_0_non_replenish	0	wh2_dlc13_emp_elector_counts_merc_pool_non_replenish		wh_main_sc_emp_empire	
1677514525	wh3_main_nur_mon_beast_of_nurgle_0	1	wh3_main_nur_units		wh3_main_sc_nur_nurgle	
1678065753	wh3_dlc20_chs_inf_forsaken_mkho_province_pool	0	wh3_dlc20_chs_province_pool	wh3_dlc20_chs_kholek		
1680617949	wh3_main_nur_mon_great_unclean_one_0	0	wh3_main_nur_units		wh3_main_sc_nur_nurgle	
1681625498	wh3_dlc25_nur_cav_rot_knights_ror	1	wh3_main_nur_units_of_renown_pool			
1683357069	wh2_dlc11_cst_inf_zombie_deckhands_mob_ror_0	1	wh3_dlc29_nag_units_of_renown_ror		wh3_dlc29_sc_nag_undead_legions	
1687327933	wh2_dlc11_cst_cav_deck_droppers_0	0	wh2_dlc11_cst_vampire_pirate_merc_pool		wh2_dlc11_sc_cst_vampire_coast	
1687722247	wh3_main_pro_ksl_veh_light_war_sled_ror_0	1	wh3_main_pro_ksl_ror		wh3_main_pro_sc_ksl_kislev	
1688915379	wh3_twa06_sla_inf_daemonette_ror_0	1	wh3_dlc20_renown_pool	wh3_dlc20_chs_azazel		
1689416319	wh2_dlc11_cst_mon_mournguls_ror_0	1	wh3_dlc29_nag_units_of_renown_ror		wh3_dlc29_sc_nag_undead_legions	
1693975190	wh2_dlc11_cst_cav_deck_droppers_0	0	wh2_dlc11_cst_vampire_pirate_province_pool		wh2_dlc11_sc_cst_vampire_coast	
1698726381	wh3_dlc29_nag_vmp_inf_zombie_faction_pool	999999	wh3_dlc29_nag_raise_dead_vmp_faction_pool		wh3_dlc29_sc_nag_undead_legions	
1699710982	wh3_dlc27_sla_dechala_daemons_pleasureseekers	0	wh3_dlc27_sla_daemonic_attraction			
1701156547	wh2_twa03_mon_monster_giant_spider	0	wh2_twa03_def_rakarth_merc_pool			
1701484952	wh2_dlc17_lzd_mon_coatl_ror_0	1	wh2_dlc12_lzd_units_of_renown_pool		wh2_main_sc_lzd_lizardmen	
170487665	wh_pro04_bst_inf_centigors_ror_0	1	wh_dlc03_bst_units_of_renown_pool		wh_dlc03_sc_bst_beastmen	
1706046117	wh3_dlc20_chs_mon_giant_mnur_ror	1	wh3_main_nur_units_of_renown_pool			
1708627043	wh_pro04_chs_art_hellcannon_ror_0	1	wh_dlc01_chs_units_of_renown_pool		wh_main_sc_chs_chaos	
1709507056	wh3_dlc29_nur_inf_chaos_furies_0_glottkin_garden_pool	0	wh3_dlc29_woc_glottkin_garden_faction_pool	wh3_dlc29_chs_host_of_the_triplets		
1709780458	wh3_twa08_sla_mon_keeper_of_secrets_0_ror	1	wh_dlc01_chs_units_of_renown_pool		wh_main_sc_chs_chaos	
1711312512	wh3_main_tze_mon_screamers_0_warriors_faction_pool	0	wh3_dlc20_coc_faction_pool	wh3_dlc20_chs_vilitch		
1713017664	wh2_dlc15_hef_mon_moon_dragon_imrik	0	wh2_dlc15_hef_imrik_dragon_units_of_renown_pool		wh2_main_sc_hef_high_elves	
171701397	wh3_dlc29_chs_inf_flayerkin_province_pool	0	wh3_dlc20_chs_province_pool		wh_main_sc_chs_chaos	
1720441137	wh3_dlc24_ksl_inf_akshina_ambushers_ror	1	wh3_main_ksl_units_of_renown_pool		wh3_main_sc_ksl_kislev	
1722025410	wh3_dlc20_chs_mon_warshrine_mkho_faction_pool	0	wh3_dlc20_coc_faction_pool	wh3_dlc20_chs_valkia		
172803219	wh3_dlc27_nor_cav_marauder_horsemen_ror	1	wh3_dlc20_renown_pool	wh3_dlc20_chs_azazel		
1732565358	wh2_dlc16_skv_inf_skavenslaves_0_flesh_lab	0	wh2_dlc16_skv_throt_flesh_lab_pool	wh2_main_skv_clan_moulder		
1734037990	wh3_dlc29_nag_cst_mon_necrofex_colossus_0_faction_pool	999999	wh3_dlc29_nag_raise_dead_cst_faction_pool		wh3_dlc29_sc_nag_undead_legions	
173512147	wh_dlc08_wef_forest_dragon_boss	1	wh_dlc08_monster_hunt_of_renown_pool		wh_dlc05_sc_wef_wood_elves	
1736058018	wh3_dlc27_sla_cav_pleasureseekers_warriors_faction_pool	0	wh3_dlc20_coc_faction_pool	wh3_dlc20_chs_azazel		
1737515180	wh3_dlc29_nag_vmp_inf_grave_guard_1_faction_pool	999999	wh3_dlc29_nag_raise_dead_vmp_faction_pool		wh3_dlc29_sc_nag_undead_legions	
1740120142	wh_pro04_chs_inf_forsaken_ror_0	1	wh3_dlc20_renown_pool	wh3_dlc29_chs_host_of_the_triplets		
1745808797	wh2_dlc13_emp_cav_empire_knights_ror_1_non_replenish	0	wh2_dlc13_emp_elector_counts_merc_pool_non_replenish		wh_main_sc_emp_empire	
1748115968	wh3_twa08_nur_mon_great_unclean_one_0_ror	1	wh3_main_nur_units_of_renown_pool			
1748471628	wh3_dlc29_chs_mon_giant_spined_chaos_beast_province_pool	1	wh3_dlc20_chs_province_pool		wh_main_sc_chs_chaos	
1749048976	wh3_dlc29_nur_mon_plague_toads_0_glottkin_garden_pool	0	wh3_dlc29_woc_glottkin_garden_faction_pool	wh3_dlc29_chs_host_of_the_triplets		
1750807318	wh2_dlc11_cst_mon_animated_hulks_0	0	wh2_dlc11_cst_vampire_pirate_province_pool		wh2_dlc11_sc_cst_vampire_coast	
1750837552	wh3_dlc27_nor_mon_chimera	0	wh3_dlc27_nor_monstrous_arcanum		wh_dlc08_sc_nor_norsca	
1756762465	wh3_dlc29_nag_cst_inf_zombie_gunnery_mob_1_faction_pool	999999	wh3_dlc29_nag_raise_dead_cst_faction_pool		wh3_dlc29_sc_nag_undead_legions	
1757247573	wh2_dlc11_cst_inf_zombie_deckhands_mob_0	0	wh2_dlc11_cst_vampire_pirate_merc_pool		wh2_dlc11_sc_cst_vampire_coast	
1758457588	wh3_main_sla_mon_spawn_of_slaanesh_0_province_pool	0	wh3_dlc20_chs_province_pool	wh3_dlc20_chs_sigvald		
1760747302	wh3_dlc25_nur_chieftains_chs_mon_dragon_ogre_shaggoth	0	wh3_dlc25_nur_tamurkhan_chieftains_pool	wh3_dlc25_nur_tamurkhan		
1763723173	wh3_dlc24_tze_veh_steam_tank	1	wh3_main_tze_units_of_renown_pool	wh3_dlc24_tze_the_deceivers		
1764055691	wh_pro04_chs_mon_dragon_ogre_ror_0	1	wh_dlc01_chs_units_of_renown_pool		wh_main_sc_chs_chaos	
1764617303	wh3_dlc27_chs_inf_bearmen_province_pool	0	wh3_dlc20_chs_province_pool		wh_main_sc_chs_chaos	
1767636912	wh3_dlc20_chs_inf_forsaken_msla_province_pool	0	wh3_dlc20_chs_province_pool	wh3_dlc20_chs_sigvald		
1768044499	wh3_dlc26_kho_inf_khorngors_faction_pool	0	wh3_dlc20_chs_province_pool	wh3_dlc20_chs_sigvald		
1768736146	wh2_dlc17_kho_mon_ghorgon_ror_0	1	wh3_dlc20_renown_pool	wh3_dlc20_chs_valkia		
1769262319	wh_main_chs_mon_chaos_warhounds_0_province_pool	1	wh3_dlc20_chs_province_pool	wh3_dlc20_chs_vilitch		
1770901977	wh3_main_dae_inf_chaos_furies_0_faction_pool	0	wh3_dlc20_chs_faction_pool		wh_main_sc_chs_chaos	
1771198727	wh3_main_nur_inf_nurglings_0_warriors_faction_pool	0	wh3_dlc20_chs_faction_pool		wh_main_sc_chs_chaos	
1772069829	wh3_twa08_kho_mon_bloodthirster_0_ror	1	wh3_dlc20_renown_pool	wh3_dlc20_chs_valkia		
1772445073	wh3_dlc24_tze_inf_centigors_great_weapons_faction_pool	0	wh3_dlc20_chs_province_pool	wh3_dlc20_chs_sigvald		
1773226545	wh2_dlc11_cst_mon_fell_bats	1	wh2_dlc11_cst_vampire_pirate_merc_pool		wh2_dlc11_sc_cst_vampire_coast	
1779081212	wh3_dlc25_nur_mon_bile_trolls	0	wh3_dlc20_coc_faction_pool	wh3_dlc20_chs_festus		
1780307192	wh2_dlc09_tmb_inf_skeleton_spearmen_ror	1	wh2_dlc09_tmb_units_of_renown_pool		wh2_dlc09_sc_tmb_tomb_kings	
1783559263	wh2_dlc09_tmb_art_casket_of_souls	0	wh2_dlc09_tmb_units_of_renown_pool		wh2_dlc09_sc_tmb_tomb_kings	
1783562905	wh3_dlc29_chs_mon_dragon_ogre_shaggoth_glottkin_garden_pool	0	wh3_dlc29_woc_glottkin_garden_faction_pool	wh3_dlc29_chs_host_of_the_triplets		
1791466211	wh2_main_lzd_cav_terradon_riders_0_blessed	1	wh2_main_lzd_spawnings_pool		wh2_main_sc_lzd_lizardmen	
1795284112	wh_main_chs_mon_chaos_warhounds_1_province_pool	1	wh3_dlc20_chs_province_pool	wh3_dlc20_chs_festus		
1796126401	wh3_main_tze_mon_screamers_0_warriors_faction_pool	0	wh3_dlc20_chs_faction_pool		wh_main_sc_chs_chaos	
1800351829	wh2_main_lzd_cav_horned_ones_blessed_0	1	wh2_main_lzd_spawnings_pool		wh2_main_sc_lzd_lizardmen	
1803005694	wh_dlc06_grn_inf_squig_explosive_0	0	wh2_dlc15_grn_waaagh_pool		wh_main_sc_grn_greenskins	
1808577355	wh3_twa07_nur_cav_pox_riders_of_nurgle_ror_0	1	wh3_dlc20_renown_pool	wh3_dlc29_chs_host_of_the_triplets		
1809293052	wh3_dlc29_nag_tmb_inf_nehekhara_warriors_0_faction_pool	999999	wh3_dlc29_nag_raise_dead_tmb_faction_pool		wh3_dlc29_sc_nag_undead_legions	
1811878465	wh2_dlc13_emp_cav_empire_knights_ror_1	0	wh2_dlc13_emp_elector_counts_merc_pool_volkmar		wh_main_sc_emp_empire	
1811924782	wh3_main_sla_mon_fiends_of_slaanesh_0_warriors_faction_pool	0	wh3_dlc20_coc_faction_pool	wh3_dlc20_chs_azazel		
1816313288	wh3_main_tze_inf_pink_horrors_0_warriors_faction_pool	0	wh3_dlc20_chs_faction_pool		wh_main_sc_chs_chaos	
1817391171	wh_main_chs_art_hellcannon_warriors_faction_pool	1	wh3_dlc20_chs_faction_pool		wh_main_sc_chs_chaos	
1817427218	wh2_dlc12_skv_inf_ratling_gun_ror_tech_lab_0	1	wh2_dlc12_skv_units_of_renown_pool	wh2_main_skv_clan_skryre		
1818069511	wh3_dlc27_nor_cav_marauder_horsemen_ror	1	wh_dlc01_chs_units_of_renown_pool			
1818808506	wh3_dlc29_chs_inf_putrid_blightkings_axe_shield	0	wh3_main_nur_units		wh3_main_sc_nur_nurgle	
1818973975	wh2_dlc12_skv_inf_stormvermin_ror_0	1	wh2_dlc12_skv_units_of_renown_pool		wh2_main_sc_skv_skaven	
1819046721	wh3_dlc29_nag_tmb_veh_skeleton_chariot_0_faction_pool	999999	wh3_dlc29_nag_raise_dead_tmb_faction_pool		wh3_dlc29_sc_nag_undead_legions	
1819289150	wh3_dlc29_nag_tmb_veh_khemrian_warsphinx_0_faction_pool	999999	wh3_dlc29_nag_raise_dead_tmb_faction_pool		wh3_dlc29_sc_nag_undead_legions	
182031501	wh3_main_sla_mon_fiends_of_slaanesh_0_warriors_faction_pool	0	wh3_dlc20_coc_faction_pool	wh3_dlc20_chs_sigvald		
1825756251	wh3_main_tze_mon_flamers_0_warriors_faction_pool	0	wh3_dlc20_coc_faction_pool	wh3_dlc20_chs_vilitch		
1827146270	wh3_dlc24_tze_inf_tzaangors_faction_pool	0	wh3_dlc20_chs_province_pool	wh3_dlc20_chs_sigvald		
1830076600	wh3_main_tze_mon_screamers_0_warriors_faction_pool	0	wh3_main_belakor_faction_pool			
1830821302	wh_dlc04_vmp_inf_feasters_in_the_dusk_0	1	wh3_dlc29_nag_units_of_renown_ror		wh3_dlc29_sc_nag_undead_legions	
1830870820	wh3_dlc25_nur_chieftain_veh_dreadquake_mortar	0	wh3_dlc25_nur_tamurkhan_chieftains_pool	wh3_dlc25_nur_tamurkhan		
1833661520	wh3_dlc26_kho_mon_slaughterbrute_warriors_faction_pool	0	wh3_dlc20_chs_faction_pool		wh_main_sc_chs_chaos	
1834541853	wh3_dlc25_emp_inf_spearmen_shields_ror	1	wh_dlc04_emp_units_of_renown_pool		wh_main_sc_emp_empire	
1837297495	wh2_dlc13_emp_veh_war_wagon_ror_0	1	wh_dlc04_emp_units_of_renown_pool		wh_main_sc_emp_empire	
183981069	wh3_dlc29_vmp_veh_coven_throne	999999	wh3_dlc29_vmp_raise_dead_faction		wh_main_sc_vmp_vampire_counts	
1841170203	wh3_dlc29_skv_art_plagueclaw_catapult_ror	1	wh2_dlc12_skv_units_of_renown_pool		wh2_main_sc_skv_skaven	
1842349434	wh3_main_kho_mon_soul_grinder_0_warriors_faction_pool	0	wh3_main_belakor_faction_pool			
1844114179	wh3_dlc24_tze_inf_centigors_great_weapons_faction_pool	0	wh3_dlc20_chs_province_pool	wh3_dlc20_chs_vilitch		
1847066077	wh2_dlc16_skv_mon_rat_ogres_ror_0	1	wh2_dlc12_skv_units_of_renown_pool		wh2_main_sc_skv_skaven	
1849742405	wh3_dlc25_nur_mon_soul_grinder_0_ror	1	wh3_main_nur_units_of_renown_pool			
1850034019	wh_pro04_brt_cav_knights_of_the_realm_ror_0	1	wh_dlc07_brt_units_of_renown_pool		wh_main_sc_brt_bretonnia	
1850641657	wh2_dlc10_hef_inf_the_grey_ror_0	1	wh2_main_hef_units_of_renown_pool		wh2_main_sc_hef_high_elves	
1851209615	wh3_twa06_tze_inf_pink_horrors_ror_0	1	wh3_main_tze_units_of_renown_pool			
1851550608	wh2_dlc13_emp_cav_empire_knights_ror_0_non_replenish	0	wh2_dlc13_emp_elector_counts_merc_pool_non_replenish		wh_main_sc_emp_empire	
1852346638	wh3_dlc29_nag_cst_mon_animated_hulks_0_faction_pool	999999	wh3_dlc29_nag_raise_dead_cst_faction_pool		wh3_dlc29_sc_nag_undead_legions	
1853986174	wh3_main_kho_inf_flesh_hounds_of_khorne_0_warriors_faction_pool	0	wh3_dlc20_chs_faction_pool		wh_main_sc_chs_chaos	
1854420690	wh3_dlc27_sla_cav_seeker_chariots_ror	1	wh_dlc01_chs_units_of_renown_pool			
1855365454	wh3_dlc29_nag_tmb_inf_skeleton_archers_0_faction_pool	999999	wh3_dlc29_nag_raise_dead_tmb_faction_pool		wh3_dlc29_sc_nag_undead_legions	
1855424312	wh3_dlc27_sla_inf_slaangors_faction_pool	0	wh3_dlc20_chs_province_pool	wh_main_chs_chaos		
1855972968	wh3_dlc26_kho_veh_skullcannon_ror	1	wh_dlc01_chs_units_of_renown_pool			
1856380353	wh2_dlc15_hef_mon_star_dragon_imrik	0	wh2_dlc15_hef_imrik_dragon_units_of_renown_pool		wh2_main_sc_hef_high_elves	
1856695293	wh2_dlc12_skv_inf_warplock_jezzails_ror_0	1	wh2_dlc12_skv_units_of_renown_pool		wh2_main_sc_skv_skaven	
1858879887	wh_pro04_chs_mon_dragon_ogre_ror_0	1	wh3_dlc20_renown_pool			
1858962771	wh3_twa08_tze_mon_lord_of_change_0_ror	1	wh_dlc01_chs_units_of_renown_pool		wh_main_sc_chs_chaos	
1859961642	wh3_twa10_nur_inf_nurglings_ror	1	wh3_dlc20_renown_pool	wh3_dlc29_chs_host_of_the_triplets		
1860462468	wh3_dlc24_tze_mon_screamers_ror	1	wh3_dlc20_renown_pool	wh3_dlc20_chs_vilitch		
1861763629	wh3_dlc20_chs_mon_warshrine_mtze_faction_pool	0	wh3_dlc20_coc_faction_pool	wh3_dlc20_chs_vilitch		
1862308235	wh3_dlc27_nur_mon_toad_dragon	0	wh3_dlc27_nor_monstrous_arcanum		wh_dlc08_sc_nor_norsca	
1862791417	wh2_twa03_mon_kharibdyss_0	0	wh2_twa03_def_rakarth_merc_pool			
1863031122	wh3_main_kho_veh_skullcannon_0_warriors_faction_pool	0	wh3_dlc20_coc_faction_pool	wh3_dlc20_chs_valkia		
1864557788	wh3_twa06_ogr_inf_maneaters_ror_0	1	wh3_main_ogr_units_of_renown_pool		wh3_main_sc_ogr_ogre_kingdoms	
1865086015	wh2_dlc16_skv_inf_skavenslave_spearmen_0_flesh_lab	0	wh2_dlc16_skv_throt_flesh_lab_pool	wh2_main_skv_clan_moulder		
1865998458	wh3_twa06_nur_inf_plaguebearers_ror_0	1	wh3_main_nur_units_of_renown_pool			
1866687428	wh_pro04_chs_inf_forsaken_ror_0	1	wh_dlc01_chs_units_of_renown_pool		wh_main_sc_chs_chaos	
1867416217	wh3_dlc29_nag_vmp_inf_skeleton_warriors_0_faction_pool	999999	wh3_dlc29_nag_raise_dead_vmp_faction_pool		wh3_dlc29_sc_nag_undead_legions	
1876307775	wh3_twa10_ogr_inf_gnoblars_ror	1	wh3_main_ogr_units_of_renown_pool		wh3_main_sc_ogr_ogre_kingdoms	
1877655146	wh3_dlc29_chs_inf_putrid_blightkings_dual_axe	0	wh3_main_nur_units		wh3_main_sc_nur_nurgle	
187900605	wh3_main_kho_veh_skullcannon_0_warriors_faction_pool	0	wh3_dlc20_chs_faction_pool		wh_main_sc_chs_chaos	
1882043481	wh3_cp1_cth_bhashiva_shang_yang_support_dragon_guard_crossbowmen	0	wh3_cp1_cth_bhashiva_shang_yang_support			
188275081	wh_dlc04_vmp_inf_konigstein_stalkers_0	1	wh3_dlc29_nag_units_of_renown_ror		wh3_dlc29_sc_nag_undead_legions	
1885059498	wh3_twa07_nur_cav_pox_riders_of_nurgle_ror_0	1	wh3_main_nur_units_of_renown_pool			
1885070167	wh3_dlc25_dwf_grudges_flame_cannon	0	wh3_dlc25_dwf_book_of_grudges_mercenary_pool		wh_main_sc_dwf_dwarfs	
1886511551	wh3_dlc24_tze_inf_tzaangors_faction_pool	0	wh3_dlc20_chs_province_pool	wh3_dlc20_chs_kholek		
1887339160	wh3_twa07_sla_cav_heartseekers_of_slaanesh_ror_0	1	wh3_dlc20_renown_pool	wh3_dlc20_chs_sigvald		
188837092	wh2_dlc13_emp_art_great_cannon_imperial_supply	0	wh2_dlc13_emp_imperial_supply_pool	wh2_dlc13_emp_the_huntmarshals_expedition		
188875538	wh3_dlc24_tze_mon_cockatrice_faction_pool	0	wh3_dlc20_chs_faction_pool		wh_main_sc_chs_chaos	
189004698	wh3_dlc20_chs_cav_chaos_knights_mnur_lances	0	wh3_main_nur_units		wh3_main_sc_nur_nurgle	
1894684635	wh3_dlc29_nag_vmp_mon_morghast_harbingers_faction_pool	999999	wh3_dlc29_nag_raise_dead_tmb_faction_pool		wh3_dlc29_sc_nag_undead_legions	
1896433163	wh_pro04_brt_cav_knights_errant_ror_0	1	wh_dlc07_brt_units_of_renown_pool		wh_main_sc_brt_bretonnia	
1897497180	wh3_twa08_nur_mon_great_unclean_one_0_ror	1	wh_dlc01_chs_units_of_renown_pool		wh_main_sc_chs_chaos	
1898152231	wh2_dlc11_cst_cav_deck_droppers_2	0	wh2_dlc11_cst_vampire_pirate_merc_pool		wh2_dlc11_sc_cst_vampire_coast	
1899979752	wh2_dlc13_emp_inf_swordsmen_ror_0	0	wh2_dlc13_emp_elector_counts_merc_pool_volkmar		wh_main_sc_emp_empire	
1905619633	wh3_main_kho_mon_bloodthirster_0_warriors_faction_pool	0	wh3_dlc20_coc_faction_pool	wh3_dlc20_chs_valkia		
1907863185	wh3_main_nur_mon_spawn_of_nurgle_0_province_pool	0	wh3_dlc20_chs_province_pool	wh3_dlc20_chs_festus		
1908428138	wh2_dlc09_tmb_mon_ushabti_ror	1	wh3_dlc29_nag_units_of_renown_ror		wh3_dlc29_sc_nag_undead_legions	
1909135650	wh2_dlc12_skv_inf_plague_monk_censer_bearer_ror_0	1	wh2_dlc12_skv_units_of_renown_pool		wh2_main_sc_skv_skaven	
1909214829	wh3_dlc29_tmb_mon_khemric_titan_ror	1	wh3_dlc29_nag_units_of_renown_ror		wh3_dlc29_sc_nag_undead_legions	
1909232392	wh2_dlc13_emp_veh_luminark_of_hysh_0_imperial_supply	0	wh2_dlc13_emp_imperial_supply_pool	wh2_dlc13_emp_the_huntmarshals_expedition		
1909357539	wh2_dlc13_emp_art_mortar_ror_0	0	wh2_dlc13_emp_elector_counts_merc_pool_volkmar		wh_main_sc_emp_empire	
1914893067	wh3_dlc29_nag_vmp_cav_drakenhof_templars_faction_pool	999999	wh3_dlc29_nag_raise_dead_vmp_faction_pool		wh3_dlc29_sc_nag_undead_legions	
1916635553	wh2_dlc13_emp_inf_halberdiers_ror_0	0	wh2_dlc13_emp_elector_counts_merc_pool_volkmar		wh_main_sc_emp_empire	
191821138	wh2_twa03_inf_harpies	0	wh2_twa03_def_rakarth_merc_pool			
1919622006	wh3_dlc24_tze_inf_tzaangors_faction_pool	0	wh3_dlc20_chs_province_pool	wh_main_chs_chaos		
1920371617	wh_pro04_chs_inf_chaos_warriors_ror_0	1	wh3_main_sla_units_of_renown_pool			
1924322846	wh2_dlc13_emp_art_mortar_ror_0_non_replenish	0	wh2_dlc13_emp_elector_counts_merc_pool_non_replenish		wh_main_sc_emp_empire	
1925053437	wh2_dlc13_lzd_mon_razordon_pack_0_blessed	1	wh2_main_lzd_spawnings_pool		wh2_main_sc_lzd_lizardmen	
1926647496	wh3_dlc29_nag_vmp_inf_skeleton_warriors_1_faction_pool	999999	wh3_dlc29_nag_raise_dead_vmp_faction_pool		wh3_dlc29_sc_nag_undead_legions	
1927397599	wh3_main_sla_inf_marauders_0_province_pool	0	wh3_dlc20_chs_province_pool	wh3_dlc20_chs_azazel		
1927612079	wh3_dlc24_tze_mon_screamers_ror	1	wh3_main_tze_units_of_renown_pool			
1929927076	wh3_dlc20_kho_cav_skullcrushers_mkho_ror	1	wh_dlc01_chs_units_of_renown_pool		wh_main_sc_chs_chaos	
193207778	wh3_dlc23_chd_cav_bull_centaurs_dual_axe_ror	1	wh3_dlc23_chd_units_of_renown_pool		wh3_dlc23_sc_chd_chaos_dwarfs	
1933053254	wh2_dlc09_tmb_mon_sepulchral_stalkers_0	999999	wh3_dlc29_vmp_additional_units	wh3_dlc29_vmp_neferata		
1935553946	wh2_dlc11_cst_inf_depth_guard_0	0	wh2_dlc11_cst_vampire_pirate_merc_pool		wh2_dlc11_sc_cst_vampire_coast	
1937223994	wh3_dlc26_kho_veh_skullcannon_ror	1	wh3_dlc20_renown_pool	wh3_dlc20_chs_valkia		
1939860969	wh3_dlc25_nur_inf_plague_ogres_great_weapons	0	wh3_dlc20_coc_faction_pool	wh3_dlc20_chs_festus		
1941329381	wh_main_chs_cav_chaos_chariot_province_pool	0	wh3_dlc20_chs_province_pool		wh_main_sc_chs_chaos	
1944104059	wh3_dlc25_nur_mon_soul_grinder_0_ror	1	wh3_dlc20_renown_pool	wh3_dlc29_chs_host_of_the_triplets		
1947454440	wh3_dlc25_nur_chieftain_inf_chaos_dwarf_blunderbusses	0	wh3_dlc25_nur_tamurkhan_chieftains_pool	wh3_dlc25_nur_tamurkhan		
194827996	wh2_dlc15_grn_veh_snotling_pump_wagon_ror_0	1	wh_dlc06_grn_units_of_renown_pool		wh_main_sc_grn_greenskins	
1952794473	wh_dlc04_vmp_mon_direpack_0	1	wh3_dlc29_nag_units_of_renown_ror		wh3_dlc29_sc_nag_undead_legions	
195292489	wh3_dlc25_nur_mon_toad_dragon_warriors_faction_pool	0	wh3_dlc20_coc_faction_pool	wh3_dlc20_chs_festus		
1953217575	wh3_cp1_cth_bhashiva_shang_yang_support_rocket_battery	0	wh3_cp1_cth_bhashiva_shang_yang_support			
1953867012	wh2_dlc11_cst_art_queen_bess	1	wh3_dlc29_nag_units_of_renown_ror		wh3_dlc29_sc_nag_undead_legions	
1955730278	wh2_dlc11_cst_mon_bloated_corpse_0	1	wh2_dlc11_cst_vampire_pirate_province_pool		wh2_dlc11_sc_cst_vampire_coast	
1960214080	wh2_twa03_squig_explosive	0	wh2_twa03_def_rakarth_merc_pool			
1960578706	wh2_dlc12_skv_art_warplock_jezzails_ror_tech_lab_0	1	wh2_dlc12_skv_units_of_renown_pool	wh2_main_skv_clan_skryre		
1960919222	wh3_dlc29_chs_mon_giant_spined_chaos_beast_province_pool	1	wh3_dlc20_chs_province_pool		wh_main_sc_chs_chaos	
196331189	wh3_dlc20_chs_mon_warshrine_mnur_faction_pool	0	wh3_main_belakor_faction_pool			
196672817	wh2_dlc10_hef_inf_everqueens_court_guards_ror_0	1	wh2_main_hef_units_of_renown_pool		wh2_main_sc_hef_high_elves	
1972147577	wh3_dlc29_nur_inf_plaguebearers_1_glottkin_garden_pool	0	wh3_dlc29_woc_glottkin_garden_faction_pool	wh3_dlc29_chs_host_of_the_triplets		
1972390945	wh3_cp1_cth_bhashiva_shang_yang_support_iron_hail_gunners	0	wh3_cp1_cth_bhashiva_shang_yang_support			
1973589210	wh3_dlc29_nur_cav_plague_drones_0_glottkin_garden_pool	0	wh3_dlc29_woc_glottkin_garden_faction_pool	wh3_dlc29_chs_host_of_the_triplets		
1975136412	wh3_dlc20_chs_inf_aspiring_champions_mtze_ror	1	wh3_main_tze_units_of_renown_pool			
1975368542	wh3_dlc27_hef_mon_merwyrm_ror	1	wh2_main_hef_units_of_renown_pool		wh2_main_sc_hef_high_elves	
1975544479	wh3_dlc29_nag_tmb_inf_skeleton_warriors_0_faction_pool	999999	wh3_dlc29_nag_raise_dead_tmb_faction_pool		wh3_dlc29_sc_nag_undead_legions	
1976550102	wh2_dlc13_lzd_mon_kroxigors_ror_0	1	wh2_dlc12_lzd_units_of_renown_pool		wh2_main_sc_lzd_lizardmen	
1979060638	wh3_main_nur_mon_beast_of_nurgle_0_warriors_faction_pool	0	wh3_main_belakor_faction_pool			
1979844943	wh2_dlc11_cst_art_queen_bess	0	wh2_dlc11_cst_units_of_renown_pool		wh2_dlc11_sc_cst_vampire_coast	
1981397904	wh2_dlc13_emp_cav_outriders_ror_0_non_replenish	0	wh2_dlc13_emp_elector_counts_merc_pool_non_replenish		wh_main_sc_emp_empire	
1981652293	wh3_dlc29_nag_vmp_veh_corpse_cart_2_faction_pool	999999	wh3_dlc29_nag_raise_dead_vmp_faction_pool		wh3_dlc29_sc_nag_undead_legions	
1985371666	wh3_dlc24_tze_mon_flamers_changebringers_faction_pool	0	wh3_dlc20_coc_faction_pool	wh3_dlc20_chs_vilitch		
1990060759	wh3_dlc29_nag_vmp_inf_crypt_ghouls_faction_pool	999999	wh3_dlc29_nag_raise_dead_vmp_faction_pool		wh3_dlc29_sc_nag_undead_legions	
1990404793	wh3_twa06_nur_inf_plaguebearers_ror_0	1	wh3_dlc20_renown_pool	wh3_dlc20_chs_festus		
1990501515	wh2_dlc15_hef_mon_sun_dragon_imrik	0	wh2_dlc15_hef_imrik_dragon_units_of_renown_pool		wh2_main_sc_hef_high_elves	
199140618	wh3_main_nur_inf_plaguebearers_1_belakor_faction_pool	0	wh3_main_belakor_faction_pool			
1991822641	wh3_dlc25_emp_inf_hochland_long_rifles_ror	1	wh_dlc04_emp_units_of_renown_pool		wh_main_sc_emp_empire	
1992390267	wh3_main_kho_veh_skullcannon_0_warriors_faction_pool	0	wh3_main_belakor_faction_pool			
1993458213	wh3_dlc25_nur_mon_bile_trolls	0	wh3_main_nur_units		wh3_main_sc_nur_nurgle	
1994162218	wh3_twa10_tze_inf_blue_horrors_ror	1	wh3_dlc20_renown_pool	wh3_dlc20_chs_vilitch		
1998185025	wh2_dlc11_cst_cav_deck_droppers_1	0	wh2_dlc11_cst_vampire_pirate_merc_pool		wh2_dlc11_sc_cst_vampire_coast	
1999990916	wh3_dlc27_sla_dechala_daemons_daemonette_1	0	wh3_dlc27_sla_daemonic_attraction			
2000011181	wh3_dlc25_nur_cav_rot_knights_ror	1	wh3_dlc20_renown_pool	wh3_dlc29_chs_host_of_the_triplets		
200028689	wh3_dlc27_sla_mon_champions_of_slaanesh_ror	1	wh_dlc01_chs_units_of_renown_pool			
2004781827	wh3_dlc26_kho_veh_skullcannon_ror	1	wh3_main_kho_units_of_renown_pool			
2006093519	wh3_dlc29_nag_vmp_mon_terrorgheist_faction_pool	999999	wh3_dlc29_nag_raise_dead_vmp_faction_pool		wh3_dlc29_sc_nag_undead_legions	
2006517248	wh3_dlc27_nor_inf_chaos_marauders_great_weapons_ror	1	wh3_main_nur_units_of_renown_pool			
2007784279	wh2_twa03_mon_monster_feral_wyvern	0	wh2_twa03_def_rakarth_merc_pool			
2008568347	wh2_twa03_mon_monster_feral_ice_bear	0	wh2_twa03_def_rakarth_merc_pool			
2011262124	wh2_dlc16_wef_inf_malicious_dryads_0	1	wh2_dlc16_wef_drycha_province_merc_pool	wh2_dlc16_wef_drycha		
2013600971	wh3_twa10_kho_inf_flesh_hounds_of_khorne_ror	1	wh3_main_kho_units_of_renown_pool			
201369395	wh_pro04_chs_cav_chaos_knights_ror_0	1	wh_dlc01_chs_units_of_renown_pool		wh_main_sc_chs_chaos	
2016074139	wh3_dlc26_kho_inf_khorngors_faction_pool	0	wh3_dlc20_chs_province_pool	wh3_main_chs_shadow_legion		
2016471399	wh3_dlc26_chs_inf_chosen_mkho_ror	1	wh3_dlc20_renown_pool	wh3_dlc20_chs_valkia		
2016512079	wh3_twa06_kho_inf_bloodletters_ror_0	1	wh3_main_kho_units_of_renown_pool			
2019663178	wh3_dlc25_dwf_malakai_feature_gyrobomber	0	wh3_dlc25_dwf_malakai_feature_mercenary_pool		wh_main_sc_dwf_dwarfs	
2021840551	wh3_dlc24_tze_mon_cockatrice_faction_pool	0	wh3_main_belakor_faction_pool			
2022171109	wh3_main_nur_mon_spawn_of_nurgle_0_province_pool	0	wh3_dlc20_chs_province_pool	wh3_dlc20_chs_kholek		
2024261316	wh3_twa10_tze_inf_blue_horrors_ror	1	wh_dlc01_chs_units_of_renown_pool		wh_main_sc_chs_chaos	
2024830308	wh3_dlc20_chs_mon_warshrine_mnur	0	wh3_main_nur_units		wh3_main_sc_nur_nurgle	
2026116713	wh3_dlc20_chs_cav_chaos_chariot_msla_ror	1	wh3_dlc20_renown_pool	wh3_dlc20_chs_sigvald		
2026599867	wh3_dlc24_cth_inf_onyx_crowmen_ror	1	wh3_main_cth_units_of_renown_pool		wh3_main_sc_cth_cathay	
2026712319	wh2_dlc10_hef_cav_the_heralds_of_the_wind_ror_0	1	wh2_main_hef_units_of_renown_pool		wh2_main_sc_hef_high_elves	
2029019990	wh3_twa10_sla_inf_marauders_spears_ror	1	wh3_main_sla_units_of_renown_pool			
2031194865	wh3_main_nur_mon_soul_grinder_0_warriors_faction_pool	0	wh3_dlc20_coc_faction_pool	wh3_dlc20_chs_festus		
2031594930	wh3_dlc26_kho_mon_slaughterbrute_warriors_faction_pool	0	wh3_dlc20_coc_faction_pool	wh3_dlc20_chs_valkia		
2033709605	wh2_dlc11_cst_art_mortar	0	wh2_dlc11_cst_vampire_pirate_merc_pool		wh2_dlc11_sc_cst_vampire_coast	
2035628949	wh2_twa03_black_dragon	0	wh2_twa03_def_rakarth_merc_pool			
2036165154	wh3_dlc27_sla_cav_pleasureseekers_warriors_faction_pool	0	wh3_dlc20_chs_faction_pool		wh_main_sc_chs_chaos	
2038933578	wh2_dlc10_def_mon_chill_of_sontar_ror_0	1	wh2_main_def_units_of_renown_pool		wh2_main_sc_def_dark_elves	
2039420508	wh3_dlc24_tze_inf_pink_horrors_ror	1	wh3_dlc20_renown_pool	wh3_dlc20_chs_vilitch		
2042750728	wh3_main_ksl_inf_kossars_0	0	wh3_main_ksl_zealous_conscription			
2043462036	wh_dlc08_chs_mon_dragon_ogre_shaggoth_boss	1	wh_dlc08_monster_hunt_of_renown_pool		wh_dlc08_sc_nor_norsca	
2044614759	wh3_dlc29_vmp_cav_drakenhof_templars	999999	wh3_dlc29_vmp_raise_dead_faction		wh_main_sc_vmp_vampire_counts	
2047629367	wh2_dlc13_emp_inf_crossbowmen_ror_0	0	wh2_dlc13_emp_elector_counts_merc_pool		wh_main_sc_emp_empire	
2048221669	wh3_dlc26_kho_mon_bloodbeast_of_khorne_warriors_faction_pool	0	wh3_dlc20_chs_faction_pool		wh_main_sc_chs_chaos	
2053099904	wh3_dlc29_nag_cst_cav_deck_droppers_0_faction_pool	999999	wh3_dlc29_nag_raise_dead_cst_faction_pool		wh3_dlc29_sc_nag_undead_legions	
2056817881	wh3_dlc29_chs_inf_putrid_blightkings_dual_axe_ror	1	wh3_dlc20_renown_pool	wh3_dlc20_chs_festus		
2058858357	wh3_dlc29_nur_cav_pox_riders_of_nurgle_0_glottkin_garden_pool	0	wh3_dlc29_woc_glottkin_garden_faction_pool	wh3_dlc29_chs_host_of_the_triplets		
2059161952	wh_main_chs_mon_chaos_spawn_province_pool	0	wh3_dlc20_chs_province_pool	wh3_dlc20_chs_kholek		
2060749689	wh2_dlc11_cst_inf_depth_guard_1	0	wh2_dlc11_cst_vampire_pirate_merc_pool		wh2_dlc11_sc_cst_vampire_coast	
2060872381	wh3_dlc24_tze_mon_mutalith_vortex_beast_faction_pool	0	wh3_dlc20_chs_faction_pool		wh_main_sc_chs_chaos	
2062233931	wh3_dlc29_chs_mon_warshrine_mnur_glottkin_garden_pool	0	wh3_dlc29_woc_glottkin_garden_faction_pool	wh3_dlc29_chs_host_of_the_triplets		
2063066967	wh2_dlc13_emp_inf_spearmen_ror_0	0	wh2_dlc13_emp_elector_counts_merc_pool_volkmar		wh_main_sc_emp_empire	
2064925874	wh3_main_kho_inf_bloodletters_0_warriors_faction_pool	0	wh3_dlc20_chs_faction_pool		wh_main_sc_chs_chaos	
2064952479	wh3_dlc29_vmp_mon_zombie_dragon	999999	wh3_dlc29_vmp_raise_dead_faction		wh_main_sc_vmp_vampire_counts	
2065554293	wh3_main_sla_mon_spawn_of_slaanesh_0_province_pool	0	wh3_dlc20_chs_province_pool	wh_main_chs_chaos		
2067431606	wh3_dlc20_chs_mon_warshrine_msla_faction_pool	0	wh3_dlc20_coc_faction_pool	wh3_dlc20_chs_azazel		
2071505266	wh2_twa03_mon_carnosaur_0	0	wh2_twa03_def_rakarth_merc_pool			
2072524304	wh3_cp1_cth_bhashiva_shang_yang_support_onyx_crowmen	0	wh3_cp1_cth_bhashiva_shang_yang_support			
207255795	wh3_dlc29_chs_inf_chosen_mnur_ror	1	wh3_main_nur_units_of_renown_pool			
2075647904	wh3_dlc29_nag_vmp_mon_vargheists_faction_pool	999999	wh3_dlc29_nag_raise_dead_vmp_faction_pool		wh3_dlc29_sc_nag_undead_legions	
2076650647	wh3_dlc20_chs_mon_warshrine_mkho_faction_pool	0	wh3_main_belakor_faction_pool			
2081385970	wh2_dlc16_wef_mon_hawks	0	wh2_dlc16_wef_drycha_province_merc_pool	wh2_dlc16_wef_drycha		
2085228027	wh2_dlc16_wef_mon_feral_manticore	0	wh2_dlc16_wef_drycha_province_merc_pool	wh2_dlc16_wef_drycha		
2091598224	wh3_twa06_tze_inf_pink_horrors_ror_0	1	wh3_dlc20_renown_pool	wh3_dlc20_chs_vilitch		
2094401665	wh_main_chs_art_hellcannon_warriors_faction_pool	1	wh3_main_belakor_faction_pool			
2097036972	wh3_main_kho_mon_spawn_of_khorne_0_province_pool	0	wh3_dlc20_chs_province_pool	wh3_main_chs_shadow_legion		
2097146059	wh3_main_tze_inf_forsaken_0_province_pool	0	wh3_dlc20_chs_province_pool	wh3_dlc20_chs_kholek		
2098935538	wh2_dlc11_cst_inf_zombie_deckhands_mob_ror_0	1	wh2_dlc11_cst_units_of_renown_pool		wh2_dlc11_sc_cst_vampire_coast	
2098939446	wh3_dlc25_nur_cav_plague_drones_1_ror	1	wh3_dlc20_renown_pool	wh3_dlc29_chs_host_of_the_triplets		
2099420963	wh2_dlc09_tmb_mon_sepulchral_stalkers_ror	1	wh2_dlc09_tmb_units_of_renown_pool		wh2_dlc09_sc_tmb_tomb_kings	
2101125634	wh_pro04_nor_inf_marauder_berserkers_ror_0	1	wh_dlc08_nor_units_of_renown_pool		wh_dlc08_sc_nor_norsca	
2101396622	wh3_dlc29_nag_vmp_mon_dire_wolves_faction_pool	999999	wh3_dlc29_nag_raise_dead_vmp_faction_pool		wh3_dlc29_sc_nag_undead_legions	
2113093938	wh3_dlc25_nur_mon_toad_dragon_warriors_faction_pool	0	wh3_dlc20_chs_faction_pool		wh_main_sc_chs_chaos	
2113216521	wh_pro04_bst_inf_ungor_spearmen_ror_0	1	wh_dlc03_bst_units_of_renown_pool		wh_dlc03_sc_bst_beastmen	
2114626813	wh2_dlc13_emp_inf_swordsmen_ror_0	0	wh2_dlc13_emp_elector_counts_merc_pool		wh_main_sc_emp_empire	
2114839832	wh2_main_lzd_mon_kroxigors_blessed	1	wh2_main_lzd_spawnings_pool		wh2_main_sc_lzd_lizardmen	
2117845909	wh2_main_lzd_inf_temple_guards_blessed	1	wh2_main_lzd_spawnings_pool		wh2_main_sc_lzd_lizardmen	
212127271	wh_dlc04_vmp_cav_vereks_reavers_0	1	wh3_dlc29_nag_units_of_renown_ror		wh3_dlc29_sc_nag_undead_legions	
2124359958	wh3_dlc26_kho_mon_bloodbeast_of_khorne_warriors_faction_pool	0	wh3_main_belakor_faction_pool			
2125544346	wh3_dlc29_nag_tmb_mon_sepulchral_stalkers_0_faction_pool	999999	wh3_dlc29_nag_raise_dead_tmb_faction_pool		wh3_dlc29_sc_nag_undead_legions	
2127220329	wh3_main_nur_cav_plague_drones_0_warriors_faction_pool	0	wh3_dlc20_chs_faction_pool		wh_main_sc_chs_chaos	
2128960103	wh2_dlc13_emp_cav_empire_knights_ror_2	0	wh2_dlc13_emp_elector_counts_merc_pool_volkmar		wh_main_sc_emp_empire	
2131911820	wh2_dlc17_lzd_mon_carnosaur_ror_0	1	wh2_dlc12_lzd_units_of_renown_pool		wh2_main_sc_lzd_lizardmen	
2133085750	wh2_dlc14_skv_inf_eshin_triads_ror_0	1	wh2_dlc12_skv_units_of_renown_pool		wh2_main_sc_skv_skaven	
2134388521	wh3_main_sla_mon_keeper_of_secrets_0_warriors_faction_pool	0	wh3_dlc20_coc_faction_pool	wh3_dlc20_chs_sigvald		
213469091	wh2_dlc13_emp_veh_war_wagon_1_imperial_supply	0	wh2_dlc13_emp_imperial_supply_pool	wh2_dlc13_emp_the_huntmarshals_expedition		
2135911180	wh3_main_tze_inf_pink_horrors_1_belakor_faction_pool	0	wh3_main_belakor_faction_pool			
2136778534	wh2_dlc13_emp_inf_halberdiers_ror_0_non_replenish	0	wh2_dlc13_emp_elector_counts_merc_pool_non_replenish		wh_main_sc_emp_empire	
2136846048	wh3_cp1_cth_bhashiva_shang_yang_support_jade_warriors_cross_shield	0	wh3_cp1_cth_bhashiva_shang_yang_support			
2140499621	wh2_dlc13_huntmarshall_veh_obsinite_gyrocopter_0	0	wh2_dlc13_emp_imperial_supply_pool	wh2_dlc13_emp_the_huntmarshals_expedition		
2143358356	wh3_twa08_cth_mon_terracotta_sentinel_0_ror	1	wh3_main_cth_units_of_renown_pool		wh3_main_sc_cth_cathay	
2145081186	wh3_dlc20_chs_inf_chaos_marauders_mnur_province_pool	0	wh3_dlc20_chs_province_pool	wh3_dlc20_chs_festus		
2147188693	wh3_dlc29_nag_vmp_mon_fell_bats_faction_pool	999999	wh3_dlc29_nag_raise_dead_vmp_faction_pool		wh3_dlc29_sc_nag_undead_legions	
214809632	wh3_main_nur_mon_soul_grinder_0_warriors_faction_pool	0	wh3_dlc20_chs_faction_pool		wh_main_sc_chs_chaos	
214845203	wh2_dlc15_hef_mon_war_lions_of_chrace_ror_0	1	wh2_main_hef_units_of_renown_pool		wh2_main_sc_hef_high_elves	
219149929	wh3_dlc26_kho_inf_wrathmongers_faction_pool	0	wh3_dlc20_chs_province_pool	wh_main_chs_chaos		
221792205	wh3_dlc20_chs_mon_giant_mnur_ror	1	wh3_dlc20_renown_pool	wh3_dlc20_chs_festus		
221914825	wh3_dlc27_bst_mon_chimera_ror	1	wh_dlc03_bst_units_of_renown_pool			
223483340	wh2_dlc11_cst_mon_mournguls_0	999999	wh3_dlc29_vmp_raise_dead_province		wh_main_sc_vmp_vampire_counts	
226036342	wh3_main_nur_inf_plaguebearers_1	0	wh3_main_nur_units		wh3_main_sc_nur_nurgle	
226564272	wh3_main_nur_cav_plague_drones_0_warriors_faction_pool	0	wh3_main_belakor_faction_pool			
227797294	wh3_dlc20_chs_inf_chaos_marauders_mtze_province_pool	0	wh3_dlc20_chs_province_pool	wh3_dlc20_chs_kholek		
229418000	wh_dlc01_chs_inf_forsaken_0_province_pool	0	wh3_dlc20_chs_province_pool	wh_main_chs_chaos		
230969986	wh3_main_nur_mon_spawn_of_nurgle_0_province_pool	0	wh3_dlc20_chs_province_pool	wh_main_chs_chaos		
234090197	wh3_dlc25_nur_mon_toad_dragon_warriors_faction_pool	0	wh3_main_belakor_faction_pool			
235931022	wh3_dlc29_chs_inf_putrid_blightkings_dual_axe	0	wh3_main_nur_units		wh3_main_sc_nur_nurgle	
235999301	wh2_dlc13_emp_veh_steam_tank_ror_0	0	wh2_dlc13_emp_elector_counts_merc_pool		wh_main_sc_emp_empire	
237751042	wh3_dlc25_nur_mon_bile_trolls_warriors_faction_pool	0	wh3_dlc20_chs_faction_pool		wh_main_sc_chs_chaos	
23797028	wh3_dlc25_nur_chieftains_bst_inf_cygor_0	0	wh3_dlc25_nur_tamurkhan_chieftains_pool	wh3_dlc25_nur_tamurkhan		
239053124	wh2_dlc13_emp_inf_greatswords_ror_0	0	wh2_dlc13_emp_elector_counts_merc_pool		wh_main_sc_emp_empire	
241230845	wh3_main_nur_inf_forsaken_0_province_pool	0	wh3_dlc20_chs_province_pool	wh3_dlc20_chs_sigvald		
241622058	wh3_dlc27_chs_inf_bearmen_great_weapons_province_pool	0	wh3_dlc20_chs_province_pool		wh_main_sc_chs_chaos	
24194635	wh3_dlc29_chs_mon_warshrine_glottkin_garden_pool	0	wh3_dlc29_woc_glottkin_garden_faction_pool	wh3_dlc29_chs_host_of_the_triplets		
246826490	wh3_main_tze_mon_soul_grinder_0_warriors_faction_pool	0	wh3_dlc20_coc_faction_pool	wh3_dlc20_chs_vilitch		
247307184	wh_pro04_chs_mon_chaos_spawn_ror_0	1	wh3_dlc20_renown_pool	wh3_dlc20_chs_vilitch		
248367174	wh_main_chs_cav_chaos_knights_0_province_pool	0	wh3_dlc20_chs_province_pool		wh_main_sc_chs_chaos	
249971316	wh3_dlc29_nag_tmb_cav_nehekhara_horsemen_0_faction_pool	999999	wh3_dlc29_nag_raise_dead_tmb_faction_pool		wh3_dlc29_sc_nag_undead_legions	
250601561	wh3_dlc20_chs_cav_chaos_chariot_msla_ror	1	wh3_main_sla_units_of_renown_pool			
256932170	wh3_dlc24_tze_mon_cockatrice_faction_pool	0	wh3_dlc20_coc_faction_pool	wh3_dlc20_chs_vilitch		
2617	wh_main_vmp_inf_skeleton_warriors_0	999999	wh3_dlc29_vmp_raise_dead_province		wh_main_sc_vmp_vampire_counts	
264137835	wh3_dlc20_chs_inf_forsaken_msla_province_pool	0	wh3_dlc20_chs_province_pool	wh3_dlc20_chs_kholek		
264172237	wh3_main_nur_mon_plague_toads_0	2	wh3_main_nur_units		wh3_main_sc_nur_nurgle	
267129695	wh3_dlc29_nag_cst_inf_deck_gunners_0_faction_pool	999999	wh3_dlc29_nag_raise_dead_cst_faction_pool		wh3_dlc29_sc_nag_undead_legions	
2691	wh_main_vmp_inf_skeleton_warriors_1	999999	wh3_dlc29_vmp_raise_dead_province		wh_main_sc_vmp_vampire_counts	
2696	wh_main_vmp_inf_zombie	999999	wh3_dlc29_vmp_raise_dead_province		wh_main_sc_vmp_vampire_counts	
270070026	wh3_dlc26_chs_inf_chosen_mkho_ror	1	wh3_main_kho_units_of_renown_pool			
270334276	wh_pro04_nor_inf_marauder_berserkers_ror_0	1	wh3_dlc20_renown_pool	wh3_dlc20_chs_valkia		
273193621	wh2_dlc12_skv_inf_clanrats_ror_0	1	wh2_dlc12_skv_units_of_renown_pool		wh2_main_sc_skv_skaven	
278765130	wh3_main_nur_inf_nurglings_0	4	wh3_main_nur_units		wh3_main_sc_nur_nurgle	
282091490	wh_pro04_brt_inf_battle_pilgrims_ror_0	1	wh_dlc07_brt_units_of_renown_pool		wh_main_sc_brt_bretonnia	
283634200	wh3_dlc25_dwf_grudges_longbeards_1	0	wh3_dlc25_dwf_book_of_grudges_mercenary_pool		wh_main_sc_dwf_dwarfs	
28377915	wh3_main_sla_veh_seeker_chariot_0_warriors_faction_pool	0	wh3_main_belakor_faction_pool			
285112153	wh3_dlc29_emp_middenland_cav_knights_of_the_white_wolf	1	wh3_dlc29_emp_middenland_merc_pool_boris	wh_main_emp_middenland		
28946108	wh2_main_lzd_cav_cold_one_spearriders_blessed_0	1	wh2_main_lzd_spawnings_pool		wh2_main_sc_lzd_lizardmen	
292966510	wh3_dlc27_nor_inf_chaos_marauders_great_weapons_ror	1	wh_dlc08_nor_units_of_renown_pool			
293412832	wh_main_chs_mon_chaos_warhounds_1	0	wh3_main_nur_units		wh3_main_sc_nur_nurgle	
294579818	wh3_dlc29_nag_vmp_cav_blood_knights_0_faction_pool	999999	wh3_dlc29_nag_raise_dead_vmp_faction_pool		wh3_dlc29_sc_nag_undead_legions	
2949	wh_main_vmp_cav_black_knights_0	999999	wh3_dlc29_vmp_raise_dead_province		wh_main_sc_vmp_vampire_counts	
295423276	wh2_dlc13_emp_inf_greatswords_ror_0	0	wh2_dlc13_emp_elector_counts_merc_pool_volkmar		wh_main_sc_emp_empire	
295474541	wh3_dlc20_chs_mon_warshrine_mnur_monster_mark_province_pool	0	wh3_dlc20_chs_province_pool	wh3_dlc29_chs_host_of_the_triplets		
2959	wh_main_vmp_cav_black_knights_3	999999	wh3_dlc29_vmp_raise_dead_province		wh_main_sc_vmp_vampire_counts	
2965	wh_main_vmp_cav_hexwraiths	999999	wh3_dlc29_vmp_raise_dead_faction		wh_main_sc_vmp_vampire_counts	
2971	wh_main_vmp_inf_cairn_wraiths	999999	wh3_dlc29_vmp_raise_dead_faction		wh_main_sc_vmp_vampire_counts	
2973	wh_main_vmp_inf_grave_guard_0	999999	wh3_dlc29_vmp_raise_dead_province		wh_main_sc_vmp_vampire_counts	
2979	wh_main_vmp_inf_grave_guard_1	999999	wh3_dlc29_vmp_raise_dead_province		wh_main_sc_vmp_vampire_counts	
298314755	wh_dlc08_nor_mon_war_mammoth_boss	1	wh_dlc08_monster_hunt_of_renown_pool		wh_dlc08_sc_nor_norsca	
2988	wh_main_vmp_mon_crypt_horrors	999999	wh3_dlc29_vmp_raise_dead_province		wh_main_sc_vmp_vampire_counts	
2997	wh_main_vmp_mon_terrorgheist	999999	wh3_dlc29_vmp_raise_dead_faction		wh_main_sc_vmp_vampire_counts	
3000	wh_main_vmp_mon_vargheists	999999	wh3_dlc29_vmp_raise_dead_faction		wh_main_sc_vmp_vampire_counts	
3005	wh_main_vmp_mon_varghulf	999999	wh3_dlc29_vmp_raise_dead_faction		wh_main_sc_vmp_vampire_counts	
3009	wh_main_vmp_veh_black_coach	999999	wh3_dlc29_vmp_raise_dead_faction		wh_main_sc_vmp_vampire_counts	
3012	wh_main_vmp_inf_crypt_ghouls	999999	wh3_dlc29_vmp_raise_dead_province		wh_main_sc_vmp_vampire_counts	
3032	wh_main_vmp_mon_dire_wolves	999999	wh3_dlc29_vmp_raise_dead_province		wh_main_sc_vmp_vampire_counts	
3039	wh_main_vmp_mon_fell_bats	999999	wh3_dlc29_vmp_raise_dead_province		wh_main_sc_vmp_vampire_counts	
305628354	wh3_dlc27_nor_inf_marauder_champions_0	0	wh3_dlc27_nor_monstrous_arcanum		wh_dlc08_sc_nor_norsca	
30617457	wh3_dlc20_chs_inf_chaos_warriors_mnur_province_pool_hero_action	0	wh3_dlc20_chs_province_pool	wh3_dlc29_chs_host_of_the_triplets		
307561552	wh3_main_pro_ksl_inf_ice_guard_ror_1	1	wh3_main_pro_ksl_ror		wh3_main_pro_sc_ksl_kislev	
307861209	wh2_dlc11_cst_inf_zombie_gunnery_mob_1	0	wh2_dlc11_cst_vampire_pirate_merc_pool		wh2_dlc11_sc_cst_vampire_coast	
308824900	wh3_main_tze_mon_spawn_of_tzeentch_0_province_pool	0	wh3_dlc20_chs_province_pool	wh3_dlc20_chs_kholek		
3090	wh_dlc04_emp_art_hammer_of_the_witches_0	1	wh_dlc04_emp_units_of_renown_pool		wh_main_sc_emp_empire	
309145331	wh3_main_ogr_mon_giant_0	1	wh3_main_ogr_merc_pool			
3094	wh_dlc04_emp_art_sunmaker_0	1	wh_dlc04_emp_units_of_renown_pool		wh_main_sc_emp_empire	
3101	wh_dlc04_emp_cav_royal_altdorf_gryphites_0	1	wh_dlc04_emp_units_of_renown_pool		wh_main_sc_emp_empire	
3109	wh_dlc04_emp_cav_zintlers_reiksguard_0	1	wh_dlc04_emp_units_of_renown_pool		wh_main_sc_emp_empire	
3115	wh_dlc04_emp_inf_silver_bullets_0	1	wh_dlc04_emp_units_of_renown_pool		wh_main_sc_emp_empire	
3118	wh_dlc04_emp_inf_stirlands_revenge_0	1	wh_dlc04_emp_units_of_renown_pool		wh_main_sc_emp_empire	
3119	wh_dlc04_emp_inf_tattersouls_0	1	wh_dlc04_emp_units_of_renown_pool		wh_main_sc_emp_empire	
311936985	wh2_dlc11_cst_mon_fell_bats	0	wh2_dlc11_cst_vampire_pirate_province_pool		wh2_dlc11_sc_cst_vampire_coast	
3122	wh_dlc04_emp_veh_templehof_luminark_0	1	wh_dlc04_emp_units_of_renown_pool		wh_main_sc_emp_empire	
3128	wh_dlc04_vmp_cav_chillgheists_0	1	wh_dlc04_vmp_units_of_renown_pool		wh_main_sc_vmp_vampire_counts	
313441179	wh3_dlc29_nag_vmp_veh_coven_throne_faction_pool	999999	wh3_dlc29_nag_raise_dead_vmp_faction_pool		wh3_dlc29_sc_nag_undead_legions	
3136	wh_dlc04_vmp_cav_vereks_reavers_0	1	wh_dlc04_vmp_units_of_renown_pool		wh_main_sc_vmp_vampire_counts	
314156306	wh3_main_tze_mon_lord_of_change_0_warriors_faction_pool	0	wh3_dlc20_chs_faction_pool		wh_main_sc_chs_chaos	
3142	wh_dlc04_vmp_inf_feasters_in_the_dusk_0	1	wh_dlc04_vmp_units_of_renown_pool		wh_main_sc_vmp_vampire_counts	
3156	wh_dlc04_vmp_inf_konigstein_stalkers_0	1	wh_dlc04_vmp_units_of_renown_pool		wh_main_sc_vmp_vampire_counts	
3159	wh_dlc04_vmp_inf_sternsmen_0	1	wh_dlc04_vmp_units_of_renown_pool		wh_main_sc_vmp_vampire_counts	
3160	wh_dlc04_vmp_inf_tithe_0	1	wh_dlc04_vmp_units_of_renown_pool		wh_main_sc_vmp_vampire_counts	
3167	wh_dlc04_vmp_mon_devils_swartzhafen_0	1	wh_dlc04_vmp_units_of_renown_pool		wh_main_sc_vmp_vampire_counts	
316983134	wh2_dlc13_emp_veh_steam_tank_ror_0	0	wh2_dlc13_emp_elector_counts_merc_pool_volkmar		wh_main_sc_emp_empire	
3170	wh_dlc04_vmp_veh_claw_of_nagash_0	1	wh_dlc04_vmp_units_of_renown_pool		wh_main_sc_vmp_vampire_counts	
3172	wh_dlc06_dwf_art_gob_lobber_0	1	wh_dlc06_dwf_units_of_renown_pool		wh_main_sc_dwf_dwarfs	
3173	wh_dlc06_dwf_inf_dragonback_slayers_0	1	wh_dlc06_dwf_units_of_renown_pool		wh_main_sc_dwf_dwarfs	
3181	wh_dlc06_dwf_inf_ekrund_miners_0	1	wh_dlc06_dwf_units_of_renown_pool		wh_main_sc_dwf_dwarfs	
3190	wh_dlc06_dwf_inf_norgrimlings_ironbreakers_0	1	wh_dlc06_dwf_units_of_renown_pool		wh_main_sc_dwf_dwarfs	
3192	wh_dlc06_dwf_inf_norgrimlings_irondrakes_0	1	wh_dlc06_dwf_units_of_renown_pool		wh_main_sc_dwf_dwarfs	
31934633	wh3_dlc25_nur_inf_pestigors_warriors_faction_pool	0	wh3_dlc20_chs_province_pool	wh3_dlc20_chs_sigvald		
3195	wh_dlc06_dwf_inf_old_grumblers_0	1	wh_dlc06_dwf_units_of_renown_pool		wh_main_sc_dwf_dwarfs	
319672748	wh3_main_ogr_inf_maneaters_3	1	wh3_main_ogr_merc_pool			
3204	wh_dlc06_dwf_inf_peak_gate_guard_0	1	wh_dlc06_dwf_units_of_renown_pool		wh_main_sc_dwf_dwarfs	
3206	wh_dlc06_dwf_inf_ulthars_raiders_0	1	wh_dlc06_dwf_units_of_renown_pool		wh_main_sc_dwf_dwarfs	
320638327	wh3_main_kho_mon_soul_grinder_0_warriors_faction_pool	0	wh3_dlc20_chs_faction_pool		wh_main_sc_chs_chaos	
3213	wh_dlc06_dwf_inf_warriors_dragonfire_pass_0	1	wh_dlc06_dwf_units_of_renown_pool		wh_main_sc_dwf_dwarfs	
3215	wh_dlc06_dwf_veh_skyhammer_0	1	wh_dlc06_dwf_units_of_renown_pool		wh_main_sc_dwf_dwarfs	
3220	wh_dlc06_grn_art_hammer_of_gork_0	1	wh_dlc06_grn_units_of_renown_pool		wh_main_sc_grn_greenskins	
3222	wh_dlc06_grn_cav_deff_creepers_0	1	wh_dlc06_grn_units_of_renown_pool		wh_main_sc_grn_greenskins	
3224	wh_dlc06_grn_cav_durkits_squigs_0	1	wh_dlc06_grn_units_of_renown_pool		wh_main_sc_grn_greenskins	
3226	wh_dlc06_grn_cav_mogrubbs_marauders_0	1	wh_dlc06_grn_units_of_renown_pool		wh_main_sc_grn_greenskins	
3236	wh_dlc06_grn_cav_moon_howlers_0	1	wh_dlc06_grn_units_of_renown_pool		wh_main_sc_grn_greenskins	
3240	wh_dlc06_grn_cav_teef_robbers_0	1	wh_dlc06_grn_units_of_renown_pool		wh_main_sc_grn_greenskins	
324466048	wh3_dlc20_chs_mon_warshrine_msla_faction_pool	0	wh3_dlc20_chs_faction_pool		wh_main_sc_chs_chaos	
3245	wh_dlc06_grn_inf_da_eight_peaks_loonies_0	1	wh_dlc06_grn_units_of_renown_pool		wh_main_sc_grn_greenskins	
32462214	wh2_dlc14_skv_inf_poison_wind_mortar_ror_0	1	wh2_dlc12_skv_units_of_renown_pool		wh2_main_sc_skv_skaven	
3251	wh_dlc06_grn_inf_da_rusty_arrers_0	1	wh_dlc06_grn_units_of_renown_pool		wh_main_sc_grn_greenskins	
3252	wh_dlc02_vmp_cav_blood_knights_0	999999	wh3_dlc29_vmp_raise_dead_faction		wh_main_sc_vmp_vampire_counts	
3259	wh_dlc04_emp_inf_sigmars_sons_0	1	wh_dlc04_emp_units_of_renown_pool		wh_main_sc_emp_empire	
3263	wh_dlc04_vmp_mon_direpack_0	1	wh_dlc04_vmp_units_of_renown_pool		wh_main_sc_vmp_vampire_counts	
3264	wh_dlc04_vmp_veh_mortis_engine_0	999999	wh3_dlc29_vmp_raise_dead_faction		wh_main_sc_vmp_vampire_counts	
3268	wh_dlc04_vmp_veh_corpse_cart_0	999999	wh3_dlc29_vmp_raise_dead_province		wh_main_sc_vmp_vampire_counts	
3276	wh_dlc04_vmp_veh_corpse_cart_1	999999	wh3_dlc29_vmp_raise_dead_province		wh_main_sc_vmp_vampire_counts	
327712086	wh3_dlc20_chs_inf_chaos_marauders_mkho_province_pool	0	wh3_dlc20_chs_province_pool	wh3_main_chs_shadow_legion		
3278	wh_dlc04_vmp_veh_corpse_cart_2	999999	wh3_dlc29_vmp_raise_dead_province		wh_main_sc_vmp_vampire_counts	
3283	wh_dlc06_grn_inf_krimson_killerz_0	1	wh_dlc06_grn_units_of_renown_pool		wh_main_sc_grn_greenskins	
3289	wh_dlc06_grn_cav_broken_tusks_mob_0	1	wh_dlc06_grn_units_of_renown_pool		wh_main_sc_grn_greenskins	
3297	wh_dlc06_grn_inf_da_warlords_boyz_0	1	wh_dlc06_grn_units_of_renown_pool		wh_main_sc_grn_greenskins	
3303	wh_dlc06_grn_mon_venom_queen_0	1	wh_dlc06_grn_units_of_renown_pool		wh_main_sc_grn_greenskins	
331443140	wh3_dlc20_chs_cav_chaos_chariot_msla_ror	1	wh3_dlc20_renown_pool	wh3_dlc20_chs_azazel		
33452096	wh2_dlc13_emp_cav_empire_knights_ror_1	0	wh2_dlc13_emp_elector_counts_merc_pool		wh_main_sc_emp_empire	
336305617	wh3_main_kho_inf_bloodletters_1_belakor_faction_pool	0	wh3_main_belakor_faction_pool			
337714332	wh3_dlc29_nag_tmb_inf_tomb_guard_1_faction_pool	999999	wh3_dlc29_nag_raise_dead_tmb_faction_pool		wh3_dlc29_sc_nag_undead_legions	
33953718	wh3_dlc27_sla_inf_slaangors_faction_pool	0	wh3_dlc20_chs_province_pool	wh3_dlc20_chs_kholek		
339801120	wh2_dlc10_def_cav_knights_of_the_ebon_claw_ror_0	1	wh2_main_def_units_of_renown_pool		wh2_main_sc_def_dark_elves	
340886931	wh3_dlc27_nor_cav_chaos_chariot_ror	1	wh_dlc01_chs_units_of_renown_pool			
347710876	wh2_dlc13_lzd_mon_sacred_kroxigors_0_blessed	1	wh2_main_lzd_spawnings_pool		wh2_main_sc_lzd_lizardmen	
348183996	wh2_main_lzd_inf_chameleon_skinks_blessed_0	1	wh2_main_lzd_spawnings_pool		wh2_main_sc_lzd_lizardmen	
349725872	wh2_dlc16_wef_mon_giant_spiders	0	wh2_dlc16_wef_drycha_province_merc_pool	wh2_dlc16_wef_drycha		
351030111	wh2_dlc13_emp_inf_crossbowmen_ror_0_non_replenish	0	wh2_dlc13_emp_elector_counts_merc_pool_non_replenish		wh_main_sc_emp_empire	
352981352	wh_dlc04_vmp_mon_devils_swartzhafen_0	1	wh3_dlc29_nag_units_of_renown_ror		wh3_dlc29_sc_nag_undead_legions	
356101174	wh2_dlc11_cst_inf_syreens	0	wh2_dlc11_cst_vampire_pirate_merc_pool		wh2_dlc11_sc_cst_vampire_coast	
356465981	wh2_dlc12_skv_veh_doomwheel_ror_0	1	wh2_dlc12_skv_units_of_renown_pool		wh2_main_sc_skv_skaven	
35804717	wh2_dlc13_emp_inf_huntsmen_ror_0	1	wh_dlc04_emp_units_of_renown_pool		wh_main_sc_emp_empire	
363487078	wh3_dlc20_kho_cav_skullcrushers_mkho_ror	1	wh3_main_kho_units_of_renown_pool			
367009882	wh3_twa08_tze_mon_lord_of_change_0_ror	1	wh3_dlc20_renown_pool	wh3_dlc20_chs_vilitch		
368548776	wh_pro04_bst_inf_minotaurs_ror_0	1	wh_dlc03_bst_units_of_renown_pool		wh_dlc03_sc_bst_beastmen	
369465458	wh3_dlc24_tze_mon_mutalith_vortex_beast_faction_pool	0	wh3_dlc20_coc_faction_pool	wh3_dlc20_chs_vilitch		
369869340	wh_pro04_wef_inf_waywatchers_ror_0	1	wh_dlc05_wef_units_of_renown_pool		wh_dlc05_sc_wef_wood_elves	
373185459	wh3_main_sla_inf_marauders_0_province_pool	0	wh3_dlc20_chs_province_pool	wh3_dlc20_chs_sigvald		
375410774	wh3_dlc25_dwf_malakai_feature_flame_cannons	0	wh3_dlc25_dwf_malakai_feature_mercenary_pool		wh_main_sc_dwf_dwarfs	
376538659	wh2_dlc09_tmb_mon_necrosphinx_ror	1	wh3_dlc29_nag_units_of_renown_ror		wh3_dlc29_sc_nag_undead_legions	
379378927	wh2_dlc16_skv_mon_brood_horror_0_flesh_lab	0	wh2_dlc16_skv_throt_flesh_lab_pool	wh2_main_skv_clan_moulder		
381681256	wh3_main_sla_mon_soul_grinder_0_warriors_faction_pool	0	wh3_dlc20_coc_faction_pool	wh3_dlc20_chs_sigvald		
383982889	wh3_dlc20_chs_mon_warshrine_faction_pool	0	wh3_dlc20_coc_faction_pool		wh_main_sc_chs_chaos	
38458857	wh3_dlc29_nag_cst_inf_zombie_gunnery_mob_0_faction_pool	999999	wh3_dlc29_nag_raise_dead_cst_faction_pool		wh3_dlc29_sc_nag_undead_legions	
3861990	wh3_dlc25_nur_inf_plague_ogres	0	wh3_main_nur_units		wh3_main_sc_nur_nurgle	
386551546	wh2_dlc17_bst_mon_jabberslythe_ror_0	1	wh_dlc03_bst_units_of_renown_pool		wh_dlc03_sc_bst_beastmen	
388696676	wh2_dlc13_emp_art_mortar_ror_0	0	wh2_dlc13_emp_elector_counts_merc_pool		wh_main_sc_emp_empire	
395065171	wh_dlc01_chs_mon_dragon_ogre_shaggoth_warriors_faction_pool	0	wh3_main_belakor_faction_pool			
398919411	wh3_dlc25_nur_cav_rot_knights_ror	1	wh3_main_nur_units_of_renown_pool	wh3_dlc20_chs_festus		
399488960	wh_dlc01_chs_mon_dragon_ogre_shaggoth_warriors_faction_pool	0	wh3_dlc20_coc_faction_pool		wh_main_sc_chs_chaos	
399753989	wh3_twa10_nur_inf_nurglings_ror	1	wh_dlc01_chs_units_of_renown_pool		wh_main_sc_chs_chaos	
400240367	wh3_dlc27_sla_dechala_daemons_keeper_of_secrets	0	wh3_dlc27_sla_daemonic_attraction			
401447777	wh2_twa03_mon_monster_sabretusk	0	wh2_twa03_def_rakarth_merc_pool			
404004234	wh3_main_nur_mon_great_unclean_one_0_warriors_faction_pool	0	wh3_dlc20_coc_faction_pool	wh3_dlc20_chs_festus		
405139612	wh3_dlc29_chs_inf_putrid_blightkings_great_weapons	0	wh3_main_nur_units		wh3_main_sc_nur_nurgle	
405208299	wh3_dlc29_skv_inf_deathvermin_ror	1	wh2_dlc12_skv_units_of_renown_pool		wh2_main_sc_skv_skaven	
40662754	wh3_main_sla_mon_keeper_of_secrets_0_warriors_faction_pool	0	wh3_dlc20_chs_faction_pool		wh_main_sc_chs_chaos	
409836484	wh2_dlc13_emp_inf_handgunners_ror_0_non_replenish	0	wh2_dlc13_emp_elector_counts_merc_pool_non_replenish		wh_main_sc_emp_empire	
410441726	wh3_dlc25_nur_inf_plague_ogres_warriors_faction_pool	0	wh3_main_belakor_faction_pool			
41177200	wh3_dlc25_nur_mon_bile_trolls_monster_mark_province_pool	0	wh3_dlc20_chs_province_pool	wh3_dlc29_chs_host_of_the_triplets		
414181086	wh3_main_sla_inf_marauders_0_province_pool	0	wh3_dlc20_chs_province_pool	wh3_dlc20_chs_kholek		
4144326	wh_main_chs_inf_chaos_warriors_0_province_pool	0	wh3_dlc20_chs_province_pool		wh_main_sc_chs_chaos	
417610876	wh2_dlc09_tmb_cav_skeleton_horsemen_ror	0	wh2_dlc09_tmb_units_of_renown_pool		wh2_dlc09_sc_tmb_tomb_kings	
417788962	wh3_main_vmp_inf_grave_guard_2	999999	wh3_dlc29_vmp_raise_dead_province		wh_main_sc_vmp_vampire_counts	
422251990	wh2_dlc12_lzd_inf_saurus_warriors_ror_0	1	wh2_dlc12_lzd_units_of_renown_pool		wh2_main_sc_lzd_lizardmen	
42334842	wh2_main_lzd_cav_terradon_riders_blessed_1	1	wh2_main_lzd_spawnings_pool		wh2_main_sc_lzd_lizardmen	
425173003	wh3_dlc29_nag_tmb_mon_tomb_scorpion_0_faction_pool	999999	wh3_dlc29_nag_raise_dead_tmb_faction_pool		wh3_dlc29_sc_nag_undead_legions	
426740446	wh3_dlc29_nag_tmb_inf_skeleton_spearmen_0_faction_pool	999999	wh3_dlc29_nag_raise_dead_tmb_faction_pool		wh3_dlc29_sc_nag_undead_legions	
428149894	wh3_dlc25_nur_inf_pestigors_warriors_faction_pool	0	wh3_dlc20_chs_province_pool	wh_main_chs_chaos		
429300158	wh3_dlc20_chs_mon_warshrine_msla_faction_pool	0	wh3_main_belakor_faction_pool			
432405601	wh3_twa10_kho_inf_flesh_hounds_of_khorne_ror	1	wh3_dlc20_renown_pool	wh3_dlc20_chs_valkia		
439418706	wh2_dlc09_tmb_inf_tomb_guard_0	999999	wh3_dlc29_vmp_additional_units	wh3_dlc29_vmp_neferata		
444097347	wh3_main_sla_veh_seeker_chariot_0_warriors_faction_pool	0	wh3_dlc20_coc_faction_pool	wh3_dlc20_chs_azazel		
446224078	wh3_main_sla_inf_daemonette_0_warriors_faction_pool	1	wh3_dlc20_coc_faction_pool	wh3_dlc20_chs_azazel		
447205395	wh_pro04_chs_inf_chaos_warriors_ror_0	1	wh3_dlc20_renown_pool	wh3_dlc20_chs_sigvald		
449329771	wh3_main_kho_mon_spawn_of_khorne_0_province_pool	0	wh3_dlc20_chs_province_pool	wh3_dlc20_chs_kholek		
449348655	wh3_dlc20_chs_inf_chaos_marauders_mkho_province_pool	0	wh3_dlc20_chs_province_pool	wh3_dlc20_chs_sigvald		
449466771	wh3_main_sla_mon_soul_grinder_0_warriors_faction_pool	0	wh3_dlc20_chs_faction_pool		wh_main_sc_chs_chaos	
449593315	wh2_dlc17_lzd_mon_troglodon_ror_0	1	wh2_dlc12_lzd_units_of_renown_pool		wh2_main_sc_lzd_lizardmen	
452851957	wh2_dlc15_hef_mon_sun_dragon_imrik_boss	0	wh2_dlc15_hef_imrik_dragon_units_of_renown_pool		wh2_main_sc_hef_high_elves	
454111499	wh3_dlc25_nur_inf_plague_ogres_great_weapons_warriors_faction_pool	0	wh3_main_belakor_faction_pool			
458779796	wh_pro04_chs_mon_chaos_spawn_ror_0	1	wh3_main_tze_units_of_renown_pool			
465497382	wh2_dlc16_skv_mon_hell_pit_abomination_ror_0	1	wh2_dlc12_skv_units_of_renown_pool		wh2_main_sc_skv_skaven	
466900201	wh2_dlc12_lzd_inf_skink_red_crested_ror_0	1	wh2_dlc12_lzd_units_of_renown_pool		wh2_main_sc_lzd_lizardmen	
471519390	wh3_dlc27_nor_inf_chaos_marauders_great_weapons_ror	1	wh3_dlc20_renown_pool	wh3_dlc29_chs_host_of_the_triplets		
471859506	wh3_dlc29_nag_cst_art_carronade_faction_pool	999999	wh3_dlc29_nag_raise_dead_cst_faction_pool		wh3_dlc29_sc_nag_undead_legions	
47212356	wh3_dlc26_kho_inf_khorngors_faction_pool	0	wh3_dlc20_chs_province_pool	wh3_dlc20_chs_valkia		
473532244	wh3_dlc25_dwf_grudges_slayers	0	wh3_dlc25_dwf_book_of_grudges_mercenary_pool		wh_main_sc_dwf_dwarfs	
474212109	wh_dlc04_vmp_inf_sternsmen_0	1	wh3_dlc29_nag_units_of_renown_ror		wh3_dlc29_sc_nag_undead_legions	
477001142	wh3_main_sla_mon_spawn_of_slaanesh_0_province_pool	0	wh3_dlc20_chs_province_pool	wh3_dlc20_chs_azazel		
478599206	wh3_dlc29_chs_inf_putrid_blightkings_dual_axe_ror	1	wh3_main_nur_units_of_renown_pool			
479142842	wh3_dlc29_nag_vmp_mon_varghulf_faction_pool	999999	wh3_dlc29_nag_raise_dead_vmp_faction_pool		wh3_dlc29_sc_nag_undead_legions	
483572339	wh3_dlc27_sla_dechala_daemons_fiends	0	wh3_dlc27_sla_daemonic_attraction			
483823445	wh3_dlc29_nag_tmb_mon_carrion_0_faction_pool	999999	wh3_dlc29_nag_raise_dead_tmb_faction_pool		wh3_dlc29_sc_nag_undead_legions	
489589851	wh3_dlc20_chs_inf_chosen_mnur_province_pool_rotborne_ritual	0	wh3_dlc20_chs_province_pool	wh3_dlc29_chs_host_of_the_triplets		
493705397	wh2_dlc13_emp_cav_outriders_ror_0	0	wh2_dlc13_emp_elector_counts_merc_pool_volkmar		wh_main_sc_emp_empire	
494571333	wh3_dlc27_hef_inf_swordmasters_of_hoeth_ror	1	wh2_main_hef_units_of_renown_pool		wh2_main_sc_hef_high_elves	
496958876	wh3_dlc29_chs_inf_putrid_blightkings_great_weapons	0	wh3_main_nur_units		wh3_main_sc_nur_nurgle	
500947944	wh3_dlc25_nur_mon_soul_grinder_0_ror	1	wh3_dlc20_renown_pool	wh3_dlc20_chs_festus		
502850799	wh3_dlc20_chs_mon_warshrine_mkho_faction_pool	0	wh3_dlc20_chs_faction_pool		wh_main_sc_chs_chaos	
504520412	wh2_dlc11_cst_mon_mournguls_0	0	wh2_dlc11_cst_vampire_pirate_merc_pool		wh2_dlc11_sc_cst_vampire_coast	
505192749	wh2_dlc13_emp_veh_war_wagon_0_imperial_supply	0	wh2_dlc13_emp_imperial_supply_pool	wh2_dlc13_emp_the_huntmarshals_expedition		
507900744	wh3_dlc29_chs_mon_giant_spined_chaos_beast_ror	1	wh3_dlc20_renown_pool			
509212102	wh3_dlc29_nag_cst_mon_rotting_prometheans_0_faction_pool	999999	wh3_dlc29_nag_raise_dead_cst_faction_pool		wh3_dlc29_sc_nag_undead_legions	
510010036	wh3_twa08_tze_mon_lord_of_change_0_ror	1	wh3_main_tze_units_of_renown_pool			
512170369	wh3_dlc25_nur_cav_rot_knights_ror	1	wh3_dlc20_renown_pool	wh3_dlc20_chs_festus		
519745898	wh3_dlc20_chs_inf_aspiring_champions_mtze_ror	1	wh3_dlc20_renown_pool	wh3_dlc20_chs_vilitch		
520650162	wh3_dlc29_nag_vmp_inf_lahmian_handmaidens_shadow_faction_pool	999999	wh3_dlc29_nag_raise_dead_vmp_faction_pool		wh3_dlc29_sc_nag_undead_legions	
523772197	wh2_dlc10_hef_inf_the_silverpelts_ror_0	1	wh2_main_hef_units_of_renown_pool		wh2_main_sc_hef_high_elves	
525138820	wh3_dlc29_chs_inf_putrid_blightkings_dual_axe_ror	1	wh3_main_nur_units_of_renown_pool			
52580053	wh3_dlc29_nur_inf_plague_ogres_glottkin_garden_pool	0	wh3_dlc29_woc_glottkin_garden_faction_pool	wh3_dlc29_chs_host_of_the_triplets		
528108225	wh3_dlc29_chs_inf_chosen_mnur_ror	1	wh3_dlc20_renown_pool	wh3_dlc29_chs_host_of_the_triplets		
529119680	wh3_dlc20_chs_mon_giant_mnur_ror	1	wh3_dlc20_renown_pool	wh3_dlc29_chs_host_of_the_triplets		
529407078	wh3_main_sla_inf_marauders_0_province_pool	0	wh3_dlc20_chs_province_pool	wh3_main_chs_shadow_legion		
530130715	wh2_dlc16_skv_mon_hell_pit_abomination_flesh_lab	0	wh2_dlc16_skv_throt_flesh_lab_pool	wh2_main_skv_clan_moulder		
532900751	wh_pro04_brt_cav_questing_knights_ror_0	1	wh_dlc07_brt_units_of_renown_pool		wh_main_sc_brt_bretonnia	
533250098	wh2_dlc12_skv_veh_doom_flayer_ror_tech_lab_0	1	wh2_dlc12_skv_units_of_renown_pool	wh2_main_skv_clan_skryre		
537284699	wh3_dlc27_sla_mon_preyton_ror	1	wh3_main_sla_units_of_renown_pool		wh3_main_sc_sla_slaanesh	
53960526	wh2_dlc12_skv_art_warp_lightning_cannon_ror_0	1	wh2_dlc12_skv_units_of_renown_pool		wh2_main_sc_skv_skaven	
540306899	wh2_dlc13_emp_inf_handgunners_imperial_supply	0	wh2_dlc13_emp_imperial_supply_pool	wh2_dlc13_emp_the_huntmarshals_expedition		
541042512	wh3_cp1_cth_bhashiva_shang_yang_support_war_compass	0	wh3_cp1_cth_bhashiva_shang_yang_support			
541790409	wh3_main_tze_mon_spawn_of_tzeentch_0_province_pool	0	wh3_dlc20_chs_province_pool	wh3_dlc20_chs_vilitch		
542556665	wh2_dlc09_tmb_mon_sepulchral_stalkers_ror	1	wh3_dlc29_nag_units_of_renown_ror		wh3_dlc29_sc_nag_undead_legions	
544450338	wh2_dlc12_skv_veh_doom_flayer_ror_0	1	wh2_dlc12_skv_units_of_renown_pool		wh2_main_sc_skv_skaven	
545015843	wh2_dlc15_hef_mon_forest_dragon_imrik_boss	0	wh2_dlc15_hef_imrik_dragon_units_of_renown_pool		wh2_main_sc_hef_high_elves	
545186526	wh3_dlc29_chs_inf_putrid_blightkings_dual_axe_ror	1	wh_dlc01_chs_units_of_renown_pool		wh_main_sc_chs_chaos	
545314069	wh3_main_kho_mon_soul_grinder_0_warriors_faction_pool	0	wh3_dlc20_coc_faction_pool	wh3_dlc20_chs_valkia		
547048129	wh3_dlc26_ogr_mon_yhetees_ror	1	wh3_main_ogr_units_of_renown_pool		wh3_main_sc_ogr_ogre_kingdoms	
550226424	wh2_dlc16_mon_monster_feral_bear	0	wh2_dlc16_wef_drycha_province_merc_pool	wh2_dlc16_wef_drycha		
551167062	wh3_main_tze_inf_pink_horrors_0_warriors_faction_pool	1	wh3_main_belakor_faction_pool			
55282199	wh2_dlc16_skv_mon_wolf_rats_1_flesh_lab	0	wh2_dlc16_skv_throt_flesh_lab_pool	wh2_main_skv_clan_moulder		
554263374	wh3_main_tze_mon_spawn_of_tzeentch_0_province_pool	0	wh3_dlc20_chs_province_pool	wh_main_chs_chaos		
557164636	wh3_dlc29_nag_vmp_veh_corpse_cart_0_faction_pool	999999	wh3_dlc29_nag_raise_dead_vmp_faction_pool		wh3_dlc29_sc_nag_undead_legions	
558399027	wh3_dlc20_chs_inf_chaos_marauders_mnur_greatweapons	0	wh3_main_nur_units		wh3_main_sc_nur_nurgle	
56019884	wh_main_chs_mon_giant_province_pool	0	wh3_dlc20_chs_province_pool		wh_main_sc_chs_chaos	
563179176	wh3_twa07_kho_cav_bloodcrushers_ror_0	1	wh3_main_kho_units_of_renown_pool			
563518952	wh3_dlc29_nag_tmb_mon_ushabti_0_faction_pool	999999	wh3_dlc29_nag_raise_dead_tmb_faction_pool		wh3_dlc29_sc_nag_undead_legions	
563943173	wh3_dlc24_tze_mon_mutalith_vortex_beast_faction_pool	0	wh3_main_belakor_faction_pool			
565686608	wh2_dlc11_cst_mon_scurvy_dogs	0	wh2_dlc11_cst_vampire_pirate_province_pool		wh2_dlc11_sc_cst_vampire_coast	
566092965	wh3_main_sla_mon_spawn_of_slaanesh_0_province_pool	0	wh3_dlc20_chs_province_pool	wh3_main_chs_shadow_legion		
571175557	wh_pro04_chs_inf_chaos_warriors_ror_0	1	wh_dlc01_chs_units_of_renown_pool		wh_main_sc_chs_chaos	
572424897	wh_pro04_wef_inf_wardancers_ror_0	1	wh_dlc05_wef_units_of_renown_pool		wh_dlc05_sc_wef_wood_elves	
572844758	wh3_main_pro_ksl_mon_elemental_bear_ror_0	1	wh3_main_pro_ksl_ror		wh3_main_pro_sc_ksl_kislev	
573256198	wh3_dlc24_ksl_inf_kislevite_warriors	0	wh3_main_ksl_zealous_conscription			
573483027	wh3_dlc29_chs_inf_putrid_blightkings_dual_axe_ror	1	wh3_dlc20_renown_pool	wh3_dlc29_chs_host_of_the_triplets		
574144963	wh3_dlc27_nor_cav_marauder_horsemen_ror	1	wh3_main_sla_units_of_renown_pool			
575533042	wh3_main_sla_mon_keeper_of_secrets_0_warriors_faction_pool	0	wh3_dlc20_coc_faction_pool	wh3_dlc20_chs_azazel		
575857935	wh_pro04_nor_mon_skinwolves_ror_0	1	wh_dlc08_nor_units_of_renown_pool		wh_dlc08_sc_nor_norsca	
578971351	wh3_dlc25_dwf_grudges_grudge_thrower	0	wh3_dlc25_dwf_book_of_grudges_mercenary_pool		wh_main_sc_dwf_dwarfs	
58005251	wh2_twa03_mon_war_hydra	0	wh2_twa03_def_rakarth_merc_pool			
582276108	wh3_twa08_ogr_mon_stonehorn_0_ror	1	wh3_main_ogr_units_of_renown_pool		wh3_main_sc_ogr_ogre_kingdoms	
582682560	wh2_dlc13_emp_inf_greatswords_imperial_supply	0	wh2_dlc13_emp_imperial_supply_pool	wh2_dlc13_emp_the_huntmarshals_expedition		
584556502	wh3_twa08_kho_mon_bloodthirster_0_ror	1	wh_dlc01_chs_units_of_renown_pool		wh_main_sc_chs_chaos	
585570019	wh2_dlc11_cst_cav_deck_droppers_ror_0	1	wh3_dlc29_nag_units_of_renown_ror		wh3_dlc29_sc_nag_undead_legions	
585618976	wh3_dlc20_chs_inf_chaos_marauders_mnur_province_pool	0	wh3_dlc20_chs_province_pool	wh3_dlc20_chs_sigvald		
587243495	wh3_dlc29_chs_inf_putrid_blightkings_axe_shield	0	wh3_main_nur_units		wh3_main_sc_nur_nurgle	
592124027	wh2_dlc11_cst_mon_rotting_prometheans_gunnery_mob_ror	1	wh3_dlc29_nag_units_of_renown_ror		wh3_dlc29_sc_nag_undead_legions	
596803452	wh3_main_nur_inf_forsaken_0_province_pool	0	wh3_dlc20_chs_province_pool	wh_main_chs_chaos		
599992838	wh3_dlc29_nag_cst_inf_syreens_faction_pool	999999	wh3_dlc29_nag_raise_dead_cst_faction_pool		wh3_dlc29_sc_nag_undead_legions	
601321663	wh3_main_nur_inf_plaguebearers_0_warriors_faction_pool	0	wh3_dlc20_coc_faction_pool	wh3_dlc20_chs_festus		
603050433	wh_dlc08_nor_mon_frost_wyrm_boss	1	wh_dlc08_monster_hunt_of_renown_pool		wh_dlc08_sc_nor_norsca	
606100097	wh3_dlc25_nur_inf_pestigors_warriors_faction_pool	0	wh3_dlc20_chs_province_pool	wh3_main_chs_shadow_legion		
606974664	wh3_dlc29_nag_tmb_mon_necrosphinx_0_faction_pool	999999	wh3_dlc29_nag_raise_dead_tmb_faction_pool		wh3_dlc29_sc_nag_undead_legions	
6114700	wh_pro04_bst_inf_bestigor_herd_ror_0	1	wh_dlc03_bst_units_of_renown_pool		wh_dlc03_sc_bst_beastmen	
614383391	wh3_twa06_sla_inf_daemonette_ror_0	1	wh3_main_sla_units_of_renown_pool			
616028767	wh3_dlc20_chs_inf_chaos_marauders_mtze_province_pool	0	wh3_dlc20_chs_province_pool	wh3_dlc20_chs_sigvald		
617948611	wh3_dlc27_nor_inf_chaos_marauders_great_weapons_ror	1	wh_dlc01_chs_units_of_renown_pool			
623918109	wh3_dlc27_sla_mon_champions_of_slaanesh_warriors_faction_pool	0	wh3_main_belakor_faction_pool			
626338869	wh3_dlc26_kho_inf_skullreapers_faction_pool	0	wh3_dlc20_chs_province_pool	wh3_dlc20_chs_valkia		
627014889	wh2_main_lzd_inf_saurus_spearmen_blessed_1	1	wh2_main_lzd_spawnings_pool		wh2_main_sc_lzd_lizardmen	
636423510	wh3_main_sla_inf_daemonette_0_warriors_faction_pool	1	wh3_main_belakor_faction_pool			
636960023	wh2_dlc15_grn_cav_forest_goblin_spider_riders_waaagh_0	0	wh2_dlc15_grn_waaagh_pool		wh_main_sc_grn_greenskins	
638638163	wh2_dlc13_emp_inf_spearmen_ror_0_non_replenish	0	wh2_dlc13_emp_elector_counts_merc_pool_non_replenish		wh_main_sc_emp_empire	
639910915	wh3_dlc29_nag_tmb_cav_skeleton_horsemen_0_faction_pool	999999	wh3_dlc29_nag_raise_dead_tmb_faction_pool		wh3_dlc29_sc_nag_undead_legions	
64114914	wh_dlc01_chs_inf_forsaken_0_province_pool	0	wh3_dlc20_chs_province_pool	wh3_dlc20_chs_kholek		
64538216	wh3_dlc20_kho_cav_skullcrushers_mkho_ror	1	wh3_dlc20_renown_pool	wh3_dlc20_chs_valkia		
646334386	wh3_main_tze_inf_forsaken_0_province_pool	0	wh3_dlc20_chs_province_pool	wh3_dlc20_chs_sigvald		
647131928	wh3_dlc27_sla_mon_champions_of_slaanesh_warriors_faction_pool	0	wh3_dlc20_coc_faction_pool	wh3_dlc20_chs_sigvald		
648606837	wh3_dlc29_nag_vmp_inf_lahmian_handmaidens_death_faction_pool	999999	wh3_dlc29_nag_raise_dead_vmp_faction_pool		wh3_dlc29_sc_nag_undead_legions	
65375915	wh3_main_tze_mon_soul_grinder_0_warriors_faction_pool	0	wh3_dlc20_chs_faction_pool		wh_main_sc_chs_chaos	
662855406	wh_pro04_chs_inf_chaos_warriors_ror_0	1	wh3_dlc20_renown_pool	wh3_dlc20_chs_azazel		
662982416	wh3_dlc23_chd_veh_iron_daemon_ror_1dreadquake	1	wh3_dlc23_chd_units_of_renown_pool		wh3_dlc23_sc_chd_chaos_dwarfs	
663581280	wh3_main_nur_mon_spawn_of_nurgle_0_warriors_province_pool_rotborne_ritual	0	wh3_dlc20_chs_province_pool	wh3_dlc29_chs_host_of_the_triplets		
664048912	wh3_twa10_ksl_inf_armoured_kossars_ror	1	wh3_main_ksl_units_of_renown_pool		wh3_main_sc_ksl_kislev	
664723657	wh3_dlc25_nur_inf_plague_ogres	0	wh3_dlc20_coc_faction_pool	wh3_dlc20_chs_festus		
66825114	wh2_dlc12_lzd_cav_cold_one_spearriders_ror_0	1	wh2_dlc12_lzd_units_of_renown_pool		wh2_main_sc_lzd_lizardmen	
675760370	wh3_main_nur_mon_spawn_of_nurgle_0	0	wh3_main_nur_units		wh3_main_sc_nur_nurgle	
67617541	wh3_dlc27_sla_mon_champions_of_slaanesh_warriors_faction_pool	0	wh3_dlc20_coc_faction_pool	wh3_dlc20_chs_azazel		
676393877	wh3_twa08_ksl_mon_elemental_bear_0_ror	1	wh3_main_ksl_units_of_renown_pool		wh3_main_sc_ksl_kislev	
677503986	wh3_dlc25_dwf_inf_doomseekers_ror	1	wh_dlc06_dwf_units_of_renown_pool		wh_main_sc_dwf_dwarfs	
67795136	wh2_dlc10_hef_cav_the_fireborn_ror_0	1	wh2_main_hef_units_of_renown_pool		wh2_main_sc_hef_high_elves	
681003247	wh3_dlc25_nur_chieftains_def_mon_war_mammoth_0	0	wh3_dlc25_nur_tamurkhan_chieftains_pool	wh3_dlc25_nur_tamurkhan		
681934951	wh2_dlc16_skv_mon_rat_ogres_flesh_lab	0	wh2_dlc16_skv_throt_flesh_lab_pool	wh2_main_skv_clan_moulder		
684947956	wh3_dlc29_emp_middenland_inf_warriors_of_ulric	1	wh3_dlc29_emp_middenland_merc_pool_boris	wh_main_emp_middenland		
68902657	wh3_dlc20_chs_mon_warshrine_faction_pool	0	wh3_dlc20_chs_faction_pool		wh_main_sc_chs_chaos	
689264192	wh3_dlc29_tmb_mon_ushabti_ror_sepulchrex	1	wh3_dlc29_nag_units_of_renown_ror		wh3_dlc29_sc_nag_undead_legions	
692011192	wh2_dlc11_cst_inf_zombie_gunnery_mob_3	0	wh2_dlc11_cst_vampire_pirate_merc_pool		wh2_dlc11_sc_cst_vampire_coast	
692158292	wh3_dlc24_cth_veh_zhangu_war_drum_ror	1	wh3_main_cth_units_of_renown_pool		wh3_main_sc_cth_cathay	
692225031	wh_main_chs_mon_chaos_warhounds_1_province_pool	0	wh3_dlc20_chs_province_pool	wh3_dlc20_chs_kholek		
692436114	wh2_dlc16_wef_inf_dryads_ror_0	1	wh_dlc05_wef_units_of_renown_pool		wh_dlc05_sc_wef_wood_elves	
694309773	wh3_dlc27_bst_inf_cygor	0	wh3_dlc27_nor_monstrous_arcanum		wh_dlc08_sc_nor_norsca	
696730567	wh3_dlc27_nor_mon_chimera_ror	1	wh_dlc08_nor_units_of_renown_pool		wh_dlc08_sc_nor_norsca	
698909300	wh2_dlc11_cst_mon_animated_hulks_0	0	wh2_dlc11_cst_vampire_pirate_merc_pool		wh2_dlc11_sc_cst_vampire_coast	
69949835	wh3_dlc25_nur_inf_plague_ogres_great_weapons_warriors_faction_pool	0	wh3_dlc20_chs_faction_pool		wh_main_sc_chs_chaos	
701378310	wh_dlc08_nor_mon_war_mammoth_ror_1	1	wh_dlc08_nor_units_of_renown_pool		wh_dlc08_sc_nor_norsca	
703696024	wh3_main_kho_inf_flesh_hounds_of_khorne_0_warriors_faction_pool	0	wh3_dlc20_coc_faction_pool	wh3_dlc20_chs_valkia		
711023045	wh3_dlc29_nag_vmp_veh_mortis_engine_0_faction_pool	999999	wh3_dlc29_nag_raise_dead_vmp_faction_pool		wh3_dlc29_sc_nag_undead_legions	
711311888	wh3_dlc29_nag_tmb_art_screaming_skull_catapult_0_faction_pool	999999	wh3_dlc29_nag_raise_dead_tmb_faction_pool		wh3_dlc29_sc_nag_undead_legions	
712773021	wh3_main_nur_mon_beast_of_nurgle_0_warriors_faction_pool	0	wh3_dlc20_chs_faction_pool		wh_main_sc_chs_chaos	
713973865	wh_dlc08_grn_mon_giant_boss	1	wh_dlc08_monster_hunt_of_renown_pool		wh_main_sc_grn_greenskins	
715002153	wh3_dlc25_dwf_malakai_feature_thunderbarge	0	wh3_dlc25_dwf_malakai_feature_mercenary_pool		wh_main_sc_dwf_dwarfs	
716365989	wh3_dlc20_chs_mon_warshrine_mnur_faction_pool	0	wh3_dlc20_coc_faction_pool	wh3_dlc20_chs_festus		
716549516	wh3_dlc20_chs_inf_forsaken_mkho_province_pool	0	wh3_dlc20_chs_province_pool	wh3_dlc20_chs_valkia		
725721746	wh3_main_tze_mon_flamers_0_warriors_faction_pool	0	wh3_main_belakor_faction_pool			
726988023	wh3_dlc20_chs_inf_chaos_marauders_mnur	0	wh3_main_nur_units		wh3_main_sc_nur_nurgle	
72740964	wh3_dlc29_tmb_mon_khemric_titan_ror	1	wh2_dlc09_tmb_units_of_renown_pool		wh2_dlc09_sc_tmb_tomb_kings	
728736187	wh3_main_tze_inf_forsaken_0_province_pool	0	wh3_dlc20_chs_province_pool	wh3_dlc20_chs_vilitch		
729764873	wh3_dlc20_chs_inf_chaos_marauders_mnur_province_pool	0	wh3_dlc20_chs_province_pool	wh_main_chs_chaos		
732727215	wh3_dlc27_bst_mon_ghorgon	0	wh3_dlc27_nor_monstrous_arcanum		wh_dlc08_sc_nor_norsca	
733474986	wh3_dlc29_nag_cst_mon_mournguls_0_faction_pool	999999	wh3_dlc29_nag_raise_dead_cst_faction_pool		wh3_dlc29_sc_nag_undead_legions	
733978264	wh3_twa06_cth_inf_dragon_guard_ror_0	1	wh3_main_cth_units_of_renown_pool		wh3_main_sc_cth_cathay	
734067075	wh3_dlc25_nur_chieftains_bst_inf_centigors_1	0	wh3_dlc25_nur_tamurkhan_chieftains_pool	wh3_dlc25_nur_tamurkhan		
734629928	wh2_twa03_mon_feral_manticore_0	0	wh2_twa03_def_rakarth_merc_pool			
739851627	wh3_dlc20_chs_mon_warshrine_msla_faction_pool	0	wh3_dlc20_coc_faction_pool	wh3_dlc20_chs_sigvald		
743174440	wh3_main_nur_mon_great_unclean_one_0_warriors_faction_pool	0	wh3_main_belakor_faction_pool			
74332811	wh2_dlc11_cst_cav_deck_droppers_ror_0	1	wh2_dlc11_cst_units_of_renown_pool		wh2_dlc11_sc_cst_vampire_coast	
745977709	wh3_dlc27_nor_cav_marauder_horsemen_ror	1	wh_dlc08_nor_units_of_renown_pool			
747359445	wh2_dlc15_grn_mon_rogue_idol_ror_0	1	wh_dlc06_grn_units_of_renown_pool		wh_main_sc_grn_greenskins	
748587873	wh3_main_pro_ksl_mon_snow_leopard_ror_0	1	wh3_main_pro_ksl_ror		wh3_main_pro_sc_ksl_kislev	
74906521	wh3_main_tze_inf_forsaken_0_province_pool	0	wh3_dlc20_chs_province_pool	wh3_main_chs_shadow_legion		
752963257	wh_main_nur_inf_forsaken_0_province_pool_rotborne_ritual	0	wh3_dlc20_chs_province_pool	wh3_dlc29_chs_host_of_the_triplets		
755147941	wh_main_chs_mon_chaos_spawn_province_pool	0	wh3_dlc20_chs_province_pool	wh3_main_chs_shadow_legion		
759675949	wh2_dlc11_vmp_inf_crossbowmen	999999	wh3_dlc29_vmp_additional_units		wh_main_sc_vmp_vampire_counts	
761155356	wh2_twa03_cold_ones	0	wh2_twa03_def_rakarth_merc_pool			
76122678	wh3_dlc29_emp_middenland_inf_teutogen_guard	1	wh3_dlc29_emp_middenland_merc_pool_boris	wh_main_emp_middenland		
762904910	wh3_dlc29_nag_vmp_cav_hexwraiths_faction_pool	999999	wh3_dlc29_nag_raise_dead_vmp_faction_pool		wh3_dlc29_sc_nag_undead_legions	
765674010	wh3_dlc26_kho_inf_khorngors_faction_pool	0	wh3_dlc20_chs_province_pool	wh_main_chs_chaos		
765752253	wh3_dlc25_nur_chieftain_inf_infernal_guard_fireglaives	0	wh3_dlc25_nur_tamurkhan_chieftains_pool	wh3_dlc25_nur_tamurkhan		
771871542	wh3_main_sla_mon_keeper_of_secrets_0_warriors_faction_pool	0	wh3_main_belakor_faction_pool			
776760672	wh3_main_pro_ksl_veh_heavy_war_sled_ror_0	1	wh3_main_pro_ksl_ror		wh3_main_pro_sc_ksl_kislev	
77931932	wh3_dlc25_emp_inf_nuln_ironsides_morr	0	wh3_dlc25_emp_amethyst_unit_pool	wh_main_emp_wissenland		
780878713	wh3_twa08_sla_mon_keeper_of_secrets_0_ror	1	wh3_main_sla_units_of_renown_pool			
784009851	wh2_dlc11_cst_mon_rotting_prometheans_gunnery_mob_ror	1	wh2_dlc11_cst_units_of_renown_pool		wh2_dlc11_sc_cst_vampire_coast	
784980992	wh2_dlc13_emp_inf_spearmen_ror_0	0	wh2_dlc13_emp_elector_counts_merc_pool		wh_main_sc_emp_empire	
785297371	wh2_dlc13_emp_inf_huntsmen_0_imperial_supply	0	wh2_dlc13_emp_imperial_supply_pool	wh2_dlc13_emp_the_huntmarshals_expedition		
791320338	wh2_dlc11_cst_inf_depth_guard_ror_0	1	wh2_dlc11_cst_units_of_renown_pool		wh2_dlc11_sc_cst_vampire_coast	
795840773	wh_main_chs_mon_chaos_warhounds_0_province_pool	0	wh3_dlc20_chs_province_pool	wh3_main_chs_shadow_legion		
795890255	wh3_dlc27_tze_mon_cockatrice	0	wh3_dlc27_nor_monstrous_arcanum		wh_dlc08_sc_nor_norsca	
795970053	wh3_twa07_sla_cav_heartseekers_of_slaanesh_ror_0	1	wh3_main_sla_units_of_renown_pool			
802880189	wh3_dlc25_dwf_inf_slayer_pirates_ror	1	wh_dlc06_dwf_units_of_renown_pool		wh_main_sc_dwf_dwarfs	
80704994	wh_main_chs_cav_marauder_horsemen_0_province_pool	0	wh3_dlc20_chs_province_pool		wh_main_sc_chs_chaos	
810754241	wh3_dlc20_chs_cav_chaos_knights_mnur	0	wh3_main_nur_units		wh3_main_sc_nur_nurgle	
811216715	wh3_dlc20_chs_mon_warshrine_mtze_faction_pool	0	wh3_dlc20_chs_faction_pool		wh_main_sc_chs_chaos	
811793449	wh3_main_sla_veh_seeker_chariot_0_warriors_faction_pool	0	wh3_dlc20_chs_faction_pool		wh_main_sc_chs_chaos	
81274479	wh3_dlc27_bst_mon_preyton_ror	1	wh_dlc03_bst_units_of_renown_pool			
813919560	wh2_dlc09_tmb_mon_carrion_ror	0	wh2_dlc09_tmb_units_of_renown_pool		wh2_dlc09_sc_tmb_tomb_kings	
814952194	wh3_dlc27_sla_inf_slaangors_faction_pool	0	wh3_dlc20_chs_province_pool	wh3_dlc20_chs_sigvald		
816152896	wh2_dlc15_hef_mon_black_dragon_imrik_boss	0	wh2_dlc15_hef_imrik_dragon_units_of_renown_pool		wh2_main_sc_hef_high_elves	
819173980	wh2_dlc10_hef_mon_keepers_of_the_flame_ror_0	1	wh2_main_hef_units_of_renown_pool		wh2_main_sc_hef_high_elves	
819923820	wh2_dlc14_skv_inf_eshin_triads_ror_summoned_0	1	wh2_dlc14_skv_units_of_renown_doppelgang_pool			
820151814	wh2_dlc10_def_inf_blades_of_the_blood_queen_ror_0	1	wh2_main_def_units_of_renown_pool		wh2_main_sc_def_dark_elves	
822248160	wh3_main_nur_cav_plague_drones_1	0	wh3_main_nur_units		wh3_main_sc_nur_nurgle	
82702678	wh2_dlc15_hef_mon_arcane_phoenix_ror_0	1	wh2_main_hef_units_of_renown_pool		wh2_main_sc_hef_high_elves	
828241004	wh2_dlc10_def_inf_the_bolt_fiends_ror_0	1	wh2_main_def_units_of_renown_pool		wh2_main_sc_def_dark_elves	
829573562	wh2_dlc13_emp_art_helblaster_volley_gun_imperial_supply	0	wh2_dlc13_emp_imperial_supply_pool	wh2_dlc13_emp_the_huntmarshals_expedition		
831565182	wh3_dlc24_ksl_inf_the_things_in_the_woods_ror	1	wh3_main_ksl_units_of_renown_pool		wh3_main_sc_ksl_kislev	
832187681	wh_pro04_chs_cav_chaos_knights_ror_0	1	wh3_dlc20_renown_pool			
832817587	wh3_twa06_ksl_inf_tzar_guard_ror_0	1	wh3_main_ksl_units_of_renown_pool		wh3_main_sc_ksl_kislev	
833648214	wh_pro04_chs_art_hellcannon_ror_0	1	wh3_dlc20_renown_pool			
836316772	wh3_main_sla_inf_marauders_0_province_pool	0	wh3_dlc20_chs_province_pool	wh3_dlc20_chs_sigvald		
837197352	wh3_dlc29_nag_cst_inf_zombie_gunnery_mob_3_faction_pool	999999	wh3_dlc29_nag_raise_dead_cst_faction_pool		wh3_dlc29_sc_nag_undead_legions	
8386592	wh3_twa08_sla_mon_keeper_of_secrets_0_ror	1	wh3_dlc20_renown_pool	wh3_dlc20_chs_sigvald		
842070810	wh3_dlc26_grn_art_bolt_throwa_ror	1	wh_dlc06_grn_units_of_renown_pool		wh_main_sc_grn_greenskins	
84259391	wh3_dlc27_nor_cav_chaos_chariot_ror	1	wh3_dlc20_renown_pool	wh3_dlc20_chs_vilitch		
844182362	wh3_dlc29_nag_cst_mon_rotting_leviathan_0_faction_pool	999999	wh3_dlc29_nag_raise_dead_cst_faction_pool		wh3_dlc29_sc_nag_undead_legions	
846716559	wh_dlc01_chs_mon_dragon_ogre_shaggoth_warriors_faction_pool	0	wh3_dlc20_chs_faction_pool		wh_main_sc_chs_chaos	
847169603	wh2_main_lzd_mon_carnosaur_blessed_0	1	wh2_main_lzd_spawnings_pool		wh2_main_sc_lzd_lizardmen	
849909956	wh_dlc06_chs_inf_aspiring_champions_0_province_pool	0	wh3_dlc20_chs_province_pool		wh_main_sc_chs_chaos	
858210394	wh3_dlc20_chs_inf_forsaken_msla_province_pool	0	wh3_dlc20_chs_province_pool	wh3_dlc20_chs_azazel		
860424446	wh3_dlc20_chs_inf_forsaken_mkho_province_pool	0	wh3_dlc20_chs_province_pool	wh3_main_chs_shadow_legion		
861080977	wh_pro04_wef_mon_treekin_ror_0	1	wh_dlc05_wef_units_of_renown_pool		wh_dlc05_sc_wef_wood_elves	
861475715	wh3_main_nur_inf_forsaken_0	0	wh3_main_nur_units		wh3_main_sc_nur_nurgle	
862112020	wh3_main_nur_cav_pox_riders_of_nurgle_0	0	wh3_main_nur_units		wh3_main_sc_nur_nurgle	
864127278	wh3_dlc25_dwf_grudges_irondrakes_0	0	wh3_dlc25_dwf_book_of_grudges_mercenary_pool		wh_main_sc_dwf_dwarfs	
867838855	wh3_dlc25_nur_inf_plague_ogres_monster_mark_province_pool	0	wh3_dlc20_chs_province_pool	wh3_dlc29_chs_host_of_the_triplets		
869491550	wh3_main_tze_mon_spawn_of_tzeentch_0_province_pool	0	wh3_dlc20_chs_province_pool	wh3_dlc20_chs_sigvald		
871421345	wh3_dlc25_nur_chieftains_nor_mon_skinwolves_0	0	wh3_dlc25_nur_tamurkhan_chieftains_pool	wh3_dlc25_nur_tamurkhan		
872335311	wh3_main_nur_inf_nurglings_0_warriors_faction_pool	1	wh3_dlc20_coc_faction_pool	wh3_dlc20_chs_festus		
874970178	wh3_dlc24_tze_inf_centigors_great_weapons_faction_pool	0	wh3_dlc20_chs_province_pool	wh_main_chs_chaos		
877900107	wh3_dlc25_nur_cav_rot_knights_ror	1	wh_dlc01_chs_units_of_renown_pool		wh_main_sc_chs_chaos	
878672730	wh2_dlc13_emp_inf_swordsmen_ror_0_non_replenish	0	wh2_dlc13_emp_elector_counts_merc_pool_non_replenish		wh_main_sc_emp_empire	
87914358	wh3_dlc27_woc_mon_chimera_ror	1	wh3_dlc20_renown_pool			
883139659	wh2_dlc11_cst_inf_zombie_gunnery_mob_ror_0	1	wh3_dlc29_nag_units_of_renown_ror		wh3_dlc29_sc_nag_undead_legions	
883427671	wh3_main_nur_inf_forsaken_0_province_pool	0	wh3_dlc20_chs_province_pool	wh3_dlc20_chs_festus		
884870418	wh2_dlc09_tmb_tomb_guard_ror	1	wh3_dlc29_nag_units_of_renown_ror		wh3_dlc29_sc_nag_undead_legions	
885487980	wh2_dlc12_skv_inf_ratling_gun_ror_0	1	wh2_dlc12_skv_units_of_renown_pool		wh2_main_sc_skv_skaven	
88631554	wh3_dlc20_chs_inf_forsaken_msla_province_pool	0	wh3_dlc20_chs_province_pool	wh3_main_chs_shadow_legion		
886621604	wh3_dlc25_dwf_inf_thunderers_ror	1	wh_dlc06_dwf_units_of_renown_pool		wh_main_sc_dwf_dwarfs	
887611372	wh2_dlc15_grn_cav_squig_hoppers_waaagh_0	0	wh2_dlc15_grn_waaagh_pool		wh_main_sc_grn_greenskins	
888311315	wh3_dlc24_tze_mon_mutalith_vortex_beast_ror	1	wh3_dlc20_renown_pool	wh3_dlc20_chs_vilitch		
900853188	wh3_dlc25_nur_chieftain_mon_ghorgon	0	wh3_dlc25_nur_tamurkhan_chieftains_pool	wh3_dlc25_nur_tamurkhan		
901253260	wh2_dlc15_hef_mon_moon_dragon_imrik_boss	0	wh2_dlc15_hef_imrik_dragon_units_of_renown_pool		wh2_main_sc_hef_high_elves	
905359656	wh3_dlc29_nag_vmp_inf_cairn_wraiths_faction_pool	999999	wh3_dlc29_nag_raise_dead_vmp_faction_pool		wh3_dlc29_sc_nag_undead_legions	
907939343	wh2_dlc13_emp_cav_outriders_1_imperial_supply	0	wh2_dlc13_emp_imperial_supply_pool	wh2_dlc13_emp_the_huntmarshals_expedition		
908568747	wh2_dlc11_cst_mon_mournguls_ror_0	1	wh_dlc04_vmp_units_of_renown_pool		wh_main_sc_vmp_vampire_counts	
909211728	wh3_dlc26_grn_inf_rugluds_armoured_orcs	1	wh3_main_ogr_units_of_renown_pool	wh3_dlc26_ogr_golgfag		
909520463	wh3_dlc25_nur_inf_pestigors	0	wh3_main_nur_units		wh3_main_sc_nur_nurgle	
909585877	wh3_main_nur_inf_plaguebearers_0_warriors_faction_pool	1	wh3_main_belakor_faction_pool			
91025457	wh3_dlc20_chs_inf_chaos_marauders_mkho_province_pool	0	wh3_dlc20_chs_province_pool	wh3_dlc20_chs_kholek		
913439331	wh3_dlc25_dwf_grudges_quarrellers_1	0	wh3_dlc25_dwf_book_of_grudges_mercenary_pool		wh_main_sc_dwf_dwarfs	
915386493	wh3_dlc26_ogr_inf_eshin_maneater_ror	1	wh3_main_ogr_units_of_renown_pool		wh3_main_sc_ogr_ogre_kingdoms	
917141938	wh2_twa03_mon_bloodwrack_medusa_0	0	wh2_twa03_def_rakarth_merc_pool			
918368507	wh2_dlc15_hef_inf_archers_ror_0	1	wh2_main_hef_units_of_renown_pool		wh2_main_sc_hef_high_elves	
918495063	wh3_dlc27_woc_mon_chimera_ror	1	wh_dlc01_chs_units_of_renown_pool			
918705393	wh3_main_nur_mon_soul_grinder_0_warriors_faction_pool	0	wh3_main_belakor_faction_pool			
921267148	wh3_dlc29_nag_cst_inf_depth_guard_1_faction_pool	999999	wh3_dlc29_nag_raise_dead_cst_faction_pool		wh3_dlc29_sc_nag_undead_legions	
922133503	wh3_dlc29_nag_tmb_mon_heirotitan_0_faction_pool	999999	wh3_dlc29_nag_raise_dead_tmb_faction_pool		wh3_dlc29_sc_nag_undead_legions	
924589321	wh3_main_kho_mon_spawn_of_khorne_0_province_pool	0	wh3_dlc20_chs_province_pool	wh3_dlc20_chs_valkia		
925121222	wh3_dlc27_nor_feral_manticore	0	wh3_dlc27_nor_monstrous_arcanum		wh_dlc08_sc_nor_norsca	
927242525	wh3_dlc29_nur_inf_nurglings_0_glottkin_garden_pool	0	wh3_dlc29_woc_glottkin_garden_faction_pool	wh3_dlc29_chs_host_of_the_triplets		
930257577	wh2_dlc09_tmb_mon_necrosphinx_0	999999	wh3_dlc29_vmp_additional_units	wh3_dlc29_vmp_neferata		
93092858	wh3_dlc27_bst_mon_jabberslythe	0	wh3_dlc27_nor_monstrous_arcanum		wh_dlc08_sc_nor_norsca	
93184918	wh3_main_nur_mon_spawn_of_nurgle_0_province_pool	0	wh3_dlc20_chs_province_pool	wh3_main_chs_shadow_legion		
933100141	wh3_dlc20_chs_inf_chosen_mnur	0	wh3_main_nur_units		wh3_main_sc_nur_nurgle	
934720759	wh3_dlc25_dwf_grudges_gyrocopter_1	0	wh3_dlc25_dwf_book_of_grudges_mercenary_pool		wh_main_sc_dwf_dwarfs	
935296702	wh3_main_tze_mon_lord_of_change_0_warriors_faction_pool	0	wh3_main_belakor_faction_pool			
938089534	wh_main_chs_mon_chaos_spawn_province_pool	0	wh3_dlc20_chs_province_pool	wh3_dlc20_chs_sigvald		
93865817	wh3_dlc20_chs_cav_chaos_knights_mnur_province_pool_rotborne_ritual	0	wh3_dlc20_chs_province_pool	wh3_dlc29_chs_host_of_the_triplets		
938989875	wh2_dlc12_lzd_cav_ripperdactyl_riders_ror_0	1	wh2_dlc12_lzd_units_of_renown_pool		wh2_main_sc_lzd_lizardmen	
940352747	wh3_dlc24_tze_inf_pink_horrors_ror	1	wh3_main_tze_units_of_renown_pool			
941279990	wh3_dlc25_nur_chieftain_mon_war_mammoth_0	0	wh3_dlc25_nur_tamurkhan_chieftains_pool	wh3_dlc25_nur_tamurkhan		
941941784	wh3_dlc27_sla_mon_champions_of_slaanesh_warriors_faction_pool	0	wh3_dlc20_chs_faction_pool		wh_main_sc_chs_chaos	
942328847	wh3_dlc27_chs_mon_chimera_province_pool	0	wh3_dlc20_chs_province_pool		wh_main_sc_chs_chaos	
943070420	wh2_dlc15_grn_mon_wyvern_waaagh_0	0	wh2_dlc15_grn_waaagh_pool		wh_main_sc_grn_greenskins	
946833165	wh3_dlc27_sla_mon_champions_of_slaanesh_ror	1	wh3_main_sla_units_of_renown_pool			
947044525	wh3_dlc20_chs_inf_chaos_warriors_mnur_greatweapons_province_pool_rotborne_ritual	0	wh3_dlc20_chs_province_pool	wh3_dlc29_chs_host_of_the_triplets		
95205911	wh3_dlc20_chs_inf_chaos_marauders_mnur_province_pool	0	wh3_dlc20_chs_province_pool	wh3_dlc20_chs_kholek		
952535730	wh2_dlc10_def_inf_the_hellebronai_ror_0	1	wh2_main_def_units_of_renown_pool		wh2_main_sc_def_dark_elves	
952803503	wh_main_chs_mon_trolls_province_pool	0	wh3_dlc20_chs_province_pool		wh_main_sc_chs_chaos	
953128937	wh3_main_sla_inf_daemonette_1_belakor_faction_pool	0	wh3_main_belakor_faction_pool			
955740539	wh2_dlc11_cst_inf_deck_gunners_ror_0	1	wh3_dlc29_nag_units_of_renown_ror		wh3_dlc29_sc_nag_undead_legions	
955989419	wh_pro04_bst_inf_gor_herd_ror_0	1	wh_dlc03_bst_units_of_renown_pool		wh_dlc03_sc_bst_beastmen	
956116442	wh3_dlc27_sla_mon_champions_of_slaanesh_ror	1	wh3_dlc20_renown_pool	wh3_dlc20_chs_azazel		
957493545	wh_dlc15_grn_mon_arachnarok_spider_waaagh_0	0	wh2_dlc15_grn_waaagh_pool		wh_main_sc_grn_greenskins	
959012954	wh3_twa10_nur_inf_nurglings_ror	1	wh3_dlc20_renown_pool	wh3_dlc20_chs_festus		
959456448	wh2_dlc13_emp_cav_pistoliers_1_imperial_supply	0	wh2_dlc13_emp_imperial_supply_pool	wh2_dlc13_emp_the_huntmarshals_expedition		
96326743	wh_dlc08_nor_mon_frost_wyrm_ror_0	1	wh3_main_tze_units_of_renown_pool	wh3_dlc24_tze_the_deceivers		
965039017	wh3_dlc24_tze_inf_tzaangors_faction_pool	0	wh3_dlc20_chs_province_pool	wh3_dlc20_chs_vilitch		
966229342	wh3_main_dae_inf_chaos_furies_0_faction_pool	0	wh3_main_belakor_faction_pool			
967205155	wh2_dlc13_emp_cav_outriders_ror_0	0	wh2_dlc13_emp_elector_counts_merc_pool		wh_main_sc_emp_empire	
973456947	wh3_main_nur_cav_plague_drones_0_warriors_faction_pool	0	wh3_dlc20_coc_faction_pool	wh3_dlc20_chs_festus		
976265842	wh3_main_nur_inf_forsaken_0_province_pool	0	wh3_dlc20_chs_province_pool	wh3_dlc20_chs_kholek		
977274374	wh3_dlc29_nag_tmb_mon_ushabti_1_faction_pool	999999	wh3_dlc29_nag_raise_dead_tmb_faction_pool		wh3_dlc29_sc_nag_undead_legions	
97953053	wh3_main_tze_mon_lord_of_change_0_warriors_faction_pool	0	wh3_dlc20_coc_faction_pool	wh3_dlc20_chs_vilitch		
984314134	wh3_dlc29_nag_tmb_mon_khemric_titan_faction_pool	999999	wh3_dlc29_nag_raise_dead_tmb_faction_pool		wh3_dlc29_sc_nag_undead_legions	
985607868	wh3_dlc25_nur_inf_pestigors_warriors_faction_pool	0	wh3_dlc20_chs_province_pool	wh3_dlc29_chs_host_of_the_triplets		
987457944	wh3_dlc20_chs_inf_chaos_marauders_mnur_province_pool	0	wh3_dlc20_chs_province_pool	wh3_dlc29_chs_host_of_the_triplets		
990022357	wh3_dlc29_nag_tmb_cav_skeleton_horsemen_archers_0_faction_pool	999999	wh3_dlc29_nag_raise_dead_tmb_faction_pool		wh3_dlc29_sc_nag_undead_legions	
990119792	wh3_dlc27_sla_cav_seeker_chariots_ror	1	wh3_dlc20_renown_pool	wh3_dlc20_chs_sigvald		
990178553	wh3_dlc25_nur_chieftain_mon_fimir_0	0	wh3_dlc25_nur_tamurkhan_chieftains_pool	wh3_dlc25_nur_tamurkhan		
991949388	wh2_dlc16_wef_mon_zoats_ror_0	1	wh_dlc05_wef_units_of_renown_pool		wh_dlc05_sc_wef_wood_elves	
992659149	wh3_twa07_ogr_cav_crushers_ror_0	1	wh3_main_ogr_units_of_renown_pool		wh3_main_sc_ogr_ogre_kingdoms	
992850071	wh3_twa08_sla_mon_keeper_of_secrets_0_ror	1	wh3_dlc20_renown_pool	wh3_dlc20_chs_azazel		
999012879	wh3_twa06_kho_inf_bloodletters_ror_0	1	wh3_dlc20_renown_pool	wh3_dlc20_chs_valkia		
